True Values,Predicted Values
0.2897692693081948,0.28979714232301795
0.07531038091714762,0.07530711498115022
0.2124901155706301,0.2125042325463681
0.06566191488537448,0.06564774194158388
0.48373778855074506,0.48377147647234453
0.3593485385062182,0.359353040007294
0.30963500005249345,0.3096061036732218
0.08800844892762934,0.08800831108993988
0.9605103256999618,0.9605223731759673
0.19600673629874116,0.1960162947363253
0.09567358123014749,0.09565951753350765
0.18794993025008483,0.18797663667804293
0.7102478213472051,0.7102459515047788
0.6965879755068156,0.6963861880812818
0.3948680915425919,0.3948846044656857
0.12445093492656131,0.12444707842108615
0.9469543205884345,0.9469531366263658
0.7513090893238367,0.7513053769677539
0.19473733004673444,0.1947132048824257
0.0,0.0
0.2604287141135378,0.2603117428080816
0.17580651627085556,0.175832541034357
0.92882617553948,0.9288249210946046
0.8257348289424739,0.8257165004330538
0.22950230387478593,0.2294644436048362
0.7098019888577376,0.7098055584298261
0.670905294188942,0.6708561277058549
0.26846820279881417,0.2685261166933987
0.9295842679640648,0.9296065895772994
0.09683541187350093,0.09683031226839389
0.10229090738364262,0.10227567138252174
0.8497736741017329,0.849672550324337
0.7344863324457401,0.7343925084002424
0.3956981586900568,0.39570592839377133
0.32819292010332124,0.3281983478561735
0.3704368711144411,0.3704553136693765
0.4775011480203258,0.47750439027373787
0.0937381701531031,0.09373819161965705
0.915452061996904,0.9154545223364761
0.809744696841299,0.8097442502350698
0.6117484436968397,0.6117117584743569
0.28036946698943765,0.2803693297524693
0.15266946516853083,0.15266180430537823
0.06473436265340404,0.06472906395064183
0.715568374853764,0.7152632446804934
0.9590614669832348,0.9590432800017886
0.43132401222292654,0.4314810298301907
0.09714900191274096,0.09716258924906489
0.6687957296613004,0.6687888347260511
0.10321961890751827,0.10320802608687105
0.5745362086808319,0.5745413113636381
0.637505653118071,0.6374619533750154
0.47739275584136165,0.4774015896636518
0.4483646377351338,0.4483638547681094
0.06484389564089854,0.06484409433862735
0.8425228053037441,0.8425420133610484
0.256200866421113,0.2561906207533189
0.31890400761132165,0.3189052240442153
0.6490947431752225,0.6491044375399091
0.7908186924848628,0.7908147694430623
0.18022044806098214,0.18025234015045452
0.2838694421990748,0.2839201610878183
0.7731100377598289,0.7729750128052352
0.8575499756576237,0.8576200439764906
0.1660870352841718,0.16605732664656123
0.5554562738899831,0.5555796019834321
0.11169142315079414,0.11166524451767228
0.08801782265452976,0.08801870871650186
0.3672233021263733,0.3671985136289277
0.8977401441139486,0.8977583317964938
0.1292126078293986,0.12918939179145994
0.06848152789370368,0.06848173692149759
0.1452611279867374,0.14526113242545258
0.2966705840048991,0.2966118615027129
0.6851883529398989,0.6852653638691971
0.828079419474617,0.8280789631088185
0.5397704379544517,0.5397963193765175
0.06462681669102746,0.06463305499988052
0.08526101036801174,0.08525997991909354
0.18399511938168045,0.1840224933759146
0.33401851090807205,0.3339364393572463
0.21151580884527194,0.2115156889147694
0.3385505722754859,0.33854096368711645
0.9180473831118202,0.9180549501822058
0.39466056031766106,0.3946692297825029
0.4064516733247464,0.40638924510766555
0.14982797539424325,0.14982338662649886
0.11666527039240875,0.11666524095956633
0.14525221051366868,0.14525094359459062
0.2897054415803446,0.2897225300175925
0.1805611778636321,0.18053711954878396
0.7097418119793669,0.7097302882149076
0.821506574583813,0.8214534856688475
0.06829365362901572,0.06828502499879088
0.4297744833185221,0.42969799233809897
0.39779660201665845,0.39775158020956597
0.6126215016141896,0.6125888794747182
0.4924616073570248,0.49245879879544785
0.906072729677599,0.9060710641369023
0.0767108836629714,0.07670572628912486
0.601053822465788,0.6008264206404489
0.10791344238860433,0.10789722664105554
0.1105149430168382,0.11049960610026101
0.30797790395215935,0.3079781926914076
0.11650918379343875,0.11650703096433489
0.08407739768145556,0.08405643348094155
0.37149131647215344,0.3714746878714507
0.7306780888816974,0.7306779004733716
0.3064434766089801,0.30646333771667844
0.08222734506311946,0.08220869382378228
0.3956172854213828,0.39561574672613076
0.2556944635203766,0.25567941754035867
0.10958189987844591,0.10958189586113404
0.9546642815935837,0.9546730791363305
0.3812379721972802,0.38125532076202945
0.3834187982774216,0.38341854796816655
0.24736725856762712,0.247367315827941
0.29471860661534544,0.2946460535418519
0.18063691194650464,0.18064764012540752
0.09655019847334045,0.096538158541573
0.21151768239685995,0.21151734362125957
0.09641741857653735,0.0964053475882943
0.12036096645161003,0.12035998378525584
0.1754115352846227,0.17541314247588385
0.23722437288934486,0.23719067066879462
0.07868282382228048,0.07868102716938033
0.1816246961432318,0.18159876790428142
0.1364415472231624,0.13644141046541863
0.3601748398602054,0.360177316461945
0.6255469443132958,0.6256267861514253
0.25444781126057237,0.254456748034052
0.3601558638266783,0.36015626468460143
0.12420653784942243,0.12420653591543478
0.3366791850138343,0.336639415386329
0.38270423959424527,0.38272700678117083
0.23351288142717566,0.23352380086800564
0.10283653189853639,0.1028327671403432
0.6752172790855521,0.6747796026208596
0.7910268999405985,0.79100722418351
0.8102699410831123,0.8102523190888821
0.4636917142755256,0.4636478684416279
0.6308161729982963,0.6308493080202096
0.08452827388666206,0.08451308784044692
0.09195743495414972,0.09194292534944129
0.22446076132310963,0.2244393455092621
0.8097450852522997,0.8097450958059459
0.5908575207759654,0.5909438058737808
0.7945132692462308,0.7943663851057593
0.15684012483064544,0.1568041067749935
0.07512793516932824,0.07512405231928228
0.11948296134332152,0.11948610699402916
0.07654777047496308,0.07655429909276644
0.06218480357896881,0.06218322753338973
0.9308139979845116,0.9308364124872712
0.4210698034148792,0.4210645453114066
0.17101370498988358,0.1710317733433033
0.13436171957236284,0.13433647918652675
0.3625861644340857,0.3626465370194109
0.15609139790963314,0.15606213345211553
0.14988564937227916,0.14988525530212235
0.2804474850806263,0.28046411834312784
0.2632282861090446,0.2632339431827764
0.9306651044110826,0.9306473437565177
0.11309350138039577,0.11308994348498944
0.21899885445670975,0.21901412465873527
0.11357002507273282,0.11355810715459891
0.5069256416960286,0.5069712811051501
0.0,0.0
0.10617363283726405,0.10617066850964087
0.127477919429587,0.12746732162690805
0.07763868570670752,0.07763762007216438
0.5749543114851727,0.5749532255161444
0.39575970035756947,0.39576988119548157
0.06443207318854792,0.06442124766099773
0.14657476998724875,0.14658834619333522
0.13962574639107303,0.13958695072547891
0.9000680520279901,0.8999243861083785
0.9583057028591688,0.9582929859879825
0.4473305039628798,0.434070537157768
0.1936049997945836,0.19360042043963874
0.7714208877150985,0.7714185009779719
0.24592829561976542,0.24592751750431407
0.9324482811642361,0.9323792998730824
0.4467704059778766,0.44677347528057143
0.906166469640348,0.9061565951901622
0.08542439124486127,0.08541820117349629
0.40812104691938045,0.4081118367813869
0.18450174444250803,0.18446398179111845
0.06310665731993008,0.06310615217899702
0.3177384058230718,0.3177414005415848
0.12325210198936218,0.1232390085245836
0.20834791547300216,0.2084546430080978
0.17536118993472288,0.17535668132734653
0.7137036885023673,0.7136344845045369
0.0645832747172779,0.06457853039084045
0.359442562387021,0.3594729907527675
0.07147164782317514,0.07146678764949402
0.1452627795348183,0.14526311564804406
0.24044440387490504,0.2404730700809687
0.39162459303322605,0.39160136706044396
0.616123690062422,0.6161518148906044
0.13642664631212187,0.13642485356502057
0.3731241908370752,0.37317849887186993
0.07764763117246457,0.07764733896590939
0.6473654788109788,0.6329900878913335
0.11432342394927418,0.11432293403668291
0.26747312577450544,0.26745138520358935
0.12223742654208007,0.12223975736239184
0.45156525338601516,0.45153273933137705
0.11604697987281815,0.11604699513150502
0.07066622351334503,0.07066602807260677
0.8096948196513535,0.8096923807756002
0.7535422144045185,0.7535001342165792
0.19867919366259612,0.19867952999939223
0.06484114141036372,0.06483151954727266
0.4812047544645974,0.48106431103255337
0.14768807552937566,0.14766865762986056
0.22518941530969394,0.22518974607182812
0.0,0.0
0.5573498521243787,0.5573658593581201
0.07013436582405368,0.07012195784489939
0.46253008495842596,0.46252021344491473
0.5929695101279696,0.5929699141354208
0.3360735106648816,0.33601660125614563
0.0,0.0
0.15957044434607548,0.15957061510985482
0.1277694925699707,0.12775872804226923
0.6433368921216301,0.5946933788451951
0.42155364462836736,0.4215364850101937
0.06856705810205914,0.06856474184630974
0.5700524233855851,0.5698364211984245
0.11591408497116744,0.11591812672387905
0.08529567706248277,0.08529572457401993
0.18829940370892995,0.18825808237631783
0.1202491617328587,0.120240778037396
0.06640588324652373,0.06640683159389078
0.26347212734235825,0.26345924109294905
0.1024275233162411,0.10240978228275725
0.090792664568027,0.09079121846442076
0.5278561927453297,0.5277893931789195
0.9607286924849687,0.9607212931140562
0.24738589430044036,0.24738238523546804
0.06450205577160541,0.06450216550029421
0.07928566877282309,0.07927959001851803
0.2896198714180519,0.2896036611637742
0.9519362852650985,0.9519413125045989
0.839657448020497,0.8397976261253345
0.13565681658563375,0.13562969635364386
0.39846342961735387,0.3984304397448145
0.5404273707363615,0.5404416865944955
0.9393069245070854,0.939287409401774
0.35168304162440284,0.35158492835816063
0.06446715569136306,0.06446629799726086
0.10342844969975445,0.10343729360315349
0.9055831752553765,0.9055773153363331
0.5416372943829818,0.5416320654789755
0.1549155177626169,0.15491090369222468
0.6491289654898001,0.6491537708022852
0.8288370719158169,0.8288323177611889
0.11307556379646022,0.11307497755664339
0.2802758803107442,0.280281726180781
0.4648312303498284,0.4648870353822058
0.4930476431774684,0.49303117293988846
0.0750738997689291,0.0750676771938306
0.9619193001554003,0.9619114980662942
0.0706639315070473,0.07066341014599378
0.24888007271421,0.24882739711353896
0.3067497971812361,0.30678640290929027
0.10868373549423399,0.10866662740452827
0.36473041244894255,0.36463259543773935
0.16409006877780072,0.164061020738103
0.9179730318514449,0.9179718333972672
0.21038748047414807,0.21038802591214512
0.6683879895957296,0.6683919927808801
0.47176009166616467,0.4569734153784701
0.06034253605248857,0.060336917423933406
0.6303065290135901,0.6303029251772313
0.4625040899919979,0.4624897547241902
0.534263935568054,0.5339847802078164
0.9642003600682455,0.9641943178131431
0.25488421089541186,0.25485376083028277
0.44798564884747083,0.4479647062860383
0.06442336983749196,0.06442988708872545
0.29875323640691837,0.29874731767086277
0.7305759123730775,0.7305685089482
0.280382809112215,0.28038186018032063
0.30777683128917305,0.3077884125963676
0.07688891653830246,0.07687544497983105
0.37150523514200684,0.37150779546560186
0.14059326173546566,0.1405837971160283
0.4345864463811483,0.43458434799711926
0.06452512638406353,0.06452728719830789
0.579616592927732,0.5795461014688363
0.5582230789201716,0.5582653366295731
0.5718837206523588,0.4952799662732686
0.07162705788279604,0.07165287038235368
0.7946558503068815,0.7946989348070896
0.12842657974049365,0.12841360961872061
0.09080907680452635,0.09080913624693611
0.13191419959101972,0.13190174636510926
0.9237757067187728,0.9237755632464516
0.09080903974021173,0.09080905517469741
0.4773037621001649,0.4773041972354187
0.22478284351224123,0.22479022306124696
0.8291562629778113,0.8291103210990798
0.28973666705386,0.2897225300175925
0.9581193475330243,0.9580550825401211
0.1028011353905633,0.10279310857459861
0.2984854430355555,0.29848539135434626
0.953178984087213,0.9531938368836047
0.3272715687667457,0.3272909135886926
0.09968708616578069,0.09968649606927213
0.42408002437179526,0.42394098706496647
0.149296743131611,0.1492802141319619
0.10292850273201215,0.10292847554700345
0.09967329444892621,0.0996669297626743
0.7876208862276782,0.7876456422865868
0.4994066742899608,0.49926856385365137
0.9369673004461431,0.9369664094048682
0.9383952760768078,0.9383991836367119
0.20502628706912807,0.2050279493101658
0.10879650074783456,0.10874197219476184
0.1961275302397333,0.19616221339567955
0.18621246846171105,0.186217029222551
0.4924696242640021,0.4924695826214259
0.46339367103623524,0.46337230864581586
0.07164947613542962,0.07164091296100451
0.7248139319914694,0.7053266050561401
0.09125084567900271,0.09126179844960473
0.09936746802604898,0.09934780054121148
0.22907867894373093,0.2290429247868711
0.2399246178651257,0.23993261748275008
0.07246956790361433,0.07245674344928318
0.0635777647888354,0.06359841905170342
0.776583166184814,0.776611285703793
0.42114234268516215,0.4211433097859637
0.7705749123328419,0.7706388587259226
0.8921871571242442,0.8922147967703092
0.6348934232057165,0.6346267957953803
0.3081484453056581,0.30815708070223435
0.13574664712248655,0.13573813801175935
0.3381699594757114,0.338157690446083
0.14599429668972985,0.1460137063742672
0.21864313016544462,0.2186176302357046
0.8929956424701387,0.8929956091234962
0.15464793863557763,0.1546469053032673
0.32763880837816844,0.3276166205185831
0.7907193886382946,0.7907155550396581
0.33829987725391825,0.3382998526785699
0.16213272000555115,0.16210327951734846
0.06331625128143498,0.06327456244982567
0.07524025397322308,0.07523971261144827
0.0,0.0
0.56909983437181,0.5690956320315069
0.8280740928616404,0.8280739762039944
0.8100078142042785,0.8099919639034742
0.9045235664232678,0.9045391664437488
0.17176241098106937,0.17175249692068412
0.09369800657230712,0.09369794344299147
0.2871789007734879,0.28693957630429223
0.8947663577127041,0.8948390662685637
0.21154780300520737,0.2115492999757283
0.09442150555981518,0.09440824043180701
0.8458720085341408,0.8458738724910039
0.0,0.0
0.4484067958164697,0.4484079830253117
0.28928593183109513,0.2892860032613534
0.5960664466758436,0.5960273383195537
0.9542216377500965,0.9542151182097639
0.941044666191459,0.9410070596728497
0.40820497454581395,0.4082071742701972
0.08851524583176841,0.0885050255145522
0.08007005519960532,0.08006783081941947
0.08078120995891842,0.0807632906996535
0.09400982398560138,0.0940045456649631
0.593103654185161,0.5931069158551401
0.17577869713189917,0.17574406776855153
0.6543960553648333,0.654321443867993
0.16096700970715472,0.16093027904012921
0.5817270425554228,0.5724897664518995
0.909311885639723,0.9092819095887121
0.5742216647726365,0.5741394433571128
0.06312059334087908,0.06312413271734481
0.06569284560386073,0.06587755984555432
0.2115192322871851,0.21151920887628647
0.1510732760258351,0.15105224492031638
0.8829109276943677,0.8828837841752286
0.1318340490596533,0.13182468202204006
0.4900490752421348,0.4900421444661183
0.2205224347665767,0.22045752024420126
0.39093298374358365,0.390842358726576
0.10974657001227633,0.109736506443998
0.0628071465590596,0.06252700851465826
0.2803862911861406,0.280385037192562
0.9469674848594397,0.9469676908437653
0.5646441657538223,0.5644822276160156
0.3178112902088534,0.3178097344321853
0.9360037915886324,0.9359201334491684
0.19025570927580943,0.19020893881476567
0.18972879488785704,0.18975836631259035
0.08514440453328767,0.08513390508109062
0.5597029041315266,0.5597594580097306
0.7193506257095134,0.7188993735407629
0.3414953040928724,0.3414325565249893
0.10298915005335922,0.10298668089448969
0.062481104464604614,0.062495329740981154
0.6840579685635103,0.6839328961138047
0.2183015121343652,0.21830249038966607
0.21824627328528248,0.2182456862547802
0.34926846584477617,0.3492626042761425
0.0997690102615153,0.09976809262530285
0.8736762374747217,0.8736922020330883
0.1407738393935988,0.14077170591220683
0.06050532924882106,0.060514481782977816
0.08777083290671102,0.08777870110394749
0.19251189073625902,0.1925075515433052
0.24755522229681523,0.24756235367895452
0.19564065231489786,0.1956516609133534
0.12809982353736854,0.1280960142307235
0.4903475487050762,0.490380445071907
0.43143330952108505,0.4315946403498488
0.8627541182990115,0.8627519058244522
0.44854315632550257,0.44853017602525563
0.18466489855605234,0.18470954616482185
0.36027945617636387,0.360291239817593
0.1968232125218829,0.19684588246941292
0.40807146039534614,0.40806192573925953
0.20081185446176048,0.20077567304437383
0.8876581581737935,0.8876187612702718
0.4224157535759092,0.4224523403181115
0.0918737359562328,0.09186170356360146
0.22449785067453715,0.22451681814740293
0.0,0.0
0.13241902233956812,0.13241509916672084
0.39564061163748554,0.39564420621731783
0.5547935365148666,0.5548530611988695
0.16979704905536314,0.16979001458853635
0.07189138826251965,0.07188210408154289
0.6669862400961287,0.667123680413019
0.13644411075629748,0.13644405703757267
0.5967407623077666,0.5966047855811284
0.08071738199441203,0.08070470542139707
0.27218366679562556,0.2721950020671273
0.1029630818419387,0.10296566938114428
0.44607393232454007,0.4459169744818547
0.7242537401573548,0.7242707726873843
0.24395541463056708,0.24395980438247006
0.11306814968643221,0.11306820497096007
0.12261829921062624,0.12262864042915902
0.7679224510508498,0.7679749453593034
0.14983424799985312,0.1498397179228783
0.5888647433455435,0.5886835216848995
0.1460259295354824,0.1460364799927948
0.0,0.0
0.06309233115673707,0.06309399257331391
0.39184756360507633,0.3917997818611753
0.33688154466402415,0.3369350804396132
0.24490946973242633,0.24491412072973173
0.34922850669671507,0.3492168419428537
0.0,0.0
0.3423983166891629,0.34231820253132783
0.263825892512108,0.2638190789488469
0.4096139893415182,0.4095431608144686
0.6720578173190624,0.6719055045585216
0.7859818493374477,0.7860092633503042
0.8801774349417046,0.8801794541567404
0.11854306722525142,0.11852154108997873
0.8458257352728087,0.845821286773776
0.21948475337364318,0.21946596685095268
0.8826570394760798,0.8825859987885692
0.07325024873069524,0.07348029793637786
0.09974889653393967,0.09974899990216017
0.0838416214982313,0.0838338667856608
0.2786683720792725,0.2787165534150207
0.12031613593007826,0.12031266604874193
0.21142112260039037,0.21140902323286917
0.18166055753411117,0.18165554911433054
0.820263518871446,0.8200894620242771
0.7905635803926796,0.7905439883958466
0.2525513148499764,0.2525184171180243
0.8767956639789299,0.8768820731682954
0.177547177843006,0.17751792989632822
0.7716837906776794,0.7716721720101218
0.18439107782460495,0.18435301453519176
0.07403860352850494,0.07402509468506115
0.15752560905057578,0.15749455943242233
0.07756615190193487,0.07756220715419036
0.15933857104343416,0.15933410815462867
0.16946944167786834,0.16946068941860593
0.15205250430359626,0.15207823089650602
0.917257025460416,0.9172701740289491
0.10958638984491087,0.10958597360835552
0.06659349840773883,0.0665915616946346
0.07131594228196791,0.0711908064341533
0.0955030369507009,0.09548263852833769
0.8134270959246033,0.8133288675436658
0.2469480586417043,0.24694255027463194
0.0,0.0
0.8458661455795589,0.8458655748058977
0.07258856064626977,0.07258042629439738
0.07592384354229434,0.0759126238201027
0.38746546201042453,0.3873321029936483
0.44643884575008624,0.44639915135462593
0.12025926857463619,0.12026523328486745
0.09488279323380783,0.09486722636401172
0.44873678213868007,0.448745732960837
0.0645952786924852,0.0645648165026683
0.11945219152011033,0.11942574156018909
0.14534576674344304,0.14534145273325072
0.15829902614794036,0.15830268466891143
0.4209691827743158,0.4209616605880003
0.5088432600181404,0.5087832223203173
0.35997922700199286,0.3599682864982572
0.13919099586781275,0.13914473973813965
0.7934691771235606,0.7936015864981169
0.22412545777129203,0.22415062545621886
0.947444294842249,0.9474384372588344
0.10572922471024368,0.10573180925754422
0.1219336453789196,0.12189638856430167
0.24380365859227626,0.2438065903724205
0.4357686224456571,0.4357335651079783
0.8080585572781758,0.8080637696273701
0.7717163466382746,0.7717566848669933
0.09297986712437593,0.09298960468517702
0.8278511872657324,0.8278620431521828
0.9606993690124868,0.9607003182014366
0.47258991235411035,0.47252358827939217
0.25803872875663525,0.2580087241335928
0.18117278853428495,0.1811827896122953
0.0776943858088262,0.07769248335250872
0.5080970385004241,0.508095937299772
0.0,0.0
0.19866873406334432,0.1986651409514889
0.114780501969635,0.11476258043594047
0.19752876600694813,0.1975675792438231
0.08412958546730763,0.0841315871487388
0.8664775410398354,0.8663656779380066
0.2450483178354358,0.24508451125500882
0.2786028246504255,0.27855912916494263
0.5985945363009595,0.598466742036211
0.0,0.0
0.12030942933142855,0.12030123440471799
0.17540010393813174,0.17538973013897338
0.15486458870065753,0.1548493524779052
0.1456694879888412,0.14565307273055447
0.2254968866214625,0.22546452712687462
0.09368961767456845,0.09368741956739525
0.8301020019378974,0.8300630070752559
0.9469691872001167,0.946969659372901
0.68050604320428,0.6803312002129437
0.06818685544533011,0.06817917703266203
0.09066922448293417,0.09065866727340083
0.4094060811693853,0.40943647967140934
0.9606908902102526,0.9606908876248184
0.08010796688552665,0.08010587111610298
0.9640930641290087,0.9640775024723517
0.592548694304086,0.5925539750883196
0.1392322997708635,0.13921596084419577
0.6967839026780323,0.696809177398944
0.08480623562155684,0.08479562128095881
0.12037672703751218,0.12037660761942576
0.913000263460628,0.9129460598076817
0.954312208588972,0.9543125336058108
0.3386273302663686,0.33860488328990507
0.10491053063494593,0.10488810784063377
0.07603278722012147,0.07601823775187276
0.1754645619163045,0.17546821482787842
0.21632588229642488,0.21634645784603898
0.5241680044902747,0.524166726954537
0.13406817585345177,0.13407001616581748
0.09975340154669127,0.09975308391409224
0.3278837384887113,0.32788526757926456
0.07524682038921249,0.07524681250736594
0.06928600954970843,0.06927313698937322
0.23418439324440304,0.2341828905015145
0.1865825311136399,0.1865826453964109
0.09990506587390302,0.09990423618888457
0.6311114689861508,0.6310868071436813
0.9368337277168364,0.9368587035925156
0.9043696872796679,0.9043329547702079
0.9389948309650212,0.9389855438704473
0.10619520139746087,0.10619532998368736
0.06975788528364313,0.06975195198382134
0.08489768102910669,0.08489145737519133
0.8786714139804443,0.8786715274210601
0.09893789148919968,0.09892501156506267
0.1812642014583383,0.1812491176308904
0.07970843221626314,0.07969639751348406
0.08166134937038443,0.08164645954172549
0.06175631305687359,0.06172535938478221
0.0,0.0
0.8601519085310687,0.860123723249578
0.8444457087776527,0.8445196790102856
0.08020534480828086,0.08020295668359072
0.1242029425356602,0.12420183862022689
0.06848393377903501,0.06848364822515039
0.7016556269789265,0.7015246334826835
0.07231281292971277,0.07230206534396892
0.23307112325768595,0.23307732941106907
0.09860066902849504,0.09858931798033962
0.8462458864939436,0.8462315238684117
0.9593714417104328,0.9593680567792063
0.19636585721333366,0.19638917052805155
0.24518431857145795,0.24518091146397794
0.8404766938873997,0.8405935807100071
0.9232328083123286,0.9231437943420983
0.5120908878830382,0.5119938851160327
0.10354312969939479,0.10356445336103037
0.22554485225987975,0.22553649548703433
0.14997868256989463,0.1499730915856344
0.0779941421724579,0.0780123938927165
0.08531755188648428,0.08531680700271824
0.2836118864498461,0.28358185148373016
0.5076739033216342,0.5077010984946516
0.37542277223453724,0.37537795847897537
0.20462990168160367,0.20464063366446048
0.758335971268609,0.7535005589797247
0.205858066112503,0.20583226230495144
0.08726516972245625,0.08726440783330146
0.47710739910164335,0.4770960164221399
0.6727484788846237,0.6726457304775474
0.4192845131933612,0.4193277492936625
0.0875624355454114,0.08754701601510899
0.8197188605843049,0.8197148513494787
0.3211476729372868,0.3211333305952191
0.9543115685709391,0.9543116330893817
0.2397028515636849,0.2396934776178019
0.23490910353044395,0.2348844974448577
0.8429031417321693,0.8428787279531649
0.1449283061855218,0.1449300290477172
0.2544887173544631,0.25452375844337266
0.21034088956281105,0.21032854508260582
0.08261375891212687,0.0826139575228598
0.10955527915095552,0.10955185951889346
0.31780463185774943,0.31780253064059094
0.8764112077999323,0.8764116841762855
0.11670428999442682,0.11670138237140959
0.23970875610939377,0.23970475195536595
0.15693802224616088,0.1569303000180155
0.6891241807773384,0.68911368090218
0.08267683110008053,0.08267723553536006
0.22801197732934309,0.22805565204198758
0.3000941850356685,0.3000949189533567
0.16110183968562097,0.16106486825846278
0.9465110186553333,0.946527105891829
0.13346940497017573,0.1334576633636797
0.11983886202864934,0.11982641097060803
0.5155470098420029,0.5153193693643252
0.3248707152590009,0.3151521581124203
0.9495531192145619,0.9495057660770517
0.0729215721786994,0.07292140985760763
0.47730329196231985,0.4773033823255226
0.3601387340174246,0.3601392214277626
0.7143447788312886,0.7142873102172448
0.20821753895003398,0.20807048689204827
0.9581818236224587,0.9581850325179541
0.2113257351112999,0.21132227909107937
0.11744512396429638,0.11743352182958079
0.3005916591269475,0.30062719141003974
0.06640711891273744,0.06639847581945127
0.1416869394524942,0.14171508231958993
0.14759573128010015,0.14756800375827608
0.14526114418203112,0.145261177692032
0.7557133863396854,0.755569122320721
0.13457141829882172,0.13454880980359377
0.6690155249354692,0.669007762536333
0.5894231983780944,0.5891769121388969
0.44042898694330906,0.44022336424125486
0.07135134745197148,0.07137078833348126
0.17483472573697786,0.17483027598236767
0.9469717254907962,0.9469717994159234
0.1700279780907883,0.17002184244052387
0.6384458667665359,0.6382540843181872
0.26333506514691424,0.26333290547273636
0.6164450320108148,0.6163588489789421
0.07758388532121972,0.0775810391988862
0.16494771163019983,0.1649390481738015
0.14988207874481635,0.14988198016412072
0.12763451440957574,0.12761579591175823
0.4142413011178508,0.41420010330342044
0.07066654482783252,0.07066649876633231
0.08831767596504632,0.08830894072638806
0.8097374979553047,0.8097384511304692
0.09460215426115152,0.0945969528037849
0.10620204428704715,0.1062018245953081
0.8991530608222991,0.899095699738211
0.8331130579593268,0.833199875489307
0.7306459123835152,0.7306407504303458
0.08529517302419021,0.08529511043144275
0.3816475097105767,0.37221709784326307
0.909846069379765,0.9097920235224237
0.14547801234111432,0.14547203722647
0.2509278097355138,0.25090607212239463
0.16238577918515154,0.1623644351646404
0.49272289731146973,0.4927412454664067
0.10295895454184074,0.10295612179046607
0.10975865744466363,0.10978129987677925
0.31884791019965397,0.31879139214608543
0.9057176579622438,0.9057471523853367
0.0957558704100343,0.09572576104430727
0.9178670605177953,0.9178634658533373
0.6291951918811671,0.6292489248377001
0.8323535701146328,0.8322973099235027
0.07914566156075127,0.07912939569796505
0.40800148934129055,0.4079938650630833
0.19503258036762908,0.1950579205888476
0.09520799023028868,0.09520797787201532
0.3257194826286719,0.325729666288536
0.19829778957328942,0.19830747367443258
0.1281482564339501,0.12814694148716543
0.19257570721790873,0.19257676620815953
0.10957188779758113,0.10957140507441135
0.11305057477247288,0.1130481476867657
0.6853394213475195,0.6855241002340806
0.06428782118420216,0.06429232079288369
0.2778116843245362,0.2778272831776649
0.7533252217590063,0.7533509557487292
0.08260851563506574,0.08260186832627862
0.28439597897949026,0.2843005103239903
0.9622986772852473,0.9622503582769896
0.20419252612924624,0.2042233644914004
0.8112599565812743,0.8112773089093893
0.9467780174392185,0.9467973038121065
0.11541662939761282,0.11539075373507707
0.9245253660469124,0.9245182376819558
0.07766961467405595,0.07766801387451702
0.08523153419163268,0.08522728515415037
0.5876452022044634,0.5872751500667077
0.06701697468505559,0.06700334902950726
0.5561944828198276,0.5563047348955957
0.07764372561098924,0.07764370461074063
0.09384973173804209,0.09384201325487224
0.5937956656248727,0.5937896554054618
0.24357517769163473,0.24350505248278534
0.08805124049825067,0.08804905333483483
0.6912558700004013,0.6911896151161541
0.7513595379498269,0.7513617741254367
0.6068299777815743,0.6066853204061164
0.2715995535734193,0.27160205851812624
0.08800656998059321,0.08800621737298536
0.15913445150523553,0.15913095768334892
0.07796308881203504,0.07794564593502262
0.17402471080932844,0.17399433790484006
0.2911151427583583,0.29110579516291835
0.11120698591817535,0.11122097466010514
0.8930529977227285,0.8930580085747892
0.9384940491807678,0.9384933939912256
0.15631610225195258,0.15629240633775485
0.5576305171661937,0.5576321976011904
0.49257572554020806,0.4925690671241669
0.08934374497116866,0.08935998750305277
0.0,0.0
0.8915378691336856,0.8916149612741002
0.3490932932472963,0.3490983506595805
0.0881619119437973,0.08815661954637687
0.10713692710607155,0.10712325659644843
0.8242169750325687,0.8242127230457856
0.37205880945508046,0.37207210850875666
0.0,0.0
0.8789641193543067,0.8789744922382231
0.07417764404991413,0.0741670028192748
0.06059946189216104,0.06063602887831329
0.12037432586275992,0.12037378035223455
0.8557673293146322,0.8556225117725085
0.793236278893685,0.7931528198288954
0.21721714463518796,0.2172218291235367
0.4662691151959727,0.46609183654420344
0.0,0.0
0.9253466342652696,0.9253497869227729
0.4663929018894296,0.46623019883071465
0.3601479309507524,0.36014650540315346
0.9182911291628272,0.9183094625943471
0.34902691508874345,0.34902336104595216
0.17063296757773286,0.1705993253792997
0.08011874611598725,0.08011840255077964
0.6494874019535275,0.6494933378874249
0.8786677768959618,0.8786680532404801
0.6303939178214372,0.6303885587301814
0.5626855562366003,0.5623344093245819
0.06817735999252364,0.0684970517644441
0.5764371000769126,0.5763903714416493
0.0,0.0
0.10620242354395491,0.10620238737694507
0.866103859247014,0.8660180380609604
0.17677241508719801,0.17674702805689274
0.07062479566246062,0.07062240237614095
0.17132312953602247,0.17127647520084927
0.9607349774337463,0.9607409512780883
0.6894139164201549,0.6894333218899419
0.2397187499098227,0.23972018028528097
0.08371236000955082,0.0836884499955882
0.11284016359257654,0.11283169561191068
0.32787334537323665,0.3278743253548359
0.10620091487901344,0.10620030493103094
0.9608476724175817,0.9608399985060962
0.5649859131541347,0.5648394836154488
0.16936617398973708,0.16935184715752363
0.08791614317552034,0.0879077974611754
0.18677511869578675,0.18678707137212414
0.5565699663217913,0.5565802752650307
0.46277488546833234,0.4627874590629424
0.18297163741014472,0.18297524830327144
0.13966275038587558,0.1396721832304647
0.48012396898434756,0.48007867770736107
0.7909145194448312,0.7909279929472778
0.12420742527301487,0.12420705804130167
0.32797673524272275,0.3279681855417379
0.3171480008593332,0.3171658817230964
0.3272312760014744,0.32719624281647575
0.15467173828411393,0.1546709551669494
0.09667329197785639,0.0966725366052816
0.42474359251836025,0.42477033410558174
0.12488954681216168,0.12487551637133698
0.13225681902700248,0.13225495735974882
0.3601547322373699,0.36015479372588294
0.5580510257921272,0.5580489268237422
0.2647782894569493,0.26480256914932915
0.5552455076980454,0.5553098011783743
0.17340476782690925,0.1733769921162589
0.21158783738002215,0.21159592441019712
0.5000295239033498,0.49992970826667227
0.06721903119807497,0.0671996478316336
0.27985852427702496,0.2798828191557395
0.435149287265289,0.435113181327971
0.0,0.0
0.0685944416701634,0.06858592930235412
0.28848089661205784,0.288495438188586
0.25523047400313265,0.2552306794858641
0.20542292105564167,0.20544236629531681
0.24781344752879805,0.24778237989413338
0.22058694870072412,0.22060437074754588
0.9037689989171066,0.9037826453085234
0.27270437354372795,0.2726933028426329
0.06639965677499197,0.06639956133800996
0.667916266252777,0.6679165498363682
0.09677809142597331,0.0967715597143656
0.3079253377372317,0.30792152963222896
0.2951629541515452,0.29434235554998955
0.2794554720379054,0.2794656332960895
0.08994209863358672,0.08993630541926087
0.10913530844629811,0.10911634709063552
0.9469678503008903,0.9469677511557124
0.6534472626464352,0.6533559097897007
0.08800905826954697,0.08800904701268157
0.12160559953335472,0.12158695234600433
0.7806352100708097,0.7805538460272742
0.08266940747405382,0.08266832234854939
0.07020263729903167,0.07018745489221186
0.8783253422586507,0.8783194442659754
0.09980789319652981,0.09980579466753721
0.8447524353871392,0.8448183977673412
0.3342217933335163,0.3341969849628053
0.6735096476608472,0.6732566090409327
0.6511034593792207,0.6510831680948536
0.21060625506771194,0.210574017152608
0.6321180609816447,0.6321061165131221
0.12305269649121701,0.12307364956679985
0.49246942283299894,0.49246914806440967
0.0933344226611395,0.09332043739713441
0.4492911730289289,0.4493057071610078
0.4758484654000029,0.47583765048911514
0.11832086419307863,0.11832246108058117
0.08721755107211057,0.08721324195984909
0.06468087786717572,0.06470749085472743
0.5935259091906219,0.5935504701450665
0.36354778542653166,0.3635325020974209
0.11765806119128455,0.11762730174714617
0.5408483422927812,0.5408266324238985
0.1916076285283485,0.19157481166186854
0.7513913653408936,0.7513888104323858
0.6494467791891332,0.6494450735228241
0.12814095186281418,0.1281382463601062
0.1700852969272766,0.17007906585708388
0.6347349222243002,0.634527669854556
0.1463023274610254,0.1462835960991096
0.124197132675433,0.12419481249926044
0.5081239211731775,0.5081222486836433
0.7833312778031191,0.7788071470236225
0.9555913929049519,0.9555669211931714
0.7906238475332975,0.7906605194125076
0.0722939704233535,0.07227110358020526
0.9640389200585314,0.9639821781596746
0.9608941178378106,0.960883124618458
0.4449115910449679,0.44491263964993805
0.09230144368104823,0.0922789141884445
0.39508563796404783,0.39509149466516613
0.09369883878335503,0.09369866445175278
0.13689311106049137,0.1368869472833941
0.5932529007278436,0.5932507884147168
0.14569259832182826,0.1456994504414303
0.24737426831089837,0.24737509648572814
0.1369413282031233,0.13693462882009752
0.25523464714630223,0.25523456594759086
0.13666089865541672,0.1366503551315447
0.08499457415849339,0.08501134630991376
0.4630312163056018,0.4630793200952105
0.2716956528865138,0.27169157037046626
0.1926432148145923,0.1926467688500374
0.7516441017335347,0.7516271653687612
0.5751371204787668,0.5751256074928769
0.297742421884787,0.29775598350916654
0.17512893883077243,0.17511863149875054
0.29389666294836775,0.2939003404570481
0.14077840868124486,0.14077819935443942
0.3729845368115877,0.37300171750886624
0.9592200483905761,0.9592547716673672
0.9591679609588472,0.9591746930491896
0.06680642024720349,0.06679896974659445
0.12547395782727405,0.12545385623196567
0.29837211646370276,0.2983614263356611
0.3093104561743381,0.30935464827639864
0.9564751732371423,0.9564574437609431
0.1029339384925559,0.10293347929722602
0.684878021316029,0.6848250157078947
0.15959209820811168,0.1595900140865382
0.8918903736497401,0.8918732336459709
0.36314753273425243,0.3631273714284717
0.3085258452568975,0.3085458922482492
0.20319565532484188,0.20320416427172397
0.26515194016350047,0.2651920080977373
0.22516745330702254,0.22516559276284948
0.2552400924648333,0.2552408713762445
0.7549553867645328,0.754873696401573
0.2896470605469499,0.2896376374767332
0.4924129863202048,0.4924172686061878
0.966218665432399,0.9662177771622651
0.25139909924037496,0.25134085174496934
0.16148089186629935,0.16145964530074516
0.6104540499905993,0.610447088551911
0.3406756933197202,0.3407345859904978
0.22466699547866661,0.2246768710569385
0.12892122529433464,0.12889946235038294
0.1498812130516261,0.14988076486385024
0.09871720368524083,0.09870153407325438
0.09908959656870624,0.09907336199236262
0.27174078106607774,0.2717420728150802
0.4246290903579634,0.4246149774525405
0.21638482059473907,0.21646919329090855
0.38735268334191414,0.3872261363793777
0.1594257053134514,0.15941705429394973
0.9661761819011064,0.9661750248977561
0.10731954208673163,0.10730341584406969
0.09661952902842959,0.0966215201993548
0.39496060992011073,0.394987312015827
0.06428289939132427,0.06426512696788424
0.15321060192452296,0.15321619715693602
0.09986567297043271,0.0998679473526266
0.8757639961742205,0.8757571521617824
0.2997794130804446,0.2997867018356776
0.8454575831986457,0.8454656926148663
0.809730219363447,0.809726118820703
0.14458088617921866,0.14456434316242162
0.2024887927716538,0.2025328414312112
0.07292176097705685,0.07292173890208783
0.14155535175060202,0.14152765003071394
0.23540726497079592,0.23542486708823673
0.34951973620268206,0.3495299520727025
0.9542783446651617,0.9542845692819337
0.24036993645245475,0.24033822138540942
0.1364930790075895,0.13648776079920044
0.9396513956240825,0.9396438247987665
0.575085077198538,0.5750834922926417
0.5237317172308882,0.5237427601990037
0.21997096946320085,0.21998781596938052
0.5152272683535052,0.5151022716103381
0.2831137037637137,0.2831241386722844
0.35205659211268775,0.3520772999146289
0.5081069297099134,0.508107615213556
0.1383758626510562,0.13835699149858766
0.18155562270805,0.18154206692591568
0.4924694615704507,0.49246937297203064
0.076931487748816,0.07691951233979624
0.9614376948188363,0.9614122293519042
0.18649989923535684,0.186485038585696
0.08474696850056135,0.08473774850624713
0.8125125749406199,0.8125051714177176
0.21824775528814652,0.2182477022802579
0.592214257323368,0.592233413287277
0.29829173394267533,0.29827409038439756
0.06832874646338925,0.06832604592977627
0.22581481309045365,0.22578517452159827
0.45345071278616134,0.45333822461623685
0.2603513014603597,0.26025600227779966
0.0699802269598281,0.06996628374757136
0.1591582962994333,0.1591719718171619
0.9191955414910914,0.9191660721015444
0.0852921253396689,0.08529235836334982
0.16477396928102195,0.16476758880560266
0.08799940717311908,0.08799854911103386
0.47525280099265027,0.4753106643035872
0.5766050148159523,0.5765934958131271
0.5772812703540291,0.5773141630605853
0.2543623099199175,0.2543296935745713
0.23143514791685071,0.23146276147231626
0.1757517553034744,0.17572315717351408
0.18234585291125852,0.1823523951674846
0.8458842041526207,0.8458876404711947
0.2726093726238607,0.27259395453308244
0.4202585429356003,0.42029066949320454
0.0,0.0
0.2803629309690249,0.28036379291076374
0.22492503802237085,0.2249335030417948
0.7394265581524221,0.7393944551547617
0.4352428968649933,0.43529293435257865
0.3170219151935906,0.3170397633141667
0.8785915635027081,0.8785951465974949
0.2085430531010672,0.20856502862739315
0.06850623966245994,0.06850466058598915
0.22518919980133847,0.2251892738807324
0.826153438080433,0.8261675050612248
0.43519506459775753,0.43515424328739216
0.8459989434382656,0.8460002865910272
0.31030614246906757,0.3102661805866167
0.8602664740149369,0.8603178614542553
0.07870709471611897,0.07871692463570061
0.6958192378856742,0.6956589378508855
0.8796859653501125,0.8797272373728857
0.07992066029094426,0.07992606365611508
0.121012318445704,0.12099524957089215
0.9544839735385536,0.954478536974219
0.3834153524134237,0.38341475280745163
0.4773576948300672,0.4773510242538561
0.23323413934545248,0.23324132538421632
0.29104618041694336,0.29099158481082243
0.22585039768161422,0.2258220930793928
0.6238828673368867,0.6236756864661888
0.5089558214799034,0.5090178058257578
0.6495775686143986,0.649573802635366
0.9537201562436962,0.9537241986001109
0.40853656036774044,0.40855377454133424
0.19256118748527656,0.1925603303913058
0.2014845730948412,0.20149974145465901
0.14522028192774333,0.14521536186022707
0.9451364433068256,0.945093946677758
0.6113522024376232,0.6113521199516415
0.1203865703097008,0.12038726923251478
0.25519275393822316,0.2551862027020443
0.18674852449595827,0.1867513910442528
0.10956749527160685,0.10956650613413302
0.31788278697935923,0.31788818145424697
0.5369266587431274,0.524036670346634
0.11314900625201006,0.11314551473218439
0.33043446132546134,0.33038163487024436
0.4195263963366034,0.41954674158325644
0.9661224716238399,0.9661185394190981
0.09135208157319848,0.09134345678723994
0.5530682187000674,0.5528237975884054
0.26332122717323714,0.2633230099048623
0.15853862753450831,0.158507427779939
0.0,0.0
0.4207144785948787,0.4207318237613177
0.5454519365469436,0.5454413626026821
0.9064473060044967,0.9064385644705744
0.9534943054576783,0.9534966845162988
0.193362321880169,0.19334651161924188
0.42700173847426987,0.4269145555071663
0.0728082916373075,0.0727996550458262
0.7772684122620234,0.7771160118404862
0.12073563610428155,0.12072826136515764
0.16641840996787,0.1663856750690669
0.5406727840005634,0.5406715419928504
0.2762365381136904,0.27612945246252246
0.21824480341535027,0.21824423195804
0.28905982054488144,0.2890645763876119
0.9490115865190487,0.9489693149652519
0.0,0.0
0.12362612755555386,0.12360707221534936
0.8629025284460295,0.8629024276640473
0.1203817615941226,0.12038219259594353
0.10897752698756359,0.10896008626785372
0.40968736734281913,0.4097067076897963
0.14722763242391174,0.14721863814763336
0.08796494733701846,0.08796102688517704
0.08011582796558923,0.08011578819475192
0.6301506811767846,0.6301543604621017
0.21823857724151038,0.2182370544234809
0.8253914142160209,0.8254391275389783
0.239742142556119,0.23974222284288757
0.14165311430650102,0.14163779067220897
0.09578277427741476,0.09577855354054846
0.7226803037152895,0.7225375437400033
0.8932930431946459,0.8932806980903913
0.3953424473028444,0.3953321939792786
0.274468308738975,0.27447407595918566
0.7484580123168062,0.7484687754397723
0.07555748706102611,0.07553748428166167
0.07175211802114048,0.07172676315994889
0.19743704986318447,0.19744353432815515
0.07590271922745587,0.07588606571807631
0.9179542947285045,0.9179543862299798
0.0,0.0
0.8223580712156421,0.8185831412616412
0.1280859967604515,0.1280707204812535
0.5080986985562278,0.5080983863577107
0.07290343551296753,0.07290204177211412
0.8779431239912591,0.8779121243330996
0.6113412378470838,0.6113377070419159
0.11307078252574855,0.1130703546801122
0.39545139620476155,0.3954577221865627
0.8164574079480521,0.8164271100896181
0.10618386486966248,0.10618303867959025
0.10292638517931194,0.1029257555686432
0.3826074880846549,0.3826267611535606
0.6759570060040244,0.6756412481091155
0.20273192898607173,0.20275555643263857
0.3460420841253919,0.34604715989317575
0.10176775591346864,0.10178266711735662
0.3178187546835066,0.3178274669078896
0.3921735426851615,0.3922487063429992
0.363345271890723,0.3633285215878761
0.09790122000225722,0.09787267465269933
0.12503613125303886,0.125013187921991
0.34904491993329434,0.3490435022089162
0.0,0.0
0.8394893651658573,0.8395621472197488
0.9350403645499916,0.9349956288019956
0.13038218669857246,0.13035536657926747
0.0691875205047147,0.0691697413452432
0.33833608887593075,0.3383377000836168
0.2398781995448041,0.23986311257728254
0.9623488102207209,0.9623685966168901
0.08047509459347699,0.08046726063186259
0.253690277798782,0.2537378215109784
0.164989382449579,0.1649851485175299
0.07525639150880602,0.07525554398534456
0.08529537219791589,0.0852953642698477
0.272152970627392,0.2721345476004798
0.5749842876977868,0.5749829984008941
0.22519153917039425,0.22519214168467352
0.3832682682910212,0.3832451334325336
0.21872713294056287,0.21874849978869
0.5414011123035861,0.5413956077051142
0.723479849453623,0.7233604032193139
0.3376762967584926,0.3376704079327564
0.6892237072905145,0.6892229867441755
0.8460401586524708,0.8460383415485835
0.0,0.0
0.7505030314826617,0.7504568212175833
0.07007927046959535,0.07006917334322499
0.18896291044489996,0.1888576900351946
0.15427389319852686,0.15425322287143792
0.08009823905349212,0.08009721276490835
0.2571760837249988,0.25712476965351067
0.15622492963792683,0.15621527503154486
0.16268462706293166,0.1626608026444364
0.9317184398010132,0.9316452450295506
0.6296046548128404,0.6296120733372471
0.6137842991019966,0.6137007831006498
0.30098358731541924,0.30095180177171793
0.8458641375206049,0.8458639970202572
0.19303318697288793,0.19300539059155272
0.6350542838969732,0.6349753694959324
0.40813062456416244,0.40813334544879754
0.23463576237699188,0.2346040307596072
0.15463590435126226,0.15463501764818827
0.11661821429988303,0.11661583137479434
0.09370931415967612,0.09370881502090457
0.06340848813161092,0.06337229560238725
0.9507175900892525,0.9506938996442871
0.7022498306960587,0.7019920915526943
0.5581765031376122,0.558150033770376
0.33922149995325684,0.339168846920515
0.6314785325782035,0.6314370769513981
0.12033364659606699,0.12033232358538198
0.09961170228929711,0.09960535674717043
0.14213585367670933,0.14214442118871096
0.0752063129489236,0.07520363568802836
0.15417999524765505,0.15417039517771777
0.7097781879979519,0.7097760648225279
0.13611060096021477,0.13609999232956763
0.5512012334463916,0.5510282155353324
0.1364994435701802,0.136500117590273
0.17463339633434294,0.17461127026824436
0.18653144938784605,0.1865317695842823
0.09971929403495443,0.09971612022720379
0.9061069164362825,0.9061125992647014
0.5187023409638912,0.5183702688652536
0.07021877575262951,0.07022978828263737
0.4921878789495934,0.4921925742312976
0.462551148789653,0.46255365082969185
0.128164571046559,0.1281639011385341
0.30794003783594626,0.3079345438553939
0.13093194303324399,0.1309122416133258
0.12415625768532412,0.1241586631347042
0.08266491667293083,0.08266485420361815
0.1941296333255584,0.19414361886871906
0.7097825490658611,0.7097824956371076
0.16986096578488774,0.16985880084424207
0.17955993670265522,0.17958568135105182
0.11172521724009017,0.11175393606873035
0.18902080652357783,0.1891190533582671
0.26287384969418814,0.262891635777918
0.19724395146029913,0.19725410765609297
0.9644616426413088,0.9644499068888664
0.772836685993373,0.7727974072080391
0.3718767694120154,0.3718940434953486
0.11666664506885546,0.11666656877069666
0.20656550861731987,0.20657353563382208
0.6109594603342167,0.6109794737874715
0.08827281555000971,0.088267696289354
0.5733999238075479,0.573427751600819
0.08023734894643104,0.08023735209401858
0.6615639988700375,0.66151373113942
0.5950222805601769,0.5950493801507077
0.0,0.0
0.6929255885379703,0.6928331626555544
0.3815690244539336,0.33897045387681174
0.30924996793435716,0.30921577740197675
0.4841884570563287,0.4841316377447102
0.6014192840516044,0.6011971605997671
0.21171328886776083,0.21171892480600857
0.21583204380429022,0.21585447902963564
0.0,0.0
0.1452301249731496,0.14522868598992755
0.7913126084804798,0.7912982022629882
0.3517745000144116,0.3517655034983466
0.8817055795879412,0.8816475975155464
0.41760400868488556,0.4175826022567022
0.09244514791980794,0.09245989754510778
0.9469238744281567,0.9469281391511483
0.12439263578581916,0.12438201782354144
0.1280931460710362,0.1280935949488056
0.4697262166250609,0.4696648753039438
0.0,0.0
0.4405654565372799,0.4405534867703619
0.27251979751400646,0.27249339001211675
0.06321014317107818,0.06321628143191987
0.2633870442113713,0.2633882189306571
0.5157073820773681,0.5155692346742545
0.08229593284756884,0.08229095611455657
0.5407185721849671,0.5407131573537771
0.462603010647382,0.4626030827807206
0.17922703159639905,0.17921367526634538
0.8114400206243368,0.811407747882787
0.08917710961696237,0.08916123322112739
0.751357303435205,0.7513560380815697
0.31822836676291755,0.3181938651114007
0.4773331523192742,0.47733836385513373
0.0,0.0
0.960741855681469,0.9607500289427974
0.9468673507707254,0.9468637305145579
0.10784588216077264,0.10783306773538612
0.688072529458504,0.6880491589157578
0.10622700219241163,0.10622408187227572
0.11872806912241157,0.11871104259149788
0.8281472331051434,0.8281423281420912
0.6592306633303385,0.6588930902897284
0.2577386689298017,0.2577930053962657
0.5878043683040818,0.5875279660642346
0.8458643035710551,0.8458643632742855
0.22485858374270754,0.22486434936834143
0.28132609488221294,0.281267186002715
0.7511029881653378,0.751116320722113
0.13795415645635373,0.1379315098492385
0.12848015544957814,0.12846699262898467
0.2012973549446705,0.20127649096036268
0.38340152479770756,0.38339961293222635
0.07762884804320871,0.07762780751362734
0.19008202074166367,0.19003744419538435
0.5050445166059097,0.5051312264538217
0.08266445952228203,0.08266423260454153
0.7337658905622075,0.7336543762929465
0.26210273486610486,0.26213104766910805
0.2733849495554531,0.27334225851733607
0.4766090691227724,0.47659517071231605
0.5633166315937843,0.5631896973948938
0.34198869750004757,0.3419654557383995
0.22977798492607626,0.22972996835044743
0.1203282322784382,0.12032666208654046
0.2715694865978279,0.2715753081024274
0.6099396683176492,0.6052032365654356
0.3956087747127291,0.3956094537641458
0.1699160535577863,0.169913764492904
0.18814556268133295,0.18817528790807
0.45203548958850814,0.4520340202955389
0.9293719703617527,0.9293639221690598
0.928938401826164,0.9289339085269865
0.8550923347982924,0.8550071966835379
0.08125804279838145,0.08124246469484714
0.9469466219735834,0.9469461771427473
0.11309730445577422,0.1130991385098772
0.06971020881157504,0.06969321061325846
0.14653430392666672,0.1464986391906736
0.6118304311652902,0.6118304498001341
0.9023056125529945,0.9023369596723373
0.5578598585688764,0.5578751468206414
0.4402930135731899,0.44014181991454693
0.40668007528482497,0.40672135221579075
0.9158075462383033,0.9158303313634127
0.9629299713923102,0.9628613422335057
0.07394549818975985,0.07393157869697067
0.06098563327901602,0.06101260642224322
0.6818757813376788,0.6816020216421255
0.12427205568145291,0.12426894474436635
0.08105913520280614,0.08104225686611995
0.060271416945724264,0.06027886471720228
0.10977126923812493,0.10978779941607775
0.09077672313460435,0.09077430610643107
0.3308822080436043,0.3308905255551039
0.46329014761673526,0.46327172603273864
0.28918886793306914,0.2891882489805014
0.08256228971423495,0.0825596282686334
0.3967328751953817,0.3967065117189869
0.18497851469278714,0.18501852048535977
0.20828273428734712,0.20843121630655034
0.2865645044155447,0.2865911848116921
0.1691205278681217,0.16909757990353647
0.7910751881958377,0.7911134604413903
0.19856521951343267,0.19855468982745147
0.936085402161489,0.9360504780155877
0.3486670188516702,0.348688290958406
0.10876890470451711,0.10874197219476184
0.0684801865895038,0.06848049264842727
0.3383023520455704,0.3383029185382652
0.6882889331736161,0.688296409843708
0.13128545611274683,0.13126994638188436
0.7514233954691703,0.7514278537046788
0.16993299283739555,0.16993012732176713
0.9386496484369136,0.9386536487722087
0.0780435152790723,0.078026212006928
0.1382472017172482,0.13822770455621108
0.09514838749250176,0.0951079076778226
0.7567062673043501,0.7566541522119817
0.8759888779582035,0.8759868415173167
0.5066262014349638,0.5066648350798438
0.4977433708582996,0.497718004530906
0.4623920199559567,0.46241621928473653
0.0906968579496854,0.09069580558610432
0.10066027766256258,0.1006309876726152
0.2776557547025079,0.277665209940135
0.8841155161725861,0.8840524558413618
0.1162735307454844,0.11626149717561696
0.8914606362703651,0.8914422795224004
0.38900059758561906,0.38896211454289065
0.2720186052655368,0.2720185719273766
0.25318544237684665,0.25319953867673023
0.1749532070707766,0.17494134150527763
0.38757922412790824,0.3876585026102772
0.7282072265551955,0.728231217463925
0.1363926476509341,0.13638923996108177
0.7972420165425274,0.7970074646494245
0.4264756531005157,0.42640053213690693
0.2396035567615249,0.23961167915398604
0.38340875674942043,0.38340693437236534
0.5623800662799199,0.5622084399627986
0.4093408793407548,0.40927816654869603
0.5576034805600201,0.557599548708978
0.13223125944431982,0.13223085827936862
0.22562487910186355,0.22563633574398756
0.6046863689662824,0.6045893786364791
0.22430160719618294,0.2243318584318966
0.1364397800969311,0.13643947414377983
0.14197807910348584,0.14195603426250192
0.8629150436069832,0.8629138945993868
0.6075652325018903,0.6076715907749949
0.9287875946499868,0.9287867008491945
0.7246292942912085,0.7244755719309002
0.18785652743017023,0.18787005684212665
0.078171063566073,0.07816080915452027
0.1499108692067568,0.14991265767331186
0.19893184672284514,0.19892331719183848
0.8281002166807616,0.8281040521569187
0.10944609686045575,0.1094383016392124
0.16419646998848508,0.16418197085838235
0.24688898493932518,0.24686596081447795
0.16627351386244052,0.16624810901177406
0.25866550764964086,0.25865134584732735
0.1596052480917984,0.1596034038991213
0.06644439582646093,0.06644485393980894
0.08562598346555743,0.08561763163290662
0.7716254159908333,0.77160900036542
0.247372426599028,0.24737107252009963
0.4333671927665036,0.4333783936209929
0.18015499777888855,0.18011364032326924
0.18570108592131584,0.18573162993053596
0.45950643271518266,0.45966944385774605
0.5576401017387954,0.5576404545516741
0.27172577273274595,0.2717256817470325
0.30891890686568274,0.3089062229033635
0.6045106993501497,0.6042593104269437
0.8937669596427539,0.8937436498367584
0.16460549751190326,0.16460197697227053
0.9200623034100273,0.9200289582932308
0.0683638949415112,0.06835894905579504
0.484642008529715,0.48451491824021814
0.21824956589094693,0.21825053221935753
0.16959988165500142,0.16957210070667017
0.8945293202078447,0.8945055111901347
0.2019259888708294,0.20189563517893447
0.204073831686694,0.20407675284798352
0.7306761705771458,0.7306761944136866
0.4080856491258491,0.4080881637066892
0.22518750141287833,0.2251866972935339
0.10110903286571915,0.10109032857146076
0.297902856577261,0.29792132823928563
0.1364424816061397,0.13644214250667727
0.14526696241758985,0.14526653606783835
0.06548773269360209,0.06546268285064513
0.172021386660827,0.17199843863689598
0.6715593693133021,0.6714930173880209
0.3955479018296652,0.3955422221382087
0.38334055325720756,0.383334819679037
0.46236782985857755,0.4623611467607678
0.08244056431180313,0.08243277405005575
0.1698801503935259,0.16987853318006377
0.33828169392752916,0.3382810482670981
0.06310455715233072,0.06310614840561875
0.1400345408769075,0.14001461292923054
0.21826400365696283,0.2182602716575993
0.6691124617385765,0.6691121788556015
0.33615422030997577,0.33619904843243686
0.5576399886406421,0.5576400969044724
0.0,0.0
0.1164849308032233,0.11647953752627835
0.1554981178928226,0.1554916645804979
0.13252983644250788,0.1325370954661633
0.10188709053093377,0.10187284451221718
0.3383431182734409,0.3383463053982795
0.16989466739966996,0.16989775960138234
0.675036838168585,0.6746678249616429
0.08637478675947785,0.08636114802830415
0.46260633596875694,0.46260490312411334
0.1807897478658821,0.18079287636021601
0.5254525023427772,0.5253766579376615
0.06342980411865429,0.06343546075066221
0.4082897185967094,0.40828114356074424
0.7435339824464138,0.7434251264574917
0.9629848482965079,0.9629983753367037
0.4059440203508689,0.405895377632188
0.06331985043815759,0.0637045042693422
0.142258667992591,0.14223901033525835
0.1716115950266666,0.1715950437620496
0.41944774167184484,0.4194006917941789
0.82801495584566,0.828006678505656
0.2690995875581991,0.2691598124725555
0.9482954178812313,0.948257373739032
0.9608083419253353,0.9608183463787356
0.10285851965644359,0.10285241570641064
0.14988992248523716,0.14988797624552083
0.09361452734920712,0.09360767187474735
0.4626030124090994,0.4626029625250493
0.7642239696350552,0.7641047058898748
0.1165930666237401,0.11658760232751726
0.1632470826036743,0.16322555984609988
0.8329572678952867,0.8328946016015034
0.7714595653414621,0.7714714308989978
0.08267052390175819,0.08267067633447293
0.3566433134449231,0.3566219784349592
0.8672769301396815,0.8672435990718149
0.9145640685198885,0.9146114257905502
0.1130049290732042,0.11300177578002638
0.5813859172748186,0.4296526503520329
0.37819860800558674,0.37821461171098625
0.3853751670266305,0.3853250660529236
0.23235003006190574,0.2323502568176526
0.6892208691837152,0.6892189979981254
0.15042999069276208,0.1504466664755735
0.3437812281156337,0.3436435845975121
0.06643745290147919,0.06643574020924688
0.71729723706945,0.7172958939133348
0.26065749717283376,0.26071723339535
0.861817282315464,0.8617758076176478
0.7703743232477094,0.7702334592596988
0.7514523936497131,0.7514522074703432
0.35393284193232377,0.35393971604115565
0.23234912104858452,0.2323484507624213
0.8307597710769505,0.830670221804625
0.13229757570617195,0.13229393531323566
0.11753368229598776,0.11750830539274112
0.5420694228093528,0.5420264550692867
0.10293871595335578,0.10293779236184579
0.16988119736108548,0.16988133202833633
0.19862899500266662,0.198622212440067
0.1113811591669612,0.11138669458628701
0.10349584509952774,0.10347437278771436
0.308004695267613,0.308000845308261
0.9193236756882837,0.9192961335065206
0.790904614687737,0.7908913464627502
0.9550682030552392,0.9550651487285948
0.7735174830459132,0.7734529403491766
0.06259468024821585,0.06261315908253709
0.0678805750613045,0.06780690344441304
0.15518748346539565,0.1552012443191036
0.37934320361337337,0.37928481918175927
0.7513624879336438,0.7513639760874026
0.28378306963899486,0.2837682146462718
0.7488367488249268,0.749001049113942
0.9660864573674719,0.9660971389427412
0.3316505844130003,0.3316193414330238
0.29592041648166584,0.2959769637961925
0.06318462176061958,0.06322780273756616
0.1971937629306708,0.1971461597262565
0.3142280109215926,0.3142424908713861
0.3490206017499338,0.34901452683027406
0.3637547240010534,0.3637556169135342
0.3328784068152573,0.3329118006080134
0.07141486539869374,0.07143476353311941
0.3063780002168208,0.3063181457426481
0.1646469666111099,0.16464688266378238
0.0803320174781399,0.08032315934844109
0.1601524879515623,0.16013461431871776
0.6113935111684361,0.611396792306191
0.8628057778589904,0.8628150256508355
0.08010642949446863,0.0801040822716344
0.6490192203318214,0.6490089329332978
0.21576793642749836,0.21569409648421062
0.3639656653309677,0.3639960600309866
0.11672700427357029,0.11672514141811473
0.06638152756096125,0.06637425180855869
0.5385609819937329,0.5386151938599891
0.9659758507339973,0.9659775070560102
0.12815807985249897,0.12815805882568576
0.31763423116199635,0.3176415559976864
0.07701382568076992,0.07699299274656429
0.08737902614358393,0.08736823858477565
0.462639397001262,0.46264088912151213
0.4792131037764803,0.47915634405144075
0.37173314529193896,0.3717299639129707
0.0,0.0
0.09153444726079155,0.09152409158533001
0.3994316304271066,0.399364488790368
0.44097717428426514,0.44096373299702163
0.31784640500227307,0.3178403803338103
0.07323557721488787,0.07322738501229768
0.5242518256512265,0.5242450015909522
0.08025563004389576,0.08025388942532043
0.08845635320506552,0.08844509180915633
0.2844847200341131,0.2844654645343001
0.468274765990688,0.46824413830853245
0.06596220134806456,0.06594892867119165
0.0794819874128722,0.0794706035230515
0.9287925106539938,0.9287925203660495
0.4307543945884259,0.4304824106942853
0.9287888403046463,0.9287889574345344
0.6289777826177102,0.6290629384766366
0.08011545006741538,0.08011545080305205
0.8458694638177737,0.8458696581731124
0.24040657041730557,0.2403756615545046
0.508104499921974,0.5081034055625622
0.06830307063070887,0.06830282263930226
0.13931398440076778,0.1393217173773677
0.2043025092226957,0.20429946550956196
0.127421128478096,0.12740165730885486
0.22552033806037236,0.22550328967704505
0.10068842862983164,0.10069783595259643
0.12707185801610707,0.12702967338155735
0.9485775043241214,0.9485975681515814
0.8342504820103613,0.8342416255034044
0.9448619141393502,0.944866924334158
0.0,0.0
0.17654099383562324,0.176525331469057
0.8929242235647857,0.8929284536601453
0.27172716684701137,0.2717274129927098
0.15464868566350043,0.1546486072577274
0.9594202237686499,0.959449701872047
0.1365136548346653,0.13651088086013183
0.07904955658170931,0.07904751289096301
0.5739605154943881,0.573979902611303
0.08373800410599518,0.08374226455146604
0.0634782051593501,0.06347614661680928
0.07519263633604399,0.07518876241854146
0.5750653781033545,0.5750654199065295
0.0,0.0
0.2162662620048114,0.2162108141421269
0.4054719553612089,0.40545904743487937
0.07887846957965809,0.07886864573207976
0.09454897480785278,0.09455659905017719
0.42115772143975844,0.42115773399441037
0.12037965080559931,0.1203788169921072
0.26878873376354573,0.2687803510450778
0.06637937146133693,0.06638051807543024
0.1060392448826579,0.10603509046237926
0.18461092725305,0.18458762499166975
0.21302593161177863,0.21298820765863258
0.9291383014528717,0.9291536164944175
0.4923902392072549,0.4923929998707724
0.9552694019562077,0.9552624909000373
0.7286652029326075,0.7286671524988501
0.3278762137330268,0.3278759696752464
0.5114443568867841,0.5114059275315535
0.9142447754512799,0.9142396704976208
0.10419734278605002,0.10418356329320033
0.09655956809015999,0.09654587244876228
0.3079791831376484,0.3079796742394225
0.08809946290444887,0.08809522068414197
0.14976903690127416,0.14976249201969288
0.23953971030390955,0.23954443610150336
0.8015120364455868,0.8014181839577471
0.12765853731199145,0.12766097803437704
0.18149011825175684,0.18148760197183492
0.35803126145508585,0.35806963757946714
0.14076035203253412,0.14075781384678787
0.1499067482705211,0.14990492586824103
0.3079517042265326,0.30794954395784807
0.9062169221157091,0.9062211740551611
0.10973500159288122,0.10971755269060872
0.0664400320278023,0.06643624816815238
0.4227055550630796,0.42272855760402045
0.1333229135576509,0.13328416360371073
0.8401535270418308,0.8401713212593149
0.14077561704054153,0.14077513432334285
0.6683292874946815,0.6683194815463199
0.4665183487295598,0.4665348398627244
0.5641378924252912,0.5640487396000757
0.19867092568193032,0.1986713442100822
0.0851896812438338,0.08518484039776883
0.15600475863555077,0.15597355770949575
0.9163642950012114,0.9164066618807054
0.7121912240143788,0.7122245321180852
0.9609292019025059,0.9609438720162968
0.8897028134875835,0.8896936281668979
0.07777966662108655,0.07777611434074266
0.37135810282479786,0.3713602968335763
0.40817737137807486,0.40817597090698116
0.09094608055615672,0.09094267780573521
0.8671392362056587,0.8670842467689862
0.08497942814693853,0.08499265340295326
0.21450402051942905,0.214460139482392
0.19309132703836387,0.19309056195789392
0.5466926007517791,0.5117564608916065
0.19897243691883246,0.19896378933761708
0.19858691030999387,0.198587314742257
0.35999754665936823,0.3599983368684172
0.11453108403609903,0.11451502376846974
0.19048257183031808,0.19047959266491585
0.22656982240927942,0.22652680287282131
0.07138642848596949,0.07145306870671324
0.8287279773856087,0.8287430094702812
0.25766542352620697,0.25764427185811506
0.24319461913401907,0.24321909006893613
0.6843932720899325,0.6844113085955387
0.7733076252531076,0.7732040506263474
0.09755678380092153,0.09753375338128935
0.09026798971751597,0.09024755642064607
0.7790976959280976,0.7790606860071027
0.6501301318830677,0.6501096076088799
0.4217044969522134,0.4216975148037258
0.14993828788517938,0.1499365340398367
0.07195955680562575,0.07196979353802416
0.0,0.0
0.3087289138738275,0.3087414451153716
0.507060731803086,0.5070849483128934
0.0684824307825655,0.06848222544534786
0.4130929751436869,0.4130586408872039
0.07779904338257461,0.07779758237716633
0.3575110742257529,0.35759526549035725
0.14999892227272588,0.1499908909647277
0.31385051058953434,0.3138387109715073
0.06309877693983468,0.06312305452323223
0.18604748637277319,0.18605709685786997
0.2807204022153381,0.2806714062909066
0.256064916449952,0.25603709420345444
0.18661659236388406,0.1866166599002996
0.844679871553326,0.8446443327364409
0.06788493944774435,0.06787684629105666
0.590066702072504,0.5899925167923779
0.12365114065484525,0.12365933091577773
0.4211710076938748,0.42117126498153257
0.15957076323595815,0.15957136393050117
0.21151946200738722,0.21151963161707832
0.2718036484047127,0.2717981095363685
0.6135610203287388,0.6136040623647705
0.09362157524205314,0.09362418103331312
0.4847935652721377,0.4847610672940028
0.6721900454582629,0.6720337775638088
0.10644084767981687,0.10643878865911761
0.08201016174341318,0.0820149454808225
0.24538247129402124,0.2454090663628074
0.23781976348344847,0.23785815744940464
0.0706678170368064,0.07066759583525009
0.06847978834880032,0.06847976453193146
0.09081508022609633,0.090814120097007
0.18347825674165452,0.18353221711497675
0.0,0.0
0.07317780054789443,0.07316961478156118
0.3275110712984127,0.3275176052787345
0.0,0.0
0.06847981885743014,0.06847898004210984
0.9179076106480828,0.9179048928076121
0.21360207214688315,0.2135731268964027
0.5752190438398849,0.5752278207410345
0.41629427306812633,0.4162886430974506
0.21779990807733265,0.21781219630882945
0.08591077680535497,0.08592288684388727
0.9384965317832477,0.9384962487629732
0.21143154145185883,0.2114322319395061
0.8503443473479625,0.8502518609888692
0.4212992494283814,0.42129224295922396
0.08555132933276571,0.08554334955606885
0.2044958777050741,0.20453527079862038
0.3833968923346614,0.3833900075703726
0.40847748043089865,0.4084870931443652
0.4081830350216764,0.4081829701209437
0.4303956947718521,0.43022850487306974
0.2497246433968397,0.24972843726319766
0.559411909803437,0.5594238866434665
0.16646755300485788,0.16649066957178665
0.16297333221197258,0.16298136256273935
0.10904813115140055,0.10903782184757799
0.8128888346538466,0.8128260103916405
0.4113359896355944,0.41122380967536315
0.07067857455777647,0.0706770823850797
0.5735736722888077,0.5736449807464212
0.26822289494877793,0.26814836792313324
0.09413415112456308,0.09412403504949676
0.22559711308179958,0.22559377792307564
0.1808639825088601,0.18086387671186613
0.19871057378315635,0.19871080531029006
0.8449538808502438,0.8449315514282948
0.2473430954431935,0.24733986150336645
0.1507043066038973,0.15069739863704068
0.3891220537953869,0.38914417015374375
0.0,0.0
0.09826751516687529,0.09825273538524336
0.650444839980142,0.6504176253314503
0.1322026833777916,0.13219847593668999
0.10650333877688051,0.10649737621035622
0.06441590022768459,0.06441507368577838
0.0753227335013126,0.0753182592523116
0.4995619391196539,0.49952005177238035
0.49152507494740105,0.49154166394191684
0.937822439942023,0.9378280339882283
0.08273687320014676,0.08273452107934175
0.13493989847201296,0.1349261418069758
0.7304700379236,0.730458467175786
0.48070517657308964,0.4805446950549081
0.0704588017848967,0.07045070760034902
0.07066642275850205,0.07066648155500121
0.9077606921760816,0.9077033118336603
0.06644326575749185,0.06644245226410789
0.5930402876146955,0.5930351733138259
0.4283366312105052,0.4282748283817169
0.5355077521982262,0.5354418848065432
0.08278166677666614,0.08277510318805914
0.5946320201635156,0.5946728551711695
0.47730125312813937,0.47730012515438086
0.7111577786404047,0.7111030328748446
0.10145694987748466,0.10144552114917066
0.15091823462482445,0.15090593370533065
0.9384947307569758,0.938494810134387
0.09558918651326112,0.09556971503221293
0.8612708620277989,0.861340209603713
0.5782190306992908,0.5781576335955108
0.19867881066289056,0.19867889243745626
0.07524640066798219,0.07524631923237324
0.9462627635028877,0.9462483132169804
0.17560841155119672,0.1755986540951524
0.4370309186705895,0.43703465538565334
0.0,0.0
0.07524934203359876,0.07524890899795927
0.16337698744513224,0.1634026948547539
0.06803525507461372,0.06802158078982568
0.06851041711078781,0.06851190443585697
0.11018546122057536,0.11018281077581421
0.14540835573800576,0.14540169958753615
0.06079045412093262,0.060747053841584436
0.0,0.0
0.9050579035287967,0.9050479699115601
0.21281799118507905,0.21279843364756934
0.7306527810032825,0.7306533962034281
0.5182463376197942,0.5179897267093234
0.4474489647517814,0.44744669327733255
0.0,0.0
0.1235204607547476,0.1235268994625307
0.21152148343085742,0.21152163184280381
0.06091214407437344,0.06088972161941008
0.7126968949586212,0.7125248693354591
0.12204676375589987,0.1220415384097428
0.12042789752552241,0.12042409143151656
0.5241495061727156,0.5241457189823018
0.10380540914634756,0.10379040583299255
0.30016131507302757,0.300207374625994
0.31777506353474977,0.3177761822109217
0.08011536801464836,0.08011526558350825
0.8280739967520514,0.8280735921907297
0.1784891300043884,0.17844926371786216
0.21867006109876266,0.2186880348603664
0.26321422889790025,0.26319695473100024
0.28036883598637163,0.28036827046286017
0.8787064823747515,0.878703650264884
0.4625412037584188,0.4625334389447188
0.6886914558638687,0.6886700912416397
0.12755885239768686,0.12754462796050395
0.10294853043951986,0.10294691204423251
0.23974452568044033,0.2397449074826094
0.36053058955427464,0.36055173034828164
0.09396350763627917,0.09395774534156853
0.07764194532203715,0.07764136079229103
0.1861872191192835,0.18616023076613142
0.06847942142519708,0.0684794716719268
0.26050557461002627,0.2605441317425732
0.2223610619686379,0.2223268401849359
0.8178900290329887,0.8178540639243136
0.09975899381487284,0.09975823357099728
0.14378711721433385,0.1437719166934039
0.5334548758202989,0.5331299840560212
0.25490940728789435,0.25491078321154176
0.6293870863952533,0.6293645813113161
0.5406041035723653,0.5405954989576944
0.30798340364828675,0.3079819774187565
0.15977492193260998,0.15975370931522975
0.09664862856299065,0.09664674133062086
0.3500050379326496,0.3499806794477756
0.48133406558141323,0.4812710622835343
0.5750084042213511,0.5750033881504294
0.2850191138464329,0.2849191807118094
0.22517133369944803,0.2251716678072502
0.7093672336983975,0.7093178556749679
0.607422842160015,0.6073985824619171
0.6288995381820438,0.6050301282497882
0.15040316011226737,0.15037135344608982
0.49246405594499865,0.492464414502252
0.31772479597638825,0.3177253296679619
0.19297888767650123,0.19296122791130332
0.14490802459064633,0.14488807800079184
0.14989416278646514,0.1498962487281996
0.10613083689841746,0.10612692520781383
0.08719333594840814,0.08716283843877255
0.9467399303621723,0.9467183049378325
0.07177552067407066,0.07178901664635826
0.7974192736904894,0.797347662962458
0.9662299041231782,0.9662296161765666
0.8509450968536644,0.8508603227902196
0.8458540112714719,0.8458511758652958
0.203517280235229,0.2035473756279187
0.120380608398188,0.12038001619469899
0.06506677581884487,0.0651999614415551
0.7778017580479734,0.7777279377062751
0.21969176886454408,0.21968092813505818
0.6718024480169814,0.671723188499035
0.11306645486668944,0.11306607213380153
0.07768067374548472,0.07767818197297283
0.26334154465957027,0.2633401720870007
0.1701743977175699,0.17016122366229727
0.44720344259356554,0.40073016648944093
0.9605668339225683,0.9605702743008044
0.3543747429568595,0.35438367959068506
0.14872818311262254,0.1487053316212253
0.9551859420249871,0.9551796132244067
0.8925868943789483,0.8926158837473679
0.831000548817774,0.830990195053397
0.218327148220542,0.21832486710350946
0.19258986762710978,0.19258721018092703
0.08530746396105321,0.08530676490211872
0.11311618750586833,0.11311460569443349
0.1071665493019441,0.10719207238635325
0.24668345523288582,0.24669072256503757
0.0884191363095462,0.08840142705246774
0.8666061265839133,0.8665890647470352
0.08948359300253383,0.08946680595326378
0.09080928057129564,0.09080934066001893
0.06474648076099414,0.06476025560436549
0.9526373121349065,0.9526306889834772
0.07527740542176929,0.07527547377496531
0.2792034473339463,0.2792219729086417
0.9046693657428743,0.9046372215124573
0.18169729297216336,0.1817406927256273
0.0965685061249019,0.09657614101612776
0.5750704955210529,0.5750697372867005
0.7201896386180624,0.7196404047130361
0.8540699935499865,0.854005288832828
0.22753540569937233,0.22750670027097133
0.9287176284282714,0.9287267317503987
0.9385096427200582,0.9385083002649516
0.21134190094124625,0.2113466466277206
0.15905829306364494,0.15902976968179558
0.9364000736351066,0.9364249078208183
0.21797116212236067,0.217957452450259
0.7094443065952739,0.7094807380333275
0.3490556401839693,0.34905507464929725
0.6139002909055116,0.6138949328779051
0.22991301484137577,0.22991644835080888
0.09353266035399051,0.09352682856303512
0.8801004425790226,0.880003875776205
0.7738551196583574,0.7739386238169474
0.4483544265367876,0.44835444933883684
0.4983360977486806,0.4982770882763367
0.732359447318253,0.7322145816575216
0.3715296493646774,0.37152659469972865
0.9415197661026238,0.9415283004295313
0.06297182794381115,0.06292589748402397
0.5359517535716783,0.5358948391912735
0.921844308389317,0.9217870487745516
0.7128313892952451,0.7126671659739625
0.8630389774648295,0.8630387933087685
0.0875990248231147,0.08758854618342901
0.917729412930859,0.9177450971154548
0.1545942531913348,0.15458992987397735
0.13174370042555897,0.13172654939118444
0.07666481143608304,0.07665358962731243
0.6897780417737033,0.6897595433542039
0.9140263129496916,0.9139636921092006
0.6684970255178296,0.6685116121728198
0.4772002527583674,0.47720447330967863
0.7671813230853538,0.7672565147996815
0.1000694910448132,0.10006012198889175
0.11665653913246404,0.11665534624870394
0.14149337042374033,0.14150985317435677
0.8790259103658974,0.8790155922309866
0.31116255208629745,0.3111684106697916
0.408339108373518,0.40834716002927446
0.7148541953190767,0.7147793433456627
0.8838403229152149,0.883854636302961
0.120412242373989,0.12041008776842269
0.7676342306748531,0.767425741695154
0.09089468214927415,0.09089044767515539
0.1443577492446238,0.14434275674316172
0.6917131018682111,0.6917698513569587
0.17066749671346715,0.17068721574369256
0.32916292340428177,0.3291903790374803
0.10948381360287275,0.10948077621754296
0.14637748631375208,0.14636340903673595
0.06849899026760439,0.06849713062515889
0.08009277885765131,0.08009098440717635
0.14095036921540888,0.14094152146066938
0.9054193936314759,0.9054164080416534
0.09793125199483811,0.09793085017658182
0.18036889755635807,0.18036982298554743
0.8273747041159589,0.8273693224228919
0.09975207886936363,0.09975171010139185
0.07764405236378802,0.0776440062599385
0.28074807785268524,0.2807896501843023
0.09976013620960154,0.09976069619066609
0.3956076250943633,0.39560756534595176
0.8629014710059082,0.862901290126814
0.17528727843095754,0.17528722134221053
0.448345015303364,0.44834624635887793
0.18085005770688298,0.18084822736789088
0.10663311580789607,0.10662365570776336
0.7908455313813535,0.79084148669314
0.7302287816213734,0.7302213042172667
0.3728522311532193,0.3728820048620072
0.18083033730250575,0.1808311248039412
0.1756527282490181,0.17564341094773858
0.13625862867682922,0.13624514120561448
0.23933637467656038,0.23934027879759553
0.1407815066713128,0.1407811884661233
0.15698710763656304,0.1570009428439324
0.1159953097646854,0.11600250586415012
0.19863550378610315,0.1986368362535035
0.0772342768409634,0.07721828717525255
0.08528893551608903,0.085287962317833
0.06394859497295624,0.06391923384660533
0.06465138839253605,0.0646692507590799
0.3959516974266916,0.3959518564753646
0.07296345680460146,0.0729616445580004
0.46261041922061574,0.46261638696135243
0.17228720990011215,0.17224769038786342
0.26373653228316923,0.26374593608709335
0.06466110509760285,0.0646683970449792
0.1551090859630972,0.15509260010460796
0.669127361366578,0.6691261941234705
0.28058071841005944,0.2805714176185538
0.5609738467764429,0.5609447970630758
0.06282161038449129,0.06286352721466168
0.16987885982136736,0.16987673653506177
0.12494654411304874,0.12494924034160892
0.9437872052611489,0.9437541905279083
0.0684003585324501,0.06839776772006417
0.25546642932820396,0.25547506823838334
0.11666893445983177,0.1166686336933384
0.10620646624999666,0.10620644203893231
0.16071231754550794,0.16068219529456926
0.2119848441545932,0.2119966885513492
0.09425817402019084,0.09425678031565127
0.7906755983520622,0.790665403541021
0.12258063310302855,0.12254875855737463
0.1923782767831678,0.1923757814815509
0.17854400231398368,0.17855027582140437
0.5083321066431277,0.5083067460819906
0.1282408264307291,0.12823944447183852
0.06696175510977488,0.06694629070785608
0.8630793686380338,0.8630821195068684
0.21043314222749618,0.21047935267642476
0.34904785317920567,0.3490482970943629
0.27140593951596437,0.27141189845865765
0.7908959998563371,0.7908875694994886
0.30773535734860474,0.30773975288968103
0.9060538626882176,0.9060538176924463
0.1316693249692361,0.13165213863573869
0.8771412104837171,0.8771524247786318
0.845839989440145,0.8458408149825065
0.1607532634744304,0.1607654560723514
0.3501156929414946,0.3501007944888077
0.08799059004235693,0.08798909115832178
0.5436860172758352,0.5435822659827496
0.1402839043454414,0.14027647983389172
0.09114354289105077,0.0911332562882782
0.0,0.0
0.14989676483781808,0.1498986387155951
0.24736821793079777,0.24736864986937024
0.7734110233155223,0.7733720591487042
0.18422275410912636,0.18422932314755885
0.784968791325863,0.7848074159882938
0.07292171692028533,0.07292169032898624
0.12038472520167247,0.12038471515838835
0.26335290801191646,0.2633527276240261
0.4874574106142685,0.4833422731859766
0.24672068564184138,0.24676917099419826
0.8027992134411615,0.8027622291707874
0.692221242574162,0.6921915432358555
0.0684610741459698,0.06846052600997311
0.0942151120482369,0.09419952466640971
0.9632620776186293,0.9632431742233681
0.07731265901814217,0.07730169002895548
0.12993495635403912,0.12989477216504827
0.325309518683574,0.32535460385962794
0.5929708636471526,0.5929738155841496
0.2514776943367412,0.2515027340482076
0.08496387734714615,0.084938985409524
0.07193697332136233,0.07193592359505263
0.4636275599285709,0.4635474929136205
0.5457529933396842,0.5457270080259993
0.8783573014742709,0.8783752604220153
0.3475223560510953,0.3457116965906002
0.7321707860446173,0.7321559179314331
0.4461682200104757,0.44611639483619553
0.5032180967530837,0.5030322995851106
0.5520038918387513,0.5520502959116438
0.9556409963002179,0.9556658313400015
0.11189093147560533,0.11187186810534758
0.0,0.0
0.11369068206252074,0.1137008945116151
0.15191073966267887,0.15188085577939453
0.08588916595782659,0.0858874947333332
0.14129754712596768,0.14128811621044612
0.7962119748807821,0.7961075500405594
0.3589031685843419,0.35892199512639583
0.3066913888695767,0.3066507912179591
0.28031517031442965,0.28032049486167976
0.4637581661812711,0.46381396708982403
0.14418023049085044,0.14415522238388986
0.2753759189176175,0.27541879119013285
0.13977076722836426,0.13975977858884941
0.3519613129187973,0.35191798203803665
0.3757534780390624,0.3757428750664751
0.09266944015729585,0.09264905918222853
0.557738280396581,0.5577439443189954
0.09417375581438144,0.09415990690443996
0.44833764116714253,0.44833712855420343
0.408039209366239,0.4080298822119422
0.7705109883740007,0.7706283832744774
0.280221789037861,0.2802226655332087
0.8792581489427953,0.8792444407640532
0.1320300701377763,0.13202218162943183
0.0,0.0
0.16468248643743527,0.16468099917444212
0.23976021842281134,0.23976156372038512
0.25544683680338054,0.25542721818512004
0.12422112670148104,0.12421772829034153
0.4022395544490803,0.40225944630042065
0.2541766716069185,0.2541740494756631
0.186260291649228,0.18627614642823256
0.1928386772447053,0.1928189961062353
0.0771476747887414,0.07712671852373225
0.08800773087935525,0.08800773845570169
0.11585755935720599,0.11581206235604567
0.9548922917135472,0.9549152318751882
0.19164742922119415,0.19165964564147944
0.10967612689351677,0.10966774425232391
0.17628658350959892,0.17626062205055365
0.15539714730043858,0.15536095242552597
0.1539565904725132,0.15394863192373465
0.10915582584485284,0.10915597386721006
0.06848071677565316,0.06848000848719535
0.9198240066024144,0.9198248821034603
0.07716562563865083,0.0771619885164529
0.9001981380442189,0.9002365821298013
0.30729512895436667,0.30730883228885325
0.34893682388808545,0.3489362878043834
0.4626011289846881,0.4626010953196117
0.34905734348305084,0.34905750276827274
0.34963176981639016,0.34961856628828847
0.1130686749866408,0.1130685663449129
0.7311136435634508,0.7310964898148243
0.9618748880978183,0.9618334976660909
0.8345883254792368,0.8345620667448288
0.9116949821165877,0.9116141219030734
0.15964493623493678,0.15964160750387782
0.3277887392915651,0.3277922136830789
0.7187254480324443,0.7133718603436929
0.07897652592436052,0.07896670286229826
0.10619918633442053,0.10619836174689423
0.46247270469237167,0.46246286082914734
0.894606274242131,0.8946063910807941
0.1166878489835261,0.116686402873236
0.12420386510283107,0.12420396913346071
0.421217373482629,0.42121404650105887
0.2102449760831882,0.21020697221835807
0.1452781010512165,0.1452776566755402
0.10955879678340887,0.10955895989542964
0.30868525827173215,0.30863441148586657
0.38423378817876086,0.3842547637295261
0.9304518821601452,0.9304018920118134
0.3405077394860005,0.3405518962777663
0.36015472297351364,0.3601547019104077
0.19428833476644147,0.19425766044279372
0.6690438849113833,0.6690424529166289
0.0614319230274773,0.06135891258914948
0.13282070139276175,0.13280363719555732
0.9662232474651128,0.9662245062121774
0.3924882336029457,0.39252195424884834
0.7983245795548868,0.7984470910030018
0.39601588672368804,0.39601883514545366
0.08320079083536835,0.08317226314387026
0.7240629873046823,0.723991077475738
0.6274961101239882,0.6275150870264978
0.0,0.0
0.08669766929159248,0.08671660122530815
0.1322790411281027,0.13227565879219155
0.33681565402904395,0.3368405245793159
0.20403236545388806,0.20400031612381778
0.28911634805070213,0.2891227886016935
0.08237314145636525,0.08236649248159665
0.11249340866606902,0.1124740696799739
0.5241705161989412,0.5241705678128052
0.6596239075448065,0.6590442696476996
0.2581925253974057,0.25817116699533743
0.2948084686675984,0.29483661774648495
0.8095153155913004,0.8095160394664415
0.7714079239596501,0.7714079475115434
0.35732663400516407,0.35735266618202066
0.7711590239045951,0.7711706337180764
0.06448406780970199,0.0644864577414345
0.9473046177434552,0.9472914542197343
0.6159662716019425,0.6158154753934554
0.9469638611827565,0.9469626210256479
0.07775346343841717,0.07775034684246149
0.17136984524758545,0.17131562750761323
0.4694327758798164,0.4693716126512417
0.3161184035593046,0.31613099405418377
0.42210087295752524,0.4220703571499178
0.30827758076777595,0.30826395104158233
0.10696708069002239,0.10694532522165254
0.1278095579441247,0.12780393488153152
0.19793464254417603,0.19794693754113235
0.16406148748919624,0.16402572724090722
0.3279902780505613,0.3279925052707224
0.5273467117229766,0.5272847278928883
0.5166706651910925,0.5123832086265347
0.8458641521053808,0.845864140071389
0.2549563808697316,0.2549536776818963
0.07652412796843482,0.07649754230853646
0.08584699148099385,0.0858290854180455
0.20808723444021424,0.20797939305394042
0.25284057991879083,0.2528499905914531
0.09080884063412162,0.09080870168509625
0.11962993155379674,0.1196177283913868
0.10998440813477654,0.1100063253748418
0.19654085488946013,0.1965000160715109
0.4327751759392241,0.42344601396904935
0.06525741372526027,0.0652289521140288
0.3749960587244464,0.3749767930556839
0.09668072595991511,0.09668162987776319
0.1271059632707361,0.12714456977892719
0.474101235280324,0.47409483367142485
0.20635718725883942,0.2063218565240289
0.10601523093819486,0.10601564115297918
0.8996763482767729,0.8995794963653279
0.3692376063319683,0.3692434986677081
0.18325061979291124,0.18321705194082147
0.12420791753759647,0.12420751802691571
0.15465503728546445,0.15465438878930826
0.08529122334228474,0.08529058741364681
0.637136739508448,0.6370132113730547
0.41224022869045995,0.4122197794358929
0.10580973835788217,0.10580140753938777
0.1808888261338181,0.18088616894879495
0.9287908261863342,0.9287908510862698
0.771449344478555,0.7714397894616749
0.3202541575675433,0.32020803043319146
0.5822468348799189,0.5821041101852912
0.10968472187539591,0.10968586330679099
0.8421203577549903,0.8422688951688676
0.8929858752888499,0.8929843239460776
0.22588710934579595,0.2259328381534676
0.37003832203206977,0.37002146562175453
0.07978845864858639,0.07978098373019098
0.9465413357164789,0.94656957537931
0.12723792535201614,0.12721710286466595
0.3075173906987138,0.3075321375485965
0.14348904947481544,0.14345492146158198
0.08438411042901746,0.08436621441537313
0.15462590224417025,0.15462302846024834
0.18115213212452977,0.18114404989181257
0.07328293568890296,0.07327001533081366
0.7596869492932133,0.7595744656100336
0.29863516276946106,0.29862198623468766
0.946759521561311,0.9467699664808379
0.4393605769151456,0.4394209802906448
0.14989188906920972,0.14988962647025508
0.19827277733944398,0.19825955133969486
0.06639886504636743,0.06639875103362586
0.09063781882463677,0.09063334379065667
0.4808273217845753,0.4807926594678208
0.5242182200940054,0.5242177756018918
0.47778149479895216,0.4777575656142787
0.8152640035808182,0.8151437390137046
0.061511589232788114,0.06151943392877891
0.09672525842409113,0.09672443947940472
0.4208992142353228,0.4208842704299849
0.7197697095634187,0.719170434672064
0.4835885853952222,0.4834290380106899
0.09802212365149454,0.09800034702592278
0.0,0.0
0.08959487982553414,0.08958540645866457
0.9204007221735531,0.920311429578899
0.3479059221365958,0.3479093632857673
0.10747939863113577,0.10747173831522075
0.3698155027055191,0.36984422015484236
0.09462916848630906,0.09464707340568157
0.889817516021432,0.8898636353359326
0.10633066067313753,0.10632638197097195
0.096661610752737,0.09666126392707086
0.08507686251653415,0.0850653363869959
0.21207573238524569,0.21205799334814363
0.3490372706113281,0.3490330571224648
0.16465276328435327,0.16465439471254487
0.06644506206943356,0.06644328303281119
0.11667676851959262,0.11667738253547806
0.9545745347391931,0.9545847769422872
0.0697729457601643,0.06975757560745174
0.5438086395685923,0.5438784345990082
0.8595425531274354,0.8596430681024415
0.14538505228303317,0.14538093439083025
0.0,0.0
0.1834210866636214,0.18339294198806289
0.29996405028797307,0.2999389862560688
0.14410538777995222,0.14409147910055337
0.8091309122419316,0.809132102560698
0.47729814312968305,0.47729706651378545
0.8434852999654714,0.843498694799464
0.14593307948669154,0.14591068413740887
0.8928507214143669,0.8928433458794668
0.10844125149101244,0.10843223168410969
0.21150850924433973,0.21150939244040784
0.5743365735520555,0.5743400657725359
0.3966121514842992,0.3965625841285432
0.08344138167459501,0.08343364554456605
0.5168307297144823,0.5085334070104378
0.9068142389704774,0.9067596261846426
0.14544814668898357,0.1454586764997659
0.09745087840144204,0.09743408846171177
0.8275261108303107,0.8275232568111076
0.44824491221380225,0.44825581106241835
0.07821045906633788,0.07819802665930257
0.1811323395018275,0.18110521201793786
0.14524764545395014,0.14524630375079814
0.2478438703890401,0.2478670054979905
0.12029464116702468,0.12029446592730222
0.21155867149947571,0.21155429762631617
0.5316441389670923,0.5315430010496368
0.9469662841984196,0.9469658902677806
0.9497656620524944,0.9497416748758054
0.27788840994814173,0.2779589051594115
0.0,0.0
0.34907643832093044,0.34907462142026574
0.9603550170320593,0.9603703292769045
0.09103877489523501,0.09103205285608343
0.32862566079734035,0.3286460897380492
0.906061626933138,0.9060629548787331
0.37889302735413843,0.3788743436049331
0.6801072781574108,0.6799789068211355
0.3022983181293514,0.3022820000757651
0.09369810873388836,0.09369809884157558
0.7376287725441824,0.7376155670855006
0.08266599016280692,0.08266587609359421
0.13763858175815105,0.1376157248503608
0.28927047233134856,0.28926809224761596
0.9204888218768927,0.9205595349198339
0.11588605332537337,0.11586056572606805
0.5323029729766702,0.5317865794407878
0.7505658099623781,0.7506259769651696
0.15957006381036004,0.15957005846957906
0.12420597868420304,0.12420578284742198
0.9480395585261933,0.9480085887553463
0.27135339464323466,0.27135805378365296
0.0916595556259587,0.09165152212999482
0.6690897563164402,0.6690863010144592
0.4677130687368608,0.4676808289005181
0.0981752716267505,0.09815991756483143
0.08525246164352147,0.08524995386647402
0.12023853215362132,0.12022168097768329
0.16024285295508717,0.16023398488214297
0.20930240997209434,0.20933619712206486
0.271770034469643,0.27176784844576063
0.10996473499779288,0.10994862176408404
0.08814200952171265,0.08814396628969533
0.24664503008665403,0.24660443176471541
0.31778905813319425,0.31778627613425825
0.88897852657053,0.8889926438430342
0.232436423772078,0.23243561882749997
0.4239751983246988,0.4238551671807141
0.19456505066691174,0.1945723927080069
0.44999272250350175,0.4500381199818875
0.24569534608950994,0.24572284796087174
0.280370671856947,0.2803713048741558
0.19884616216801343,0.19884746641320727
0.15961636431648796,0.1596166548204846
0.4775503024083489,0.47757189733078415
0.35827122060083405,0.35828226747456826
0.9381060058570464,0.9381053300218777
0.33724331793444734,0.33718225736997653
0.4340845129643568,0.4340645541810862
0.3280377607247648,0.3280283745942526
0.10623058018907898,0.1062310358004824
0.8325014494519402,0.8325397802385963
0.5569347937532254,0.5569265772135461
0.8628972489704724,0.8628974482187864
0.07501976335458237,0.07500874797688127
0.06212458850157088,0.06219349241875886
0.7680623302281103,0.7682847179661985
0.1831381215880451,0.18310825437267522
0.08148618200242595,0.0814664213266247
0.20537125228463146,0.20538091067617084
0.25519906924274205,0.2552002198762016
0.25046301859064296,0.25050926236035226
0.7364992779528983,0.7362638424303561
0.9341875825507145,0.9341661280296468
0.4344765250700816,0.4344693587669947
0.24563462514273365,0.24557842839358077
0.21885426789139095,0.21887198112345563
0.2397346454682726,0.23973588841121887
0.9279968163642821,0.9279829300606341
0.8478583552323808,0.8478484978538648
0.5239992615672272,0.5239908070145048
0.7851426502867703,0.7851507460039635
0.06449269377137398,0.0644938341754087
0.6672974999753244,0.6673479869515
0.12415023523429033,0.12414267727290909
0.11684038022797429,0.11684503525881187
0.2743895841054878,0.2743216046198198
0.20789247454285067,0.20790811307396795
0.25522679472149395,0.2552271019044976
0.5251075661261609,0.5250834037909068
0.15145282905064464,0.15146119062896374
0.36518088081193567,0.3650819850536229
0.607130963541945,0.6069956796714187
0.6285572956521948,0.628603195456773
0.0,0.0
0.35349616505487885,0.35347710084733514
0.2318123675621066,0.23183932170750754
0.14587464204356118,0.14583516594022622
0.10620301104662778,0.10620291889367753
0.3614294397776462,0.3613682808658249
0.7102936470147605,0.7103459853062296
0.19665532431090757,0.19664010169304064
0.8933862245934593,0.8933797237597403
0.5929686059315867,0.5929680148717091
0.9172104007400004,0.9171763359342816
0.11391003496571737,0.11389565064910662
0.17804505480320046,0.17800605243616258
0.8629904752679122,0.8629895842460976
0.1299753767536035,0.12998766051462718
0.06256748281993314,0.06227455081922547
0.31792892478041884,0.31790995023750357
0.06478130058979496,0.06478777321142865
0.3287200201666682,0.32875722777072125
0.14146336442878565,0.14142295155917914
0.24023534648478628,0.24027025675209704
0.1277047603304382,0.12770368998135065
0.36418028252045376,0.36417429706307397
0.7656890517672803,0.7657969028813102
0.07765273016498857,0.0776519175822094
0.4629612978463879,0.46292166563677517
0.13604954415270384,0.13603266657382357
0.27032314882551145,0.27034421212704
0.38378416879683047,0.38376852119863236
0.4343886054753475,0.43437776788992916
0.14526107052781956,0.1452610000569564
0.14113578206408572,0.1411263916252927
0.1455648169453083,0.1455543284712317
0.28695578838689745,0.2868994106741034
0.2789781754041693,0.2790138576816379
0.44513895589113733,0.44520712484181074
0.12760988932753045,0.12757779472606953
0.10272132361111581,0.10270559194742213
0.4074665283850811,0.4074656745780807
0.6306715959390481,0.6306630984481263
0.2765804904424275,0.2765734074808833
0.7902783648360833,0.7902781839188574
0.3156839527056515,0.3156722328742382
0.09452283276171322,0.09449981307030708
0.17044323245868004,0.1704292350626244
0.2385579943423729,0.23856529585415745
0.14526119630986584,0.14526135359721243
0.13085650411759084,0.1308424342228355
0.33830067030538596,0.33830070551164243
0.6892321216102457,0.6892326227714568
0.06379088854413388,0.06381009780082245
0.0951781867968352,0.09512935088077942
0.26995256703412257,0.2699974674568633
0.13627191168414698,0.1362766952936615
0.08551164361750203,0.08550690550916101
0.11995161053840932,0.11993341872735734
0.39560763066190585,0.39560768676831914
0.07751321809510928,0.07750375980912821
0.08011555292102847,0.08011553144940838
0.1752382588944218,0.17523350165219898
0.8459809442028329,0.8459761204050663
0.12197120164859711,0.12196692669204744
0.6698164602795076,0.6697879351749827
0.42418656691176987,0.42419335509920164
0.33825101937154667,0.3382539931329741
0.14065561793027725,0.14065083326159233
0.06349599721002068,0.06346471208621383
0.07283961460833059,0.07264527919054575
0.49443514630372165,0.49437925110802255
0.7374359313801715,0.7374196855396009
0.23974205780285204,0.23974205563080273
0.7309971569843102,0.7310161942549979
0.1776567047342238,0.1776536754230752
0.09083267144450217,0.09083161077113087
0.0893158142550447,0.08929243914379274
0.09080902507870908,0.09080901212644042
0.07572471068838556,0.07571099667348219
0.32993800520011396,0.32991713295523284
0.09117754166711578,0.09117505234833115
0.8311248452941289,0.8311609101495725
0.08322107461462451,0.08319166511973117
0.3174969383535313,0.31748106974203644
0.9173861415877783,0.9173873206528914
0.11066945329802759,0.11068451113373634
0.29852406119420927,0.29852205929296965
0.8384577629615679,0.8384396632315462
0.0,0.0
0.06793068058577645,0.06792493553075885
0.08267328595639986,0.08267267499146418
0.2678912837967742,0.2678394714158201
0.0815868362418182,0.08157524923484105
0.0,0.0
0.9540701487080369,0.9540717665863735
0.07304039449574186,0.07325623884933445
0.18804632436227625,0.18807283866467547
0.09028866333704974,0.09029021371368597
0.17556750268334073,0.1755537800250236
0.7074223095971776,0.7074842291003195
0.6494376855192223,0.6494373661154946
0.162486208086173,0.16247502832022587
0.36249763010111313,0.36240685177166193
0.2049470856073168,0.20494985674204366
0.36015786249564996,0.36015938545864534
0.2125788982894569,0.21261248707129304
0.32656437495822005,0.32656584543958933
0.1242383947407566,0.12423677077114376
0.13682589462761208,0.13679930483436342
0.9387238779123666,0.9387375151163593
0.3182625237502998,0.31827128471731114
0.21156499414672858,0.2115626699314603
0.2893557580265208,0.2893529684266918
0.918960273647115,0.9189251388812685
0.07863455728362803,0.0786116190407317
0.6001511352505414,0.6001666293618882
0.7097827226286213,0.709783102150529
0.1270373343705141,0.1269958584558723
0.9553125926120108,0.9553117175434654
0.1744645630488695,0.1744489112424319
0.0826387776518088,0.08263752778809412
0.1361296372390773,0.13614459538769172
0.7351156611135472,0.7348806896780536
0.47190098357474786,0.42080117426767344
0.06433674904131745,0.06433464214966184
0.09942062361667614,0.09941339151607993
0.14528892377997488,0.1452875871702213
0.6494559858522186,0.649460281382511
0.2958396129813777,0.2958057477084524
0.11652051601676999,0.11651511450971581
0.9108678791489826,0.9108565287054902
0.5018898769520882,0.4938543618845276
0.595345139415977,0.5952912050405632
0.2397296804710303,0.23973139319965336
0.15812801081901906,0.1581101770730712
0.096715819884621,0.09671281349517759
0.18640020762134105,0.18638836856415172
0.39729454265092384,0.3972311287457433
0.9263721259821586,0.9263642531757469
0.38341820510575353,0.38341800799820835
0.6494358913592081,0.6494355579281564
0.5083589548798122,0.5083821436576506
0.7513709250407397,0.7513710866111396
0.3379237831132062,0.3379400259182633
0.07233137956221942,0.07235171486432948
0.1988179021072112,0.1988162075888869
0.943456467477874,0.9434844439530674
0.060402598820710834,0.060391850682741194
0.06450219528871402,0.06450252407980743
0.33339924282704575,0.3333200924227197
0.19312184197715435,0.1931369449066141
0.42116762110601563,0.4211647075298262
0.38331526468842236,0.38331219573380276
0.13640841358930772,0.136405018515127
0.36765948039276136,0.3675761034015897
0.23207882298605154,0.23208097589898113
0.0644563743393483,0.06445854969710028
0.4081828021637941,0.4081822615966746
0.1865920860818661,0.18659280446514168
0.08733442002693707,0.08732012784794664
0.23235271873317714,0.2323530080598134
0.3482292871921289,0.34821744973078983
0.44180489761229946,0.4417774907142961
0.3650676161307846,0.3649800966659462
0.36755160217221017,0.3674207541747711
0.7497994683509189,0.7497918298862527
0.17532118738927405,0.17531957076095447
0.8161093326610034,0.8160278664455194
0.871078644703577,0.8711037995494916
0.2763227755796219,0.2763467565404189
0.07628664144985169,0.07627296781819318
0.6131497047493734,0.6130977908433463
0.0,0.0
0.31248853200040116,0.31249839916865896
0.24925023695434925,0.24920698638037814
0.3490567508460991,0.34905667203826424
0.11295786396974397,0.11295197329902104
0.9150715751010556,0.9151833534467828
0.17832339275299278,0.17833215941800923
0.20009574121618376,0.20011648321504982
0.447838809043912,0.44784919345574425
0.09988444670368657,0.09988306848105502
0.07092738463825649,0.0709205690487664
0.9543116499943843,0.9543116461204536
0.46259817258369273,0.46259830927400053
0.06889634060135334,0.0689020669532376
0.45904385096011163,0.4590999752059622
0.18661740386870673,0.18661742133501275
0.7663755395972435,0.766333671793841
0.0635402764696,0.06354333643577127
0.06311489750349335,0.0631140154009106
0.8138568000697843,0.8138067616849937
0.32853780682697237,0.32854417035282213
0.9606902293876851,0.9606900926746362
0.5929628091370115,0.5929623741900416
0.5503736439034521,0.5503363006706171
0.7552505793368206,0.7552075461642105
0.11270765516183015,0.11269555990335027
0.0609181080850046,0.06090620965427819
0.3572324976687855,0.35716233937328623
0.16465121697207125,0.1646512411569623
0.924419594433254,0.9242939287242123
0.9545174036301713,0.954519752734853
0.062256857722773826,0.062206641907353095
0.09661342603710743,0.09660809990548193
0.13402660257468998,0.13398692612393912
0.06299385269921916,0.06300278964282005
0.48703058794202336,0.4489307283127369
0.17528679431877606,0.17528557222553864
0.23973807085822385,0.23973889097945514
0.11828406465605629,0.11824010834638303
0.11234034227638115,0.11232439585327665
0.610100780697785,0.5492166522411489
0.6245707393953367,0.6244755376125909
0.17325042808152685,0.1732232062059727
0.19854051412549653,0.19853269986562677
0.4604369969848899,0.46041670985088706
0.1805813578349438,0.18056551635242715
0.09084364451177153,0.09084131424226845
0.06644571241474627,0.06644500114670154
0.31528680489642213,0.31531885255592884
0.4910417423220501,0.49109433713030776
0.10292879239989605,0.10292873343813708
0.39560819843944617,0.3956084009908815
0.10570785863693527,0.10568334003571923
0.0,0.0
0.06636185510389332,0.06636140529627066
0.06311756272951212,0.06311716976111421
0.8621843013792938,0.8622196600985284
0.433873782478667,0.4338650077502505
0.10297238850028376,0.10297141454855535
0.27109294840056963,0.2711106945592196
0.5100221970312118,0.5100523536487238
0.10958194250318563,0.1095819974820627
0.23977400500024787,0.239776101097716
0.8767031675034797,0.8766313293471536
0.31777067600508796,0.31777064187672216
0.15953581661602986,0.15953164951795507
0.30380747084824106,0.3037338896491921
0.8957850503706184,0.8957169038944494
0.09938566238112728,0.09938579362325313
0.08667057353586785,0.08664075374780142
0.11026167720966565,0.11024902513364034
0.2472855026620621,0.24727925680894622
0.2051418844131299,0.20514585668896898
0.7513833874784903,0.751384307711924
0.15488083101130756,0.1548757928332746
0.21826770521428285,0.21827179558626914
0.90253363849439,0.9025342403052719
0.06482134281622007,0.06482332951721756
0.31934035525718624,0.31929686678538954
0.07504241871253253,0.07504029259065975
0.965282230211058,0.9652948920267223
0.8925505963953432,0.892544586366258
0.22515810963614846,0.22515260453761662
0.18018815299674668,0.18016331212043876
0.5929874484199408,0.5929862616419092
0.12822551097881096,0.12822215288002903
0.9464794336108122,0.9464423612989639
0.2987090168047222,0.29870025803418665
0.06436722321480819,0.06436063216756527
0.13223367385084245,0.13223332562599563
0.24074270383666743,0.2407626265827961
0.22483438272105705,0.2248282169450765
0.495489213065558,0.4954887300574277
0.6087321443689098,0.6087873311405043
0.07734160511950065,0.07733706881122746
0.4626025448274315,0.4626024907689307
0.365636778964286,0.36557740077586737
0.06423866815370695,0.06419587572694291
0.9470463523230865,0.9470439818086693
0.1028283491598395,0.10282140030146682
0.7307571283260603,0.7307511854243012
0.10432549431646225,0.10431136828373211
0.08515424676458695,0.08515690295546324
0.1024486979840484,0.10245059112151676
0.8934208794001013,0.8934204949725861
0.20415392034184104,0.20414253753026881
0.182754986948457,0.18277238799700368
0.344948894989914,0.3449685829033607
0.5376829515605497,0.5377361635362164
0.6213213511966529,0.6213136141659912
0.8520558957858653,0.8520502100875841
0.247538283065347,0.2475198352265999
0.9260160031321566,0.9259929599854135
0.6058771389245143,0.5868914008558894
0.40441168452356685,0.40169661968036324
0.09805262360517662,0.09802838010667825
0.11306272899917685,0.11306183580462983
0.21827664763164564,0.21828127136579073
0.7975979115738617,0.7976862595352494
0.4935522058485487,0.4935766906099335
0.08604724840484182,0.08603471389004719
0.11195541050009698,0.11194860655703233
0.08801111900306455,0.08801093012164571
0.21834795943421867,0.21834513045505716
0.732561226767159,0.7326605969272135
0.18662676018460214,0.18662741203565938
0.45399891998014197,0.45394399542478053
0.11306813543274523,0.11306813340420833
0.12420646447167173,0.12420642758697724
0.14527271108409529,0.14527135049315937
0.6055446483985012,0.6007392072101736
0.8962088304646605,0.8961708712235243
0.1696188152305636,0.16963081057728346
0.5080997650287258,0.508099636854234
0.11293840449683896,0.11293106297831162
0.883434951893311,0.8833797701893513
0.3079856105737366,0.3079868210053738
0.154587252716234,0.15457744697245315
0.3748922393082859,0.37480463015963505
0.42100824863491804,0.4210005143476011
0.5771762676227415,0.5771509820427939
0.1925956517880183,0.19260140915335655
0.7274231604059345,0.7275293744433966
0.575076214384863,0.5750750462229125
0.0966802202282763,0.09668010438164375
0.8175272001590901,0.8174917468373627
0.23989271362927875,0.23990597207189207
0.3244076296760582,0.32438607395637215
0.10173736834414761,0.10171944790632285
0.42440464241935816,0.42437867295324694
0.36973782348400364,0.36968409154258053
0.1794209835721169,0.17938847999587743
0.15834043790165886,0.15838492617839037
0.3716307748751172,0.3716284955446889
0.08324170031388654,0.08324458541326442
0.07048628343623806,0.07048312791478242
0.9179542230936016,0.9179542269359646
0.34841128359723444,0.34845248358723474
0.3325666868292168,0.33248200409898837
0.21123123518202258,0.2112135832549579
0.5930853524976788,0.5930718151589729
0.2690229073224611,0.2689913738666392
0.2272121134387512,0.22723279768490193
0.4145003750249084,0.41451340575353995
0.7726697387812372,0.7725923786278454
0.26348599110102383,0.26349063866885203
0.26939851483709043,0.26942414882301186
0.5562748501191329,0.5564042697927535
0.32787091783546035,0.32786941985308865
0.09974745918832242,0.09974580277595389
0.5638055782739182,0.5637274208952273
0.8452858766612332,0.8452714278337952
0.9596941671547609,0.9597311261185374
0.4408396174228694,0.4406296449730471
0.7097574456456626,0.7097604002264178
0.4990975776191786,0.4990100050112041
0.7098727200078468,0.7098761128693133
0.3083036757117987,0.30831693744076816
0.32828036473691896,0.328273024203459
0.0715877672000242,0.0715709687839566
0.5191471804148317,0.519238182451878
0.6300427231732658,0.6300523405742073
0.8225237034746292,0.8226798840958568
0.15002166330719008,0.15002052250823802
0.5402253811996189,0.5402004167914205
0.8282304010398603,0.8282225792126506
0.06428922366391548,0.06429354621119797
0.29032257132654016,0.2902682437675103
0.1653400210068042,0.1653211989615363
0.4166640975029923,0.41658046776863517
0.7260407335114926,0.7260188432535675
0.17527709083789414,0.17527551164263386
0.06311561236541272,0.06310525258293591
0.08017347628287314,0.08017132666808881
0.7466709537717584,0.7418323336280622
0.08113287380585271,0.08114050184244187
0.5892870889073198,0.5890642762539778
0.2575929518191613,0.2574880661817786
0.07707288302540383,0.07706835254172507
0.07161120529795334,0.07161922606550783
0.10303377881523737,0.1030300461999869
0.11165744904670699,0.11161358735624685
0.07529938001177984,0.0752950723884195
0.24060772195424665,0.2405796421213442
0.07990914522910958,0.07990502948565589
0.6891657626857371,0.6891585482765037
0.10853454838215272,0.10851964278681195
0.1807808891524402,0.18076982729492105
0.533291210968302,0.5329260533495033
0.11618944306872518,0.11618333397754271
0.4484538250313903,0.44845802591434863
0.14891427574868155,0.1488995248097842
0.5417027498726106,0.5417389694906418
0.6113489985164143,0.6113494379654694
0.15140883830295485,0.15137073614572036
0.1046191162823109,0.10460601116598994
0.9233414958195143,0.9234002157279235
0.10305220930099883,0.10304799110284264
0.16233534496539426,0.16228777079676093
0.06639291651048065,0.06639344350235993
0.12016338101289788,0.12015194257977356
0.48950767597215994,0.48962543637242123
0.477184694488325,0.4771708175434639
0.16687255788071756,0.16685720778248037
0.5380304176835631,0.5380177807105319
0.4047443250307401,0.404725735314384
0.0958617434602532,0.09585320511168906
0.7290706285526661,0.7290597706317632
0.13293222770507637,0.13291336785365243
0.4345510435444404,0.4345519411002396
0.2921985990359692,0.29217920122886193
0.7909863061539458,0.7910012409173013
0.4893930817782652,0.48944920065081804
0.8280344525913753,0.828044036014376
0.768199335897626,0.7683807112328985
0.7677797373080641,0.7675126076284993
0.08986483082956107,0.08985159141312474
0.07534390561360355,0.07534414126377526
0.1822496526552293,0.18226716423254594
0.1322300662153774,0.13222821461415676
0.3726676645155744,0.37263495419806686
0.964253461034335,0.9642665449968107
0.5750908965798748,0.5750950606791648
0.24938145013939408,0.24936803940637423
0.8415514426854,0.8415088672787995
0.1491175163605029,0.1491056098002548
0.5406789583484894,0.5406787724892752
0.4118910583203011,0.41181876414740537
0.10586482856679091,0.10585395256478992
0.11330574123913194,0.11329727957317053
0.10606129735944035,0.10605678280657839
0.5263361402072755,0.5263745046399316
0.14844562129413302,0.1484218338094161
0.771828258882359,0.7717995495932175
0.087873463021517,0.0878664100301645
0.14078813171757149,0.14078742356899338
0.12815790452237708,0.1281578708264918
0.8471508593133843,0.8471154896006992
0.5161891641888182,0.5161088662250165
0.20499760393565375,0.20499746612023464
0.17609609835424195,0.17607798146230383
0.32096122057718246,0.3209106718609805
0.47732700107517506,0.47732450453320735
0.06447197212133433,0.06447621942400923
0.16870227169891547,0.16867212491040778
0.7545341425896505,0.7544768281034655
0.8634382674083025,0.8634229097832994
0.5255292098600182,0.5255370259413931
0.9211407386634235,0.9210753249987349
0.3621590210731333,0.3621307112333759
0.1030947545616845,0.10309025899132157
0.9273688649857744,0.9273888372954835
0.3007450215988926,0.30075556528266534
0.8109344793656276,0.8109604506343502
0.3974544042096242,0.3974131669203195
0.7306670567865022,0.7306655133575218
0.9544541274041534,0.9544453265859061
0.8632788597327548,0.8632635788982123
0.8786730231507802,0.8786737567609515
0.2798242628613672,0.27980495331629984
0.68956531052009,0.6895599488666769
0.7107638261083609,0.7107651372495645
0.3380780590872738,0.3380843457850945
0.23980971524090627,0.2398139803925463
0.8805077818359494,0.8804573748460615
0.3175631797585105,0.3175676144743758
0.06356284676039364,0.06356095232360956
0.825023391114802,0.8250034085774358
0.8901504831664211,0.8901401852373313
0.06583569942705365,0.06581532101758154
0.07844683068751072,0.07843468266185832
0.6301881330799594,0.6301870173185219
0.42092410890937965,0.4209310655730315
0.12942805434291849,0.12941937670518183
0.3383244100385645,0.338325052083499
0.07761475572502553,0.07761298340628471
0.09241654087731173,0.09239466253845567
0.5651578247120583,0.5649449203026097
0.3834221081381986,0.3834214320966087
0.6899382943385876,0.6899250992486442
0.0,0.0
0.324595459841885,0.3246133510292588
0.5527723400710527,0.5525602178230219
0.07292141913616883,0.07292113519236681
0.14517058243730072,0.14517380464752308
0.37077122100270093,0.3707647058302313
0.32382716826739355,0.3237536220067437
0.22020904008295347,0.22023542690528458
0.16426792664304107,0.16425428716794677
0.32789852997711866,0.3278989586565736
0.9062574287533279,0.9062611203435949
0.2851080942105442,0.28518606818637393
0.07285843512030805,0.07285717870361524
0.5576397051706741,0.5576395529942857
0.3610240638036048,0.36104277830026993
0.08378962954225005,0.08377521054459852
0.23930833612670044,0.23928342484486628
0.15429550254467148,0.15430750189367357
0.4931947474266623,0.4932110189546197
0.9337991641505756,0.9337951817035859
0.1505447026842015,0.15052777919398574
0.0,0.0
0.10671876463555907,0.10670835052819407
0.11298345164418616,0.11298118121752881
0.1814587147468258,0.1814144330247958
0.30842197796993015,0.30840292687203047
0.58366446325012,0.5836002711046531
0.14963253883125682,0.1496353796089822
0.9047392173606008,0.9047869025180169
0.06456453582184439,0.0645050762389078
0.5976298733754052,0.5974513994435827
0.9015921985649765,0.9016130041946028
0.8453323875664527,0.8453573933672296
0.15587874395947762,0.15585119809713088
0.5680995484315228,0.5678203842346864
0.8650016301181747,0.8650584488065445
0.1388950802845531,0.13887780227653862
0.08801625947143676,0.08801491191300556
0.9542723235682726,0.9542661941559135
0.12419893843011491,0.12419903223995304
0.8779944421427543,0.8780509287031157
0.3179466369650805,0.3179540615174036
0.37024553698888113,0.37028621647077103
0.21180907588624057,0.21179439079709117
0.29417234693636285,0.2941245466482641
0.07558806465456053,0.07560393111630219
0.47742281954813204,0.47743548149014214
0.09067884924740272,0.09067478262173091
0.9087130116788112,0.908731448128081
0.2406515344147096,0.24066685731622214
0.8458611901093671,0.84585988063947
0.524642938222098,0.5246608804479923
0.862977273569015,0.862972462183551
0.2115254206477821,0.2115247276878969
0.4561210767821878,0.45572060029668604
0.2803697107983805,0.2803698141076591
0.6892256290161275,0.6892257635270697
0.19285972077824245,0.19286618280341802
0.06838109626806375,0.06837900073942667
0.1461590840861471,0.1461415326893847
0.2399605021381306,0.23997602237748367
0.09369116316438325,0.09369139078734723
0.8293030459196832,0.8292876613002298
0.0778310215826068,0.07782361721330032
0.09499996651306543,0.09496409386579066
0.12130398474523248,0.12128475346705166
0.13218741666644898,0.13218310940695593
0.15478197896879808,0.15477417616259115
0.14674116433593679,0.14669602848447283
0.23911617618793593,0.23913388559080218
0.36026471938917237,0.3602536858153305
0.289337995199482,0.28933354485283685
0.3278723047565122,0.327870568509675
0.13939431333741759,0.13937577835556314
0.19091386387851458,0.19089274971967207
0.7579615844505083,0.757726063193647
0.19976274778187664,0.1997456180946187
0.6301846024035302,0.6301843770535428
0.47731071588659935,0.47730939836962416
0.1325120727741545,0.13249712815594383
0.5573183395263506,0.5572870369483118
0.14543422453368657,0.14543917906662254
0.6301088283021125,0.6301141415314645
0.13208275005530667,0.13207422412107445
0.10821497959628666,0.10820032444060379
0.0,0.0
0.2423077336213,0.24234797970955682
0.1984283525795907,0.1984302766595018
0.15466527554539747,0.15466371405244458
0.15469528434254903,0.1546934463904411
0.10593112057713598,0.10592206559820218
0.21195664761665178,0.2119612203597528
0.16697621365018125,0.166954472100362
0.06739670991131311,0.06738483886005597
0.9287064514847274,0.9286978926054411
0.8050102276664475,0.8050151285305921
0.6888976846112033,0.6889053818375566
0.7867651387377921,0.7779218049835214
0.23286141110802294,0.2328838296024499
0.9433727366185857,0.9432884640356325
0.14678380369446092,0.14675727558393278
0.6701366577254402,0.6701075020881401
0.6181624195293555,0.6180952520150766
0.07131607605143898,0.07132526741048423
0.7514006318239044,0.7514068699175843
0.23236603828754565,0.23236691419818978
0.18142821412227098,0.18138892244198626
0.7487136727591684,0.7487418526795995
0.5171497335435776,0.4472450971619054
0.10946590634070251,0.10946012227371604
0.5088983348783287,0.5088207009955459
0.6145228236417859,0.6144886408025758
0.9082550026740372,0.9082168017996745
0.21342165350141207,0.21343788466245786
0.509584695602094,0.5095313568147727
0.862661250345894,0.8626545065034597
0.2872511473867356,0.2870246986940668
0.9646126858780423,0.9646143180877851
0.10263390815386435,0.10263031867254716
0.15825706026587397,0.15823583659708093
0.3279424269840721,0.3279470704078679
0.590306110507035,0.59036252246934
0.2481312888293539,0.24814279217474547
0.0,0.0
0.1990403832024104,0.19904115418911938
0.9014693785325985,0.9013844641237584
0.966058762146671,0.9660399005753239
0.5727064030898018,0.5727696226238909
0.07511294580593701,0.06912632841755438
0.12035490828832994,0.12035233623236291
0.4508126853369879,0.4507577644273073
0.08859925177912496,0.08859170017596801
0.1404201351001313,0.14040975298844083
0.408172060476183,0.40816966687403977
0.9528103979831989,0.9527861358672328
0.09371928409770357,0.09371836735654789
0.5236053262851391,0.5235916978899364
0.10965310985158284,0.10965027480873703
0.9060337332116546,0.9060297749124178
0.3103870130886148,0.31041951963072995
0.07215475242722126,0.0721421411187591
0.23241753338473103,0.23241192535551977
0.061662736793356834,0.06172293474133508
0.7170981691979221,0.7168707811765613
0.5684372659703955,0.5681245272204706
0.46218544694366676,0.46220047899683314
0.1743150596191902,0.17430666637256484
0.9193902048627414,0.9194044396552692
0.1364418502029629,0.13644184870038673
0.8920157140118937,0.8920124481712576
0.7511819913352903,0.7511708239194863
0.11682807411110768,0.11681562297591512
0.13200009047016847,0.1319923805931821
0.7046555397204208,0.7047773315653436
0.5929676246045633,0.5929675672422282
0.3614945347268815,0.3615083352556157
0.24893918743629131,0.24896432338398655
0.20502181838449784,0.20501869057563474
0.9405983880489537,0.9405909824477509
0.1646488944251928,0.16464844264968603
0.18202151605849992,0.18196986135647056
0.1988049945800314,0.19879156261951686
0.2633578023828811,0.2633586413988682
0.8814856107723554,0.8814133905268592
0.06352073206572931,0.06353406857692763
0.1146373434789935,0.11461820239762992
0.7684645848370469,0.7684857132013617
0.0,0.0
0.6787019792213433,0.678614389742028
0.21530883201364281,0.2152807319713538
0.1856214466272545,0.18563297515086735
0.877517827931767,0.8775619074651986
0.2984854935260265,0.2984855107961404
0.9384460302981252,0.9384424110762818
0.08813268597404811,0.08812543106561316
0.7737395455186487,0.7737598137981923
0.08087019613215383,0.0808631041745627
0.18661740065278945,0.18661735014614467
0.5406790259084453,0.5406792123993253
0.5244962132101803,0.5244975658254326
0.5576224614156421,0.5576216703007827
0.3276603120722237,0.3276683333310439
0.5326330317112754,0.5322540961037887
0.12349267615575207,0.1234639368597262
0.5915958051387097,0.5915140325628165
0.10551994623461859,0.10549979485086404
0.1028650232765433,0.10286713892940394
0.38328520039128683,0.38328580105119336
0.2114584479757816,0.21146141849627
0.317771260866927,0.3177715498837157
0.47730275465533417,0.47730251122709033
0.43454288254979595,0.434541931443251
0.4081642333000754,0.40816093169675716
0.15368773045019493,0.1536662422814524
0.08775731984638332,0.08774363359880899
0.5407375371523028,0.5407370518933541
0.18890531701451752,0.1888139961957917
0.5090781189607081,0.5091355301899059
0.1605933700057706,0.16057542482711062
0.8618848426739755,0.8619414628501767
0.9543154842051247,0.9543153433844925
0.43087125100260926,0.4305221763530841
0.5223957797600208,0.5224026639227661
0.8018841939147952,0.8019169189906483
0.38342372061762936,0.3834245186814846
0.7157526774440733,0.7155465632746327
0.348323627440881,0.3482758140601734
0.4066058681821902,0.40659109978662245
0.07521408716736991,0.07521297303795352
0.2049985176767285,0.20499853249756186
0.893495773527857,0.8934871250356364
0.10478203223669906,0.10476576842319267
0.11063787015331857,0.11060818968796146
0.6261544163493966,0.6262757462404331
0.14079371252685993,0.14079302845389072
0.18659973839059152,0.18660114059173508
0.06231587094108247,0.0623322328334236
0.4562626049497364,0.45588199240296995
0.06391267479444503,0.06389124022175874
0.07584085267291182,0.07582887352463884
0.3716098601902761,0.3716093778218054
0.14124781170354123,0.14123311775144973
0.09311808496415404,0.09310896106657268
0.42138148639953404,0.42137713110502917
0.0628435317617062,0.06285195531925684
0.40695739543550025,0.40687778914755496
0.5981036015956657,0.5980022114890624
0.461478232445692,0.46147907870591065
0.2912567717826957,0.2912484149528285
0.5874843117997038,0.5871950705564063
0.29866973259792867,0.298657033042095
0.9376916008941487,0.9376979097566667
0.09526755071054971,0.09527403691521519
0.7921664664847028,0.7921277560705973
0.3486018816696116,0.3486116088318223
0.06490918806772966,0.0648618792299467
0.9384976769205263,0.9384995198682473
0.1375639323025844,0.1375399755839738
0.3670010622308508,0.36692693185256947
0.6498051600967024,0.6497774386125781
0.3118129613414754,0.3117904745172156
0.06542897122600498,0.06545687070521711
0.16051745357933064,0.16050777039661554
0.10994560709183117,0.10992191161607869
0.5574323370197215,0.5574460478514746
0.0,0.0
0.14590351000718096,0.1458656321236849
0.18073877627149973,0.18073182667915128
0.21068694735135451,0.21068865826212416
0.5999731808682296,0.5998430769921286
0.11689518344387101,0.1168845777231383
0.8096079447556225,0.8095994378367576
0.06639725797606516,0.06639732041045476
0.8873812242101253,0.8872607460210188
0.0748403460296994,0.07482963810979791
0.7099488675019788,0.7099384558922449
0.06854410862846906,0.06854239200521105
0.7479093703065794,0.7478728253623198
0.12422389922456283,0.12422232500491934
0.5923223148558057,0.5923450961642704
0.12053257424542253,0.12052641424434285
0.08011512313122426,0.08011491114636925
0.2903752153851367,0.29039523142840473
0.4785611672418297,0.4785299432388345
0.2805110892152767,0.28050361223480186
0.8791726463824758,0.8791405313948976
0.5179370671830482,0.5177510888778322
0.6489338829997179,0.6489202621976614
0.09808320342761996,0.09810411839834554
0.07752180656402613,0.07751928574773288
0.2181843971858344,0.21818850480700502
0.2552685318009294,0.2552710751996089
0.9388710823080553,0.9388630030492222
0.1451062789834813,0.14509907811116896
0.49675553634518477,0.4965764497157158
0.2892859166880557,0.2892859270961667
0.6113522816447933,0.6113525021301254
0.40086252038327314,0.4007800349630436
0.5910587997814434,0.5910861076454592
0.06639870496977816,0.06639892330787533
0.7644128129657202,0.7266448346769774
0.15543008277076617,0.15543247667084817
0.4211799061410161,0.4211806742691288
0.8621294443213168,0.8621158974395101
0.11736094617901124,0.11734719490248569
0.1285394838456201,0.12852086848176902
0.671110700510618,0.6711161942610753
0.09080901938653321,0.09080899213890509
0.11929212132884066,0.11926467895109262
0.09335150822192995,0.09336406688758425
0.06365205702880321,0.06362159420590524
0.27757661892240204,0.27753252139741114
0.12799854349487236,0.127992603382705
0.24740008077468564,0.24740867052965976
0.878488845592759,0.8784905191911839
0.8749094995690657,0.8750185719394349
0.7905300885580371,0.7904875047869379
0.10971339783572029,0.10970532793409131
0.10958077687916425,0.10958065982118076
0.9148726283149222,0.9147739941819321
0.0966869753155964,0.0966861359269497
0.7309318914826437,0.7309212323252713
0.0626649365275465,0.06263227515636365
0.1125171933583084,0.11251704831989351
0.0707047918189393,0.0707023481506085
0.5682688774153877,0.5678915167483296
0.49863840033112655,0.4984761755697173
0.3960505951947524,0.39608260521149774
0.0638688220653576,0.0638135959073079
0.8820495029325316,0.8820394980633403
0.36666370149965755,0.3666657144154569
0.22518815023336058,0.22518693315574073
0.0,0.0
0.09444633017959984,0.09444047563388658
0.9609882172395167,0.9609821882844339
0.0,0.0
0.17771178767221993,0.1777351569000101
0.25523477728883615,0.255234767090101
0.9068641463336946,0.9068818930798135
0.3176980926189793,0.3176901147633711
0.27520637899236344,0.2751881289971557
0.07495729640784736,0.07495119152058004
0.12422699602693214,0.12423003010294136
0.3612449086207042,0.3612742121398807
0.07065885386248501,0.07065820091634012
0.8072195114128417,0.8072039253563894
0.10167602764797758,0.10165308742263342
0.12856054285844754,0.12856449076104465
0.23980115418821166,0.23979603309937128
0.9529746130740587,0.9529842793023642
0.5244647988065454,0.5244324892162158
0.2182607746945349,0.2182583157203579
0.466904126520005,0.46693199752003617
0.6499750740215977,0.6499455180658409
0.07578143924582686,0.07576752706704046
0.6812948287750125,0.6811834732867618
0.24132519511487618,0.24128936546618593
0.5122260270016026,0.5122742515095801
0.18651111753708863,0.18650528823487572
0.7163181359026236,0.7161208635993229
0.0,0.0
0.149882239368943,0.14988224443628378
0.21767935352523368,0.21769303681454333
0.2717010442780061,0.27170033405538485
0.3820132683102428,0.3820514138187561
0.07721759674059309,0.07721328446284484
0.881818398738223,0.8818435324492438
0.19168635105075574,0.19173891794216613
0.6472582613757231,0.598821869703663
0.4906254441837766,0.4906728408275874
0.075572589354677,0.07555970765659623
0.42125261873542935,0.4212533882685994
0.16124097473677157,0.1612215168174814
0.0950295252135439,0.0950420528406753
0.0780607002396013,0.07806114924462333
0.17355553815790026,0.1735304687939851
0.12875190122180089,0.1287455639577447
0.09123186516380936,0.09120881969246414
0.6706209087185401,0.6706064224931384
0.14421685738510492,0.14421970462508873
0.36087725334363246,0.36085917979101695
0.12600758173935225,0.12598957195384722
0.5241780702258843,0.5241773641101389
0.9561804520039132,0.9561935533968391
0.6030711279858019,0.6028917419133313
0.21430473395413324,0.2143486071997546
0.16989245531343236,0.16989104024915178
0.15516057851706902,0.15514427242935988
0.37185195571522855,0.37182429702510994
0.11667293043293503,0.11667328995337665
0.8909505549048269,0.8909581347789959
0.1552435994448856,0.15523810539687288
0.09370306910413603,0.0937029192230886
0.22636428892103286,0.22631693752397294
0.9543471073251639,0.9543441035192355
0.940670455651063,0.9407374424568566
0.944266460727144,0.9442612505617494
0.10641276751704576,0.10640214510948337
0.7098581928694239,0.7098457618688586
0.8280691929959958,0.8280680655783906
0.23806407601633364,0.23809907868930183
0.4070218161395619,0.4070420687383315
0.8146183399370723,0.8145537013013755
0.6915939787453158,0.6914844242973698
0.10291915259262589,0.10291804670839548
0.15465050899396085,0.15465049925140398
0.3962074827389615,0.3961774981961503
0.19819204412496727,0.19819139324331514
0.09692333460013781,0.09691769907531599
0.1453295734409466,0.14532599895771392
0.3387851344211038,0.33875665374390374
0.14143402516452544,0.14139198115071624
0.17218026258583952,0.17214947369113762
0.1709722185736549,0.170932965175487
0.11527933128745298,0.11526870331346384
0.06641883430930993,0.06641931507900077
0.2857245733690307,0.28568949254155707
0.5402643375842291,0.5402986500650754
0.395607305020531,0.3956072587401559
0.5399965165194772,0.5399979116648844
0.1176901995669437,0.11769975896982725
0.1172814035516854,0.11726845321982958
0.4918946383684568,0.4918614831648885
0.9601985338985307,0.960200179369004
0.2883892953887991,0.288370717232814
0.2081523616179327,0.20801579191702665
0.7320813526567542,0.7319886812101204
0.4952602338575859,0.495194544906876
0.17141713306788217,0.17146724895649412
0.7518840859619061,0.7518666489302035
0.204794737509637,0.2047802601265792
0.2185241817947984,0.21852851938322793
0.11647199863761494,0.11645338641803239
0.4919385372914314,0.49196755922766067
0.11306802283343133,0.11306789911172503
0.21846496631006512,0.21845639360922728
0.1280783632378394,0.12806692336928346
0.06643850255113767,0.06643929897196835
0.15460670423020975,0.1546065679791837
0.18060070117213245,0.18062312261346275
0.10002170327190633,0.10001347188158052
0.24304335579103203,0.24301795878728993
0.19810270117290157,0.19810352894073596
0.15957023785286295,0.15957013178668936
0.13670985304029093,0.13670592045339283
0.07288872690659345,0.07288740370814835
0.06848402750511523,0.06848411573959277
0.06615007547804212,0.06613936288630957
0.0914176751297911,0.09140538837358983
0.21157955103891973,0.21158246050453663
0.4626133349371613,0.46261852460280445
0.46716862563875794,0.4670275392834312
0.19254794195910366,0.19254604247570659
0.8715512917559131,0.8714693790322106
0.2849300359244925,0.28482659318717934
0.07066642306575276,0.07066633108666678
0.12301810984007797,0.12299746363463358
0.2397567016150753,0.23975361911508647
0.1633342515026823,0.16331984117024492
0.48827599436906854,0.48816483804713434
0.8648096517923467,0.8647494942034669
0.18767922407745946,0.18769852463769865
0.28852460205646785,0.2885643263301136
0.12043396210743457,0.12043718828325728
0.6891859807987091,0.6891904904422762
0.2048812013382512,0.20487582243905242
0.9469683768281945,0.9469682257487335
0.4626030489079659,0.46260324114938717
0.10139360456772771,0.1013783698840397
0.3537136359221262,0.35368138636496405
0.3928881620022938,0.39289658070125016
0.23762776449790488,0.2376246831961694
0.6763364700122526,0.6761335481512952
0.2325827843407817,0.23257499214595195
0.5537748373284046,0.5536734358961656
0.13528485840246837,0.13526965694661824
0.12039376218698793,0.12039303589657509
0.2707493388635841,0.27076179280298596
0.7094070292434742,0.709433687979404
0.10958026227785947,0.10957945917240602
0.8103666705347587,0.8103470673269146
0.5443224162897327,0.5443185973999443
0.6107879494327899,0.610802355699908
0.6561507608335542,0.6557599618312137
0.24020466280688074,0.24016645044909019
0.18244465507064545,0.18249318484181984
0.3863905166947891,0.3863655872845899
0.16760273616651136,0.16758189024915063
0.23072665822788607,0.23074890343263044
0.4328564353097674,0.43294999441399257
0.25508668049020583,0.2550915890505404
0.6559672044630347,0.6555049193313656
0.9403203770584337,0.940317123709808
0.2181758550476043,0.21816645892763284
0.19392782654115584,0.19393422828317777
0.23972290233320637,0.23972339966719866
0.5092103062595046,0.5092757635893163
0.9543675839758654,0.9543666079140274
0.8570781822526464,0.857019650175442
0.43988872978006105,0.43986102899197754
0.13223490598211288,0.13223483105383127
0.29990108051977854,0.29986342868634613
0.17472474342324182,0.1747016352434404
0.8629005239556419,0.8628997346393313
0.16989056574971276,0.16988908318268664
0.06305816534120229,0.06335809099807174
0.9361658660595239,0.936221648628809
0.06773555565723201,0.06772426709977249
0.08800971358562815,0.08800988837307443
0.4486431671516629,0.448640383988823
0.905686682688112,0.9056761693300922
0.22794252751088054,0.22787805431634303
0.40755835379289596,0.4075301709446053
0.25850621444809685,0.25843988178872784
0.10621812917942007,0.10621688908406655
0.8929937777033152,0.8929934743445719
0.9084334086982105,0.9084058578258875
0.6691103604597105,0.6691108545908467
0.08082517902657613,0.0808161275890116
0.8931338066569895,0.8931257319926822
0.21236456416534355,0.2123444386069574
0.9542837486178698,0.9542878295674108
0.27172964978640096,0.2717293236716229
0.06319001505984352,0.06314944169333056
0.070608771438187,0.07060659743577571
0.5075942382216022,0.5076009712953371
0.5619359713053907,0.5618917966448573
0.27963288440386247,0.2796069222001964
0.06821424883840756,0.0682120036406392
0.34484484118840375,0.3447458048333335
0.6509204404969696,0.6509326967831308
0.213362859441395,0.21329583557430865
0.1281118147531578,0.12811322157340949
0.918075043054384,0.9180690341943916
0.14402852560020582,0.14400171724751692
0.3169302302875888,0.3169072998858466
0.07523153568244305,0.07523021783523828
0.5516864307576695,0.5516262282839053
0.16518874873047304,0.1651775651929499
0.750736597757423,0.7507421379432424
0.6493423951402147,0.6493346661052019
0.6755837147742924,0.6753942036234077
0.1604443608357885,0.16042715280161957
0.5942091933381372,0.5941637823213043
0.12033865542841728,0.12034251830971276
0.5576432630862928,0.5576429680876889
0.0,0.0
0.08266499689690876,0.08266499583349035
0.6519591050996776,0.6518441461501667
0.9510855972700066,0.9511058896614528
0.6474696998199194,0.6476173932419811
0.14526444473064112,0.1452643403333237
0.1696867748891211,0.1696763955851587
0.44947820876823763,0.44944760672980955
0.06485945296938067,0.06485737805520007
0.7084326327800361,0.7084259997923941
0.7372448117746879,0.7371150078478094
0.10619344198041526,0.10619080850118216
0.15659809272841438,0.15657143759890668
0.6178063080525381,0.6175929166020873
0.19807100120828466,0.19804896749098108
0.11667138032570544,0.11667153980321007
0.2774161817275178,0.27738155622253857
0.3483682953123284,0.3483737228079672
0.08213354552826131,0.08212151382173652
0.12608637511431964,0.1260856210927821
0.06655906086862767,0.06655069574559438
0.12435510189936805,0.12434922192262853
0.6954450868832261,0.6953241661815759
0.07144874161462596,0.07142194768863147
0.9554018371033106,0.955395123938171
0.863746164490492,0.8637770031924137
0.687359648188755,0.6873573820799027
0.0844572137563679,0.08443967245246074
0.24736436589947688,0.24736368081415608
0.9060572038480118,0.9060576072245706
0.5242980418942825,0.5243047940194999
0.47633189837073237,0.47634468732730967
0.49462735899009125,0.4946019711499228
0.08792351161606347,0.08792534765287942
0.1750330433685742,0.17502081093994393
0.19236278805230742,0.1923480006264262
0.7905948119648835,0.7906426206685638
0.07533648831347307,0.07533352123896539
0.12028653772002372,0.1202797560092264
0.1679097249879723,0.16786812605848364
0.46271998267227615,0.4627242208178157
0.6268585992003309,0.6269463929631588
0.08466317204820477,0.08465387386596049
0.8278238716131876,0.8278069569241522
0.06640035851252887,0.06640029293120053
0.77320729553321,0.7729750128052352
0.20296812428307476,0.20298518159531365
0.15980767502828944,0.1598302920240927
0.5409210814510146,0.5409121814219561
0.28037531742052246,0.28037490935188175
0.28927895226337624,0.2892792003870683
0.6198172261977088,0.6197839309695855
0.42302873632553406,0.4230374687479045
0.0647746388596621,0.06475989694034788
0.08973182311350107,0.08975165580408935
0.4074177522182148,0.40738747092375766
0.2824237057760099,0.2824665293115866
0.3363879711710003,0.336301916723193
0.0701861275152873,0.07017259545319761
0.19325352715527455,0.19326671864687334
0.06848460673367349,0.06848470189325419
0.26330884088603546,0.2633097149019428
0.19031298509411432,0.19028554748583534
0.09080770601535851,0.09080724626678065
0.30848974854851563,0.3084776751455696
0.0826654027867443,0.08266533271347487
0.4713323860749844,0.4712081306777427
0.7658638892328615,0.7660392028285559
0.08224504494895951,0.08224671795919163
0.3955726849975451,0.3955727869704097
0.2533820394233902,0.25340299176241965
0.7097502484152127,0.7097550722321343
0.33646301108853693,0.33649480788063146
0.0829862970826938,0.08298099294194972
0.514751264486849,0.5146588925755465
0.43454337049663416,0.43454334832147556
0.2729653404877461,0.2729762551816707
0.068604590053021,0.06859316052490896
0.09665879723765476,0.09665595281283497
0.18336407189290724,0.18330642651488302
0.7071818220586755,0.7072505720225224
0.1316166524332014,0.13159995486124687
0.9585483540235586,0.9584951314630636
0.14105879383248154,0.14105398094741248
0.29271673506318685,0.29268016589612683
0.4626081094308536,0.46260580678312857
0.36047171470796474,0.3604777269401309
0.7957219127367968,0.7956333698600754
0.2868020309921041,0.28677143820767315
0.9177060901181429,0.9177022494412779
0.08763400580252076,0.08762715021253886
0.18716851181570962,0.18718294478923478
0.06847663160469002,0.06847574577671532
0.4320532587953539,0.4320890822740996
0.7655121899793097,0.765327231993817
0.3652944852530327,0.3654108981682581
0.15979092546522614,0.15977554975362876
0.16574180421475482,0.16572288634573823
0.08800944605713064,0.08800934526882388
0.8094244053199888,0.8094434623858292
0.7308511554878566,0.730839538319231
0.3740184058835641,0.3739386342187877
0.9061987722186264,0.9061896301444395
0.6888228011560438,0.6888564040604797
0.13235852248938804,0.13234975645992375
0.42234855936633603,0.42229040470870016
0.12242872221566185,0.1223973706958174
0.429130099272149,0.4289988265165713
0.07280078206920279,0.07279124071958862
0.1890789773272087,0.18915156228047342
0.7933512786361471,0.7934547314786669
0.9620102440508397,0.9620008026476983
0.28931192878933515,0.2893097643278141
0.2807770584027785,0.2808240526748461
0.6172830348975792,0.6171433607221491
0.6580542979998975,0.657750765245117
0.28909864446172995,0.28909860044455776
0.8443621282205294,0.844294834386377
0.7085963583163194,0.7086154604743249
0.9471228946814638,0.9471175731740135
0.2511631616332458,0.2511301904102468
0.1287002894860944,0.12868523164492562
0.8564309526382182,0.8563383327422646
0.6887816134114093,0.688764627412927
0.951589837985747,0.9515456672791806
0.8439025964563827,0.8438567933047915
0.6008718542059807,0.6005245856881817
0.8476651620499148,0.8476821908504789
0.4276681311574396,0.4276708727899265
0.11415741911743281,0.11413624476909684
0.10289177063646097,0.10288902551206215
0.9469573826902153,0.9469573798682851
0.0645035847775223,0.06450400819116699
0.0642687878341544,0.06426862621585482
0.2115296746419641,0.2115297651462222
0.5020415550946123,0.48623293192106437
0.863102164877624,0.8631331510709201
0.47727959551890947,0.47727931968820386
0.16874384683912255,0.16877755404370384
0.12404005679337778,0.12403592809769488
0.2500865286897696,0.2500454671128779
0.47727348344384807,0.4772661040044063
0.3386558375820467,0.3386598544288639
0.11366549318777114,0.11364114133364919
0.2983969133943154,0.29839234559178046
0.10738276216191757,0.1073619249484142
0.10600247751869218,0.10598820456780836
0.6302111988860577,0.6302100253401542
0.34913864667793054,0.3491332362515201
0.296739187157605,0.29679716699780995
0.2230818514183775,0.22309520891638354
0.28042853670357437,0.2804207270364789
0.07725062759207545,0.07727088830992407
0.13535703528006102,0.13535736188303937
0.9630952535087732,0.9630787667136922
0.08295606478206637,0.0829463762702557
0.5406776133841297,0.5406777305205768
0.9405273177610382,0.940460081106161
0.9289076867087317,0.9288971985550006
0.9469675410626199,0.9469674671111283
0.20446612339381032,0.20443011169109773
0.06483208937337606,0.06486857960879154
0.2672222606862751,0.2671689970770407
0.7713926713021226,0.7713950423521058
0.09080231703835863,0.09080138548438117
0.7909257988212066,0.7909361436819201
0.08768339528069545,0.08766928439404235
0.07797842667256094,0.07796186931235266
0.2400005270573127,0.24001422685835958
0.1451613440936455,0.1451497110385077
0.32232133069436136,0.32228136207595726
0.338404800088932,0.3383975294808325
0.13111408332540167,0.13109681947332885
0.3259499839807715,0.32598750370340374
0.11134631369608902,0.1113156264717701
0.22571481319371306,0.2257064724599147
0.9535348197214173,0.9535692630450845
0.10306212559004939,0.10306636076511985
0.43175118755211594,0.431756248358116
0.06675879080092112,0.06675011175244346
0.12420855578534833,0.1242092780796337
0.5560258740715295,0.5561239456631824
0.1189822537656556,0.11895781412281073
0.25679430171181017,0.25677333575558414
0.21151828466371134,0.21151837591262423
0.29849143986711923,0.29849010220869543
0.5081003556020132,0.5081008804865904
0.46014481753623115,0.46021861579701656
0.08271934534834247,0.08271800075955175
0.09616771031803063,0.0961539684860133
0.24839863377004018,0.2484205979443779
0.6093873133537518,0.6093848953928777
0.5942880017794878,0.594385991749547
0.12401421490429815,0.12400468419421712
0.24274410598186077,0.24277840817302362
0.49879078588635506,0.49876849103243875
0.14860997927761213,0.14857993922364354
0.30797184801776095,0.30797084817769715
0.7306762604856633,0.7306764945712354
0.8747794167247439,0.8747199387565749
0.2195863584520895,0.2195574114178126
0.08019154682452512,0.08018738505426891
0.14161990091414334,0.14159157708495212
0.43479845288058017,0.4348054685960154
0.19527405616729293,0.1952765926406296
0.5749369474380669,0.5749220522040936
0.07057881360621306,0.07057481902747016
0.0684815305944157,0.06848239361879546
0.07825106047001514,0.0782447663743816
0.21190337251824903,0.21189076757697162
0.23264570157219203,0.23264655491413985
0.7996293575590259,0.799652213263769
0.07525011949941379,0.07525036578299278
0.9119333940240886,0.9119119558608638
0.785314605216259,0.7854774065394071
0.10089344196870392,0.10087128657104132
0.9156330517717565,0.9156402390352977
0.6723252616124286,0.6724227162934899
0.9544157696130713,0.9544116952784316
0.1175641254972062,0.1175836528319107
0.26310849923152474,0.2630977386696894
0.07524614828189623,0.07524568591228004
0.9078386731608771,0.9078540549352259
0.08240129645190111,0.08239583223343759
0.2182481656365352,0.21824841471228876
0.07880482378449272,0.0787994583447959
0.3190817349313008,0.31906922593331616
0.47606943391084094,0.47610838127194294
0.3937763565291765,0.3938054923501527
0.8795090850643723,0.8794964560621533
0.06292902481738631,0.0629098113443675
0.6743354141931691,0.6741601944787797
0.16843961480647235,0.16842368337057387
0.0,0.0
0.0642739073521127,0.06427380856473035
0.1848760774930715,0.18489318517974404
0.5271053908377222,0.5270358905777732
0.3206883147694516,0.32067472860645396
0.11653132719367655,0.11654243125228181
0.07307114562008496,0.07306443495417987
0.4337234799685294,0.4337529375932159
0.24742803172095165,0.24743112063512168
0.2496543860456615,0.24959515929683204
0.7324586945110523,0.732367514474809
0.221671708631918,0.22170087030792712
0.13176723868535123,0.13177330149852085
0.4629952837927164,0.46298463054398714
0.20052352572158227,0.20053069543166763
0.5751503529898139,0.5751675975466201
0.8270005430142999,0.8270098308454636
0.9469675523958053,0.9469672685436715
0.8784416790434807,0.8784491230224033
0.07450817015190689,0.07450096182161477
0.18206566117270023,0.18207116959851333
0.73390392196973,0.7333005287245846
0.7303100021954869,0.7303202235342698
0.34765680989789033,0.3440239143703331
0.23227539627333066,0.23226791046131595
0.0,0.0
0.7844365469208533,0.784431821597796
0.492469947424508,0.4924705019911601
0.08110815704673242,0.08109752970555385
0.3834175742229122,0.38341693533709403
0.6506689821874668,0.6506348729075648
0.24944841187859026,0.24947638882302287
0.164117859696766,0.16413318951263825
0.35684407540886814,0.356880790537115
0.08034452915008414,0.08034699712698382
0.6471480584425469,0.5987934007636486
0.9650768338139896,0.9650883212571455
0.20518687610060532,0.20518141286087693
0.280370182704668,0.28037045860394494
0.1280524410283288,0.1280437046716283
0.9569075625488263,0.9569053050277367
0.15908444943780486,0.15908684963933512
0.1452622122333965,0.1452617999372082
0.10203026342190963,0.10201556972218484
0.49053513019078127,0.4905192316980479
0.3597184678651013,0.35969717870427187
0.4282031532858941,0.4280079299224514
0.24088819996468275,0.24086398880642523
0.1752861365998746,0.17528491390219106
0.20236519138598286,0.20240224598001
0.3602274211846999,0.36022152265989477
0.06501865972013121,0.06500420964583624
0.20443537962426234,0.20441007461398164
0.2503109477474181,0.25033856995128373
0.35069940677627953,0.35073713531012096
0.10211236523836142,0.10210345057900488
0.10340695094751226,0.1033901499640362
0.3372979427677604,0.3373087359468246
0.1709314576425913,0.17086805785304718
0.0,0.0
0.2473947618627552,0.2473997684869078
0.2907831961150378,0.29080954171308976
0.12832345887140723,0.12831654386991692
0.07594520280840261,0.07597135223603436
0.09712880141278124,0.09711107780083812
0.5929571828055741,0.5929533603013712
0.3312593958041147,0.3312387592169707
0.8793040383897172,0.8793483928205843
0.9421841508422881,0.9421978539273457
0.1531239816121246,0.15309038170391787
0.9149727961790829,0.9150130768546731
0.9606106528490642,0.9606145085963962
0.7704441359940871,0.7704094259737816
0.11887432566795265,0.1188510127337802
0.19886154944639312,0.19886778472106922
0.2892869784113001,0.28928683740423117
0.07138908008259676,0.07137864345278576
0.08198855250372511,0.08196733345480997
0.0776431509141588,0.0776430077026276
0.0705896207241542,0.07058971252797203
0.21129071214173237,0.2112845505790237
0.2803903333257561,0.28039779467535214
0.7105651919661269,0.7105361543380946
0.12478240528029047,0.12476178916507806
0.06669186143873904,0.06667917901644843
0.15568036123212847,0.15566181323558745
0.7306924431698868,0.7306907985061047
0.24483905428754002,0.24479444137048836
0.462704630526204,0.46269205363037935
0.8971272832387045,0.8970609694489418
0.2804375804701627,0.28042963413015015
0.9179152981148214,0.9179177370802212
0.513517157424352,0.5134467616761015
0.4423539568563202,0.41608169892993374
0.9384920888369677,0.938491820364564
0.8944544894005656,0.8943442018076594
0.1809795362535958,0.18097342066109864
0.11561429105255612,0.11559995850171172
0.954742105917183,0.9547349191475911
0.06843540976267459,0.06843374795863849
0.06226569893104671,0.062256208032761544
0.3163801770683736,0.3163917413065255
0.06438412129714431,0.06438254734556613
0.510629164263567,0.5106446975631217
0.06878442387855745,0.06877655994151546
0.11117225338899667,0.1111279489845601
0.0,0.0
0.0802127870781472,0.08021227260277838
0.3944226214050381,0.3944496232997322
0.38875848901692295,0.388705769079872
0.39105030866611756,0.3911242889385002
0.29844282469779,0.29844648688287806
0.25357003460896566,0.2535800088871679
0.7581480148703764,0.7579530989540423
0.3715922290671768,0.37159217593975385
0.7708990990748047,0.7160400430913627
0.07614630816016853,0.07613304012265781
0.8798830319808681,0.8798485145616152
0.14442465156882386,0.14441027126631711
0.1646689359984654,0.16466744409948547
0.09432584837682166,0.0943158794316803
0.1391494098208746,0.13909569270325606
0.06639805294856711,0.06639811498186686
0.08270933697873599,0.08270994526045472
0.06450203504955578,0.06450200951752065
0.28987546390350527,0.2898967623887959
0.09687024533994575,0.09686485870591928
0.9660729878875224,0.9660733969988864
0.4770321195802871,0.4770533232908181
0.09373376131402711,0.09372946758689504
0.15379362860717136,0.15377251028891278
0.3230274264846797,0.32303341176957695
0.19080933620313192,0.19078040815974479
0.2180111352361494,0.2180070162025819
0.7513533921050244,0.7513534051285342
0.1281171555466254,0.1281180325414182
0.1572820083697413,0.15724467786515375
0.30481434692323794,0.3047784020082562
0.06283087597867024,0.06280008423724362
0.44835496078053944,0.4483550442577355
0.0645177719335172,0.06449583402710889
0.14961516912702233,0.14959651485053116
0.4768317299420404,0.4768397833936519
0.9058248261446927,0.9058181995240874
0.3480751828507292,0.3480660373100223
0.28006201394436614,0.2800660382164969
0.13212611414482361,0.1321229446101404
0.8895863228213378,0.8894358000454559
0.09207098477246424,0.09204704180999426
0.06826262013374353,0.06825699845055136
0.7589081222337947,0.7106926682330698
0.0,0.0
0.19014019948728694,0.19013408085338693
0.30314501120748805,0.30307674342990004
0.892961038966193,0.8929632116146189
0.7703015210859965,0.7701776550387486
0.06484958149719346,0.06485399130136596
0.2735158065987498,0.2734507960841655
0.06641400437033101,0.0664166081337759
0.08769902459175652,0.0877082100496573
0.12417178773296286,0.12416955923588782
0.07538657450879525,0.07538147033823459
0.9401233985516163,0.9400909861634171
0.07541676435731402,0.07541440479232818
0.3177736401588118,0.3177727202969636
0.08120770606348111,0.08119472729412705
0.3843952492513009,0.38438175504327504
0.22641414243931263,0.22643037869201602
0.2612362868894541,0.26125622088341705
0.4492332762169972,0.44917353447379355
0.27173789709696466,0.27173616904909936
0.07923966663692267,0.07922656595000066
0.0,0.0
0.8858178262240293,0.8856943884677133
0.8786325612293324,0.8786353313659754
0.13684761730942094,0.1368412830217158
0.10882368212269244,0.10882686459894848
0.20701821840584886,0.20704113079965963
0.09052021806567585,0.09050801314815873
0.06129983917080609,0.06134335393015034
0.665325901719476,0.6653155218392588
0.28959399196770125,0.2895612797794994
0.4625804186998829,0.4625777463403488
0.29132938916816237,0.291360113488427
0.5698976382236558,0.5696214035863796
0.9446453570278959,0.9446224623509525
0.3616300577938988,0.361686029951703
0.9387679988593067,0.9387615074991773
0.5297241249085924,0.5296543949172812
0.0966790638955296,0.09667905544893672
0.9287909007805263,0.9287910800495092
0.18661748209556417,0.18661760524070156
0.8191704692296288,0.8191740172937557
0.38463730006683844,0.38460529559395035
0.271724676433496,0.27172339240730037
0.09985696225702863,0.09984765668905109
0.5413483480328953,0.5412909289500805
0.19770193499602645,0.19772120541219984
0.11425612780791264,0.1142403593141238
0.12573547491169856,0.1257195613614296
0.8095654904357722,0.8095411034129906
0.6516151498743502,0.6515908271463693
0.6464250074608505,0.6464877578078349
0.1697427518120506,0.16973444447867617
0.5755675895269078,0.5755396213259515
0.13614801816195155,0.13617060927208116
0.2310545571408464,0.2310692851789121
0.44968528244407224,0.4497193258300025
0.4748633269374349,0.47493089539392047
0.0642718248580689,0.06427382871634736
0.252327907967584,0.25230496724232204
0.3709143307033898,0.3709261876859393
0.15257546903059188,0.15253852679607582
0.08010932117654307,0.08010987472152636
0.06999999315621667,0.07022079040990059
0.8458792946555582,0.8458809669418865
0.280694014613086,0.2806566089156209
0.5079121112971595,0.5079175960313663
0.23952131220271095,0.2395040311378726
0.9161362246454843,0.916138033466099
0.396998046381676,0.39695870489404905
0.41081940251922483,0.4107591085108924
0.6707125452926694,0.6707237232281104
0.12388755027716297,0.1238743179912144
0.23900452595366575,0.23899127506053142
0.1119872036325365,0.11200587502044666
0.07740777672854243,0.07740062195870565
0.39344148544103025,0.3934471883150753
0.27415829243510337,0.27418317760954286
0.23283050516234938,0.23280570891306193
0.14496677880695552,0.1449633284210495
0.09598689680523072,0.09597118378461088
0.3689667377972272,0.36903024931502715
0.10885043873997508,0.10888432758105329
0.6875566532941069,0.6875715226934996
0.1377539506902756,0.137735489638668
0.4485897629812438,0.44857769660360075
0.4720409260851852,0.399158798330359
0.08486223614185597,0.08484923334831534
0.14472055491282307,0.14471162457418768
0.6102505071453949,0.5868130421271437
0.0,0.0
0.13339527169418205,0.1333927418584696
0.07088603714286074,0.07088000961168082
0.5415141230784081,0.5414822032748818
0.08337219414433324,0.08336022450567984
0.23974229719979492,0.2397425875187399
0.17419492119500177,0.1741752571627246
0.5348954211349407,0.5348199686295719
0.9586077881062195,0.9586450409298213
0.344423405561139,0.34439958621054584
0.5907527507824955,0.5907208089766027
0.07151782237367903,0.07150820984764739
0.23234645827420386,0.2323449274898784
0.06428306185293459,0.0642828643221078
0.17239473763711452,0.1723808099739375
0.40818314637938136,0.40818312823990643
0.345947427836456,0.3458449542913993
0.7306756711025157,0.7306751105609899
0.9009690776128638,0.900935474716477
0.6086131341410093,0.6085571913228307
0.12442058644195496,0.12441727943504921
0.09437293026217183,0.09435120342382528
0.13583099801922296,0.13581632159405238
0.841981494546519,0.8419495991512305
0.06192259289814946,0.061884449138137516
0.10273416681215795,0.10273714819411986
0.0,0.0
0.3375001170336856,0.3375083046816033
0.4341209013897774,0.4341504713851356
0.07988497442493223,0.07987548005492756
0.34388870195583404,0.3438885800505303
0.5912489766880875,0.5912622143890239
0.22505961073924094,0.22506217523215344
0.08624467069725945,0.08623663043896379
0.08266499511436425,0.08266498900684621
0.14682682121406745,0.14687471823301457
0.06461346247572775,0.0646274219572466
0.0,0.0
0.5370581191961101,0.4519870150874283
0.7910500463405403,0.7910360393552719
0.8097485591625995,0.8097479331640948
0.5884224504240257,0.5882374270518046
0.3920660768085165,0.3920813354255156
0.07703378039750874,0.07703773397935551
0.3388987157001316,0.3389105475192511
0.5989306604000042,0.5988848021971597
0.6100216542913692,0.5818981822786179
0.16749879918233737,0.16746954645127485
0.6113109017780718,0.6113160260259067
0.2983100328846757,0.29830650054464697
0.9182115930871374,0.9182042312493841
0.08970469790769355,0.08967132255097292
0.47147572540475297,0.4714171721502572
0.12519565822968978,0.12517421090162462
0.06640000839250439,0.066400007468828
0.10442289015834513,0.10440142707026895
0.7931241987769077,0.7929439752273514
0.965568648091799,0.9655706005863526
0.06462284392181404,0.06458021751843165
0.18840503665288622,0.18839261608783692
0.22421562632062,0.2242348692059347
0.18083958366925815,0.18084203536242036
0.14982119675047653,0.14981012761584764
0.9570340976966545,0.9570228937864433
0.2736512369251516,0.2736553745559841
0.3611869966393152,0.36112306030520874
0.28026382220473567,0.2802547174441365
0.29854768261616654,0.29854984156597286
0.8280253451769868,0.8280343207195177
0.2769202194665886,0.27690983168599503
0.23235177927712336,0.2323517767890034
0.09364043331418608,0.09363641443622499
0.08270481207122245,0.08269951640517782
0.2823521617168614,0.2822966454558779
0.06861525829802234,0.0686273597593363
0.19036990524471264,0.19038601622072765
0.06781241100313523,0.06779050299201898
0.0728155190372446,0.07281889444084026
0.42118554054221274,0.4211873026954717
0.28885565965716303,0.28887166645676826
0.3425023964919573,0.3425115633609198
0.22518860558373183,0.22518885128719185
0.20620990159774194,0.2061761936441335
0.0826316107234612,0.0826279640005124
0.34910860783025405,0.3491143629464709
0.09667906605841686,0.09667907324885215
0.09295560092127352,0.0929312732201089
0.6906668451676439,0.6906256355557574
0.09645914881469836,0.09645435489067969
0.7006454295618916,0.7005151655523036
0.0688765330194714,0.0688606191991445
0.0,0.0
0.23177968336421173,0.23175638765830278
0.4021140021121996,0.401988284852004
0.13609090742035243,0.13606235919310591
0.6302363495162735,0.6302413147373713
0.36597999293896694,0.36599827728682255
0.6295012236358238,0.6295006591604531
0.43361303859032857,0.4336376717355998
0.08494792420525588,0.08492578253764997
0.1221991679461294,0.12216632505059084
0.23248401121487983,0.23247651407770584
0.15947023695511148,0.15946467393951413
0.1697664775450855,0.1697645689888864
0.0729276563461607,0.07292694713498932
0.6682677446905954,0.6681793876726458
0.23651015137042092,0.23648513049213812
0.10292852533688925,0.10292852990243936
0.0,0.0
0.47552169779902226,0.47553727139394114
0.10958374431835506,0.10958347726181715
0.32392541736141645,0.3239816672225722
0.6416956198944267,0.6414570898672618
0.5086030954777591,0.5085783117519818
0.5508726462437158,0.5506924295705784
0.19729339249373512,0.1973266321055596
0.1051883200635396,0.10517383293657176
0.1585763883688329,0.15859062726753653
0.8305294640888404,0.8304483138885577
0.6132481016397073,0.613304714983311
0.07764455940417056,0.07764449255353784
0.22518548781674688,0.2251857108438582
0.08800377248371401,0.08800304654395012
0.5857967266927717,0.5857647076811667
0.38349528665420246,0.3834919545557357
0.9298901286303226,0.9298591026689084
0.3133681882929186,0.3132959910282899
0.15200511482587328,0.15200435981681104
0.9384945987502438,0.9384945072416698
0.38029957078975035,0.38022555823212545
0.24017515145949758,0.24013404542576042
0.12136815672161169,0.12136260664984796
0.378081346946836,0.37791691984686315
0.20640802446489445,0.2064314405697281
0.6668763505633447,0.6669565040595066
0.689368572726278,0.6893579757348004
0.24739004439522183,0.24738679190918778
0.06249372812931894,0.0625612628205264
0.9280889744016021,0.9281221253120202
0.6113598293470276,0.6113585709095767
0.08264995150280258,0.08264872252164913
0.6113445204033312,0.6113443884744774
0.14070320428955727,0.1406974441521636
0.18664289250653376,0.18664062160995143
0.09329892377851158,0.0932886859900289
0.34613562616359034,0.3462734664478774
0.20500071130842357,0.2050006749267051
0.1420957343876202,0.14205154178819387
0.09081648898268437,0.09081742954242608
0.4114440948789875,0.4114611032638286
0.3803999025063889,0.38043425820887916
0.20460504943606625,0.2045862547092428
0.3100707570817376,0.3100432183965619
0.09667982920165462,0.09667950706265832
0.8456478842073013,0.8456481167977262
0.07149944600597073,0.07155749691908077
0.5593203736247778,0.5592411474132531
0.26363467930024564,0.2636434271912156
0.32788142134500275,0.3278797867640464
0.6301926213804339,0.6301925534498889
0.14988222431747786,0.14988216843141777
0.2140431058019597,0.21405763360969232
0.9485191005344559,0.9484655257187359
0.3099201454128554,0.3099043427458285
0.1364428787220728,0.13644289159106754
0.0631145309188747,0.06307286868126645
0.2324470560138629,0.2324539995551499
0.5406937716972132,0.5406931477204869
0.12817586396056718,0.12817590018115702
0.3079882941798654,0.30799243434562773
0.08012502395066377,0.08012425693452062
0.07295501233630673,0.07295333944782563
0.2793586676761204,0.2793457928773178
0.11596872234600991,0.1159706043377221
0.2813757655093303,0.281412481956191
0.17592655509727512,0.17591011144847735
0.7981412671257051,0.7980589594927748
0.09404303962698012,0.09404131570884228
0.5408707405238764,0.5408705940822522
0.08328394726781943,0.08327954289526074
0.26838683678074216,0.26838608848219986
0.14972231800293972,0.149714233946516
0.07369454172508737,0.07368579722481247
0.06439227952082997,0.0643999276458394
0.8280710249760571,0.828070891420851
0.39435836541947544,0.39432100046963703
0.10351925646768513,0.10350006672443575
0.17545018022779887,0.1754403180409643
0.2633461717117946,0.26334524140585325
0.07329946202823641,0.07331154054981236
0.592927852289086,0.5929312843480938
0.402241040252127,0.40289451974350804
0.9879037987753942,0.9878996944726378
0.9903987597456488,0.9904000372586639
0.9841302845625811,0.9841235788718165
0.6643017817403256,0.6643547940501878
0.5335846510887488,0.533599616261685
0.4614367582315814,0.4611560504426283
0.9893249004948634,0.9893250209314712
0.9269781736087352,0.9266233597045753
0.9904948701989392,0.9904953993939368
0.9899791847152645,0.98997851448775
0.9904418002509546,0.990439524635877
0.8372728012016096,0.8350040199020043
0.8412199852637297,0.8410728569806348
0.5797124535232867,0.5797089380297993
0.9902246001995172,0.9902229123630804
0.9239541936887617,0.9239735086797556
0.8383224757261537,0.838296979815328
0.9904877477786643,0.9904870177634223
0.9739620631772293,0.9739348207644967
0.9904822080370251,0.9904849680667863
0.9903455840776088,0.9903497123408946
0.8998275958495394,0.899912618796794
0.884132507090903,0.8842958476377203
0.9904908900383825,0.9904913486449923
0.8278763439203435,0.8278900658981894
0.8296088370086272,0.8296272909457366
0.8187406783784319,0.8173536333872558
0.8973701074822829,0.8973739109380234
0.9898341636938603,0.9898376161872384
0.9900992994225691,0.9900968671279955
0.8837205374372287,0.8830743863123587
0.8574498053070296,0.8576687278616026
0.5698060950903221,0.5705273140015944
0.48491422516607063,0.48483725754452806
0.5486855042497999,0.5486828161796317
0.6727176228673984,0.6725740375382143
0.9896602840060001,0.9896635874449039
0.9162148443378648,0.9161206427419029
0.8595961711276857,0.8595421278749421
0.7920122853713928,0.792022642373557
0.2728564992169384,0.27237197919707085
0.9904730629186136,0.9904731746356386
0.982968620568815,0.9829690286535141
0.8511895988246083,0.851189749379394
0.9096613065325004,0.9094907082602682
0.6153875067080705,0.6165578983273948
0.9899427567840707,0.9899485951509073
0.8022292288743794,0.8021768556923612
0.9900367193612535,0.9900389235352653
0.7456063646606086,0.7456661770028628
0.800452109304193,0.8004503227757661
0.6737700135484272,0.6738356533789758
0.6411697685369846,0.6411036687753334
0.9829432707504607,0.9829453146967267
0.8936497767903715,0.8935460576843384
0.9903833913752188,0.9903810983626866
0.4736783873264499,0.4734392468374049
0.790287703409627,0.7902724638885714
0.852238735279054,0.8522038356559928
0.9903501253263917,0.9903464778631743
0.34992096692812624,0.349881026597991
0.859008699688891,0.8572136003725466
0.9007388874503814,0.9007187495636237
0.9904543228488598,0.9904534595265467
0.7275140307222193,0.7276936131845589
0.9903100179887373,0.9903093194620147
0.9893416032374376,0.989343582589752
0.5433243867981493,0.5442016915547623
0.896282474402401,0.8956546760925767
0.9903878502542767,0.9903865320859992
0.9856521810088873,0.9856513792201612
0.9901499144261708,0.9901499883164538
0.4220871688980948,0.4220822751108213
0.8095123684952424,0.8096206386139692
0.8665252951728108,0.8664934861655047
0.7185129916494054,0.7176220508565643
0.9829697169747942,0.982969293305198
0.9891740761373565,0.9891749217117449
0.9904948473099751,0.9904950884537377
0.5022139473475409,0.5022573351081884
0.990183856176054,0.9901835986137557
0.498581305114966,0.498518635057686
0.8944341519982058,0.8944217584516697
0.5796325522212957,0.5796085659861252
0.5930269048648463,0.5929415145156153
0.9901965945502822,0.9901959630788391
0.9900439934478081,0.9900441972655214
0.9901613901212019,0.9901606300128012
0.4011470649950811,0.40184474062993547
0.9902854006850286,0.9902916140781403
0.8238840211371875,0.8239465098331342
0.8882253490805365,0.8882358675477188
0.9856841762640163,0.9856815702519675
0.610467228205718,0.6101942841699987
0.5734910060785757,0.5735879871755974
0.7928982466091881,0.7928869477556263
0.6906296374178372,0.6906098461015702
0.8915971861788746,0.8916176239976059
0.9883961954001734,0.9883954507327095
0.7651557616380756,0.7654723488924634
0.99027361612268,0.9902734227567994
0.9902640467403722,0.9902615921560759
0.44958795405397567,0.4496675779404129
0.9901429657345854,0.9901441113268035
0.9893423150535852,0.9893414605164205
0.5473781863057462,0.5474736593522717
0.8327998311661337,0.832850847560122
0.45514552166760847,0.45511110401363647
0.9890710357937477,0.9890723100101704
0.5734625589633404,0.5735196749849696
0.9903181793226938,0.9903160998089047
0.9899747433840258,0.9899749006704637
0.9034697269588616,0.9034420312539757
0.5630016784145885,0.5629757663669848
0.5600384106908439,0.5601443132270841
0.9901836631455919,0.9901835939837376
0.4220398263601606,0.42203983068927703
0.9902666814233201,0.9902670331666314
0.9898115997878867,0.9898175614631727
0.9901821332421422,0.99018273519795
0.9898613714632805,0.9898638253886222
0.9900908724224148,0.9900909835854548
0.9902489570179848,0.9902488227527028
0.9904766949012663,0.9904748646211278
0.9887154937281778,0.9887142146401761
0.9903825315358756,0.9903808539651761
0.9901336665664932,0.9901340817337403
0.5240179440004552,0.5240864637941391
0.7738025869014682,0.7737339966282412
0.9903388855145955,0.9903371782545031
0.5247021116705706,0.5249937922766104
0.9900913401139022,0.9900913636258892
0.5040998252753052,0.5040895140458891
0.5642192683555,0.5642130430243022
0.9904103021694463,0.9904095990600611
0.9899469831448688,0.9899468258630924
0.8298659972240972,0.8297832576354939
0.854538979940885,0.8546934933846123
0.8619104299474066,0.862009449261599
0.6478103002282576,0.6486699506705969
0.804282682448191,0.8042718556750716
0.9893478327125916,0.9893483609207199
0.9898460237449749,0.9898454650107203
0.990344123453796,0.9903440224545098
0.8597769028504028,0.8597491982917985
0.7527245267685041,0.7527222289555732
0.8720318506923583,0.8722277224550623
0.9904833490548247,0.9904834309425149
0.9879034570231804,0.9879016739767877
0.9903257633150289,0.9903240854024612
0.9883741001748872,0.9883759688338705
0.9816763862214547,0.9816652413341553
0.8977580748981329,0.8977658592804255
0.6103815565930258,0.6103872141681965
0.9904276895121029,0.9904318995282941
0.9904489477466977,0.9904488401733677
0.5312400255131988,0.5313081041714847
0.9904530735986837,0.9904549160751723
0.9901651142169263,0.9901644526385064
0.30074365716236506,0.2982476726141141
0.9902264475424288,0.9902234869113564
0.8977177809382488,0.8977094250347898
0.9900474865531725,0.9900446527737601
0.9903703915163499,0.9903678829240744
0.990224433869368,0.9902230914079491
0.6912063318606261,0.6906485503244117
0.9751424622743495,0.9751407957547608
0.989963559521871,0.9899626397816528
0.9903272372548547,0.9903274644054951
0.9882628572908773,0.9882637947137415
0.7517840696778053,0.751671097589882
0.569016528818198,0.569417664028041
0.9835248109897119,0.9835143470917117
0.9904389384580065,0.9904407396799013
0.9904119447471103,0.9904150339010565
0.904985560851192,0.9032745765806743
0.9047377052584686,0.9048206276094439
0.6390734865894607,0.6392970239959735
0.9904138846141985,0.9904165139184236
0.8468549160073462,0.8467989609960257
0.9904079015757354,0.9904103534884606
0.8983688447412028,0.8984824848810982
0.6364007434046344,0.6364081432138103
0.8918157240290916,0.8917879921994303
0.9892478948684955,0.989245540177016
0.594672843675763,0.5947307886719043
0.9904799365555002,0.9904816197663588
0.9809767466859197,0.9809772182503046
0.463670079895384,0.4637564430463621
0.9903511801367925,0.9903518267052752
0.9905010441346114,0.9904999503597662
0.9902286595455069,0.9902255323841989
0.8507295111106685,0.8508004400196796
0.9827567089709329,0.9827536391950565
0.5335286133534947,0.5335416799116461
0.9871095775058801,0.9871108734543113
0.9901557426810548,0.9901557934813299
0.9903574217828054,0.9903620353722498
0.5724588047582025,0.5725199036364956
0.7901320158628421,0.7902204442353244
0.9901511198606008,0.9901512746498099
0.5438393372175833,0.5437971757249676
0.9882621560689919,0.9882615366899175
0.7875356969073478,0.787660346928255
0.9903289599369756,0.9903284331613879
0.8527599161124445,0.851679146440491
0.9904017959468518,0.9904019875327883
0.6321946452611138,0.6321068807367349
0.9902623358352453,0.9902637051460895
0.9865588302359075,0.9865589888914501
0.8588805448210302,0.8589066720364292
0.8574472210391395,0.8575145108484297
0.9901823381342801,0.9901823129327064
0.9837788495360953,0.983785631458781
0.6620335447679754,0.6619378966782442
0.9904736943230744,0.990473370349521
0.9901841232211184,0.9901846534688583
0.9748055688561178,0.9748123343713401
0.737185033731063,0.7379328673698125
0.9865908342796607,0.986588590525076
0.6591925612846937,0.6591112403320735
0.7734372376568013,0.7431709602177502
0.5041502724764805,0.5041450309088268
0.9710457502874712,0.9710463785776794
0.9901679015895499,0.9901674946210892
0.9902693727915843,0.9902726492341692
0.7848043490747345,0.7849178512780841
0.59884617554444,0.5988339056349642
0.9858399137799962,0.9858349820283802
0.738311760264736,0.7383878900411014
0.990283648941437,0.9902841228700865
0.9891312573104689,0.9891310088308087
0.9904661985284623,0.990467191378825
0.9901549179365378,0.9901596742458746
0.984496644482374,0.9844977920063422
0.9854116767474465,0.9858486260216801
0.9900747975249561,0.9900786871551478
0.9895071513681369,0.9895052064658344
0.7080332923380511,0.708248301118621
0.9214621442444971,0.9222397394023341
0.9902045743841191,0.990201987745605
0.9829413631567829,0.9829413680184005
0.9887865452415452,0.9887868768881848
0.3994873022525918,0.39952141505513283
0.9077149339847246,0.9071024948151879
0.8945338810750273,0.8945273143402325
0.9903619296981641,0.9903596497426617
0.5744094294156178,0.5743832013497567
0.7254852315035222,0.7257184716543115
0.899447055805976,0.8994420528861872
0.5179660966005086,0.5174787048351175
0.9829744648827722,0.9829760508240681
0.990095121545509,0.99009578923419
0.9132684605357259,0.9133286367580348
0.7363091371683071,0.7362828450020981
0.9902865694299046,0.9902858995390196
0.7903990191389288,0.7905062867015593
0.8683487566679594,0.8683801835718218
0.990028611708921,0.9900298774432137
0.2550987265741521,0.2850020797724983
0.6460741900602379,0.646128444225925
0.6867622015558,0.6866356856138834
0.9879208976562757,0.9879219970631644
0.9044414722758579,0.9046897104028996
0.986564000914219,0.9865648769629104
0.9904334033864607,0.9904287541971515
0.45483921925523085,0.45483445577653514
0.9902365708826605,0.990238222862631
0.5361939536357339,0.5362894452251293
0.9903390613529526,0.9903330076952461
0.8956614523095656,0.8959157225996404
0.9903980738853889,0.990393319767647
0.8012497750343596,0.801360553870633
0.653213125951904,0.6532315900961643
0.9797114111775502,0.9796986851510209
0.7992914153226465,0.7990694246193821
0.6591077883663825,0.6590458500084801
0.7088179331925001,0.7087364066557558
0.9050342043348846,0.9052651878222113
0.9902753840426942,0.990277028584607
0.6420464349130259,0.6418281068213664
0.983009979997305,0.9830046762740462
0.43600891100357586,0.43568195942513877
0.831247282013718,0.8312379060576858
0.2897677199715114,0.2854361294143643
0.44659520241283,0.44700936446688083
0.9884109136084718,0.9884097863334922
0.5472576922172118,0.5472153725591946
0.9902401342886411,0.9902422057207402
0.6223495661183671,0.6222585131813702
0.9829549833973144,0.9829555957912787
0.7600700537944097,0.7603441575334307
0.7526815045419761,0.7526660661968524
0.7398560304412319,0.739894153182568
0.9753927345592975,0.9753957593042419
0.8725463982170707,0.8726793070047079
0.99024683005551,0.9902442164738454
0.9894802362516971,0.9894807923015911
0.9902633286953717,0.9902668151354432
0.9042922181036065,0.9042390783093539
0.9894798703300328,0.9894801292130108
0.6750774829166418,0.6750564272900246
0.9902943282697225,0.9902984143622444
0.8690670387040036,0.869062523945354
0.40169537881741363,0.40250532348384127
0.9040936751240994,0.9041673454767201
0.9899642450182062,0.989968103135633
0.4254187312580768,0.42583996161733956
0.9178957974186229,0.9169326397696568
0.4879929342624519,0.4879294357094928
0.9898644482950347,0.989866486241651
0.6022805910753302,0.6021393546968088
0.9903421415908353,0.9903419213868809
0.9898701440835376,0.9898703421903885
0.989872453719237,0.989874876887245
0.8672919962364338,0.8670798614576245
0.6779750897018989,0.6779277800289008
0.9195019116554616,0.9193974951484063
0.9222420721607695,0.922274428222047
0.9902091356552567,0.9902100571014426
0.9902228660372554,0.9902297091627209
0.9904919505030783,0.990492554050689
0.9903061218108431,0.9903034847132649
0.6907700683897281,0.6907699251380728
0.6500020495731911,0.6502532681257047
0.9752725143612173,0.975267878173056
0.8415163010615005,0.8413120986810034
0.989714746270861,0.9897193384801767
0.9899807478965443,0.989985789330869
0.9904999686577546,0.9905000225583848
0.99026483284566,0.9902638609487123
0.9873753205640322,0.9873742913897787
0.9784412127175965,0.9784415253882696
0.8714422144535942,0.8714545200484919
0.6099650702317194,0.6099189672637239
0.8437607177364801,0.8438634779642268
0.909374293920133,0.9094468514588394
0.8042216573585859,0.8041139152511799
0.4543049122055859,0.4542041803713845
0.9903482238276552,0.99035172301443
0.5007698641354724,0.5009026623052906
0.9903745647108458,0.990376598076696
0.9903150302078564,0.9903092821879347
0.8897005417572768,0.8901319184329195
0.9901649252638088,0.9901658099059086
0.48598828717485726,0.4862308399147682
0.8518029711632443,0.8517771937924823
0.49504860747014173,0.49509647314392846
0.99048833087192,0.9904883933463364
0.9806891658015336,0.9806891041161223
0.987830246193984,0.9878309104191905
0.9694113273188952,0.969395583299491
0.7375929038809638,0.7379245221985856
0.8660705311762893,0.8660502472302042
0.8613685341819078,0.8615546915221033
0.914602050831957,0.9146021482918891
0.9904787948049222,0.9904774665692376
0.989609283257089,0.9896091283188251
0.3453815847352052,0.3454949943134105
0.8898735849565134,0.889964501946948
0.990209994808202,0.9902082854510617
0.9899019767647786,0.9899003632589276
0.8725717043246478,0.8725824415771507
0.9697602920149321,0.9697839216863179
0.6399014669372453,0.6400160105744487
0.37793176899684905,0.3785051770230474
0.7783186507841607,0.7783402016239868
0.9266615605961546,0.9266592582659839
0.8999227158765922,0.8999198771512735
0.5892650080900713,0.5894264414442794
0.989584330652567,0.9895880471016951
0.9886568309073243,0.9886585256144461
0.9889532474062211,0.9889497414037304
0.9897955273859411,0.9897991312400003
0.7788122920799281,0.7789067728981071
0.9903405253083138,0.9903355547701507
0.8173858156914143,0.8173958859167064
0.9904509138005825,0.990449060783083
0.7530866910988064,0.7534397723399539
0.8936785951589328,0.8935800065596575
0.7435133461474358,0.7431928990136377
0.9809784721599364,0.9809790476760597
0.976020104925657,0.9760068716878948
0.9901807542942891,0.9901809600842187
0.99043138970667,0.9904286190463956
0.8917482839283168,0.8911741345209143
0.9902832595622282,0.9902863449947061
0.6727844666013015,0.6706700651347302
0.9904846753209453,0.9904821496542283
0.5703892876278625,0.5710805063753768
0.9900884785254906,0.9900833995521048
0.9763340135406637,0.9763694550181914
0.29087588716356566,0.2850574420344769
0.9195059670767031,0.9198420079263689
0.735428489297155,0.7356015206765892
0.4677802810494049,0.4676928939646373
0.9140941694871066,0.9132515543282652
0.990485490531209,0.9904859912975926
0.9904977950835925,0.9904981807903077
0.9892383063624143,0.9892394428770069
0.7503106693618439,0.7503918119910492
0.8502113612409417,0.8503147983185901
0.5069784983609037,0.5067742110090543
0.9899337760696325,0.9899317077948396
0.9812877285520679,0.9812991946514495
0.8113691562363176,0.8114369380637706
0.9902234377304332,0.9902219802101428
0.9901820250009128,0.9901821045688686
0.5121561546549291,0.5122178679491017
0.9898251879537695,0.9898246278528271
0.9056471912412914,0.9056114958040089
0.9901539167315216,0.9901541438703169
0.9769792824777543,0.9769860153219474
0.9894629189643328,0.989461396137866
0.99020489972017,0.9902037322896107
0.9902653597376841,0.9902661804461091
0.9904999142317049,0.9904998807850302
0.9901561513544561,0.9901576633847577
0.6739949993465358,0.6724329593940769
0.6157792804470069,0.6166581329440979
0.8851096785235778,0.8854242903145465
0.6374838258186576,0.6373350816034323
0.9904723585595164,0.9904685060694924
0.5254049526380776,0.525528550448509
0.9904623598848422,0.9904630310465969
0.5948631699792823,0.5948609827544437
0.9904846201875082,0.990485231265164
0.9073967546856511,0.9072912666505657
0.5997576982895158,0.5997657525834509
0.989836815474077,0.989834287596106
0.9903390699447446,0.9903337188570432
0.9692269245535188,0.9692491160269807
0.9902311586037692,0.9902312958137368
0.5718324830502491,0.5721961364435352
0.7267134642231878,0.7267934136974931
0.9902216263933356,0.9902240647815868
0.9872570828709577,0.9872544759079146
0.7994122875224203,0.7994854972857992
0.9901401075740247,0.990140248557548
0.7772400963294233,0.7770927901500321
0.9889345318064298,0.9889310548399054
0.7009550129305159,0.7005886120336828
0.9899145666444215,0.9899155227071458
0.6332855156359409,0.6336341327852948
0.8431277481282281,0.8430884383946465
0.9904992786187965,0.9904993323156006
0.9900130701264178,0.9900136084752993
0.9903969021680363,0.9903962778510259
0.8570228491706178,0.8589661615639741
0.9901932972224354,0.9901917107771387
0.7510196721866766,0.7509878998019215
0.9903792307544693,0.9903846988715823
0.9745728797067766,0.9745759849650557
0.9810167276581142,0.9810208235344346
0.5731279950243446,0.5731047595476887
0.5040519094585835,0.5040452798141094
0.9904708844424914,0.990470465621256
0.5118991947028597,0.5119403239536059
0.9736124000751513,0.9736049090479844
0.5097885244008578,0.5108900830617151
0.9732797454248662,0.973880954145443
0.5860512923942137,0.5859461406259887
0.8304633001818249,0.830452090631143
0.8713471524404082,0.8709863006355621
0.885652029741473,0.8861627335254812
0.9903789733653422,0.9903788063480381
0.8714589367778548,0.8715176502167766
0.9904224073959065,0.9904199767796993
0.8908959904716975,0.8904610033545136
0.9751429610330686,0.9751432476485697
0.9898129136142965,0.9898126927590931
0.9893198295755965,0.9893191259987552
0.36109831064119013,0.5916466914944184
0.9901222371416784,0.9901226922292158
0.9902257564513068,0.9902298973784979
0.990387361812227,0.9903837618989235
0.8882790721366256,0.8882785321997778
0.8514331568801957,0.8513466686709318
0.9904768177531952,0.990475839296309
0.905613137485098,0.9055758040317033
0.9904912311988008,0.9904904277077351
0.8488370493241731,0.8492285173745943
0.9904842877406662,0.9904836057926937
0.9878521956109045,0.9878489325753931
0.9904774634784399,0.9904783130857305
0.9883220086426437,0.9883231676100944
0.9902667989932014,0.9902695612050749
0.990311361613389,0.9903144797209135
0.9904792982700801,0.9904797356947257
0.9176232423684391,0.9175877845821563
0.9899860763650478,0.9899851122807993
0.9849050151469796,0.9849112377283941
0.9754609260488758,0.9754838888091956
0.9899860389192255,0.9899863751015269
0.8758965096052546,0.8757664616736983
0.9902895128014971,0.9902907163982456
0.9713076190936005,0.9713192887006643
0.8724125269490739,0.8724168683687492
0.9873794819210493,0.9873794680436067
0.9882193012920227,0.9882224390113048
0.5617851509387557,0.5618656499909982
0.6348814608134952,0.6349547047487958
0.9901505411291459,0.9901461558546703
0.9899654176665427,0.989964329230279
0.6350006429001817,0.6352418126373812
0.9836422210531518,0.9836195062000337
0.990329438727112,0.990331866139774
0.9902152314546959,0.9902151475208957
0.9904316063102517,0.9904347944370048
0.6104915930638134,0.6104926235441952
0.7030821148345447,0.7032782428033869
0.5323222018523455,0.5324189700911854
0.9904438146215062,0.9904467514853929
0.8677641068011644,0.8651772231820284
0.9903840690568457,0.9903812085050753
0.9011572033756565,0.9011552480014966
0.99012492908953,0.9901250390544897
0.9903943367674384,0.9903934742566851
0.9905014296285863,0.9905018860590942
0.6141773929150119,0.6142265574801822
0.8711379779852055,0.870845924660009
0.8491238235670202,0.8495439605782401
0.9898456256085891,0.9898452662234856
0.8658246856608641,0.8660738528908511
0.9241961294192942,0.9243843933834208
0.6541025712006164,0.6539807988487513
0.9904912061294247,0.9904917433237369
0.9903024190484208,0.9903058504570601
0.9883209860905674,0.9883197631678878
0.7058923589508805,0.7058729966276629
0.9713845765961503,0.9714000427967148
0.9901878828271015,0.9901882359303954
0.9903496347568349,0.9903498287704937
0.9904064628736435,0.9904075827502221
0.9893455334620995,0.9893453058456714
0.8858986068163293,0.8860148693211178
0.9904644822619842,0.990462563159588
0.36593351949833347,0.563660947066246
0.7730308701607939,0.7734129919694089
0.9741066972866546,0.9741003245075563
0.9901260015073513,0.990127659501505
0.9902447117546357,0.990239797574736
0.9902719076682834,0.9902681952027195
0.9903151538539607,0.990310165408239
0.9902961085816058,0.9902898059992105
0.9896260126566548,0.9896261676067766
0.872759121301408,0.8727831596398965
0.9182179661538017,0.9184410631666577
0.8228789193287511,0.822901306695586
0.9856461166940992,0.985643946116964
0.9895843540074611,0.9895885821965087
0.585666511422548,0.5856973656688725
0.9256038823647083,0.9257357637121624
0.9886204397344994,0.9886182744984459
0.9049055823155854,0.9053148602591525
0.7565208555530033,0.7563498951538583
0.9904415810810676,0.9904393441429679
0.8411335913026553,0.8409900402386067
0.9893218567122969,0.9893225663437145
0.9900700604951543,0.9900704224365701
0.9072058164825971,0.9070379142303783
0.922686372885493,0.9223370471941404
0.4989730554651395,0.49882418694176744
0.9902177593494261,0.9902184165365324
0.9882546277501862,0.9882511310797562
0.9902667453857127,0.9902694767566754
0.9904570697197279,0.9904594602600626
0.7204933031364049,0.7206854146223014
0.9904460560529361,0.9904467522828455
0.9898048402279626,0.9898050022837436
0.48160886320351687,0.4817275151133736
0.9878149122229193,0.9878149952821562
0.9862791721527701,0.9862753091517519
0.9904593767432432,0.9904577680509974
0.9902011136974249,0.9902027709984389
0.9899145688248956,0.9899132021085795
0.8050673714997081,0.8050025782580263
0.9188084974687285,0.9186322452236507
0.9146281480391917,0.9146272644398524
0.8993233846434845,0.8993096798023804
0.9899424108014501,0.9899406557168122
0.986469750623343,0.9864747036877024
0.989306633263587,0.98930728428868
0.8833720510665013,0.8833483746872808
0.9900527112716307,0.9900521111133151
0.9903224314961068,0.9903212351449584
0.988768659780951,0.9887691654728482
0.9890937739382019,0.9890936708163394
0.9802951626299116,0.9802879242490066
0.9702168804181873,0.9702394881064218
0.9002244376260021,0.9002983690219815
0.8894673003834459,0.8893587588523735
0.9887036907218504,0.988703956308246
0.9900975793454921,0.9900983953360705
0.9856464171220871,0.9856468898376767
0.8351839638498483,0.8354126653147467
0.9873563960447376,0.9873540227843018
0.9903618309059186,0.9903577980702781
0.9900772862009748,0.990076201533478
0.8737567086347253,0.8737076962746406
0.9124553267492554,0.9128046569401908
0.9904843192683354,0.9904853175594777
0.9904576013088483,0.9904594626161726
0.8944719826532297,0.8944703583498792
0.9019707225416707,0.9009221758349377
0.6896742861696534,0.689786502861871
0.9901201986260593,0.9901269166959109
0.99030587916903,0.9903029499087543
0.9902258067491344,0.9902226401767961
0.9885034602975145,0.9885089303584533
0.9891661922062699,0.9891652632862643
0.35001981489510153,0.3499854315365365
0.6977856994813879,0.6983028055695131
0.54734315863409,0.5466046378604854
0.990293573536367,0.9902931443894376
0.8669357634513494,0.8669696394743789
0.9903882249327763,0.99038577227355
0.9895498371969169,0.9895503345859791
0.6737171127609107,0.6737566831561176
0.8304779195284253,0.8304645232264352
0.606622976806321,0.6067322753862093
0.9895127902232124,0.989514919041397
0.888203702576222,0.8881990937474119
0.4816468165112276,0.48208929127395145
0.9245437870148173,0.9247197154674512
0.9902026046239883,0.9902041479597545
0.9904901164545499,0.9904914885975958
0.8932675844189294,0.8933202056752482
0.9902861079123996,0.9902868313160961
0.9903338352012422,0.9903291026556549
0.990402771675621,0.9904031142596965
0.9889505962764487,0.988949808027655
0.9900072421777437,0.9900091817352874
0.4676246002513754,0.46753099830217487
0.9058748892155734,0.9058901259722798
0.9900889984440621,0.9900869504212255
0.9902002116685725,0.990201075082216
0.9904844050951378,0.9904839735625167
0.8141003075395439,0.8140885369303963
0.9889173200264026,0.9889163335086102
0.9904980522564738,0.9904978685531431
0.4438775440767756,0.44438770965829066
0.9904601127453146,0.9904588046181789
0.9244972292943006,0.9241238838675905
0.9904148016565925,0.9904135023362173
0.9902700952975946,0.990273175481457
0.6923453225950085,0.6923005984912736
0.489137646296401,0.48912263919798316
0.9017595080241377,0.9017565616935347
0.9872664084864258,0.9872664595048036
0.6751386871102202,0.6751536189274201
0.5296060785809258,0.529719290384513
0.8510597428090212,0.8510773605530015
0.9905018304129,0.9905007933084456
0.904279053918556,0.904441140428402
0.9902529344011226,0.9902532044202188
0.9903023992711152,0.9902988310814943
0.4460251060846078,0.44645443216181263
0.9844562046233002,0.984452993809034
0.9903939159469879,0.990397792887778
0.9904744590328726,0.9904743400909922
0.990150275084697,0.9901502583086069
0.8643684175835532,0.8640791567430296
0.9904462593122313,0.9904458267511507
0.8032173237817011,0.8033140812000109
0.7514451947040696,0.7514581577425491
0.6201150775189541,0.6202774986192559
0.9751695493852396,0.9751733924260877
0.9903183423336055,0.9903203602171864
0.9172611146048604,0.9177126205617703
0.9902551634393175,0.9902532695695204
0.7983467849241599,0.7986226935981797
0.9901923413115324,0.9901937318379173
0.7896069458343549,0.7893052804139011
0.9883119817423551,0.9883127317723195
0.9902996229020893,0.9903018305590061
0.9901562411990449,0.9901566359812013
0.9902989310683209,0.9902992194121745
0.5917229088888988,0.5914689201649789
0.986557701045036,0.9865578620013196
0.9895198073385322,0.989515776786029
0.8592964127317719,0.859257077179316
0.9899323563172314,0.9899328555804817
0.9899312008599612,0.9899315544324816
0.9015067961357195,0.9010440118692479
0.8841761458723788,0.8819520701672637
0.8316481294485232,0.8319572045666948
0.9891295596286777,0.989129407428189
0.5636537252216015,0.5637335456038952
0.8949847943594837,0.894572427622036
0.9902649612967219,0.9902638566721446
0.9905039888324235,0.9905036432067069
0.9904849405015012,0.9904850412140276
0.688860773564647,0.6889775732869434
0.9899110776325337,0.9899081521084432
0.9900934626384725,0.9900973207110677
0.4734773177416331,0.47314143763345373
0.9125599339522388,0.912300866630151
0.989973761759366,0.9899744964213635
0.9144905131542961,0.9147775382779768
0.7772834978838341,0.7771888390317649
0.8815510028396811,0.8811712707732614
0.9887790863566301,0.988778077212595
0.5949884341809092,0.5950014631956531
0.9904956863566816,0.9904948858505395
0.9899847824573371,0.9899857655539859
0.4891703814840193,0.4891665316320679
0.9902979139141561,0.9902953282725784
0.9901216599337338,0.9901207720434495
0.9902041119427161,0.990203681625915
0.9899913637906935,0.9899923751843032
0.9900368846062247,0.9900353366785482
0.8095044298233464,0.8095993521095548
0.983167797671527,0.9831732373394471
0.4206386449750504,0.5979999467331045
0.8563907038418841,0.856621585248772
0.9889541109997027,0.9889580255265099
0.3494825361135237,0.3495734533955535
0.9045176614702509,0.9045124662196636
0.9903635257298531,0.9903581070679565
0.8664792759589148,0.8663134212069853
0.9249221902341643,0.924890650754449
0.9903347538645116,0.9903357943275586
0.9077542000426156,0.9077026558345318
0.9882949817483738,0.9882949621089595
0.9891951014671823,0.9891928451167621
0.7501697423537226,0.7502740298228114
0.9851537893974079,0.9851523652265388
0.728901703448011,0.7287851830344358
0.9882495841986302,0.988249835311046
0.9897295774987039,0.989730886845456
0.7801093461405406,0.7801181710510661
0.9905034829059056,0.9905032827801519
0.9893778276660733,0.9893757535306252
0.840020573099841,0.8398486989580932
0.8396898856560887,0.8396891336933316
0.7622216883037459,0.7621528827290631
0.7123741097609163,0.7124461436035152
0.9893299608870735,0.9893308785594388
0.990315801981726,0.9903159211218153
0.988489147044261,0.9884797684885541
0.9904278947439376,0.9904290595510755
0.4140648742255471,0.41468001303199353
0.9903140025151356,0.9903138546295766
0.888459471265863,0.8884507565840022
0.9188499439465252,0.918929529485107
0.9904665121961591,0.9904667092170996
0.7461545529451412,0.7455622630881578
0.6898515392080042,0.6898725823235743
0.9897202734137138,0.9897220482662829
0.9710533358852781,0.9710514537342325
0.9103742648238847,0.9103110119375635
0.5104889262105038,0.5104992111931697
0.9894504975882155,0.9894498947195227
0.9902231315645791,0.9902196337307818
0.8869833626678078,0.88692885437378
0.5412093422214954,0.5412696646676407
0.9710381069834857,0.971038169574135
0.8845811632810354,0.8845446743963093
0.9878856789007016,0.9878844355263215
0.9768424757963469,0.9768410737085417
0.9900753685698153,0.9900757873434268
0.8996483280498048,0.8995187901994796
0.8666891582710411,0.8638695587139523
0.9903839170436903,0.9903802844284612
0.6478433871147211,0.6478349470169208
0.9710015747684881,0.9710008375355565
0.9117265933687849,0.9113813700644273
0.647980196069741,0.6479389012417104
0.5288484408765322,0.5290236752964773
0.8946869358600511,0.8949170001516744
0.5144070173498263,0.5144886660998067
0.990382744679698,0.9903809483581579
0.9886136848773194,0.988612703087458
0.8060045148949126,0.8060459496740875
0.8848759233390608,0.8851547248462552
0.8009729420547332,0.8010230082680614
0.7411925012456395,0.7420501793173432
0.9757958139858003,0.9757702284021873
0.7664850853007752,0.7665268005412507
0.9668114085593652,0.9668321291693567
0.9899302000057347,0.9899296727159899
0.8845846922447785,0.8843162551801224
0.9904562128076916,0.9904578661986875
0.9866031904685646,0.9866013125983212
0.9904538559838647,0.9904495433026268
0.9209939535391263,0.9221273715527434
0.8272737603908282,0.8271777831073828
0.9901958510146556,0.9901957643294779
0.9893019432344016,0.9892994980515336
0.9901399326363122,0.9901433185143269
0.4796334684697285,0.4797108347418535
0.9899336611311197,0.9899351624499109
0.9145747944961066,0.9157213276828453
0.7351215050020609,0.7352896387675202
0.9903314793942916,0.9903350077304417
0.989404645490171,0.9894070161991391
0.9902616092174482,0.9902616804783628
0.730372443495309,0.7303412287675793
0.6558183140562183,0.6555931294967319
0.9904868582973841,0.9904865924987887
0.9904083164279052,0.990408165548224
0.6609042273217376,0.6610000518951297
0.8540818517756055,0.8544001554959554
0.9900947878567973,0.9900936236854229
0.4834011247023906,0.48326888585939315
0.4719992134296563,0.4720623639272079
0.4881025729346304,0.4882130209014492
0.9901885218612673,0.9901883708676934
0.989726994567276,0.9897284245684819
0.6030822454907693,0.5986438661444069
0.9903250900213915,0.990321205220069
0.99015095946451,0.9901502280429717
0.5259133632164718,0.5259959861254915
0.7528115624448148,0.7528211484619648
0.9419403688911384,0.9489227796610673
0.7272468367189103,0.7272130838768314
0.9904717749225506,0.9904726460325596
0.990229716403323,0.9902337764341094
0.6784753538419123,0.6783903070906302
0.9852495689282335,0.9852470926504874
0.2719840731658049,0.4129920604582775
0.6143683358525249,0.6147440343429701
0.9710407675751048,0.9710408524857858
0.9858677424749083,0.9858597844080754
0.3437614500201092,0.343815739086639
0.9901855782936401,0.9901860135161245
0.9903231944275731,0.9903199950644302
0.9903176597911693,0.9903127024369127
0.9904869541614915,0.9904889242772531
0.9145206533535333,0.9145446198377654
0.6812571230281953,0.6809023202518272
0.984466646431761,0.984467113520171
0.8004910054960145,0.8004174477761705
0.9898043219992081,0.9898021167157673
0.44511366872205543,0.44517330040822456
0.4220398726738677,0.42203986143139616
0.3001264749318066,0.4746494119026877
0.9897241153891904,0.9897247881582597
0.9901637147144501,0.9901665565426688
0.9223645249767277,0.9223027700552044
0.8177871175327018,0.8177527888565053
0.9893224263386124,0.989322351332406
0.9903743927697994,0.9903760642293142
0.8743112094667291,0.8743053052375028
0.9889050975410952,0.9889045256349944
0.9866082040336296,0.9866070680794252
0.8996860290548074,0.9002043947117552
0.9898594155073527,0.9898572436151325
0.887784930947168,0.8876636909150024
0.502583662607526,0.502477657727802
0.8303870594620036,0.8303792784285183
0.8178263109722694,0.8178652175922487
0.9903738377498009,0.9903757919763465
0.8055059096011785,0.8054989864407086
0.9903711474916633,0.9903698082599796
0.6908003482785172,0.6907946421118228
0.9897848917401902,0.9897862404216257
0.6302257718846855,0.6301501799346603
0.6648334992219498,0.6651179372104212
0.9903758687912296,0.9903763630269937
0.9895531217338975,0.9895524341557355
0.9836933869043679,0.9837094794403656
0.780106546943807,0.7800917255860252
0.5329294886347902,0.5324318009206445
0.9903305206086307,0.9903282479825412
0.7375814133680004,0.7376005809975545
0.9903868826536023,0.9903938429872322
0.8401765966253184,0.8402645338182458
0.8028055032771997,0.8028088617925013
0.9901285141696629,0.9901296876945088
0.9902735076940611,0.990270443022197
0.8043603555502983,0.8045237471286723
0.9904138190348922,0.9904145291810401
0.990104731424913,0.9901056728750565
0.7062397462414239,0.7062284783943115
0.8737796283257967,0.873806690855155
0.903053586191911,0.9030423363310293
0.8515558768795666,0.8516053709529402
0.9873533070401779,0.9873509170375298
0.904880492993422,0.9050553289998655
0.9124527366958601,0.9135855982187726
0.6287837589698264,0.628479138704114
0.9898693088496056,0.9898684885631532
0.5797072955984571,0.5797070013917561
0.9896122576042199,0.9896118843959766
0.9903131871541765,0.9903105292809599
0.7797290308248278,0.7797290851454497
0.9903202390071351,0.9903249045445618
0.9901954652073899,0.9901965552120712
0.9903232994551863,0.9903266948655914
0.9901826704281006,0.9901827775921458
0.9902524994704335,0.9902496746647782
0.9892855834142162,0.9892806524082672
0.6531149163043563,0.6532743856001736
0.710972513762185,0.7109961438253564
0.9902378569708505,0.9902361208138215
0.8438269666631142,0.843831250216586
0.7662240264726792,0.7660550896928836
0.4201380656695863,0.4203510185810783
0.9902474755633676,0.9902458350265582
0.4220201763573138,0.42200921412105
0.9901488788355332,0.9901492822299355
0.5435756139683715,0.5435361159012677
0.9110276974886307,0.9113468292097774
0.9105647929601794,0.9106025065346941
0.9850420530810194,0.9850364959608292
0.9903941642770411,0.9903958025207651
0.4178291956666936,0.4175531363555236
0.46025273129365724,0.45985046201048946
0.9032564823940195,0.9032419405362176
0.9898835332957682,0.9898829184582048
0.8097252837776627,0.8100346337916622
0.9901928446891571,0.9901918171305795
0.9099872384925995,0.910033118323605
0.5320994986042937,0.5320186542370002
0.4569798336528584,0.45669519051434115
0.9904562401046435,0.9904586840990965
0.9297547252111442,0.9333174723872834
0.9901954560993085,0.9901969571945531
0.9901938669035929,0.9901933268043223
0.8625963923959433,0.862086875058819
0.4000424197172257,0.400236603198283
0.6897380361278246,0.6896204552527014
0.9295623929181792,0.9295550094803017
0.9905031397819871,0.9905029925530658
0.9904786914838002,0.9904775341090332
0.7657206959353365,0.7656431999066254
0.5043294295254015,0.5035444879307813
0.9903139500421354,0.9903160569157847
0.9903510145544051,0.990353566825088
0.9901579825773654,0.9901584615050545
0.9900713470845716,0.990070751014286
0.9900335255249599,0.990034797970832
0.7149116589607541,0.7149003670138131
0.6029484725333688,0.5984485687122665
0.9904534899140985,0.9904482708066109
0.5616469083156449,0.5615010174657113
0.9902398535152669,0.9902372693111745
0.928890242735722,0.9287798556374972
0.9902434035991448,0.9902410371181753
0.9897744463164221,0.9897728620708608
0.579720083912038,0.579716373354249
0.9826500205879667,0.9826492598018917
0.9904447876359208,0.990446838771026
0.9898948480579577,0.9898954281590778
0.9060941705840694,0.9061054204705856
0.4425686488566785,0.44308171047972844
0.8801763746709491,0.8805216943155254
0.8591771036814653,0.8591628735598055
0.9903555961636645,0.9903570988351266
0.9904891945606341,0.9904898703362275
0.9872686980437277,0.9872683478495047
0.9903762001502812,0.9903739977194722
0.9905007600595814,0.9905000446601656
0.5133138946735629,0.5132443858642564
0.9265341861573921,0.9265759586362822
0.9903473260589851,0.9903433762832062
0.9901823748034247,0.990179133712079
0.8995600196286947,0.8995623811733257
0.7649842486674988,0.7643959837289299
0.7101397470043811,0.7098341441012525
0.9904581491215265,0.9904559017706912
0.6920814771647571,0.6920631197263534
0.3496768187972261,0.3497238041572945
0.5189482522596031,0.5164929638793416
0.7063124307225354,0.70630268978536
0.9904574005154029,0.9904576980399292
0.9903727398447781,0.9903780340894862
0.6907979697949864,0.6907900943242015
0.9884128481531025,0.9884123132095836
0.9043389334972501,0.9043339076792648
0.9902340600116271,0.9902376532843016
0.9893297406414514,0.9893302663359038
0.8722033348599757,0.8720209053320933
0.9901845815916701,0.9901844559485302
0.7546999933494598,0.7546372933837133
0.4166617351526849,0.4165966240930662
0.9856948758940594,0.9856937810039015
0.9903510677250275,0.9903450941480485
0.634326148330191,0.634226450818327
0.9904847079566231,0.9904883240482518
0.9865454805136857,0.9865423025492573
0.9903107793221422,0.990303178642058
0.895139414475557,0.8952967490361782
0.9891384985436626,0.9891366951358755
0.9902477241243559,0.9902469912766209
0.9893417385125274,0.9893423617706998
0.6618890624148108,0.6622826455710664
0.7663130113259831,0.7662592790788326
0.7654136587741273,0.7654249038655172
0.9903489948218717,0.9903514148922539
0.9903643135599423,0.9903675022212056
0.990335461229338,0.9903287772059657
0.990454787993534,0.9904523416063065
0.8727315222900854,0.8727284605013349
0.6849234601003401,0.6861435751003367
0.6096591763178559,0.6096148478592373
0.9679321722791379,0.9679231822093445
0.2648727770701685,0.26593454645286924
0.9902664100582094,0.9902628937375784
0.8591399404428491,0.8591565046334203
0.613925221290134,0.6139517271301042
0.47244856175707545,0.47244914543966665
0.8929730935804768,0.893375862546968
0.990498682435861,0.9904988377613936
0.9857590965783798,0.985755502654819
0.9901826409979291,0.9901824077308526
0.8826257399484024,0.8823776637402574
0.6141230888866116,0.6140808182893257
0.8732685647831477,0.8732740269664113
0.4638713268941374,0.46520156645563604
0.9001400621959394,0.9002191523932257
0.9887202466245504,0.9887250510454939
0.8414892219518391,0.8415038109503652
0.8853214856119963,0.885555130685108
0.9887242062971517,0.988720696409364
0.9902998806287351,0.9902984108801743
0.9086901699663733,0.9109537666824656
0.561182338472572,0.5612892023538607
0.674160591179293,0.6742117318058451
0.9903817171539454,0.9903796290593146
0.41369066162511187,0.4140264659214183
0.9903561130186106,0.9903531558857839
0.7727351849876396,0.7726737283868936
0.702537515926152,0.7029854418926936
0.8091322508662815,0.8090244082270348
0.9233213901929398,0.9234729583754432
0.5835655842692621,0.58361972313177
0.9901920375265622,0.9901935004251543
0.9905002286880297,0.9905000277362855
0.99018410887577,0.9901864562122779
0.9152398541485453,0.9153616793933097
0.7796659588354956,0.7794055391635453
0.9900880137861994,0.9900908413121904
0.9902027294447787,0.9902039151949963
0.9902528519031604,0.9902501243115693
0.9899961294756371,0.9899978125477201
0.46886720634553397,0.468932181542341
0.7112764556430854,0.7111472067037274
0.9900850063160317,0.990083093015174
0.4921293056872295,0.49190910082759887
0.6074534207626897,0.60735269046679
0.9277067486171098,0.9270729788475581
0.9897424815300735,0.9897400558584856
0.7249909455115899,0.725235209702636
0.9901981434223823,0.9901987719251172
0.9904073256222009,0.9904089540544794
0.9715208625973829,0.9715135061028309
0.6104541047377897,0.6104665335202449
0.7231678184085834,0.7252381714748896
0.8921072699487389,0.8929178277363512
0.9210627514771124,0.9188357001604488
0.9903858144311843,0.9903817084363282
0.6055022407654868,0.6054482462342774
0.9873472632420531,0.9873441008413731
0.8725894140659419,0.8722765705961472
0.9902396031499923,0.9902383612135885
0.9904738387999951,0.9904733210685626
0.7337734870966935,0.7036619945037087
0.5145003039037495,0.6597780052315031
0.990183413703998,0.9901839653448999
0.35353407702224593,0.3543066473458933
0.901627959766201,0.9016273707359673
0.9746974507370408,0.9747044903821787
0.9902960191271373,0.9903008455989621
0.8777710335290124,0.8777529854711738
0.9900815761108969,0.9900816128197658
0.9901950871877507,0.9901964005002769
0.5861797077443591,0.5862286080138085
0.9904711810188898,0.9904705352491466
0.9893743821907772,0.9893729073142536
0.9886053273038695,0.9886053417564747
0.7830218698249953,0.7826066709327787
0.9901880621245681,0.9901883442034218
0.8850656196033663,0.8852089222581608
0.9901840623829172,0.9901838496548987
0.9903896071814805,0.9903928818584589
0.9899716726536181,0.9899689811662146
0.8465831406158855,0.8467178157441032
0.88890648910309,0.888882158001309
0.57957744970591,0.57956514406428
0.6049861092789443,0.6091519433961597
0.8415500727817926,0.842275727531971
0.9880661351147493,0.9880568129725488
0.9872129827851346,0.9872082737023687
0.990415513219497,0.9904179517645787
0.988211993115587,0.9882045305276483
0.9022625681392205,0.9025401244274625
0.9686508038081623,0.9687121223969045
0.8880649552832626,0.8881177891277823
0.9901635757198671,0.9901714267214947
0.7060732756339496,0.7060925564585038
0.987293717222989,0.9872921903128679
0.902927662063554,0.9032682571130028
0.7755180850660385,0.7726831327355131
0.9900209726604726,0.9900220536531734
0.5793975635706364,0.5794143039417248
0.8847745081405852,0.885037295514288
0.9899546629484612,0.9899560679576527
0.9898763440046578,0.9898772763359545
0.564232644053331,0.5642300869973902
0.8294550214982362,0.829507610545589
0.990480359361988,0.9904812641296301
0.5183651511843294,0.5181850358161334
0.9901517379873404,0.9901498033343958
0.46793585986747227,0.46808815189483044
0.5740994603149333,0.5741307946004094
0.5324834890130027,0.5318432046956271
0.990062959141708,0.9900624920206311
0.9903474977548772,0.9903450159434941
0.5133169531896712,0.5136141512146886
0.9667551104506289,0.9667410257587502
0.8945316005860366,0.8945192317441877
0.9086135825822859,0.9085259652313978
0.9904346717938468,0.9904350471954629
0.9862338772862254,0.9862292539822561
0.4966238453929148,0.4965717465305018
0.9902519471455218,0.9902498708051023
0.9045275474722966,0.9045320041759485
0.9888483993938055,0.9888442082000348
0.9904124127398092,0.9904143707358517
0.9903096355540437,0.99030713467013
0.9878403778693569,0.9878392317339331
0.9891297603232961,0.9891293523222052
0.7020765815328467,0.7033784803350851
0.7527546231171112,0.753072317578373
0.990188955513715,0.9901895175801289
0.5636092246212002,0.5636970518163034
0.9903300864676345,0.9903285838156093
0.7367904025711769,0.7368165470824372
0.845008725909615,0.8452212894876845
0.5033778085010383,0.5033457855023027
0.8157586151173164,0.8155798113102766
0.8733766120808536,0.8733550539015181
0.975124917187215,0.9751276854608314
0.8368117590711345,0.836760125353188
0.9865754763535881,0.9865728251808008
0.9904931756759559,0.9904899092227563
0.9903018962487533,0.9903065110186451
0.9886326236324652,0.9886336841329256
0.9904572353400082,0.9904589292558756
0.9904615427470512,0.9904595986054054
0.9904757756409925,0.9904761068350476
0.8979882903670879,0.8979758088959895
0.7780570130886447,0.7780932447123081
0.7925247439620923,0.7925349221560041
0.4477780630701972,0.4484471311528157
0.8720957873868561,0.8720285756273841
0.9903358812331737,0.9903379072551072
0.8040713208447245,0.8039098002729058
0.5946130775726305,0.5945612691839008
0.9904808026474681,0.9904826799621469
0.99017646502037,0.9901769322504681
0.9900896241645695,0.9900904077517692
0.9896309872582454,0.9896330711115314
0.9823587189447807,0.9823458496953432
0.9022498458686334,0.9023682931364195
0.833750636639051,0.8341650162646478
0.7527204259877475,0.7527318099881667
0.5009331434257995,0.5008756104982276
0.8054327964459738,0.8054446581944387
0.9901115805497605,0.9901142073747431
0.989902566260621,0.9898999038196201
0.9904377060863413,0.9904403650088974
0.9878633641002551,0.9878654735142427
0.9903219819703989,0.9903233898417967
0.8244415010409899,0.8243979262516093
0.9902745683593431,0.9902795953336333
0.7234099519430285,0.7233706107930382
0.9901860924984108,0.9901882094438451
0.9903535832386713,0.9903564671823563
0.9902229423821267,0.9902223547414337
0.989842552994171,0.9898442913446631
0.8916987412043719,0.8916951528791465
0.6950003632485288,0.6950431933052486
0.9866119931027793,0.9866157303485052
0.686665827034192,0.6864175256602278
0.6592419704371599,0.6592547111366943
0.9901217694989619,0.9901209817888685
0.44534985483884415,0.44527531077726434
0.9904095561739881,0.9904102025482466
0.9901357296120289,0.9901325227258869
0.9888931635674016,0.9888929492769394
0.9904578250116217,0.9904554728730883
0.8248726304672139,0.8249090353186189
0.9901909021416118,0.9901895884811747
0.9904295551935394,0.9904297228434598
0.9903085648287381,0.9903068756560556
0.9904944724059924,0.9904946854716585
0.9902940389811756,0.9902964748969318
0.990432680217583,0.9904283613796889
0.90583268275443,0.9058306957380313
0.8574270258465861,0.8572187800257974
0.5404239309271937,0.540478938008339
0.9900494319747329,0.9900490437172144
0.9904529642770671,0.9904524389486445
0.7671214770722153,0.7669934338467539
0.9895020559082947,0.9894997127816667
0.7415193944888518,0.7414697201740726
0.9887261200509656,0.9887214438092792
0.8038042406359184,0.8042416153255342
0.7794903987098128,0.7794755305021834
0.9662292957392571,0.9662291096979255
0.8417435948753978,0.8417673199316527
0.5635442631914988,0.5634696596149408
0.4600253211526368,0.45976444379729836
0.6646802057222925,0.6646878606320925
0.763845369502828,0.7653199701080489
0.9902709841926053,0.9902676717609711
0.9904811975945251,0.9904814454335422
0.9746495805616804,0.9746503162010763
0.9901781194455337,0.9901797741154111
0.8557589899793661,0.8555385001596574
0.5181884135041974,0.517661098389063
0.8878389757510563,0.8878597811646821
0.600725885680524,0.6011931826712522
0.9898722756265542,0.9898721215738062
0.9245107366987266,0.9245780942882875
0.9902046813359544,0.9902018967774171
0.9901598110179387,0.9901583815325077
0.6512844476253375,0.6513162202845099
0.9664315613523945,0.9664298652810663
0.6202546171404231,0.6202101248961266
0.6883549872022227,0.6899357400471514
0.9809866020642196,0.9809871345932766
0.9885777387399638,0.9887192737804912
0.6924773921398562,0.6925198280377528
0.9890597092479753,0.9890580768614186
0.7376098392287336,0.737611496074412
0.658987231562412,0.6590406875306443
0.9904557205750557,0.9904572459208252
0.8673524516130237,0.867260150401253
0.9897058790711547,0.9897036904893634
0.8396235438569554,0.8396482164151347
0.47118102057082883,0.471054923210544
0.6744730899295162,0.6744393016137529
0.9665008359853288,0.9664905156426055
0.9205060689496027,0.9215810539018199
0.9248018884221425,0.9247883051188421
0.9902727286283565,0.9902721613274684
0.8117615391157111,0.8117248346743281
0.9899620027381699,0.9899607846560731
0.9903771959470618,0.9903766788983355
0.8670992940407098,0.8671097538571098
0.8106896744744401,0.8111302702550125
0.99048200623772,0.9904843079410302
0.7502765139809796,0.7504000522461964
0.8722538918757746,0.8722286255518051
0.9902800926541784,0.9902761810267673
0.333468916669789,0.3350635120979203
0.8376230234129406,0.8375763629523493
0.9904419424342906,0.9904402107872672
0.9902621239785101,0.9902603915627926
0.9904978098295978,0.9904979955131951
0.5621123920548797,0.5621031306651644
0.9882762386347113,0.9882764761905258
0.9904909590351036,0.9904917033092301
0.6833404517484644,0.6830728242424989
0.9888954323322864,0.9888959109946979
0.8559199032656316,0.855604063785688
0.9903837849408493,0.990385908169474
0.6539555321613449,0.656003851697646
0.6696581133553352,0.6691708063771682
0.7388804002926188,0.7389144237693376
0.5085275799628178,0.5084495625196973
0.9904818910042286,0.9904841141349864
0.9901150229768155,0.9901164403207042
0.7130743539902393,0.7131979876579804
0.7649686518499305,0.7556119172523114
0.5749281435426218,0.5747541273648418
0.9902053315812992,0.9902043542662884
0.9904564352139803,0.9904536558069701
0.6327617529444454,0.6327978929084934
0.8972780347511486,0.8972740964270538
0.8970016187453244,0.8970195492178636
0.8987370170572497,0.898686821889414
0.9890543392394826,0.9890529267704546
0.9241759460151432,0.924215575582562
0.9900507166880734,0.990053974279155
0.9864522740842157,0.9864464443178247
0.9904356964639566,0.9904325230514371
0.792311972385329,0.7923660572370639
0.9122630395144223,0.9124056491602107
0.752905021227658,0.7528909981584446
0.6199756205244559,0.6199034518490928
0.5936164421954415,0.5936087240005044
0.9169934069681696,0.9168168118697334
0.9046414100803803,0.9046361813690775
0.9878267235648702,0.9878264898355533
0.9800514515074076,0.9800751365776772
0.8190592367766504,0.819442898166227
0.9901508433731389,0.9901486164097344
0.9890197850478805,0.989016373011342
0.9795265606434406,0.9795245545739643
0.9900984960519744,0.990105536679358
0.989522223179712,0.9895245217990974
0.4936067369589742,0.4937653658071702
0.6508332207226694,0.650970173415333
0.359816234672537,0.36047536648597145
0.9889800115044086,0.9889820083585086
0.5716516226596728,0.5717381697204569
0.990453676930284,0.9904540002140569
0.990501516457652,0.9905004113586934
0.34663466842289836,0.34661491846611775
0.9903713942531083,0.9903715596577317
0.8546757137664663,0.8549120061812424
0.9902320003193885,0.9902297241094842
0.9145714279194327,0.9144219371248573
0.5180488574083517,0.5180350975857771
0.990226455619811,0.9902314021370973
0.9856854860538637,0.985686459452639
0.4953221930542792,0.49524949768553767
0.8120519969901501,0.8120733401921038
0.9903756310914474,0.9903772838649997
0.8406595555954176,0.8404102030879507
0.9902152258184006,0.9902171187403676
0.8997916577285533,0.8998318681812695
0.9885250045954261,0.9885196847027204
0.9904543629779715,0.9904538969481148
0.9899827955371886,0.9899812441127702
0.8658960984361099,0.8656974801592128
0.9060398293422435,0.9060507161370722
0.6893841812185532,0.6892239797210007
0.6766078707681431,0.6766373804428665
0.6585759013458744,0.6585929265306615
0.9895716149221989,0.9895735841284747
0.9901056471772488,0.9901026774784821
0.4307129980963051,0.6685572337968226
0.8959542595697623,0.8955473296485504
0.9902153314887204,0.9902159041757457
0.910430196003989,0.9104821547504947
0.5649595687799216,0.564882262790711
0.7068928823961741,0.7064379378005444
0.9904464048003851,0.9904474154048318
0.9902935290105778,0.9902961957735266
0.561933927491406,0.561884652071972
0.8290487049125288,0.8289821891471213
0.9901740985865565,0.990175323479966
0.8792184433297571,0.8788676546567793
0.6049621833109768,0.6049865117536196
0.9902337106198547,0.9902359385058075
0.5617659936037082,0.5618327097370075
0.7422852435583942,0.7426901790660636
0.585538414393478,0.5853950846344474
0.7439064888141461,0.7433688917891486
0.9901283817483174,0.9901274094778391
0.9903207940433805,0.9903270317730544
0.7608724145673562,0.7608952621814915
0.9903642696571858,0.9903631516667063
0.9901370509835812,0.9901373781814052
0.9904249110532837,0.9904245483389399
0.8783036259201088,0.8782811868592915
0.7627451795092348,0.762774828267199
0.9146708895503395,0.9148578633961297
0.8420721575649693,0.8422385383296461
0.9904338540596701,0.9904300228428636
0.9885748698237156,0.9885707716785477
0.99018918551311,0.9901931128222727
0.9902875774955161,0.9902845572348663
0.8668113785742205,0.8667838785275087
0.9900688229149802,0.9900710277014582
0.9903189157532873,0.9903161051391247
0.9902991411207269,0.9902990780793562
0.990466273132582,0.9904635792882311
0.9905025114968173,0.9905028416293123
0.9902019495288674,0.9902011105400708
0.9845035014380595,0.9845018752189111
0.9893426293942131,0.9893386953467274
0.8483408356300436,0.8483425068566252
0.99019354780792,0.990193085132344
0.6234003485755168,0.6235127229258804
0.9903601433290532,0.9903639012015643
0.9903859217838008,0.9903870315939131
0.6442567391613727,0.6444650866291074
0.7501852576832319,0.7500724107825816
0.7120133641307151,0.7119643529703807
0.4587009961289366,0.4586253170295783
0.760769563709434,0.7606814017313832
0.8893294171922952,0.8894638608964452
0.9901991000977978,0.9901977173836404
0.8954273000330247,0.8954230099316703
0.985703290229187,0.9857021519922751
0.6650594671816961,0.6649102490917461
0.9901884078769272,0.9901894562857343
0.9902818786506885,0.9902826073389208
0.8897627628093991,0.8900251891443403
0.9905003380802092,0.9905006096972544
0.9903784018868051,0.9903780391477923
0.8325224681758512,0.8325314790303412
0.5948223443933092,0.594798341368019
0.9901830454555489,0.9901840659773933
0.990148730630787,0.990149598365891
0.41862633910696,0.4188962855760316
0.9901362653766164,0.9901351562228071
0.9901624620670081,0.9901629830327034
0.9783678405654667,0.9783742092027432
0.9904877373945602,0.9904870735052549
0.8302961622144324,0.8302754783409526
0.5789499305943874,0.5790395238637888
0.5631757214560207,0.5631932224991644
0.6584426947012002,0.6584074272197418
0.9890257631309128,0.9890278733613715
0.9901761660907594,0.9901746000932472
0.49756913855690243,0.4977163370286203
0.9810077727732658,0.9810036973180114
0.9903621879234411,0.9903640720665143
0.990202561240793,0.9901992648206074
0.8070543141147397,0.8069569108158957
0.5041509287052708,0.5041473266697184
0.749886285805428,0.7496101392718818
0.9726530183786253,0.9726203946832436
0.9901522500131488,0.9901534385563637
0.9903953005882634,0.9903931696215622
0.990265978850739,0.9902697610936388
0.9901445868932339,0.990145201134563
0.49675422459598756,0.49680902808964206
0.9901890057965307,0.9901915758548079
0.8299470581128053,0.8300338534648043
0.9895209660369925,0.9895188325307795
0.6586268364637972,0.6587067592209469
0.9902181701201125,0.9902174295668634
0.7182881929934959,0.718566043047134
0.9785796350661776,0.9785880638333889
0.5862101358929797,0.586703281742803
0.8566061466239635,0.8567558229228394
0.9046522390888582,0.9046593969891704
0.5915629696807942,0.5916442288946755
0.9762688693827478,0.9762292677934181
0.9904459486823511,0.9904464653695783
0.9904716884651115,0.9904698348833874
0.607186514856522,0.6070422500990468
0.8652317928910659,0.8651818332091878
0.7968309423580088,0.7947837260423708
0.9014412858866252,0.9014304528602015
0.916548044445168,0.9175238818952901
0.9899347758644542,0.9899356894007987
0.9901708523925966,0.9901680678739382
0.9896846379234403,0.9896895159429367
0.6590289972366189,0.6590568096555746
0.8652784242146309,0.8654499479859064
0.9901044573482107,0.9901056105383418
0.9904422348783116,0.9904450040069728
0.8836561059308197,0.8822552185961122
0.8471905773185661,0.8473040172752988
0.9889072226084953,0.9889071176687856
0.5315836320235443,0.5315910221369341
0.8887320180032349,0.8885125550338588
0.9134814558473496,0.913555314405894
0.9900694410634568,0.9900719566670602
0.7543052071147678,0.7543383383768851
0.5549876455194935,0.555296804564385
0.5589431171210855,0.5588435526195077
0.9901833645131377,0.9901828076664652
0.8153899884472957,0.8152178811204723
0.9903468290228747,0.9903524926792926
0.5137879154690356,0.5138145715461419
0.9844820803794267,0.9844805578097392
0.8509771905900071,0.8509290530514001
0.9904738975606852,0.9904738043822557
0.8968889703117673,0.8968926512347346
0.8437504241802708,0.8440489259293327
0.8410980820162373,0.8407010564862576
0.5245140076902737,0.5244826632740142
0.9901841171399446,0.9901841800849495
0.8754487078390082,0.8748242827501498
0.9901783177537923,0.9901784709841773
0.9903150560797787,0.9903110761876
0.735261886752327,0.7353507062692326
0.9898903223956,0.9898893850871253
0.9901750005411538,0.9901739014618947
0.9902085763298512,0.9902112909911561
0.9903161381027459,0.990315983294536
0.9901103429426383,0.9901065342726194
0.4517702712617326,0.45166384538220383
0.8951864095935681,0.8951856260345097
0.8540170866326803,0.8541942171279223
0.9029152585585817,0.9029086407878899
0.8611644379197028,0.8577747147755352
0.9812320737541841,0.9812355257006987
0.9758222858574638,0.9758368994456974
0.9903470959335572,0.9903494745653078
0.5583398323482585,0.5587591337531438
0.8397564030974873,0.8397813763033466
0.34996813222962403,0.3499484420941549
0.8394333513291788,0.8415295392385886
0.9268806911315952,0.9262716424358394
0.4960440037963457,0.4963413931405715
0.4220451674999573,0.42204786796240823
0.9806567221606137,0.9806608979044341
0.9904367525837571,0.9904395847852033
0.47358267688558164,0.47355707313198075
0.5146611974294265,0.5148624300638117
0.5334408703725271,0.5323209633848696
0.4995927503054174,0.49958878048550576
0.9754430198049658,0.9754302844245807
0.45518276155146203,0.4552154921663536
0.9901723777748261,0.9901717484074805
0.9887817311633845,0.9887792002401105
0.9903564783158905,0.990360149082649
0.7871008433393366,0.7868112493681347
0.882840962080838,0.8832218161498757
0.9886226607957532,0.9886255910536177
0.7900654939501954,0.7899658162647235
0.990483783282535,0.9904859181382819
0.5340186909968424,0.5313444459262753
0.9901040460398731,0.9901019714829377
0.9844394775399061,0.9844415721672481
0.7133609384781012,0.7133475334822645
0.9243979486711034,0.9233755836572799
0.9901090682729219,0.9901088829825959
0.46670211029851066,0.467156893296032
0.9884146808107996,0.9884144052810236
0.9895392577890318,0.9895376399331923
0.6577584191902949,0.6578371260953664
0.6614212862103113,0.6390188271294673
0.5395107952471837,0.5395603014254505
0.9664161097933344,0.9664019406753033
0.9897835986689829,0.9897820874216993
0.5755947812424105,0.5756687782763737
0.620673758964726,0.6207158596601432
0.4684019858058471,0.4684267411079536
0.9875417595354579,0.9875375431217027
0.7218921318317469,0.7219056729818734
0.9887379249545312,0.9887354724052456
0.9895670443482589,0.989564346413641
0.34939821913998065,0.3493921246718834
0.6499030344129019,0.649839705864277
0.9842488415679179,0.9842467341994646
0.9887869392633333,0.9887870149991632
0.9069984613662248,0.9078350134267922
0.6134422920287687,0.6145637295057902
0.9142470121244051,0.9141032272187988
0.7769533317903482,0.7770259757507432
0.9886028774214672,0.9886030559754758
0.8725185747990861,0.8725123089917237
0.9903523783154629,0.9903549810691347
0.7063239116500215,0.7063218693434514
0.985687196527665,0.9856875716613105
0.9904366945353981,0.9904365848692531
0.9903484454545582,0.990351869548971
0.9903362158164545,0.9903384508249827
0.9903009733689595,0.9903029499087543
0.9901094421436957,0.9901106511120505
0.9903795171686166,0.9903823128120527
0.9015177461051569,0.9015298914059545
0.887640166067507,0.887660896013297
0.9132454039679327,0.9129285500911318
0.9663383860585101,0.9663496703783134
0.9904381037187272,0.9904353141938361
0.9013229113166261,0.901752954743574
0.7123746430454945,0.7125032242744007
0.9901638847568681,0.9901635162725306
0.9129423086083567,0.9134571394325148
0.9901938466882103,0.9901925150901792
0.9887706197521885,0.9887688350489653
0.7425396443796659,0.7425655272975873
0.989305811437739,0.9893051437124558
0.9784563396083307,0.9784543523711714
0.9878724391993808,0.9878740526429607
0.7616559698410402,0.7619318106149889
0.9739989525700974,0.9740270016600114
0.9904605356855894,0.9904657084499258
0.5900924178594092,0.5900100951499887
0.9887493441712516,0.9887472353105808
0.9899242175714811,0.9899239643046931
0.6084521462212475,0.6084979594710558
0.9900780225987621,0.990076198516594
0.8076467097056969,0.8086603897155298
0.9844952976186958,0.9844943692513461
0.9900354662046962,0.9900368037015903
0.9904750215121523,0.9904744678368744
0.990446371337888,0.9904441565714532
0.8971529343808956,0.8971442717565529
0.6893696220303043,0.6891291363693101
0.9029711165331019,0.9034655989982286
0.8290182196197735,0.8290009802892477
0.48091895640064947,0.48092172766570973
0.6906999567561869,0.6910560933807008
0.9123005331488374,0.9118609789552792
0.99020557659537,0.9902045811615363
0.989807235570407,0.9898117118567761
0.4499874295705549,0.44984335927064556
0.9894138672246272,0.9894124563501312
0.9902227817028909,0.9902263137862451
0.9902493625950094,0.9902478151372611
0.8815630280839918,0.8815431204949599
0.9902940631953038,0.9902944755265125
0.9903628055440172,0.9903612359334437
0.5335218468125138,0.5334893160277973
0.9901652161161661,0.9901665555635611
0.990186164553704,0.9901861178742786
0.44573452135434327,0.44559993613865667
0.8918873258130822,0.89239369595534
0.9900835484481705,0.9900756259387902
0.9847663021136565,0.9847645437678024
0.6002865140179399,0.6002256663132741
0.9904013187689722,0.9903992042857753
0.8945081488766351,0.894508758485269
0.9901520883586573,0.9901517567274012
0.8011413190251994,0.8011110489231484
0.6481170902096138,0.648368635511606
0.736324040075862,0.7370192921951417
0.9901863081037342,0.9901853194992585
0.9892182163466983,0.9892206997071737
0.9904467831281472,0.9904457698822217
0.9177066104245469,0.9177102076197863
0.8483514442484922,0.8483557268119083
0.9109647790221581,0.9124808100533081
0.9105573939930778,0.910594463348517
0.9883875249754817,0.9883843562725363
0.5480345258437771,0.5480612439721292
0.5937963466832296,0.5937033530876465
0.9895963221163825,0.9895937462175395
0.8882426160338089,0.8874333741872046
0.9892892646203397,0.9892827765131745
0.9905016686251852,0.9905012548162407
0.9903460004268304,0.9903427560420504
0.7204165576309426,0.7207358619247844
0.9902972409677095,0.9903007901301827
0.9902247227358624,0.99022642999893
0.5321963605501769,0.5321645196517144
0.9903416899468552,0.9903410291323708
0.9904761778094531,0.9904740196735721
0.9904317094564313,0.9904292759688134
0.9751655643441904,0.9751643087021894
0.8682128627628696,0.8681913578632774
0.9904793586379353,0.9904772377968177
0.9905037417858443,0.9905034530166064
0.8105258582449278,0.8111502129726423
0.8600826133484668,0.8567875694294856
0.9900240502862666,0.9900222093607368
0.9896897512285876,0.9896908170542028
0.8741287075280606,0.8741711360046697
0.8153970876749567,0.8155794507304516
0.5983294253016506,0.5983848177191374
0.990206124757577,0.990204074871353
0.9872768454548231,0.9872829003210528
0.9662999696790102,0.9663050728677396
0.4579156567225395,0.4577070765605445
0.6921418259681472,0.6931114700266373
0.9856991658896087,0.9856979737879314
0.5904310852897047,0.5904854620191109
0.9884001627707644,0.9884031824628091
0.5330154684115725,0.5329598888855989
0.990234341602256,0.9902322038221051
0.4734019619551054,0.4733940111253514
0.9786632876026555,0.9786590468193126
0.9903362122218979,0.9903394416857156
0.3168187182686663,0.31149081490895575
0.9903685376519115,0.9903711159120929
0.990177930544963,0.9901781484098913
0.8882350109370509,0.8883028567140436
0.985528582905674,0.9855235628904039
0.7519793323339474,0.7520455849261795
0.9902912972392192,0.9902908540170912
0.6065184350142191,0.6066273061410661
0.9901689223529585,0.9901704521946764
0.99018300540197,0.990183510746123
0.7138591065013219,0.713749048730694
0.7926331328723333,0.7926413834178031
0.9896806114335865,0.989679023035913
0.665186077919312,0.6651836407543803
0.8304796414354781,0.8304680707060993
0.9900724502596677,0.9900765492360422
0.9890926633411875,0.9890914796786067
0.9904464421194773,0.9904475777951995
0.9904464259386772,0.9904479914029448
0.9865777052358242,0.9865795039171122
0.9856813711252358,0.9856803263026986
0.9894947783639654,0.9894938803024695
0.9904972192255032,0.9904976089927944
0.9710438893675994,0.9710426516044421
0.9875082039767085,0.9875069376623549
0.4869888630390567,0.48706881795586154
0.9717405841037275,0.9717163385801315
0.9856541258394734,0.9856560796883106
0.9132008598868969,0.9136079746629971
0.9904790245035093,0.9904788421581915
0.7668003683155792,0.7668318771224902
0.5966196523405827,0.5972378885621287
0.9903039228725363,0.9903013011202841
0.9894322549482317,0.9894341709908745
0.9130484033191846,0.9138525971988423
0.990222301253568,0.9902225238376781
0.8857889644504975,0.8855651198857621
0.6023846280771292,0.6023437471344341
0.9893119995766259,0.9893094828093951
0.9903182093728822,0.9903149376774542
0.562273005856206,0.5623570556958102
0.5836782953923748,0.5837122554331569
0.5929102427502175,0.5928678954158214
0.612300566751788,0.6127873183678676
0.9904789937000928,0.9904802438646165
0.7509290246680642,0.7507267427611144
0.9904760808460442,0.990476413640456
0.990461369243976,0.9904631308239868
0.9901819921827605,0.9901837315991225
0.8737736438332351,0.8736907721703647
0.5884942982254107,0.5883552445312036
0.9866064391757148,0.9866081559541787
0.7417568376724717,0.7417856750535392
0.8271879297929038,0.82889095229318
0.9898347062781937,0.9898298246345033
0.9903157944001497,0.9903145864351977
0.9901753795156201,0.9901755713782592
0.9902110917172233,0.9902092566413835
0.8863154878805606,0.8866885683185979
0.990195963303533,0.9901946513298521
0.9903901125149703,0.9903872172797867
0.5652809919999634,0.5655113862495664
0.9751456772470102,0.9751460938062402
0.9900808824221463,0.990080626776941
0.8166984002949352,0.8166063393866213
0.9901533127293616,0.990154132019327
0.9900935440635799,0.9900959872669612
0.9830162179386243,0.9830179171985661
0.9879149006506246,0.987912611351489
0.6781000025396295,0.6781276356241183
0.6805945820464531,0.681239547687582
0.9226400299652627,0.9226348757738516
0.9889762341535998,0.9889796468543273
0.990431728933194,0.9904305961269138
0.8309100684836129,0.8308775165522914
0.6615301073928631,0.6613796414180381
0.9866444944086057,0.9866444218280154
0.9865575457893867,0.986557582031013
0.8927258168148613,0.893162404150023
0.9845047271533698,0.9845045143355202
0.7778505003853395,0.7776963027075335
0.607070354996655,0.6071892553444788
0.7099081891846908,0.7098481502816708
0.9890076648328423,0.9890036212802897
0.7797735932166119,0.779805286876938
0.675255098889104,0.675255646533241
0.8444102316706781,0.8444164542829641
0.9901590063249763,0.9901588060440758
0.9904159989783288,0.990413174263416
0.9161322714086866,0.9163476592171698
0.9899832938870666,0.9899835207461485
0.8987203355608766,0.8987842956044751
0.7636529899660843,0.7635660544503952
0.9901806236597607,0.9901803463465277
0.9878172890687211,0.9878171797532163
0.9233079796818754,0.9234293270714551
0.9903052364714953,0.9903033846457048
0.6162342483847941,0.6161544091496887
0.9662337207057234,0.966232354831148
0.9878256839211922,0.987826024962022
0.9904311019513174,0.9904268640890337
0.9855878012362017,0.9855943078282892
0.9857663176743722,0.9857728116492708
0.9902117587409555,0.9902095820519555
0.9902412938307572,0.9902429944449418
0.979974488406503,0.9799614702204349
0.9721801474144445,0.9721596891482656
0.9143386745474849,0.9143719869825806
0.9904302210714966,0.9904274696958215
0.8317147275645737,0.8321650665985274
0.6946000260987347,0.6945867807863909
0.6396432798584006,0.6396631240643154
0.972000267342197,0.9719592464540564
0.9903143576251672,0.9903117084789563
0.9901877574880348,0.9901885619796943
0.9773116082052389,0.9772966301071204
0.8494739133478472,0.849316335121201
0.9903983070819673,0.9903985724067119
0.990122034723517,0.9901216485208186
0.7189380118065921,0.7192471701525557
0.9901646367915067,0.9901623092145219
0.44416013094222334,0.4446296479004754
0.46637554116078744,0.46648793725941395
0.9886037974665695,0.9886036029388188
0.8660138952240101,0.8659517480194217
0.9904896873949193,0.9904898571008098
0.9903200288326464,0.9903233643277324
0.9902299663367108,0.990232461250313
0.2705542457935089,0.27026702601415836
0.883901536323162,0.8838648693462434
0.6592212070789162,0.6592168818382227
0.8127308852179251,0.8126687448218246
0.9903133060103951,0.990315535812518
0.9899013741513794,0.9898999373772602
0.9901898146737628,0.9901889357353301
0.5268237739938845,0.5269246150163724
0.9897786709559799,0.9897770063009484
0.9882562454692436,0.988257257380831
0.9903110885045366,0.9903157077664162
0.985673805072106,0.9856714106337394
0.9904795712920774,0.9904788147210215
0.9904924982469129,0.9904935206458935
0.8870241950110764,0.8868537468278792
0.9898111980180986,0.9898096822588441
0.9904419918109594,0.9904438813537568
0.7081388462203858,0.7082366241822935
0.9902708387445511,0.9902731219736538
0.7776145300642846,0.7775992121473569
0.7297444755395451,0.7290853231246589
0.4505843868167684,0.4503845020520824
0.9902715345501576,0.9902649717258734
0.9897532707102022,0.9897514721081266
0.5147317564944666,0.5146233820303006
0.6621597402558046,0.6622583550037551
0.7537353050720171,0.7543868625972526
0.3488447465699468,0.34876136637309235
0.9901934737936331,0.9901927356698057
0.8226038602533655,0.8225047404652267
0.7626402708026004,0.7627323658596867
0.7768435038937358,0.7768421266313571
0.9903418139710486,0.9903369617998555
0.6906809743102004,0.690673806110766
0.4640066637971914,0.46413458536851115
0.9903257744761353,0.9903228628590781
0.9902910869201893,0.9902958908522591
0.9901754032071016,0.99017932688045
0.9899921788040559,0.9899902572374287
0.9895545501065719,0.9895547784576973
0.9249289290782694,0.9249112029291959
0.9872207326719034,0.9872249287294673
0.8795017016972442,0.8786935702811924
0.9294860260409333,0.9295010840019649
0.8878974756408272,0.8875044965422515
0.8716787037039679,0.8716581957428292
0.9904332724702606,0.9904344510565762
0.9900797243325524,0.9900812805304219
0.9760802780795816,0.9760558738424181
0.8732499626361133,0.8727505401853075
0.9904392631816591,0.9904390208789025
0.8304024888481157,0.8303461952327562
0.9900173990565594,0.990017997452261
0.9883073101340453,0.9883062249285801
0.9901892175420397,0.9901886971157333
0.9902977133267563,0.99029496254061
0.6384609450616396,0.6387618850053655
0.9276288741080458,0.9276436618651797
0.5258004451643734,0.5262536457825754
0.9904186200550424,0.990416622624689
0.9029484257264482,0.9029495532672847
0.9074865371886921,0.9077273316284282
0.8764109631195425,0.8755224339545403
0.9902342039978954,0.99023362370084
0.9902129751365623,0.990212220473928
0.9891537339030102,0.9891531033470244
0.9900648543006783,0.9900655396059267
0.9902268170896049,0.9902283070323018
0.9903289171092162,0.9903332770498321
0.9895553402782022,0.9895526183762391
0.8863525562806577,0.8866574492284423
0.9897279448975042,0.9897272914833554
0.9894814481312326,0.9894821583615735
0.9829675505727292,0.9829662139217733
0.9129209352702486,0.9128914195683029
0.9878696432268239,0.9878684507685641
0.3199561779233895,0.5305567218565402
0.9145621045398178,0.9145779588200641
0.9903921420115196,0.9903981078152829
0.9898029194006179,0.9897991559346836
0.763829749339851,0.7638022530025935
0.8496435355293889,0.8497447306560931
0.8968428986192519,0.8968041170427249
0.9904852421634419,0.9904834342418782
0.9185464166349194,0.9187363903468885
0.9092894312703624,0.9098504955481691
0.9902487578331994,0.9902443990830463
0.9903309044737179,0.9903322034603869
0.9163984980156236,0.9162384199212842
0.990270739949397,0.9902722570844604
0.8227641118219283,0.8228284300879164
0.5114967904116482,0.5115380189729872
0.7924609648444904,0.792473540102242
0.9904765574038141,0.9904766893419091
0.9897231623080401,0.9897255747470521
0.8856044284505308,0.8860232923280723
0.8627862627050662,0.859201837236683
0.6421386069694405,0.642176522005668
0.6771036764619074,0.6770913428954987
0.8506505737604623,0.8500831063877128
0.5469947163118948,0.547031009102438
0.9000349951620611,0.9001910556224776
0.9806049387602608,0.9806041376410795
0.7103181553851364,0.7103017687894818
0.8969845795102067,0.8970622036332636
0.8497089874973501,0.8498421174689378
0.8788961193381123,0.8788494632428996
0.9895058348065359,0.9895068834544785
0.9162838932540945,0.9162137251992961
0.9902014553237829,0.9902003856771462
0.9903031206449893,0.9903064465806736
0.9883907539164812,0.9883889848149842
0.8325195900803568,0.8322285220195249
0.9114517781208815,0.9102256678957698
0.8014668291082255,0.8015147127717072
0.6745519637947158,0.6746278263412046
0.8597223898324116,0.8600250548928807
0.9899782525984311,0.9899756422205709
0.9900585409420396,0.9900574653299078
0.9903669054558536,0.990367619907391
0.8846727092528603,0.8848056666656369
0.4670111636661963,0.46714053335800787
0.5851080110635913,0.5854288516936268
0.8511681040498934,0.8511691472720034
0.8949765142531878,0.8945885625369813
0.9901112544716388,0.9901099894281739
0.8581632075606273,0.8591480082531118
0.9895661781560982,0.9895649097962972
0.9903877597946957,0.9903904779954686
0.8408628475893233,0.8409221634409393
0.9903875370622894,0.9903916549932922
0.4879643285630376,0.48787820750144384
0.9900513517505609,0.9900524290922035
0.9904215502422575,0.990420030927273
0.9857454005775511,0.9857414273250669
0.9886381941676268,0.9886399813288197
0.9902427453425985,0.9902408998782899
0.9137866022854585,0.9138365167137953
0.9900652998839724,0.990065580968772
0.9903249186454819,0.9903262372939042
0.873436859732529,0.874095464623982
0.9898076304029396,0.9898088465538811
0.9882518161437441,0.9882514727788413
0.31787601413043204,0.3199833528493119
0.9898131596627704,0.989815021235898
0.57619024453282,0.5762705504587122
0.877628188914652,0.8776737950978424
0.9901746562059986,0.9901743589908821
0.6426092817219302,0.6426117211375556
0.9901881208894543,0.9901893260846418
0.9901305268239391,0.9901278962357256
0.8524893185439529,0.8524956652817619
0.8304369113817359,0.8304020277429952
0.5433120556623223,0.5433648127969175
0.990199778811621,0.9902016397621867
0.9903152475793224,0.9903132522820001
0.9902310543176656,0.9902357651454622
0.9902895718053354,0.990287912174737
0.9901442911294095,0.9901451335774412
0.9904846955387065,0.9904845764700181
0.9902710911861571,0.9902676295140185
0.9902057238584334,0.9902032812217757
0.9884051223901105,0.9884037487914334
0.9891441708413896,0.9891456859721633
0.9825396775377339,0.9825411125184276
0.9836763033075038,0.98369993180384
0.5694261004236111,0.5693148863628597
0.9873413934008496,0.9873385957995024
0.6584568276262566,0.6583799449208817
0.9904928714961869,0.9904927441357052
0.9762828278732102,0.9769796825255921
0.9829708612817046,0.9829707827520356
0.9903319498175719,0.9903327552228043
0.8125586905375181,0.8118827453481146
0.310437094179134,0.3109713206645012
0.7469385302256851,0.7471356692062333
0.9787207862069721,0.9787119328623654
0.9901774855579112,0.9901798196336274
0.9903342862646531,0.9903372064272158
0.9064276500384656,0.9060065080114694
0.9857068064182126,0.9857067378632509
0.9902748462531592,0.9902780416604859
0.9900540546255583,0.9900531360395063
0.9899372526301695,0.9899372161639605
0.9904293132601169,0.9904279256288732
0.9903292218522949,0.9903298456619473
0.989867077918803,0.9898652475724967
0.8516791709857267,0.8516781610040769
0.9903980964166567,0.9903989817111577
0.9902512558117864,0.9902505182047528
0.9904881889478425,0.9904864674707764
0.705399556666795,0.7054766227996555
0.9901762479163828,0.9901794905590505
0.9851259383956963,0.9851275915180184
0.8789956478135251,0.8790096669632623
0.9903933199711584,0.9903914200804093
0.5130275006965346,0.5132014304757231
0.7175837774684364,0.7172804114320348
0.8539524489261712,0.8538531881865415
0.4473122697678186,0.44761898900050545
0.8937844119026471,0.8941336753187186
0.9903177792655345,0.9903144441803136
0.9052237317525142,0.9051280926587038
0.8715247005790521,0.8715185461134389
0.990433187047566,0.9904371922693167
0.5149899354698645,0.5150906857318575
0.989352116891936,0.9893531825378742
0.7300251594578825,0.7302098395884339
0.9903187008503936,0.9903210760833538
0.9896804016236433,0.9896771712439328
0.9741418254173395,0.974171072320027
0.9901778897736725,0.99017932688045
0.9901873745450691,0.9901874420642344
0.8606229730482904,0.857590087783481
0.9904897199154279,0.9904898780945559
0.8726662813140563,0.8728660947447069
0.987265584847627,0.9872658505972325
0.9900857227765377,0.9900858433407865
0.9900898997761949,0.9900898107618415
0.6674540011652573,0.6674287387425234
0.990323890111436,0.9903195997305603
0.8813490324052952,0.8813157860479244
0.8414157268708842,0.8413605541988979
0.9856788520009607,0.9856798122182566
0.9898564834772468,0.989853741514837
0.9047078380963984,0.9047017700287248
0.9883953716906924,0.9883964149158692
0.9904332215278254,0.9904326364388042
0.48918970495147607,0.48918747349468417
0.773879205558229,0.7718948651923057
0.9905024446423528,0.990502047517937
0.9892928829474047,0.9892989629982655
0.9872704361830529,0.9872670358116907
0.6482590231284975,0.6489719103277498
0.7221557078999716,0.7242009698309491
0.8992315525550484,0.8994269093779966
0.5189858999118288,0.518984161445192
0.8496192913000428,0.849328427453868
0.6336896888407108,0.6341376003544685
0.6811260129918855,0.6812025983535019
0.7240677108577764,0.7241247780704445
0.9030656957602358,0.9030720838521329
0.990299090239646,0.9902998475275976
0.9709061898413642,0.9709037226517566
0.9902490742033722,0.9902513074329973
0.9904769469278984,0.990476076495417
0.9894266083068957,0.9894224145544247
0.9903327073862805,0.9903363017371006
0.8771465452285836,0.8768640156281373
0.533707307995691,0.533709222410898
0.4549194109957993,0.454995089633794
0.25653449436461606,0.2607881184138898
0.6473778453859619,0.6479117245435927
0.9904084667557522,0.9904089841515649
0.5600413435395182,0.56682600960276
0.9903968023114977,0.9903984615003139
0.5186790655597943,0.5162945553558613
0.5480447314498609,0.5474782894960879
0.9898687318667453,0.9898692370494936
0.7528419886039497,0.7527934721512586
0.989845680066454,0.9898421539765663
0.6426540110189347,0.6426467076304921
0.5949329059455872,0.5949261448716238
0.8437061751157943,0.8438695760149298
0.25517406128749137,0.27931180142090956
0.884949002166569,0.8852578116600207
0.9902292390563472,0.9902310932629649
0.9701472541297673,0.9701404228261178
0.9902055383371313,0.9902050386312469
0.9902041651654147,0.990204537498445
0.9902703088722125,0.9902694126122208
0.9901140560013426,0.9901105619522004
0.5803341951226577,0.5717017695647582
0.9903691084398498,0.9903720844460399
0.9902962859018475,0.9902981743492403
0.9902959301148176,0.9902974498876718
0.9884116792951423,0.9884114232151924
0.9893271386363013,0.9893281159041577
0.9902915872253403,0.9902952006501751
0.9028626861713839,0.9028683018546072
0.9903820429942731,0.9903783365970635
0.9900553197434134,0.9900512418459196
0.9904130643726274,0.990411501681134
0.990381376334554,0.990377890644157
0.9903617690865896,0.9903647465882475
0.9901590308385751,0.9901573897370883
0.9856525967213154,0.9856523508498745
0.8953539529335779,0.8953379901994246
0.9884106455441954,0.9884094462092343
0.9054718586056656,0.9038408783379346
0.4529905357936412,0.4531093998254231
0.5164037299508337,0.5163092905255712
0.6591781644792583,0.6591905903424553
0.5094220881405949,0.5094659801700493
0.513700265705358,0.5136461744501455
0.9900157682957265,0.9900164515827156
0.8411391125844584,0.8415744073650252
0.9044323304701879,0.9046661337596035
0.8885455552642996,0.8888952059511769
0.9017422442306596,0.9012085068683281
0.9902233840603963,0.9902253449581928
0.483551228013383,0.48397854670682683
0.850525608620693,0.85056851809056
0.9887624954020644,0.988761415450338
0.9899367227111135,0.9899380391885023
0.6589799708767383,0.6590159984222673
0.8897995696119073,0.89009947447482
0.990075830431767,0.9900751893516291
0.9900961641863715,0.9900947605923947
0.6044689434203183,0.6046713684829672
0.9904119803777515,0.9904152597281309
0.9901741415027352,0.9901725424238016
0.9900042734935599,0.9900041898226988
0.4577273508551366,0.45747325676752254
0.5566613039573856,0.5566559864968312
0.8976580021660415,0.8976501417335637
0.5038304435219112,0.5036015759170759
0.526228548292898,0.5267302818110211
0.9904675589854164,0.9904660123456341
0.8034380339996174,0.8036923545242933
0.9802004736415245,0.9801760328774628
0.9903317836206226,0.9903286106342907
0.9295828452498192,0.9295781884212164
0.5750204859393131,0.5747338737600767
0.8806357731787826,0.8791549464404492
0.5696872214006381,0.5696455972274778
0.9891873933562836,0.9891790583793956
0.8436269622799619,0.844375089897483
0.7753158384619234,0.7752919553488522
0.9662283451275723,0.9662285590358828
0.9895521705110778,0.989553292349918
0.990167179064752,0.9901644288631961
0.5040699957233125,0.5040713752201126
0.9903832923165026,0.990386543085013
0.35591804445781067,0.35699978079504185
0.9890435669931985,0.9890461674088283
0.9902257698756062,0.9902260555477322
0.7216720737796123,0.7217142752858802
0.8097102702189545,0.8099616093527946
0.9904949404785419,0.9904942502433383
0.4220398266841432,0.42203983068927703
0.8582955752132932,0.8583281488671389
0.8465891220462234,0.8466210047260206
0.532766856882133,0.5327463902009447
0.844576814664228,0.8445361573050013
0.9829603070275049,0.98295816452441
0.9011090578121953,0.9011247694539821
0.7903712608609198,0.7904789931420159
0.9233791947537645,0.9232097528746528
0.9883693061553456,0.988364776499663
0.9904571445958879,0.9904535208662613
0.6510075742455504,0.6509742130041427
0.4735292748686791,0.4735393435360769
0.5990990998321954,0.599101819853792
0.4554602976892846,0.45532578473506363
0.9901987292384777,0.9901982321104136
0.9902594255119807,0.9902614169082379
0.9903580011439583,0.9903593895243639
0.9903440841113729,0.9903499716017948
0.4835388201045281,0.4836213832265433
0.7102797832659007,0.7105636246988806
0.6932714596091331,0.6932662228108497
0.8721484201313511,0.8721138022508497
0.9902619682095232,0.9902595145472598
0.9883702551507948,0.9883666394628624
0.9894151157347578,0.9894108986638807
0.9905019821181236,0.9905015590876103
0.9904644831233651,0.9904629054633337
0.989481003664074,0.98948164324813
0.9903059183319445,0.9903082096200286
0.9901661936972237,0.9901703444444968
0.9904770887232801,0.9904762439130917
0.6210008384340606,0.6206233718989433
0.9783201717212078,0.9783199506884206
0.5466287359511564,0.5465799749943647
0.9897201346155571,0.9897224116317979
0.9903760868835476,0.9903724704816245
0.6575795790249677,0.6572328375302355
0.9904375790006194,0.9904364033851258
0.9900447700502016,0.9900428488077289
0.9035034983136003,0.9021052300350637
0.5478009048066558,0.5478183651950679
0.9904941607768198,0.9904941493072925
0.9900960401049294,0.9900959725808153
0.9901720679201621,0.9901727751861678
0.9891402565472988,0.9891406526043758
0.8011659195073979,0.8008743897468666
0.589527152314428,0.5895168481175885
0.9901065421858429,0.9901076348457489
0.9902038290488775,0.990202376050074
0.910736873055082,0.9107986365979173
0.8471231094568532,0.8471487867949893
0.4786551767161233,0.4676216462257402
0.7512139226956688,0.7515392808781013
0.990059831114641,0.990064599268527
0.893941730621031,0.8938784162675565
0.895676305933528,0.8965040933720754
0.9903611448979462,0.9903673354126797
0.5486001083004775,0.548583095231657
0.9887559143568038,0.988757011946013
0.9245985349691882,0.9244825201737317
0.9903612760581088,0.9903635457917129
0.45094518504008935,0.4511055098020774
0.990457769566145,0.9904566067522039
0.9893517685151988,0.9893517708522335
0.9901835957289805,0.990184962646648
0.990297487873674,0.9902982789071596
0.9875674435007233,0.9875671393117389
0.8670208544712186,0.8670141037892953
0.4342793194718367,0.43418472114346907
0.9249283537231435,0.9249082754405749
0.619001538912177,0.6189571354682215
0.9901730566496115,0.9901692283890369
0.9903028110169185,0.9903046201534333
0.9844699166191399,0.9844709182844944
0.9895973195467581,0.9895946327099513
0.6616557552463906,0.6617112859708704
0.721947077252736,0.7219506401605377
0.6703621687672836,0.6706178642415247
0.8819373642566847,0.8816114390433282
0.9802245353226969,0.9802237222928163
0.9897694264011022,0.9897683613290785
0.6105142215351329,0.6105129391847882
0.8499506117518008,0.8501676993270866
0.6641758242709787,0.6640877900105133
0.9900714191665955,0.9900690250796087
0.974972630483795,0.9749748881667425
0.9897311791600921,0.989730726720792
0.8955268220318011,0.8955583184549332
0.5189079509328312,0.5188949783686125
0.9902566541617839,0.9902552167941145
0.5484624587484981,0.5485216779647075
0.9899362488835176,0.989939832194171
0.9106127234458763,0.9106653068814464
0.990027020498491,0.9900242835084809
0.9897412695432236,0.9897388643747209
0.9892624494512818,0.9892649705888364
0.9903443863545826,0.9903434731359206
0.5138761406746941,0.514114245466203
0.9901817748028164,0.9901835406091046
0.9844940219296696,0.9844934982673474
0.9900647415279403,0.9900641824144008
0.9051885335447641,0.9056097949491807
0.9756473953742265,0.9756738316078539
0.7295709211921898,0.7298014542764248
0.9005338276412923,0.9005512652154902
0.9902322816990617,0.9902301192294142
0.9726942971166375,0.9727153710661982
0.9904966904850571,0.9904955352789152
0.44333477674306565,0.4438059742724223
0.9904160825030949,0.9904191524948377
0.8606803735303434,0.8606487191103089
0.6752634951421644,0.6752597652903097
0.8923875512048611,0.8923364213175036
0.9903650534643349,0.9903616410304282
0.9038414930191373,0.9042259591455156
0.990258161406536,0.9902590239334498
0.9901891597128494,0.9901884142732479
0.7441278154703321,0.743901839034343
0.571389617528948,0.5714525317701917
0.9892508108394062,0.989247982929715
0.6934039484913691,0.6934835123111435
0.892333904835105,0.8924756106224447
0.9902553224222215,0.9902544722462995
0.9900071642917662,0.9900053726179923
0.8712091511869159,0.8713800432290217
0.6427193966568929,0.6427073537556791
0.9885888211809621,0.9885841929524404
0.9902925952479316,0.990287496939391
0.9901654673885549,0.9901663632650062
0.9903226634354237,0.9903246951687276
0.9901338255998994,0.9901334540971196
0.9902160819279578,0.9902144526343636
0.7066500624379873,0.7065718862110946
0.9230163411544516,0.9230635261888409
0.9018106408160381,0.9018083470230296
0.41560413587939754,0.6141691133168787
0.9710985003196528,0.9710971345584537
0.5101055348983984,0.5101107106186595
0.9248414217451049,0.9246640148536075
0.9896402400985166,0.9896344924297554
0.4865619490591711,0.48645763153806376
0.8919102703838716,0.8930536083153059
0.557036415482504,0.5567927429744483
0.8238078868612805,0.8233497841637591
0.45296592057675256,0.45262420263909126
0.9896087812556633,0.9896087343753959
0.8593358630963227,0.859322922398113
0.9888969086964916,0.9888965703534562
0.9904192832239753,0.9904187268212438
0.36806582302877466,0.3687317596846855
0.8955520687122075,0.8956636570144632
0.9902876642151491,0.990286670204322
0.7071905650209162,0.7071121427304051
0.8368734540656535,0.8369069044915036
0.9901657797529418,0.990165542420833
0.9900920397730231,0.9900922040501129
0.9013666239643253,0.9013566616081096
0.7191740009846151,0.7193996825025141
0.9898063935365008,0.9898035531154362
0.804234560320444,0.8040781006976069
0.6493524271477829,0.6493469627025175
0.9900785217577728,0.9900780531419735
0.989180789174655,0.9891798933298922
0.9901593650784433,0.9901653676311463
0.9903712878241631,0.9903689136579631
0.9904756402127047,0.9904765940843191
0.7146445446619331,0.7146878741247445
0.9901609659293257,0.9901668974027689
0.9894396367741822,0.9894403751563118
0.9903339583019479,0.990338412603538
0.4671569483579374,0.4671537546521208
0.9098983309666993,0.9098291514742064
0.9902355021773542,0.9902347814145103
0.6021472093602477,0.6019873076754125
0.9904812140238255,0.9904805660266767
0.6299393471734543,0.629859101283028
0.9904258593713982,0.9904241267997795
0.28195022797679953,0.28339168470590137
0.9902644078507002,0.9902629936978901
0.990208638704117,0.9902103752799866
0.6722780092301768,0.6722765985604948
0.5336477343301096,0.533625880933633
0.9228067655440683,0.9228043810448928
0.5038871533537873,0.5039223632307457
0.6258562674365314,0.6258297414166678
0.483951733692392,0.4840590260652092
0.9899652345134218,0.989968224173748
0.8820791866441908,0.8822792958497065
0.7327324845826347,0.7311674240737086
0.8775556883895513,0.8776260754640894
0.9879336819819582,0.9879347306214382
0.9764334198902059,0.9764348802333275
0.8564230415563971,0.8573865782544532
0.9904916966935196,0.990490860146567
0.9890816753949803,0.9890800251024939
0.9903131784997407,0.9903091217889738
0.9902003545972702,0.9901993705927188
0.9904991495581447,0.990498583199332
0.8592247489565141,0.8591799668496078
0.9043272693473625,0.904157414785255
0.6261885343404983,0.6262040000175884
0.9904301557875962,0.9904308261537373
0.9903503034201419,0.9903487822328289
0.9901875257036379,0.9901887269346469
0.9204520689864544,0.9204437294253032
0.8765545861091067,0.8766595585182576
0.714352407076353,0.7147035982556433
0.8724833692303899,0.8725719891720451
0.9829524132459055,0.9829538529287508
0.7997351080107877,0.7997028650998604
0.9901392824916452,0.9901407903534427
0.9901580465842996,0.9901608607335224
0.6087508031922932,0.6123908837535736
0.9905010191783218,0.9905004696616859
0.9901878030637431,0.9901886341346505
0.7195322696290466,0.719486804225044
0.9904591938476973,0.9904612030196543
0.5374888071068225,0.5381568226935771
0.7624307653284084,0.7625626989342932
0.7764052469097757,0.7763309585269442
0.9700377381237139,0.970044027509069
0.5232281894863864,0.5230781621390048
0.9903139914124053,0.9903105502514288
0.9903553345329185,0.990349684348343
0.9899281291172003,0.9899284220709006
0.5292856902890818,0.5292261136944542
0.8378009716135895,0.8341673140870368
0.99047158536034,0.990472238467093
0.8890112924347319,0.8890022992604345
0.772984635894467,0.7714429967434303
0.9176625987511065,0.9176961934072968
0.9902849208849701,0.9902818925754271
0.9904960972772944,0.9904958838597132
0.8787471167837736,0.8787006436253022
0.9904341445167391,0.990434677065267
0.9763669404589497,0.97639506819256
0.46933154621801065,0.4692973980799829
0.9829629700820484,0.9829616106535909
0.48683647246102035,0.4868584402179148
0.9903621646597938,0.9903577251446781
0.9903271248728892,0.9903331808538921
0.9902842424067914,0.9902803722590605
0.5346277752921045,0.5345809692774122
0.8633147826383235,0.8636488791325192
0.9882717758279176,0.9882706236255531
0.6537944107899399,0.6541195761092269
0.9902895431474112,0.9902933405394841
0.7539640727493694,0.7537552968672112
0.5551926958898201,0.5551048944296135
0.6262473741871214,0.6262441221495987
0.9901497851369504,0.9901499943556492
0.9902971794487037,0.9902957603508871
0.9902897841420264,0.9902882896292737
0.34586513283192033,0.34592128657652227
0.33759915257190504,0.5576965094048283
0.6295956985563949,0.6293694190555772
0.9903037640606487,0.9903054248458296
0.9899963269603483,0.9900020689153319
0.595007143903631,0.5950006500585387
0.80359126980769,0.8035785739600074
0.49531902936697214,0.6785455057391006
0.8511082847067193,0.8511151266028858
0.4736201347846036,0.47361316143938453
0.9899199784060777,0.9899187130262174
0.990353122887071,0.9903499929163699
0.9903889768733046,0.9903934890086122
0.9901507941175451,0.9901517738948661
0.9904148678245563,0.990416436917714
0.49493422186253955,0.49499012864219927
0.8198601011800767,0.8195567839170242
0.9784446323579987,0.9784451073913425
0.9899837924416436,0.9899819896489658
0.7669536992015363,0.7660801702453287
0.9902264551110637,0.9902216199215569
0.9892939106218227,0.9892914322544456
0.9902460468991968,0.9902433925394496
0.5759552464268287,0.5759603888017516
0.9883457354161801,0.9883500022760355
0.9886038622950907,0.9886037091473855
0.9902067589640811,0.9902089292219861
0.8732146033817375,0.8731564047595461
0.990395814350169,0.9903953052662048
0.8255305928954912,0.8253271566647912
0.602414037548089,0.6024115282942699
0.4990356305258907,0.4991881296426341
0.9902178234265293,0.9902157509893541
0.9807346425012343,0.9807349732915265
0.975143253314666,0.9751439376600639
0.6784790279279788,0.6792446576907375
0.8593372959682605,0.8593217698134477
0.9901828542307989,0.9901830523175748
0.8396770226011095,0.8399343866888636
0.9904934129471661,0.9904928221492392
0.9895170127753841,0.9895150174255776
0.9897182613804308,0.9897178157168645
0.9894796168284681,0.989479926734792
0.9881437405384288,0.988140161374157
0.49041987473757453,0.4902683562106849
0.9896919187481755,0.9896947746028207
0.8769028376287189,0.8759904143625221
0.9891935163254122,0.9891935890140766
0.4693304742415,0.4695431420244011
0.9174707701789018,0.917477587906538
0.9902814368800138,0.9902828136879573
0.4313074442746649,0.4311736420532273
0.894327098908404,0.8943069556754364
0.9724902429298756,0.9725090684633106
0.9855466998068034,0.9855426277841467
0.9889119541688363,0.9889116016607465
0.8385443690633848,0.8405935424814586
0.989089590465703,0.989088148406313
0.9672500396292508,0.9672344366130043
0.9262254363427791,0.9262005484949694
0.9751430228088426,0.9751433698975004
0.9904493372036793,0.9904466264369838
0.9896864325098629,0.9896862399097371
0.9902953420085647,0.9902918485804387
0.8205919415152666,0.8205841418655646
0.8007218644048139,0.7985895924013292
0.9904824922279764,0.9904822953586475
0.5311093167424099,0.5309839785274031
0.9902092065788531,0.9902114433951121
0.5242842466964892,0.5245040746969197
0.990408099202203,0.9904056530558983
0.48895300483285525,0.4889691759734022
0.9901289560275508,0.9901304235711835
0.9902979053136665,0.9902935147343607
0.8991926149188,0.8992274797488258
0.4713346549936931,0.47151582574162604
0.9902193128439304,0.9902187160404061
0.3907692235942138,0.390607373365891
0.8950464715607048,0.8950460696073091
0.988705568512443,0.9887008636258008
0.7682880016633242,0.7484065454273438
0.8254977013209592,0.8255264423946707
0.9903828313759436,0.990387102438333
0.9029826210473058,0.9029549390360968
0.9903782687392703,0.9903800766164939
0.9889309557809575,0.988929271462976
0.9902696027351753,0.9902652088462044
0.8583354714325122,0.8582893880731245
0.6533511437871279,0.65347493409799
0.9834282755018732,0.9834196062355731
0.9899671615806669,0.9899666713606892
0.9901827911890946,0.9901825833411056
0.8038681329705252,0.8038162387335133
0.4220435153809233,0.42204294459205266
0.990138404453057,0.9901327550662128
0.898532854038781,0.8986083654447499
0.679984196942654,0.6798833098994931
0.7791929318761119,0.7791267062446302
0.990190405201441,0.9901912077751704
0.9904457317177585,0.9904476900403846
0.9897617877719934,0.9897621262936331
0.9902633877881332,0.9902614734555688
0.5727019503155726,0.5726941056291439
0.9164426951659249,0.9166908606268329
0.5605213591258905,0.5603788908469219
0.7973044565485683,0.7969836234093761
0.7052865285048199,0.7052825748648531
0.8398900079314953,0.8399120144066917
0.5026605564397336,0.5027400533759602
0.9873592849205032,0.9873618010541327
0.9902556321557653,0.9902548162621213
0.904696447238941,0.9048855714286179
0.9797644426016372,0.9797527682171762
0.9829418630195249,0.982942333362631
0.5008939942573812,0.5008843094907495
0.9903510527562569,0.9903533579648045
0.6067729136244805,0.6070371398061801
0.5633681806873365,0.5633807573089405
0.99016451945065,0.990162637532558
0.5444782911237712,0.5446968874488257
0.9902664832711825,0.9902687715120677
0.9829831824225924,0.9829819862692585
0.5930795446814678,0.5930982792219651
0.9901960469894785,0.9901975195262755
0.9895438808442348,0.9895451401725172
0.9901866728162682,0.9901863803131326
0.5187414204828803,0.5187783251249963
0.6215146372601225,0.6215972991082004
0.5371621864187889,0.37541474974456174
0.5441991016609031,0.5441886116507292
0.8363548142174135,0.8363691229909455
0.9902077888557197,0.990207152337456
0.8840384987626781,0.8840937128130778
0.9010386722691685,0.9009515534618693
0.5097489508812322,0.6661255188496107
0.9883229155642688,0.9883214881592971
0.792785604282246,0.7928133920502174
0.9685534186986511,0.9684960404225181
0.471208577025577,0.47128288871213186
0.990456812727678,0.9904570648228586
0.5102586058780093,0.5109088014374019
0.9900938899465475,0.9900925050655496
0.9151619240248609,0.9155399812896999
0.9904932634442087,0.9904935029262772
0.9904444369156338,0.990443057289922
0.6414474581590646,0.6415674105003353
0.9899045702910394,0.9899034675614411
0.9868367661975305,0.9868424669679697
0.9230020985989823,0.9232140273259815
0.6592150622884222,0.6592252661836808
0.9860829086059344,0.9860945213426349
0.6426789263818913,0.642195127668018
0.9901772557297066,0.9901774450962045
0.8619146313107243,0.8613889305525793
0.9785330326488266,0.9785299107378291
0.9809821087277548,0.9809819799795727
0.8774817209646069,0.8754830276709543
0.48628742872671005,0.4862270299187265
0.927423214966515,0.9274852520942324
0.7675383093032373,0.7677572909730861
0.7227539862607067,0.7226754460960272
0.8633563425007407,0.8630731596867257
0.9901788006627487,0.9901806349069004
0.9800259497189638,0.9800190707833242
0.5326274254798437,0.5325478059115567
0.990179833544627,0.9901797592101029
0.9072516319086072,0.9069895548132222
0.9071509919112217,0.9080795435031968
0.9804284719382951,0.9804418154919445
0.9897782956085445,0.9897790998806941
0.9904450124671763,0.9904435767085689
0.9810658306326374,0.9810702616915283
0.6670741873384375,0.6670616409611744
0.9901753434351187,0.9901765206544713
0.990185260673996,0.9901855619827477
0.9903747990565186,0.990374283748243
0.9902512356172813,0.9902536688844908
0.7651827896868993,0.7605441364857082
0.7731607572905974,0.77315256498021
0.9904788619944409,0.990480101497597
0.9902397037470518,0.9902429267377102
0.6479664272996164,0.6483012463717156
0.9902806344285909,0.990279836503177
0.9895276671305626,0.9895302857446697
0.9844963842673413,0.9844969331482077
0.4736495314802705,0.4736506563201909
0.6774470149043347,0.6779883002984295
0.9898721059714074,0.9898719817885642
0.575197738315993,0.5752148692985493
0.9901294065839624,0.9901341364260554
0.9695895448656225,0.9696179503045191
0.9846213258454282,0.9846142805086704
0.9809881741500547,0.9809895566254518
0.8946138034914094,0.8946797142242439
0.6252561522020359,0.6249851258440591
0.9899219077161184,0.9899238316768737
0.7275314455359894,0.7273166905905802
0.6971586776628559,0.6970811590180938
0.9899751703308985,0.9899758001215792
0.9902124181666998,0.9902107367891152
0.9056892350431943,0.905685117191143
0.4649633594124513,0.4649278641041692
0.9901929953451089,0.9901945125293145
0.4552274444333796,0.455206274918559
0.890544294587241,0.8905037594250573
0.9899762557051857,0.9899751100169919
0.9895504326054054,0.9895498819600291
0.9902259792177923,0.9902264646695264
0.9902166415691545,0.9902152976980194
0.9902567291178037,0.9902537718836427
0.8400595012502632,0.8401632994081257
0.99027675115186,0.990275458046818
0.9902051521216262,0.9902083138291442
0.9127927850802307,0.9125534903801729
0.9829533624740476,0.982952434580335
0.47534930373768314,0.47531966621752675
0.9879288077051362,0.987929873354322
0.9128928217483204,0.9129587271991949
0.907755041894341,0.9080689253411545
0.990199854091005,0.9902015577083317
0.9903551439227544,0.9903545938602198
0.7759048237483159,0.7760359529774867
0.9901680996510209,0.9901653915714076
0.9243791060398492,0.923783348724814
0.4354369780116415,0.43522904833003034
0.9826787145631514,0.9826834602282372
0.9901246512365562,0.9901254231041259
0.9903920553696713,0.9903903808888593
0.9902847825719132,0.9902824508593802
0.6749449300338694,0.6749939376906089
0.7636937889499313,0.7637951743368295
0.9883906898533107,0.9883887603530833
0.6591292935847146,0.659123628702762
0.5388085199458682,0.5386641751720466
0.9826351858807412,0.9826252142181515
0.9084523426816947,0.9091963506166476
0.989951201852305,0.989951970371056
0.8354256954305811,0.8352415657375749
0.9902134260569438,0.9902125346122063
0.989234262153195,0.9892343508275867
0.9900704634640068,0.9900687465858854
0.8890463646992035,0.8890619153260423
0.9903685137073254,0.9903694712308575
0.9904783444464842,0.9904771300128856
0.5165858660064495,0.5167940501763133
0.7121018070500822,0.7121873409112639
0.7759712614060856,0.7762966324899879
0.891529734465514,0.8919719927016371
0.9902609767366983,0.9902559669713854
0.9148862087579666,0.9141839051493983
0.7615968311336022,0.761744428222806
0.5866931625229219,0.5870967156497447
0.9900731526387433,0.9900712769181342
0.9900234595727561,0.9900241474276202
0.9902107367691472,0.99021072008735
0.8797662994847483,0.8786790027784122
0.6836074669172493,0.6838602449572906
0.9894644521213741,0.9894668302454783
0.9902943085666052,0.990295425452572
0.9893294133683349,0.9893289755484974
0.990241919967865,0.9902404317353257
0.8516499918651833,0.8510232593681902
0.9901927991212295,0.9901919559519263
0.6348965501561699,0.634885180708496
0.9900127917863046,0.9900127325983932
0.9900904212281971,0.9900905676423564
0.9901690468094064,0.9901698255024612
0.7613891714828118,0.7613353476224259
0.891367843272391,0.8912421978339802
0.9902771084950653,0.9902733676765179
0.7063345455966441,0.706324278733681
0.9901026660017219,0.9901057437084724
0.8935508944513563,0.8930633072712815
0.4507827735313681,0.4506541068700101
0.9902048645300275,0.9902074031502315
0.5464883294797509,0.5463112150655012
0.610465559466467,0.6104556729135326
0.7655744705636987,0.7657032160826424
0.9902161825946942,0.9902200516962182
0.8310161845836401,0.8313123738628141
0.7644386401957811,0.7643612658855838
0.989718796349097,0.989717535935667
0.8865711471599054,0.8865711648031868
0.9902561579811103,0.9902562681879087
0.48892307482669856,0.4888862545473041
0.9901531586219781,0.9901525602708939
0.6026811247094396,0.5980150767818933
0.5483979299988643,0.5483705103383081
0.9904414029588146,0.9904432775588781
0.9904278014140482,0.9904243227608955
0.5388434957084383,0.5389238757508454
0.9891995818747765,0.9891997648313579
0.9866435398793848,0.9866436018101622
0.904357532393659,0.9048640622010737
0.5185589529765505,0.5185163150162634
0.4987465193453029,0.49870895722020314
0.9902750454802126,0.9902777670395554
0.7785981087135694,0.7784971634342578
0.7995037020902658,0.8018370951130862
0.990471834233222,0.9904702032122281
0.5921459701838668,0.5919649777588308
0.8564004053677153,0.8561530607269848
0.9849158786664572,0.9843465236294733
0.7863855565357613,0.78575952530547
0.7291541106373188,0.7292137461386988
0.4797082140949202,0.4798453554437225
0.9898149590669318,0.9898162976930951
0.7371991290354433,0.7377328950017641
0.8828503511890933,0.8830157149826391
0.9159355364752677,0.9159658661046557
0.6205339550244738,0.6205424825237226
0.824042563493287,0.8241174262182398
0.6777255753849935,0.6777281944487337
0.8308131009912695,0.8306737972671986
0.4556519188465033,0.4558476936894797
0.4853263554472055,0.4853757897154558
0.9871547703967329,0.9871511161653342
0.6954016026274177,0.6953333795838659
0.780141910872792,0.7797557197367895
0.8880177075670659,0.8879991800906937
0.9902432047856349,0.9902417582077504
0.7225949138395728,0.7224509529581625
0.8673890565470725,0.8673774791900734
0.9833521355787164,0.9833618466967977
0.40892517068813344,0.4091748500644228
0.9903748979052346,0.990372921914413
0.5977166823585883,0.5984273337860677
0.8371330783000175,0.8374213939646882
0.9901844923588373,0.9901838402663352
0.9806398725809023,0.9806373114128575
0.9886782002678746,0.9886758919216011
0.8496766462075196,0.849931163849419
0.9890337895593094,0.9890364799529346
0.7513386679651562,0.7513005132650352
0.9904765770105286,0.9904719121483768
0.98841432966702,0.9884140228133466
0.9871634783346815,0.9871662771989917
0.9899602281510801,0.9899577680062289
0.9903113197436116,0.9903127973643769
0.9878932740998836,0.9878893230013039
0.9903774053031351,0.9903716365479387
0.9887276494435902,0.9887281312245788
0.8143958946602093,0.8144613135966122
0.9902510444181992,0.9902526144298263
0.9902216614246463,0.9902248645761221
0.7080032471645957,0.7079735685670592
0.9902346270911175,0.9902360174926171
0.6389392523370507,0.6388706697002601
0.9903982847843333,0.990398476443064
0.7361636471129589,0.7361460162652833
0.7770474914742918,0.7757245076819278
0.990456622049468,0.990454261149967
0.9902220122510798,0.9902219680856733
0.902420800326701,0.9013318478294154
0.9899697318305538,0.9899652894777522
0.9904859324487771,0.9904867163355425
0.9844725709608878,0.9844719987403878
0.9901872676442354,0.9901847105895533
0.6708949453757416,0.670980084244221
0.674412777317672,0.6743538043177572
0.9904886893857873,0.9904879638489055
0.7125161707246286,0.7124680437081552
0.587756710034698,0.588240347819009
0.9899645972395141,0.9899662547426827
0.8292872791693706,0.8292914501348955
0.990350985274979,0.9903490720441761
0.62390979212445,0.624026067734049
0.4193141680096798,0.419068831113504
0.8544077200126796,0.854420920866784
0.670538798462665,0.6703841294999314
0.8653420109237216,0.8653996541557071
0.8558039202727572,0.856630935465811
0.8576029976143449,0.8590473016542998
0.989728057305288,0.9897275155065318
0.9879325794185058,0.9879361233088673
0.9904476709366165,0.9904453626196253
0.99012992984545,0.9901316641892063
0.5429170154173277,0.5428196497163899
0.9051382759097255,0.9053311406816753
0.7652326152864516,0.7196655764340447
0.9904637598813476,0.9904628041477305
0.8942166568387997,0.8941788999605592
0.9903712116719304,0.9903738041126182
0.7355721275973931,0.7358929122737754
0.5891392518817453,0.5891574182274381
0.9900923869168963,0.9900937029647338
0.9901519726064504,0.9901503461012109
0.9900263275126885,0.990022756110368
0.7147047121071437,0.7147374601890322
0.9904426793748351,0.9904431896515381
0.850149159661202,0.8503069068382781
0.9894251674214112,0.989426769383569
0.9901547421583408,0.9901538914117414
0.990107472007069,0.9901076118591767
0.8747471863549712,0.8749522691314473
0.6928741624759126,0.6928055203108231
0.9901808727656365,0.9901811292274663
0.9903900429159529,0.9903907620179305
0.4810380749697478,0.48132262828146927
0.6745616092740278,0.6745666339287988
0.9829705219162564,0.9829673971705504
0.9904216734617456,0.9904262219764446
0.8613392892045563,0.8607760394354584
0.8795471826658939,0.879349546051602
0.7179968147190957,0.7178311345484946
0.8957829045555672,0.895840894574401
0.5305871609059429,0.5306054671971271
0.9899895589458508,0.9899871649422181
0.919768227546448,0.9197621251407588
0.4467083778233748,0.42406206142344777
0.8648380818285539,0.8647069507033431
0.572965069511248,0.5729466926206708
0.8319152822073612,0.8320430887313832
0.9102047458502449,0.9102357899684599
0.879345565929394,0.8793476335770898
0.8835027669072891,0.8834900516532832
0.2740911151396772,0.4239403702140626
0.8299255965692488,0.8298587131996222
0.8419811081228739,0.84180385349471
0.5017549015551257,0.5017964896046285
0.9902287124950118,0.9902299392107214
0.8858439386574662,0.8859357887273426
0.4682931045886744,0.4688058883923009
0.9785033769093098,0.9785006048854911
0.885842514419591,0.8857791166770709
0.9107093971307717,0.9107142829843713
0.9841985712141094,0.9841965739469387
0.9886607724108648,0.9886577853601705
0.7922566656949245,0.7924788898183919
0.6105090040126561,0.6105045041761575
0.9904075161539737,0.9904058466036312
0.496363175647996,0.4962746033604512
0.988289982413715,0.9882886230104595
0.9898720043086026,0.9898717864857247
0.7350575782021493,0.7351374620633634
0.5574875443069198,0.5578136601553634
0.8340031555891781,0.8334904442596478
0.9720352486928551,0.9720513190582539
0.4890348480529369,0.48901252394822914
0.724727049831138,0.6863718910231504
0.9872670428823277,0.9872675326969309
0.990208805925499,0.9902050873706081
0.5486426744950813,0.5486460385181581
0.4883221782981201,0.48818233355092255
0.9904712205451701,0.9904686534657816
0.9903038889439659,0.9903059943940239
0.48216068501524756,0.48211101758985087
0.8919355484458681,0.891940499629435
0.3487442499541545,0.3486326774986164
0.9873257702346772,0.9873240441809835
0.748544661648563,0.7483743610036071
0.5283772177924815,0.528294260585537
0.9893131162625134,0.9893146456750405
0.9902943645860188,0.9902968247035012
0.9902969087891751,0.9902959388704179
0.6858290615977147,0.6857917427143617
0.9026052248632223,0.9020475046524631
0.9903665577149305,0.9903690494043259
0.9724502379714313,0.9724100796339744
0.9901511501439595,0.9901486595973953
0.990081281126623,0.9900827401274461
0.9903577971380908,0.9903584367545166
0.456414964612686,0.45619440993871974
0.748219562189719,0.7482702214990414
0.9902676116100301,0.9902643103529151
0.9145365561219807,0.9145067064353324
0.9782016292289828,0.9782034465496706
0.775440050648957,0.7755670239411003
0.9102828963550962,0.9105110761650675
0.8822077023032115,0.8817294805302387
0.9904364425399816,0.9904354982366486
0.73687496992792,0.7369139799061922
0.8811871370499882,0.8812152062858586
0.9904553382302597,0.9904546695246033
0.9893391826883694,0.9893366034351843
0.926564253643534,0.9265958472256852
0.9901027232696087,0.9901013319528289
0.902639442950333,0.9026978800094123
0.469486136608793,0.4695231014345061
0.5486675151835965,0.548660907242332
0.9902944945849551,0.9902920112641612
0.4220389311498527,0.422036502459577
0.9880815527807916,0.9880899413569909
0.6734615778683846,0.6736119325744874
0.9895800758057947,0.9895793440612677
0.8930300792944329,0.8931428630662972
0.9903823289339383,0.9903837465945117
0.8718341335127584,0.8718020732253308
0.72098389697773,0.7209223608421611
0.8786975489244414,0.8786342683409383
0.9901929192827329,0.99019263672125
0.6370455597864731,0.6369871531898962
0.2785613723542267,0.27806368436448303
0.8181611510593073,0.8182090421332733
0.9903008258482757,0.9903057811667041
0.9857058972442873,0.9857054852645836
0.9903971917288,0.9903998112317428
0.9902738169794834,0.9902706002562021
0.9896238327374534,0.9896215155730083
0.869522977708627,0.8694892324441403
0.9884197672278002,0.9884171616493945
0.9899746796333746,0.9899742594049592
0.9903436969034652,0.9903402107573333
0.9901629068831153,0.9901649340931441
0.990244062843217,0.9902411008450804
0.9904506331582468,0.9904468883715332
0.9903239619936854,0.9903258800823455
0.5252763110688663,0.5252069379347604
0.38954972365046,0.38897437368134097
0.47965104798992764,0.47977630090287193
0.9904312646234542,0.990428519399587
0.990451213956067,0.9904487390940426
0.8668208210506348,0.8667587882753521
0.9904151458851377,0.9904184047037774
0.7876010056398809,0.7872071651019158
0.6748473181305241,0.6748747165447814
0.9902609088606598,0.9902561829437644
0.7367157757536237,0.73723684116081
0.9902505842808814,0.9902466200221758
0.7814247396552927,0.7813222595405179
0.9902107462781624,0.9902138917959388
0.9902697586679013,0.990269122847159
0.9665608176328316,0.9665627239031577
0.9904884232185439,0.9904870865589273
0.9902695650673566,0.9902722548368861
0.9901831225262252,0.9901817958945162
0.9902042790626226,0.9902064972915752
0.9900732800496419,0.9900766305599358
0.9903241846561164,0.9903217987858146
0.9904903063647538,0.9904907201108573
0.9853280608192199,0.9853210506692236
0.9187334527516912,0.918906516752495
0.8800618750482427,0.8798572783001559
0.8132179010832788,0.8132336096401276
0.8697904354190348,0.8697876393111582
0.990331540926098,0.9903355889175213
0.9042847640668771,0.903885492008105
0.9904532242323347,0.9904550799302814
0.8273716722356452,0.8274702216508042
0.7859651209256107,0.7862301349962489
0.9751787245099285,0.97517676019313
0.8403152074277888,0.8403741311235478
0.9902012309673223,0.9902005166227238
0.9903527678045965,0.990348198520229
0.8400865500877664,0.841825205121316
0.6936691353493771,0.6935657027100594
0.990059954067608,0.9900625729862291
0.7028167285321466,0.7032251315454379
0.7920269905839734,0.7919860579676086
0.8928896207616817,0.8930098500123568
0.9904705189080674,0.9904701576967363
0.6993882360510134,0.6996569507771763
0.8879281801627746,0.8883126245343227
0.34521919064171236,0.34520324990707363
0.90666601693459,0.9065226776577453
0.9900246447435126,0.9900264303878462
0.9904353054076597,0.9904390715127395
0.48298787027281803,0.48290517197351795
0.7521933194709627,0.75211614898517
0.990363010927419,0.9903600887742495
0.9666763796511141,0.966665450104153
0.9903120415685924,0.9903091747331432
0.9099008724217728,0.909281354240979
0.9262469396842797,0.9254050151311151
0.740690688347212,0.7407000199134306
0.9751462884159635,0.9751466983229168
0.9900961523997102,0.9900986849428232
0.6312050941526878,0.6313321485139017
0.9896066694877621,0.9896084805955009
0.990288683653611,0.9902912888706659
0.5940263605178966,0.5940363271437732
0.9144262045960037,0.9139149598631618
0.9896426533759844,0.9896447233004221
0.7086959167024399,0.7085942622589378
0.9900423577943265,0.990044927690204
0.9050871296948035,0.9053252232220119
0.4641685509641336,0.4652890101746335
0.9873260614661288,0.9873247840049081
0.9902281841726897,0.9902259891639319
0.978953946259306,0.9789649255411439
0.8510169309223214,0.8509908252943967
0.7371139010840251,0.7002292304439035
0.6573676689857736,0.6574160705453861
0.990397255102843,0.990398966607323
0.8952100460048652,0.8952281627145047
0.9901329855012775,0.9901329220646871
0.9097728994446225,0.9098012441412447
0.8378129145107526,0.8377926821511518
0.9901531551150672,0.9901507914566082
0.9902388025916548,0.9902374855333289
0.825711332860462,0.8262752067019953
0.7700895088653726,0.7698175346120029
0.5294156257878554,0.5294184121616383
0.9904375503972026,0.9904381661314905
0.9902062939237193,0.9902044500426871
0.8998149951662523,0.8998075236399866
0.9901763963066532,0.9901758990563598
0.9904280278743636,0.9904273323053171
0.990251366997969,0.990248022854918
0.9898174202023514,0.9898597812367587
0.887240772764816,0.8874464735110729
0.9784405931394642,0.9784406138296731
0.9903460299197866,0.9903467281190084
0.8545097896026812,0.8553709052263108
0.9662379284710212,0.966240019087646
0.8264818098123127,0.8268575678818353
0.9904968392889331,0.9904974589183526
0.9903954424886049,0.9903984733229043
0.9045028364729875,0.9044304042006011
0.4260541667708904,0.42632663270536264
0.9217091145554059,0.9218323631131712
0.9894343159956319,0.9894290154764278
0.8622470249324237,0.8583460776497369
0.9889770689073706,0.98897776293064
0.9901769712466715,0.9901771519380285
0.7362602962226698,0.7362655071725267
0.721368527916219,0.7213306190397485
0.7452774972517063,0.7437209821251579
0.48575785328649457,0.4857323422073967
0.707461345416774,0.7073855433854247
0.9903187818243321,0.9903191377340097
0.7535734691615987,0.7536135881215142
0.9901627852773908,0.9901657200795717
0.9899308710059762,0.989930531729462
0.5635348931356658,0.5634946998402913
0.9902126542261263,0.990213498732861
0.46574872958577385,0.465720442302995
0.6752346845256153,0.6752270786121096
0.6255862645344649,0.6256213928148668
0.5942268489324596,0.5942888473455471
0.9903989534109605,0.9904007393641895
0.9894670505542709,0.9894679207202889
0.7376372583822695,0.7376289377985227
0.9904917260160402,0.9904896657561959
0.7019370558052398,0.7016952895823798
0.9904171025906159,0.9904151701550258
0.8965576695855993,0.8964031556207486
0.92163005836897,0.9214070793640684
0.6138280587440264,0.6145116333942998
0.7007525498420433,0.7006357263506564
0.8815224435626282,0.8815178910623339
0.5571718782849732,0.5569676094239713
0.8511803564273716,0.8511780877493308
0.5186585856741933,0.5186253983058198
0.593431023906608,0.5933568550429829
0.9878575144597661,0.9878587123322032
0.990180383519049,0.9901805044103952
0.8891167162527259,0.8891315861825463
0.9902212231942548,0.9902211418781951
0.990278204202522,0.9902752204252354
0.7742328561888068,0.7741898253266423
0.990161301177647,0.990162657453609
0.990191539071937,0.9901926561793613
0.9788199158642797,0.9788141805055645
0.6371894495495128,0.6372442717513346
0.9808580743533301,0.9808563193990113
0.9881896742144181,0.9881870697829591
0.5401942491583447,0.540361345000209
0.9903226183048042,0.9903212851154717
0.9898272223801198,0.9898254927556205
0.6008733971286738,0.6013780394265044
0.9811272442234825,0.981121563085892
0.5942450791854558,0.5941460235057882
0.7743134269239186,0.7745104047468996
0.6531742848103926,0.6370737114237742
0.4148198509177905,0.41567970531967907
0.7500628903435561,0.7499212495773532
0.43486047566643254,0.43468577871485153
0.9223847913949678,0.9224262949521718
0.9899864355097955,0.9899862963787794
0.8611161922880425,0.8614821565324645
0.5182231726324813,0.5182897781562701
0.9782596715993924,0.9782560831619489
0.9124673691814655,0.9131584586670439
0.9904123539516959,0.9904129722007717
0.5427144556791742,0.5435663509583112
0.8128528537405201,0.8124777072195571
0.4692434744627048,0.4692030670668837
0.9784388820257792,0.9784397784073575
0.9904085113073265,0.9904070511731672
0.9901557232185757,0.9901483655274526
0.7386150273432142,0.7388534303769171
0.9665200569206854,0.9665210270178222
0.9903602175930916,0.9903607734181534
0.9902367194981344,0.9902389292327121
0.9903638842118122,0.9903608670277559
0.7688764870554274,0.7698950570008699
0.9901780792890059,0.9901754577185068
0.8585279401254933,0.8585008294641561
0.9844665269654772,0.9844666616412979
0.9066963955377635,0.9063481320782805
0.9879547063207952,0.9879542073110794
0.8326842446129167,0.8326665939643239
0.9858136611571653,0.9858078738248381
0.8445103779349489,0.8451199977476759
0.9901167726407253,0.9901194183706944
0.7551122850074432,0.7553640357874524
0.990173980878501,0.9901761311602353
0.9886051734007646,0.9886060134054676
0.4093766862251094,0.40987643231125687
0.6648526948418518,0.6655540451717673
0.3061468166367556,0.307135297045428
0.8848566158782214,0.8849820771690551
0.6943336079952248,0.6942431840065854
0.7898438137055658,0.7897708399095036
0.9900747306914045,0.9900759740803102
0.9883423668429658,0.9883389713164408
0.9902130137434271,0.9902118955405974
0.9902132438122244,0.9902125115530847
0.8992642687927942,0.8992603144910877
0.9902338903477277,0.9902358046464337
0.6757342168813806,0.6757991530323813
0.37725134608721117,0.37771106347026384
0.781244955017124,0.7811985154704334
0.577281056063689,0.577166118515985
0.7529360185766634,0.7529958514389429
0.9844647078843797,0.9844644674300299
0.8650875882807763,0.8649798875939481
0.9903860814160385,0.9903873201014843
0.6059799821190848,0.606184426629679
0.8950417626629781,0.8955874477741114
0.9902889556898018,0.9902901682453799
0.9902775032110848,0.9902768801626113
0.8299071329720644,0.8299417438454111
0.9894797280916496,0.9894801727790375
0.9903461415072996,0.9903441469975808
0.9897806488056488,0.9897759843630314
0.9807762358838467,0.9807813718672576
0.4357485559665935,0.6725107286136435
0.9902015308319383,0.990202671737536
0.990212852919421,0.9902165090251096
0.8966674084022237,0.8969842366514255
0.9061638773439971,0.9061645440617464
0.851372030173003,0.851284370188112
0.9900738690685733,0.9900714247581409
0.9899780250160384,0.9899777143384949
0.9145361088683426,0.9143080029401129
0.9897314111924493,0.9897301720648468
0.8387472711840858,0.839138203797784
0.9805302750030417,0.9805303411030402
0.9902212786744984,0.9902176039258499
0.9866478657602632,0.986652323515866
0.7369943853797295,0.7369927847578112
0.6773521030701657,0.6772801642836208
0.5698179502916868,0.5698782679743112
0.9780789960045831,0.9780777835529674
0.8889190627661844,0.8890416613752704
0.5417679846106139,0.5422633234098975
0.9901824400336752,0.9901830515229854
0.9704380478162029,0.9704381851875357
0.9899066261524893,0.9899094420354768
0.9086599802822001,0.9102024144590116
0.9712127478377992,0.9712071451544273
0.9904942700644267,0.9904943917795538
0.9901829693846712,0.9901829778784575
0.8923594306336802,0.8925470653481044
0.46477960913118177,0.46485678396003244
0.568653801610068,0.5725138093613
0.9879441727350312,0.987943151215064
0.9901196237564465,0.9901216970808976
0.5288961234350084,0.528982001685125
0.9865720060404625,0.9865732883508358
0.8753376264073556,0.8754140787650955
0.9901555464673466,0.990156263523115
0.9902826256359533,0.9902863000379508
0.9902252141498631,0.9902233112852934
0.9159307494373461,0.9149239787238247
0.7214449404207264,0.7214501416316905
0.9902001081100887,0.99019718269862
0.6485282573111494,0.6247164518878138
0.8144034260895965,0.814507895609304
0.9881668746588766,0.9881639409144816
0.8208013267713031,0.8211196526435022
0.9904411144042307,0.9904431288198796
0.6896376379188047,0.689714970498824
0.9902302469721496,0.9902305731695662
0.8511315148558881,0.8511309033664983
0.9662299641260986,0.9662298929861639
0.9901561372452085,0.9901561952092266
0.9903238128736649,0.9903210136747083
0.710992076827066,0.711041973161924
0.5640482581179906,0.5640376152215699
0.9884067044126921,0.988407878746906
0.8881843455053332,0.888080756215555
0.9903771604139914,0.9903733639882094
0.7874266242604756,0.7874029437791766
0.6752564957022751,0.6758600835781806
0.9880738291303591,0.9880620357366101
0.6034592769503588,0.6034466271931971
0.9904681325704163,0.9904697699306781
0.98997661514858,0.9899768133933038
0.9885321843587073,0.9885344712354549
0.9904634593396092,0.9904618480833969
0.9903228140459909,0.9903221843236354
0.9897090778045149,0.9897033612350796
0.8290253817714454,0.8289774994139519
0.9904045079615998,0.9904021288063801
0.5279883991413624,0.5279132807833303
0.9904192896048848,0.9904187263203785
0.721958347652589,0.7219431373590908
0.9031909015925778,0.9031847667119429
0.7603523330899632,0.7603401020919908
0.9904993201995731,0.9904996651732
0.9901867656867399,0.9901851563539856
0.9903420644310041,0.990340223312784
0.5402932487780351,0.5401522683539628
0.9900600301714854,0.9900609459465202
0.910653340966097,0.9106243653555205
0.9903570825939235,0.9903548690187524
0.9896216527780185,0.9896225363285511
0.9904142091186252,0.99040916540339
0.9174185522622197,0.9180194772263839
0.899832671940189,0.8998583608197493
0.9092470183686074,0.9093482890942637
0.9900620432509329,0.9900578441395413
0.8303663750162549,0.8299018398648651
0.8657320043637879,0.8656636872540636
0.9904301657462016,0.9904303478622356
0.5943737996191433,0.5942356144915025
0.8800374896857162,0.8801691118707482
0.8406795675183245,0.8405518740736132
0.9898873029369978,0.9898863238824763
0.9901628446481698,0.9901628165174355
0.5703418792226528,0.5703892623889203
0.9903177015683792,0.9903188150892922
0.9898715374989723,0.989869371379568
0.990207260192822,0.9902073851281233
0.49962611160085013,0.4995738667758786
0.9903573677367407,0.990349379964952
0.9904912850253601,0.9904905897923152
0.9904235461636839,0.9904243458257447
0.990342346620216,0.9903431067806383
0.9845051550622866,0.9845056974913102
0.3479703158611111,0.347891671809026
0.7230713946537777,0.7231458242423866
0.5768417127761513,0.5767497909988674
0.7202737381594994,0.7203821551019484
0.990334109776019,0.990334020060391
0.990274841374976,0.9902732619109841
0.6836339177296235,0.6837177441909555
0.9225801247315224,0.9226738857012168
0.34353192136886823,0.3435108145925339
0.9905019856846023,0.9905015597293518
0.8490941198727261,0.8489606263900746
0.6752565585470802,0.6753084382970368
0.9904603106224483,0.9904623700476466
0.8464595808615368,0.8464227974688388
0.9902567683803524,0.9902599577455152
0.9902905354678734,0.9902886535407586
0.9901569635312902,0.9901582447094013
0.6840448529416973,0.6840080782072182
0.9900132663715637,0.990013611914714
0.9902764106820046,0.9902728615340091
0.9901674416595412,0.99017205073949
0.9845071774622448,0.9845067262514452
0.9901949952080031,0.9901952732442638
0.9902759227006384,0.9902754943734452
0.9899619028387039,0.9899651763012142
0.9905027356393705,0.9905021107249975
0.9903327876745686,0.9903305737292708
0.9901670370370095,0.9901662167900496
0.9902674276473014,0.9902653372978087
0.9873065110146377,0.9873081375715903
0.9856444970500627,0.985644439724517
0.9843265314026457,0.9843279204042594
0.9897584631329613,0.9897611351444325
0.9902261334475833,0.990226734313153
0.658360910178742,0.6581943578252494
0.6488027505729558,0.6105764100223907
0.9901839682766131,0.9901846282603833
0.9021982339932398,0.9022820681764178
0.34894282836703355,0.3490474014521084
0.9865702141743696,0.986569649036878
0.990374051795204,0.9903774928227519
0.9902016851654901,0.990201215718805
0.9904349196082413,0.9904356994335024
0.6682598942925257,0.6683823135079564
0.8808168446723095,0.8808711686916184
0.9904168607352815,0.9904149499756565
0.34392826897723416,0.3440470183901173
0.9901258525749493,0.990129916156541
0.8145935100991407,0.814492367690618
0.9902325770731264,0.9902315475204131
0.918666839530234,0.9189275043198735
0.6589407882837254,0.6589716175083943
0.990158567873563,0.990158203096687
0.5238697459625866,0.5236717705617393
0.5761508803114693,0.5761381536041467
0.9904575630927965,0.9904598027813555
0.8291896981187382,0.829014335177647
0.9902778167226697,0.9902757444362199
0.725651722629895,0.725646481636807
0.9904058501848958,0.9904072676480644
0.9900957312545726,0.9900974302858174
0.739161862515196,0.7397585322732892
0.8226839419394124,0.8226024310264444
0.9899791707224109,0.9899805949164551
0.862217920167956,0.86235776971809
0.727615240174964,0.7278842448801137
0.7663990322520109,0.766413613339991
0.815978003651603,0.8156848936928712
0.9903221016254596,0.9903173402923077
0.9904614390829535,0.9904609550449984
0.5604269316567082,0.5604161821433409
0.9904867274739879,0.9904857117795873
0.9904301313617504,0.9904319125512129
0.6213328658495392,0.6209031296226207
0.9902336756572966,0.9902358943696538
0.8161723499246579,0.8162586112381192
0.8997452652954311,0.8997506806665098
0.9902160986421059,0.9902166509867791
0.9904432257478776,0.9904421544180417
0.9901938877807444,0.9901929948544543
0.7012798770986488,0.7013667328114107
0.9156626817055032,0.9160117600980107
0.9006201212633549,0.9006300441180547
0.619557720601971,0.6195547146607979
0.9901218533600264,0.9901221396603056
0.4430736334428035,0.44356765765977807
0.9903384978443973,0.990340508918629
0.8775810148829302,0.8775946916118639
0.9901846692935942,0.9901820415926454
0.9763013176472063,0.9762591385340954
0.9150413423557353,0.915059247818833
0.9854688065644589,0.9854646200105195
0.9893254551993383,0.989326221775983
0.6361240858989701,0.6363296420962749
0.9127569530719017,0.9129896096274625
0.9904966702617554,0.9904960522056391
0.5950671041769657,0.5950755480196248
0.9905006043398314,0.9905000316166944
0.9899530981936845,0.9899543655394496
0.8927820618493257,0.8935153823046781
0.8929453085225262,0.8933728726740828
0.8058968406500331,0.8057804391245992
0.988965335224634,0.9889672457412721
0.8886643439144979,0.888649269377902
0.9903843391224746,0.9903832412805659
0.926499447028976,0.926529298534673
0.7143633113543325,0.714441688662733
0.9822802135118206,0.9822696882547415
0.9866126892040519,0.9866109015360106
0.696869725960357,0.6971883208651818
0.7438308196992985,0.7444354633162452
0.28677501149688095,0.4628342244187135
0.9856563036624265,0.9856558955267728
0.5163683544400008,0.5164043467308681
0.8176501011413267,0.8176548320671145
0.9904674253697042,0.9904652719196498
0.9901491618225864,0.990148227018877
0.8944749291755368,0.894470172299595
0.9904232706534383,0.9904248550498913
0.4726929847462725,0.47278685616135036
0.9878414057124101,0.9878419123144907
0.7238044017441,0.7239405001702857
0.9903500913293717,0.9903468557157638
0.8370592227417832,0.8370816899512562
0.7915971164048856,0.7916895941838549
0.8296788935109881,0.8296473439944478
0.990399598575649,0.9903967896361152
0.7799884338213845,0.7799408081904496
0.9901082526269432,0.9901059871335618
0.7512243142575804,0.7511196489481294
0.969501291865704,0.9694704090751258
0.988892287781699,0.9888925593871312
0.8180518843297112,0.8180452530055589
0.9032127952447677,0.9033055362981137
0.7876448497118876,0.7878174986764445
0.9901588020134076,0.9901588855390385
0.9902586122722336,0.9902601862294226
0.6296354414220963,0.6297011373996344
0.9829090705726532,0.9829048853348086
0.8213978237509971,0.8213572703785599
0.8593322949940315,0.8593031414891305
0.9899445906077895,0.9899470706242971
0.9904779678638539,0.9904772549924995
0.786834676001911,0.786614532161616
0.9903378366758379,0.9903390512810212
0.9900578908116154,0.990057610959638
0.445806035382342,0.6301161816236839
0.5186109928919399,0.5186186658114424
0.9890827642909229,0.989083747522674
0.9904204310001976,0.990420551515834
0.9848785924937716,0.9848708371399009
0.9901902451672425,0.9901878326360527
0.8415852006097017,0.8415543570604137
0.9871002466674931,0.9870896278637978
0.9030059273834764,0.9029985678959166
0.8798524447680818,0.8799033952024888
0.8109903201019296,0.8109462338817601
0.989350494464434,0.9893506969454501
0.9901845526055986,0.9901844552609828
0.8924606030343266,0.8931485025005607
0.7218074990887848,0.7218447209074672
0.6677336987965219,0.6675747265125215
0.6774483753453836,0.6687925170454175
0.9894006554936671,0.9893977831570814
0.9902743658746884,0.9902770337241187
0.9902555349483032,0.9902607259102514
0.8514944415872726,0.8515451783140174
0.9879265545933661,0.9879296344525517
0.9901378773506526,0.9901415048412749
0.9904765671182327,0.9904775415677585
0.6565139847848318,0.6568051469599958
0.7747731815034078,0.774706101815499
0.9893385807392228,0.9893404339460141
0.8661848606633892,0.8667280624890604
0.9844633091667844,0.9844633820301891
0.8595442393911206,0.8571764626107559
0.9904693166069803,0.9904712746735985
0.9902811727404143,0.9902858088979585
0.7375117638270118,0.7375104085842605
0.28643096530377693,0.2853757002887575
0.3702396888393159,0.3707401022332404
0.7811868219383469,0.7818365674752735
0.6008167790649878,0.6007239386841627
0.9837446935862351,0.9837385275897051
0.9897315916388076,0.9897313298820759
0.5949644617573515,0.5949361905265168
0.3471059916109227,0.3472767351001353
0.50413843782502,0.5041421108150363
0.9866041941798455,0.9866003835171901
0.9903710954355287,0.9903682964204026
0.9856434167730511,0.9856433960785502
0.9902027333588473,0.9902045142762035
0.9904833747183107,0.9904804799648456
0.9894848553462793,0.9894857246482399
0.45679207599768973,0.4564470228359352
0.988894776224103,0.9888941609917451
0.6527998047605799,0.6526815943222303
0.8629929204184441,0.8625827336888915
0.9890683539912054,0.98906616518983
0.5786679584903694,0.5786972997395697
0.9904343090465041,0.9904326762639364
0.8239632237253512,0.8239798199413748
0.5041310687454347,0.5041222652789518
0.9891112658483566,0.9891080687160497
0.6916864846844587,0.691652374601801
0.6255045702125606,0.6254218252295376
0.6710452685894877,0.6700659378564882
0.9858773474062895,0.9858868157859705
0.9897440946867699,0.9897472745756987
0.9904960040245879,0.9904950684084016
0.8204325550304716,0.820463700427745
0.9903273651372454,0.990331684652347
0.9060187693929643,0.9056879308843269
0.9902769339330273,0.9902760466015994
0.42089535186712373,0.42088715330145504
0.658545353094893,0.6585879608029549
0.5265653741703817,0.5264982453668607
0.8758946188699936,0.8757775761328951
0.3461798992401112,0.34609423841329146
0.9164443555609191,0.9164156734265074
0.9894985625517864,0.9894995518746191
0.9903495209994537,0.9903464830283866
0.985659177094555,0.9856597487360383
0.6181079020823821,0.6182413871819274
0.8636185360116034,0.863925638151426
0.537817011231864,0.5382200966201962
0.9902763287930354,0.9902818427702484
0.9904247760700677,0.9904228949550473
0.9893244567742151,0.9893241452880711
0.8583193654254486,0.858375842043302
0.837426175929511,0.8373344463722051
0.5452932196924504,0.5452588222407102
0.8918633570107186,0.8918329384825742
0.8130228413486054,0.8130736825789363
0.9902077714495521,0.9902103417798227
0.5996257485193373,0.5995045313740412
0.990401319420768,0.9904014866518616
0.6087353392923514,0.6083550004343968
0.9873497638643363,0.9873529576007989
0.9904956149323692,0.9904965768611359
0.8672256649124388,0.8648136153238803
0.9044600172534432,0.904466554913567
0.38706885597161705,0.3874787834815331
0.318931498721768,0.3204266530316602
0.7880048639084108,0.7879729093269563
0.8131918417457412,0.8131442836391117
0.3551271641293448,0.3553238428440491
0.8898394116818523,0.8902619513094959
0.8215604869305382,0.8215310746177863
0.9040310228737152,0.9044798974001445
0.9905041248238611,0.9905041378121409
0.9903129676640468,0.990313326127916
0.9002713182180981,0.9000734544550291
0.8129254403534467,0.8128379700925256
0.9056450539581445,0.9053466584687895
0.8914241601038763,0.8911803360482855
0.7658049400521412,0.7667675235263252
0.8759425535863719,0.8758058706096442
0.606179596210333,0.6060733800374464
0.9903144845483749,0.9903122628194154
0.9899127658404038,0.9899145825283118
0.9238277591291711,0.9237549628364046
0.9829440848552664,0.982944661248165
0.9832809366745547,0.9832720782744018
0.9901970969848652,0.9901963930896381
0.6801105656466043,0.6801941508264348
0.8790454678866326,0.8790784372009048
0.6751898516416864,0.6751741495537362
0.990417462573811,0.9904138638921798
0.9901892158697232,0.9901854948785092
0.9904908878897234,0.9904918383264316
0.6751515925307543,0.6751020983738472
0.499103651703387,0.49922642301231784
0.9902442565541878,0.9902422476786039
0.41851033448938757,0.4181086403322758
0.9902491227412498,0.9902481190747797
0.9900494717364381,0.9900531829062524
0.7954058327448238,0.7956699610459821
0.5111292193685952,0.5111369466566054
0.4220890444730499,0.4220865068985069
0.9904641499306169,0.9904650987279651
0.2985681385933169,0.2968364119325774
0.9884034123653836,0.9884023049845103
0.9903987532957049,0.9903992199892285
0.9046741741408166,0.9046718650309721
0.9890984613342613,0.9890943905766894
0.7347405483007159,0.7348656593075893
0.8997974199872896,0.8997860909932095
0.8970374836238459,0.8971035952824588
0.920955487164257,0.9213423505879608
0.9903232224700945,0.9903182432314881
0.9784536343598313,0.9784532603707331
0.861231919957835,0.8627965514112985
0.8456058173917197,0.845552651955356
0.9894950105638115,0.9894955799565613
0.8541467495499266,0.8543432594772342
0.989487140226605,0.9894889493393034
0.9884962951303002,0.9884893312252543
0.9902830751796272,0.9902817129092566
0.990212761641888,0.9902163904409136
0.48517214249112767,0.4851574513376544
0.4975369545971489,0.4974743216431303
0.990394034414359,0.9903957985069194
0.48914322867073706,0.4891458106141486
0.9903160291550245,0.9903156749060308
0.9903359018119914,0.9903333779134936
0.9214732725450678,0.9169362458912377
0.9899745929392639,0.9899781278688355
0.6169514703916309,0.6077935376224731
0.9850141969892111,0.9850167332886199
0.9900974464166434,0.9900990628989501
0.7284550251555326,0.7283319760550383
0.9903681713811815,0.9903692110776288
0.9904338664819474,0.9904319573215871
0.990181507379138,0.9901814940535225
0.42886735732952275,0.42900180884387296
0.7063388369817568,0.7063305972141635
0.646715553956555,0.64669283444872
0.9889620264443779,0.9889608997854267
0.989921830176281,0.9899196481701072
0.9903926002747379,0.9903899653907052
0.7643293571507881,0.7643082081547347
0.7799554871990143,0.7799133083978275
0.990198551635516,0.9902008486066487
0.9904988403244166,0.9904980497261276
0.6774764850177308,0.6775015618556661
0.9904296199676154,0.9904319272896828
0.4469623651929132,0.44679161960217456
0.8325897925687744,0.8326596259206899
0.9061520687932588,0.9061450140985328
0.9904310107434521,0.9904284668396525
0.9886931323666226,0.9886904877852358
0.9903852154144027,0.9903825733895437
0.6181569864176801,0.6182110250204489
0.9904992716096385,0.9904988545226807
0.7513042573730409,0.7507804002394292
0.9866258197344611,0.9866269553888674
0.9856511564430829,0.9856494632735726
0.9886025644699583,0.9886007549309009
0.99031416672269,0.9903112945991508
0.9902919624067676,0.9902906560902387
0.8814463740091817,0.8814209016233004
0.9878276952181335,0.9878301108403573
0.9027144827023057,0.9030300027383845
0.8722864581924178,0.8720749616624984
0.9901324929473336,0.9901316560924853
0.9166387817046132,0.9167104071201115
0.8304881809042837,0.8304832255453723
0.9123723863155999,0.9128444213475666
0.9903190811096066,0.99031913494385
0.9902533086720685,0.9902547129389159
0.9878182052443608,0.9878193479345946
0.8927528000413578,0.8931116116732732
0.9890366108880821,0.9890376874798605
0.9901857030514237,0.9901861146475212
0.9887377930259875,0.9887399756160953
0.47433430224325374,0.4735562916787981
0.666094126633763,0.6663041189026808
0.5783463343927856,0.5783575163864029
0.8851812898223965,0.8855401839614604
0.9821785011474458,0.9821771789273623
0.8301992306485946,0.8301913242888532
0.9904449224124438,0.9904453479831132
0.9710069370964464,0.9710102653832364
0.9833087669626348,0.9832949308273959
0.9904603990602314,0.9904619861401615
0.7113475166094753,0.711352914067426
0.4801313057366192,0.4802587483236159
0.9901339033074313,0.990129157828749
0.9874373125665239,0.9874369494665705
0.6247470825340932,0.6247119851446242
0.9902256801080284,0.9902251465126717
0.9904762032335093,0.9904725087491104
0.8511547541850625,0.8505224332299457
0.9905028950665129,0.9905026109038172
0.9902981793657084,0.9902936044405551
0.6534600849788258,0.6538068452825597
0.9904716925239454,0.9904697772003691
0.766372008105771,0.7664444851779048
0.8774583919895627,0.8780353281836956
0.9225968918950661,0.9226507374583534
0.8977511589471802,0.8986434890723984
0.9879415527071045,0.9879398634574281
0.9904321527777531,0.9904343229607621
0.8562622220087691,0.8564549702548014
0.8305716178174816,0.8305379809842881
0.5189673927744752,0.5189649935657995
0.9902165044515487,0.9902144707237737
0.9665823647364786,0.9665885814137745
0.8731369502605432,0.8732522048810378
0.6907556211628346,0.6907403731107966
0.9890292550392024,0.9890277083942748
0.560750230361872,0.5607770170101806
0.8172571089668406,0.817316292695569
0.9904670569237781,0.9904677615423391
0.9903340281484649,0.990328482298844
0.5319702186786862,0.5320413588123272
0.988788241527096,0.9887946996096177
0.7873176245192919,0.7873724174097367
0.9106042679284174,0.9106502458785946
0.9902700214734506,0.9902678244044958
0.28082341051604426,0.2825350161402312
0.9901796074401905,0.9901811434928489
0.903352053328288,0.9033536387932267
0.9903258695494918,0.9903264655441442
0.9901544420737417,0.9901542332532195
0.99013251234501,0.9901333912994265
0.6748309895530932,0.6751825060441519
0.5332152636834403,0.5331790513732018
0.6068581240163059,0.6067668294711271
0.9904062712987579,0.9904078121801594
0.9901761876767862,0.9901772797121288
0.990492739149099,0.9904935022858677
0.5248908295907438,0.5248010346862177
0.9838635183007622,0.9838534044096625
0.99032825270639,0.9903360221059658
0.9904962958852815,0.9904957328827756
0.5161537577195987,0.516089027576323
0.9901237250788449,0.9901244342208428
0.9900899498593747,0.990085749875033
0.5038483464535595,0.5038394843522723
0.9904193133006363,0.9904165384583438
0.9710389460704971,0.9710392249987514
0.9902099607475185,0.9902139904228789
0.41219788550310876,0.4126007063912925
0.9902122274801194,0.9902152348802642
0.9882265351501516,0.9882301051009819
0.9899373846950651,0.9899316296788325
0.7665090064644946,0.7522182026958026
0.49481859849154364,0.495256462584777
0.8849953112741001,0.8852864485058701
0.9003114434337228,0.9003466005712216
0.9904508626250843,0.9904493212034713
0.914857041182214,0.9149876448115104
0.9280060840050324,0.9280038459764475
0.8436935790868266,0.8440249621390282
0.9903729530592781,0.9903720943605617
0.9902689102671999,0.9902702625672442
0.38061593959649964,0.3800552908047172
0.9752092880618447,0.9752128427706102
0.9890938253758172,0.9890938706861614
0.9882526677894806,0.9882530751703914
0.9866216630916347,0.9866204878826903
0.9902615101475815,0.9902648126920002
0.29198195442265906,0.2858195234384314
0.8404368575554926,0.8404239858185355
0.9903059259069725,0.9903036299702201
0.9849727342550216,0.9849714187130111
0.9904170262514213,0.99041595890578
0.8334612924787943,0.8333800500583657
0.9904738980149753,0.990474791706652
0.6567233771430094,0.6569056906744727
0.8941842288644182,0.8936961732586794
0.29965713333764976,0.2970735125244802
0.9128331291027086,0.9125803383413489
0.6906384074930676,0.6906384951406901
0.6221400475933434,0.6219573205540923
0.9194605512105894,0.9195182527765869
0.8897260827076008,0.8898761534091403
0.9902468230488859,0.9902441262005819
0.9903191871115535,0.990317804725224
0.9028904610494419,0.9032047983214174
0.9856986038065705,0.9856976336354595
0.9817994497063404,0.9818149455135097
0.47340701529991813,0.47339589516480307
0.9830441526556224,0.9830458748831364
0.6941070635657789,0.6946361606286277
0.9860143772918917,0.9860103953513999
0.9903130996714355,0.990311804168735
0.972777407866836,0.972787564916436
0.9887091400228086,0.9887148877595733
0.579424125758192,0.5794483728797931
0.5643251826930689,0.562612431105286
0.5707380227048356,0.571303558611554
0.4201950421355053,0.4200132072477705
0.9904214064155278,0.990423394899346
0.866885016983675,0.8668806628864563
0.5454243579106044,0.5453934509245366
0.8441342064452871,0.8440954360487484
0.9882874920162696,0.9882848808122295
0.8854624312576234,0.885608590985689
0.9903788966195585,0.9903757578647354
0.9901964104474472,0.9901951336706472
0.9898824954114147,0.9898835436415259
0.990445905192959,0.9904485871886617
0.9844770081008115,0.9844779281247655
0.9889531792834617,0.9889525155145935
0.9829408092639197,0.9829408362037299
0.4038622506199534,0.4044379636511849
0.9898499288414976,0.9898481485842738
0.9265718861855343,0.9260765057716003
0.6730507708822072,0.6734009818164661
0.9896565017792746,0.9896554686052508
0.9903854688986938,0.9903867990060004
0.4868980739900218,0.48686103851980045
0.9904581892407489,0.990459797646136
0.990261822790626,0.9902637099397562
0.8392939543433158,0.8392717116559543
0.9901458390216952,0.9901436431009343
0.9904831052056533,0.9904831758952145
0.4553294005125536,0.45532940292984764
0.982136968970243,0.9821314776222411
0.6418862559779467,0.6418452260347429
0.9827320855590737,0.9827302079671059
0.9902724314338949,0.990278384188583
0.6713689684948131,0.6717602881869145
0.9116246631943393,0.911778865227392
0.51883837784132,0.518843157493654
0.26070058842502486,0.2851567678556071
0.990193341156367,0.9901962624785473
0.9104884049405529,0.9105122546249611
0.9898562575081473,0.9898554658805735
0.9856736920345213,0.9856718446483028
0.867020415333646,0.8670095225446726
0.9749443538097791,0.9749465120762127
0.9904892845679379,0.9904892928726643
0.4547203779999839,0.4547505109518075
0.8989790411790034,0.8994835255523619
0.8438759791078448,0.8441435314690403
0.9829393211444791,0.9829358831002695
0.6484099430914071,0.6506978435601941
0.9844612092509943,0.9844667652985452
0.9894832145906767,0.9894803836445759
0.9901257550670591,0.9901244534768626
0.9879645262273097,0.9879607258259404
0.8996938601959159,0.8996922142559509
0.9879850000878037,0.9879804780820917
0.4662189729730884,0.46611862688216715
0.9890465549325069,0.9890494508994421
0.5570630346325414,0.5571541952514495
0.9904187013151614,0.9904221677352816
0.9904463130962718,0.9904491307410695
0.6305192113605559,0.6305977198718529
0.7148680793210137,0.7148270762857628
0.9887848323546151,0.9887837146438038
0.9710565971215567,0.9710577387492892
0.9019407244362685,0.900546245225267
0.890179825621658,0.8902855829266013
0.9903030077423738,0.9903054452519985
0.9902191737510843,0.9902126925395862
0.9904782208869817,0.990477762341721
0.9896362094016314,0.9896376171935667
0.9790386067853826,0.9790481206256119
0.7980209384904875,0.7980061482445886
0.39892946410155306,0.3957064292461233
0.6592648463289397,0.6592633602519159
0.415201114431584,0.4159618869070716
0.7381923866658103,0.738294222192614
0.9117330273426871,0.9113175976736788
0.5296756252372694,0.5297224972439252
0.8992075850333383,0.8992051768270989
0.7050403950451435,0.705120443874881
0.9897137975088208,0.9897139681838771
0.9089469040659953,0.9093047090488543
0.9901782997861729,0.9901782645246899
0.888024386633349,0.8880317146282418
0.5575993262843241,0.5575456887005309
0.71184444774596,0.7117332190147073
0.9898901017303186,0.9898858782343792
0.736887774427295,0.7369726005890498
0.9903876072160432,0.9903890165937024
0.9903235724380058,0.9903216618030598
0.9904103753737958,0.9904096996088743
0.8584113622787807,0.8584218453901898
0.8180358242924548,0.8180326275795241
0.7866644708110124,0.786584071874471
0.9902412690865363,0.9902440969264908
0.7670330093512424,0.7670264463319605
0.9902646583764474,0.9902581867105722
0.9904032802899994,0.9904043630694096
0.6294960827864258,0.6295854921841495
0.6602570686609464,0.6606290813194051
0.9832155133328075,0.9832217049641722
0.990484696734757,0.9904859049986102
0.5485934917184374,0.5485821188317773
0.9904757439610663,0.9904751946770791
0.9886183344634217,0.9886165933020321
0.9756244758504864,0.9756232857311221
0.8726781796765557,0.8726516394926369
0.31575961483045356,0.31065041923392567
0.7011547112451413,0.7014656957702796
0.9902535168462411,0.990257636997727
0.91749692680161,0.9174466683927389
0.5721763453786655,0.572092359424514
0.5878511082954303,0.5878331174303146
0.8292380712741975,0.8292539648635255
0.9902374317135871,0.9902414959961071
0.9903390811664579,0.9903369618671054
0.9902917148687073,0.9902909307827009
0.9883773456401954,0.9883782747081465
0.5775876609209636,0.5777625063644575
0.6196533146143866,0.6218519402185613
0.9903265025536668,0.990323703239667
0.9902762222615545,0.9902769324095116
0.9899502903577873,0.9899490135424712
0.5473642399030371,0.5474126212107646
0.9902153826420038,0.9902105065131644
0.8111825980836532,0.8113499469011701
0.9904287660137242,0.9904271964774813
0.636824756563173,0.6370737872192236
0.6534892902541738,0.653611216546119
0.9893130107189309,0.9893140059545301
0.9903311311854898,0.9903332977645581
0.7653975001896078,0.7654055879283211
0.9686021075235417,0.9685553902526617
0.9904083002599319,0.9904066337534833
0.9868090411075352,0.9868052919416648
0.7365690839307968,0.7367616441649849
0.9892345025489263,0.9892321333792201
0.9901849024339816,0.9901855075632859
0.9904108522031997,0.9904128265268289
0.7093624812155921,0.7092944212539817
0.9063886281362353,0.906336106924945
0.5154177654995982,0.5153206583775315
0.7526187588329138,0.7526057310551693
0.9871279636891189,0.9871252897719167
0.9901860916912604,0.9901871444207317
0.9833374719309594,0.9833392979281012
0.9904938275125965,0.9904935399927287
0.5925444197450092,0.5924627398756774
0.5182524007018569,0.51788909185659
0.832252337976615,0.8323409129341097
0.9082468472059593,0.9079103971886587
0.7635880479866727,0.7636196783649954
0.9902145609011073,0.9902170045826856
0.9898924043727414,0.9898894908597304
0.9903340028058546,0.9903359922169098
0.8940216450893044,0.8940353831380279
0.9803408427014281,0.9803581748874786
0.9899916461007535,0.989986167480988
0.9663278236597563,0.9663161489810524
0.5036520631958569,0.5036879464059462
0.6259398052529201,0.6259920004785997
0.9887343892073089,0.9887373622753952
0.5140737316741817,0.5143801260593447
0.7531479164644168,0.7531589525253171
0.9902335329796448,0.9902316869669403
0.9895017185651815,0.9895043819673737
0.9888922714348667,0.9888925091010796
0.9904556770112198,0.9904581657474913
0.982768496151909,0.9827772919974914
0.9751489014497131,0.975148971353036
0.7114137298500508,0.7115492794943308
0.8546048080754471,0.8548417419437101
0.8601394822512174,0.8601577151851396
0.7507015492985941,0.7507333376379843
0.5737806650081255,0.57373660237984
0.9884147246535343,0.9884144574746264
0.500018057561098,0.4999344397748351
0.7720899965993472,0.7723761442803847
0.7650756513392528,0.7603342560821531
0.9904888988850619,0.9904894725386505
0.7730907663270039,0.7726002974001847
0.41680658795299913,0.4169681512421248
0.8946220455622248,0.8946045411227175
0.9897318291404156,0.9897317986146771
0.6529374602834788,0.652910095559011
0.9903676826396185,0.9903700067471644
0.9844633591898015,0.9844634208639572
0.9902177062746931,0.9902168139789486
0.8661553931000899,0.865001703496842
0.9168413137070643,0.9165107275795933
0.9836592448649865,0.9836266482714703
0.9904720808738523,0.9904732245096649
0.9903742324331071,0.9903769870330259
0.9901946947617005,0.9901956463891421
0.9902000098839139,0.990204964554585
0.9033802867889976,0.9033781330038638
0.6425562067877505,0.641356434303181
0.5287663435978449,0.5286470251442065
0.25496607851483544,0.26238706031683817
0.4322087111778044,0.43203360315514344
0.8652868338782658,0.8653378873748582
0.4757271670759154,0.6742752855733408
0.9901825275418144,0.990182973626185
0.989668957641519,0.9896706086027759
0.9889489528210975,0.988943957177412
0.3466391441531607,0.3465215960446124
0.9858871077951697,0.9858984930798704
0.9904811157870185,0.9904791727511124
0.9854996845461628,0.9854953147271591
0.9873447071235186,0.987341959594116
0.605696244183628,0.6057935156000925
0.34739803469576985,0.3470607565585054
0.5101048501488958,0.5107512887439125
0.9901819926498059,0.9901817002561831
0.9904250257666122,0.9904221182463511
0.9889371955832102,0.9889389987390874
0.5107448669151546,0.5107551766659195
0.9897138653182511,0.9897141365383588
0.9898482887649208,0.9898495623943789
0.8382232023630721,0.8379573339139221
0.9898476558818518,0.9898486650428988
0.8371938017896688,0.8370474921260295
0.9860713541565594,0.9860612644063194
0.9698827550968759,0.969883976332241
0.9903189777918662,0.9903198116063369
0.5800052483191218,0.5292771722813763
0.9902795502888012,0.990286953687045
0.7969252559279508,0.7967452145817963
0.5398040070498014,0.5396993983288069
0.7778355679053384,0.7779021392827883
0.6243459022944344,0.6244093127989551
0.9892964336343479,0.98930148135122
0.9904014144670691,0.9904011487160871
0.9902513794176409,0.9902541887457779
0.9902235177915474,0.990220640391929
0.990233116057009,0.9902336880698381
0.9872883869287608,0.987287275788439
0.8010328743923619,0.8008984259304093
0.9904977895434229,0.9904983769943558
0.9898704096447876,0.9898707842875971
0.9745185310116857,0.9745241138435183
0.6631439046529263,0.6636968749917314
0.9899810459445105,0.9899803402762504
0.4884512477750924,0.48843501502795744
0.7880887521507599,0.7891560861816883
0.7042091517595208,0.7043227049027702
0.7231473396192912,0.7231579124602342
0.9904285159389022,0.9904243846391491
0.9902012127311445,0.9902026853936196
0.9904029686593556,0.9904017358689263
0.874517783084721,0.8743026641552999
0.7927544920087771,0.7927219442154319
0.9882539292282837,0.9882545558254838
0.9901847278594509,0.9901850222673325
0.9893352489252919,0.9893373175270248
0.7489930721449636,0.7491838377801833
0.5538892370973904,0.5539598316230481
0.8974831135010113,0.8974866015903992
0.4729312900489211,0.4729198668624662
0.9904786717100579,0.9904783566557618
0.9185179600989687,0.9182219335503816
0.5609320608269321,0.561036506898111
0.9903170991683693,0.9903129445475622
0.9903513381987714,0.9903515587834265
0.554640644657582,0.5548042113928694
0.9904415781024247,0.9904416783355512
0.79930484586654,0.7992491410881917
0.8262191373843422,0.8263680336292488
0.9902072003270753,0.9902030884643973
0.9787851935573045,0.9787746741352682
0.9204452366749687,0.9204433111065419
0.7843117447629387,0.7837190707380547
0.9889195758348599,0.9889183659392902
0.776022855514563,0.7730580019163632
0.9901975739331185,0.9901990247388741
0.9902055215707255,0.9902045754354156
0.9897932219768033,0.9897976621305794
0.5184679053053574,0.5184840305599159
0.9901869902225967,0.9901874781603962
0.9904346948426147,0.9904342005203185
0.9894970403645647,0.9894976510312178
0.5886231425463064,0.5886443291627281
0.5611818379855507,0.5613621827042512
0.9902984271203917,0.990300911085387
0.4630109810696335,0.46287184616784866
0.9897176155216809,0.9897161612920415
0.8757339493277991,0.8761159267581837
0.9754256854399276,0.9754080714913532
0.7511097130797872,0.751288832622769
0.9797417737975794,0.9793031932896541
0.4814708830572394,0.4813770502102422
0.7933142750755926,0.7934928501812222
0.9901558715521582,0.9901561037718163
0.9904940169882698,0.9904948275363681
0.9015023175349239,0.901504276779636
0.4624647538038071,0.46239030074266085
0.9901373918130433,0.9901376659312033
0.9779298301369274,0.9779438484349017
0.9902393220278202,0.9902428327253725
0.7374464351346461,0.7374130583488145
0.9901339937888971,0.9901362075519415
0.4509808624759334,0.45082849746127074
0.9886251943942611,0.9886264774689458
0.987331270149202,0.9873334646680049
0.3077002353077937,0.49219205412085154
0.9902753581768164,0.9902732600187634
0.3344618434197014,0.3358348762090636
0.9903656633846504,0.9903630559880799
0.880446833357106,0.8784854996609188
0.9898067853020361,0.9898034060875776
0.7375614813598447,0.7375369622678396
0.9892115213904714,0.9892116437804123
0.8215468274776551,0.8220675703735024
0.9902398510971516,0.9902422192748344
0.9877458530609529,0.9877416577197207
0.9830367196544008,0.9830332625652239
0.8657881884710685,0.8657232440117106
0.5793471316303227,0.5792717142386398
0.9901153030759571,0.9901120835913351
0.9902621872756281,0.9902583712037896
0.9901867039630424,0.9901855542495653
0.9875760725011539,0.9875781770986203
0.7639696370731983,0.7608191766847903
0.9095302754627917,0.9091671604724277
0.9316566769979019,0.9315701920669224
0.9325559725519694,0.932293806144261
0.9070146646367312,0.9070144087382864
0.907441829557954,0.9074417895372262
0.932668228894048,0.932694373511617
0.913290889688,0.9128284575984117
0.9073503753663029,0.9073658243209825
0.9302077257313734,0.9271390645512116
0.9075561446430584,0.9078411321142292
0.930278636043476,0.9304234881293758
0.9199200835308288,0.9207906159075463
0.9161525666968025,0.9151605544377556
0.9327865760898262,0.932621974504983
0.9327045598004381,0.9327076278159899
0.9075209446035152,0.907831497533609
0.93243204969107,0.9323863599576319
0.9075115476165845,0.9079398486570902
0.913312445286205,0.9133644966872347
0.906810124740532,0.9068054644757889
0.9295057266817606,0.9292841603153857
0.92462090502456,0.9245855200559109
0.9146807071166813,0.9162296867793733
0.9296791790113683,0.9295956965577363
0.9182306386073716,0.9190754259078117
0.9084180403415769,0.9082088102379754
0.9307078957411317,0.9304048374248721
0.9317085468624502,0.9314431190742921
0.9077024893192346,0.9088846090510259
0.9140520061931159,0.9133949513099908
0.9293983952015556,0.9295066661796438
0.9138636376395056,0.9129899834155366
0.929405733756012,0.9283339239498636
0.9147192756925943,0.9173331098307348
0.9076297808574305,0.9089564374113434
0.9329632996472245,0.9329790476585881
0.9311524686838519,0.931099769862004
0.9104328483433791,0.9101978259739674
0.9297864341809886,0.9298217171273321
0.9075725830875307,0.907573352663358
0.9302995689151509,0.930021273996948
0.9077278359158886,0.9079271124680939
0.9078624962759,0.9080923008977989
0.9149181051746773,0.9150422031535057
0.9328747583667036,0.9328569105030202
0.9113245914957757,0.9107361006699958
0.9143373431022058,0.9130888102348923
0.9243159083665449,0.9232393647159276
0.9079282569906625,0.9079191791875487
0.9126378676965202,0.9118750004843819
0.9083051356832716,0.9083502900496293
0.9295603934880959,0.9293554770835294
0.9320780764709977,0.9320678416382939
0.931682720086799,0.931716326840982
0.910089249509802,0.9103320361894665
0.9323125568248348,0.9323406194248055
0.927815569098457,0.9274849749670758
0.9083491342633735,0.9084038400424542
0.9078173374798099,0.908518595992663
0.9076400718164435,0.90766382244854
0.9086620716376907,0.9085240775370224
0.9320986460495344,0.9321123077156173
0.9157153733629168,0.9141882066012899
0.932690218117803,0.9326975099988927
0.9077395602923215,0.9077408429635955
0.9074671657462544,0.9081172907872233
0.9325523771282167,0.9325132873052556
0.9112819415556705,0.9109786782321804
0.9220858693858394,0.920965482102027
0.9116993384415409,0.9103483130937201
0.9076491289276312,0.9077814639377177
0.9312929797663564,0.931301837671336
0.9298370875888218,0.9294464297638823
0.9309230854277364,0.9311191999712196
0.9100147499712253,0.9103035066757458
0.9074629357135711,0.9074626817863033
0.9092626336631591,0.9084751921578079
0.919503593122462,0.9194413915625609
0.9072229846678592,0.9073684665822174
0.9075435275952785,0.908547266128256
0.9293241511887177,0.9288044252113103
0.9147914351991048,0.9140502398577187
0.9075630753966589,0.907571853883402
0.9077733316737503,0.907828591688116
0.9323171607412979,0.9323621650804291
0.9272566209488771,0.9257561484766008
0.9329740664169311,0.9329507127582634
0.9078209789282069,0.9078615880591684
0.9323688800984237,0.932326633583486
0.9089283703857992,0.9083958962476771
0.9136493759879476,0.9119247325508836
0.9076373464629854,0.9085146665287289
0.9328005927362916,0.9327928483339154
0.9076705201400915,0.9077730526939337
0.9090023628434138,0.9085745908578816
0.9076164574013851,0.9076202440437995
0.9329059002992062,0.9329125045752669
0.9317031204460045,0.9315744520623526
0.9084105454897461,0.9083849033122192
0.9086025179240896,0.9093050424855396
0.9203868456687613,0.9204001908598078
0.9318556797348683,0.9317432866721757
0.9192358662206735,0.9191180708276481
0.907810608184791,0.9088477120228317
0.9281907760148342,0.9283523375513694
0.9258070629471203,0.9267160104025658
0.9309156726175453,0.9311641021426964
0.90771757537597,0.9078020088981217
0.931293726150545,0.9313711141031061
0.9073445109161401,0.907345606455127
0.9225910161092867,0.9231378383635668
0.9215422157553705,0.9214017571478926
0.9073807983574066,0.9076399088752146
0.9114676606918314,0.9129832337195203
0.9296412894656453,0.929550411888413
0.9258689827813826,0.9264792739543678
0.9079869395515472,0.9082196534020326
0.932962116128404,0.9329578014732536
0.9155369278149348,0.9136217921059226
0.9072576674834021,0.9073642813098549
0.9157392373709474,0.9142162905649394
0.9108486262868521,0.9108696833253751
0.9202906169561277,0.9215039954346882
0.9314517222366464,0.9314113476446616
0.9186776022569711,0.9195328806089716
0.9256331744619503,0.9260340766991617
0.9241045517904143,0.9246555029634059
0.9269184271760499,0.9265550787518474
0.9081900197848791,0.9081382824817582
0.9075522892559563,0.9075501677528779
0.9077134092300272,0.907722856717864
0.9124245181086216,0.9125184961873934
0.9099301150373983,0.9118061065079042
0.9329340615740738,0.9329315584468791
0.9330038347048755,0.9329982873007809
0.9331046167257598,0.9330914216113386
0.909261683633125,0.9092003721949322
0.9327653894377858,0.9327963296670354
0.9076495395661351,0.9080504790018249
0.9076048201249952,0.907758146966987
0.9187594426502182,0.9200811837736065
0.9300240404642496,0.9290738281020329
0.9139516687535467,0.9144904156881689
0.932622905514347,0.9326276439980261
0.9076077871917615,0.9080631354527658
0.9075707739588965,0.9080684107170882
0.907889099759425,0.9097266776785514
0.9212043920318447,0.9218243750330847
0.9075065530444719,0.9077979758705145
0.9070493340075751,0.907633784672808
0.9328080772557626,0.9328199561734846
0.9132291943707305,0.9143500669342589
0.9101349272285313,0.9103917651556812
0.9076986178451608,0.9098402497049998
0.9326684445081789,0.9322529083832002
0.9084268584424147,0.9084625567077486
0.912940872456037,0.9120706607241525
0.9076735337257867,0.9079852807476898
0.9074994668152655,0.90772708270075
0.9289220990738761,0.9290973734912349
0.907766849302884,0.908091359856197
0.9075709466197487,0.907570675307145
0.9076975628658048,0.90895977630699
0.9076586904795187,0.9082631316596028
0.9329089601376294,0.9328998631232204
0.9091767674949565,0.9085851060750006
0.9120165441884172,0.911929143262633
0.9292454950947191,0.9289746267887083
0.9076670700184095,0.9079657683300338
0.9325306991651531,0.9325896261112215
0.909688486148808,0.9093882069919258
0.912930246247291,0.912031760995152
0.9115255433645488,0.9114150453855993
0.9159502434654517,0.915844226281394
0.9076760339710032,0.9080150169738604
0.9218279121544717,0.9202525169198428
0.9202711669722173,0.9182105510427274
0.907885863664251,0.9082089209135239
0.9243037809517856,0.9244957864656067
0.9274498840644093,0.9276315584028655
0.9075482748836603,0.907920315027496
0.9099096095228464,0.9098744015482059
0.9077315068653878,0.9078478325717013
0.9202080845379784,0.9202783984945629
0.9074562007659147,0.9074868814416885
0.9260593110617282,0.9253855550542742
0.9324373277892054,0.9322602713766208
0.9075421393783129,0.908166555042891
0.9320388079189714,0.9320067810674346
0.909996681742126,0.9106242946797711
0.9321510463570796,0.9319387376492193
0.9108196731513565,0.9113330060671041
0.9321299854570594,0.9311834158196883
0.9315042380207592,0.9314124457349969
0.9066432995111947,0.9069976710180181
0.9325714246856808,0.9325506640382974
0.9189421983986411,0.9193368186199907
0.927364685026778,0.9273825931328971
0.9305111839912923,0.9303508210489677
0.9185842558638789,0.917593362441412
0.9313735178936079,0.9313587546559955
0.9307051477589713,0.9306757636775304
0.9075704955944622,0.90826974801556
0.9220699441502318,0.9222332228082232
0.9078050459087412,0.9078041269630708
0.9207378312721965,0.9208523387113422
0.932894733674369,0.9329661263310578
0.9213887794502518,0.9212306056987144
0.9077967886930262,0.9077978967248497
0.9327848860310624,0.9327595060310193
0.9225474001881911,0.9221047906459102
0.907588769656002,0.9075907548630988
0.9208800068065615,0.9212039062938514
0.9271999897426634,0.9273013968502408
0.9071068488110308,0.9070760814174653
0.9074679935859898,0.9074703158195012
0.9079557768032664,0.9081457330092212
0.9143639725422752,0.9127746301362296
0.9141553580308923,0.9138285333661584
0.9120047060339836,0.911074733212567
0.9074602709945108,0.9074598528210237
0.9319061443102841,0.9303696289427822
0.9221248146608508,0.9215983850192316
0.9330352795140162,0.9330151903230841
0.9295336486029563,0.9293646167419063
0.9322906534978006,0.9322898604957195
0.9328306135836835,0.9328052011577261
0.9109839212042624,0.9111190707670858
0.9141219020854069,0.9153796218283035
0.9318397836281826,0.9318481327268069
0.9077190584080244,0.907717339664447
0.9329630475732974,0.9329435649794279
0.9098538376876459,0.9094729729191903
0.9146948205977238,0.9170195500511419
0.9292406166278886,0.9298991628153033
0.9180613177878061,0.9181878993432311
0.9108990639750741,0.9105143266217142
0.9272322163968882,0.9275940376428865
0.9075116172819809,0.9082396105469089
0.9195510009971943,0.9201265094389415
0.9285260868776427,0.928865064555874
0.911103207510977,0.9097452430152212
0.9304335325752899,0.9303524542467411
0.9088770006509606,0.9091436123415719
0.9082497624961274,0.9081020922573706
0.9106902854108371,0.909562449488693
0.9327932070257522,0.9327881205481942
0.929154391129992,0.9286144114981792
0.9076178766787166,0.9076116500705182
0.9153862162269871,0.9143097396552434
0.9075125453518351,0.9075112850612044
0.9080371482928818,0.9080091377048772
0.9319659966921451,0.9319828999671772
0.9178063907012664,0.9161178491649337
0.9319849557169946,0.9311503782354513
0.9323057272905004,0.9318927320282719
0.9134014518140146,0.9136790184569686
0.9078190592634283,0.9088441562256909
0.9074892094971952,0.9079788101605605
0.9076579045797392,0.9076579886183849
0.9077402425044417,0.9077399846367805
0.9088364762659966,0.9098159186301625
0.9301222420810272,0.930239094823384
0.9070400643426605,0.907042620109211
0.9078522333280064,0.9078151417937589
0.9199636709972735,0.9200687731052226
0.9324495549107922,0.9321867805594615
0.9301553753832084,0.9298474025200976
0.9325792660260187,0.932541147617078
0.911509195705751,0.9105269580792759
0.9169298758198176,0.915314300140741
0.9120367852182036,0.9125681371701936
0.9076867637878444,0.9079094212934057
0.907923470367808,0.9081067546035217
0.907592153467849,0.9080911830153692
0.9072483307608883,0.9072614632633682
0.9235104589572477,0.9217177761132425
0.9315185218303884,0.9275805685096846
0.907588380940303,0.9075888935170974
0.9078758989129411,0.9084012765360735
0.9076861481734496,0.9076877266357422
0.9301499389205472,0.9302115746635273
0.9317038140422256,0.9317263553989116
0.9076390144466726,0.9078208986881546
0.9076880277930103,0.9078952753933202
0.9077420639673377,0.9082602558783579
0.9156981442807336,0.9162632365912345
0.9071858390892293,0.9072168055724427
0.9306965465423073,0.9309500960166683
0.9328310107141736,0.9327789234171273
0.9288026969893582,0.928954220322559
0.9259449485900021,0.9259162514229561
0.9277972737923116,0.9276570461948508
0.9329929057723647,0.9329745160715224
0.9077193588388542,0.9080885077025747
0.9231524635806436,0.9234803066838527
0.9217210470929458,0.9223510154716488
0.9075743829134129,0.9075742722196793
0.9075476482700309,0.9080486433091961
0.9328226736868569,0.9328125005955354
0.9135932225138077,0.9107619179640752
0.9075445635119048,0.9081737875101754
0.9329674473359437,0.9324931517744862
0.9076092203663412,0.9076133817729475
0.9075567914571993,0.9080023291357898
0.9092140095751893,0.9084364645651539
0.9077222789743254,0.9086751269100833
0.9116027423068048,0.9124044190382027
0.9076162313273474,0.9076195743310026
0.9208297965181714,0.9204965568215894
0.9296780836485685,0.9295191513641364
0.9075568829640625,0.907558014413663
0.9074148762810277,0.9074156326668554
0.925160914381211,0.9249046211521491
0.9077328706089907,0.9079470793677625
0.9075620420104797,0.9075719835593925
0.9275358508365279,0.9277863375760032
0.9076973405289567,0.9077002224005836
0.9274265898604691,0.9271834909670056
0.9326931535157358,0.9327202429888335
0.929978013942365,0.9291560771300827
0.9323234031422323,0.9319786536992737
0.9075523862842301,0.907548050248611
0.9097066943037202,0.909516300347524
0.9330171821152744,0.9325224526271444
0.9221256208318123,0.9236256469150629
0.9270581624808188,0.9272015352790974
0.9254201924966379,0.9267437512454016
0.9295327949347367,0.9282865428185736
0.9211600962794793,0.9219344627539701
0.9223578953231459,0.9227304277497315
0.9223041397607767,0.9210745461458779
0.9070960719256229,0.9071012801126919
0.9319378125173423,0.931917220239685
0.9284249167315367,0.9283586049161251
0.9323155811341972,0.9323215429284168
0.9081660143548198,0.9097857924536357
0.9320870842283091,0.9320855895637125
0.9323839421304694,0.9324519780579731
0.9078099448412692,0.9080585703102453
0.9301482950128784,0.9298807119979364
0.9248418740083756,0.9248726410160114
0.9076748902122759,0.9091110205001114
0.9325517182592838,0.9325898217279059
0.9125425568078659,0.9154566271393108
0.932637200399054,0.9326822430489053
0.9247062146205622,0.9249785655243481
0.9076522487360468,0.9088505621747057
0.9100208003537141,0.9099820650003355
0.9075637364038766,0.9083340263315488
0.9070677359018747,0.9072199742219622
0.9116519648877204,0.9110389955925521
0.9059134803105865,0.9059205316872272
0.9077237896955992,0.9077237664089715
0.907470004346622,0.9082280184535156
0.9075871200906519,0.9084270567241717
0.9328084424101851,0.9327810000570135
0.9075472098565105,0.9075773077809721
0.9073574813909243,0.907356885944421
0.9305681308268425,0.9303131177987709
0.9076520953627122,0.9082948017052008
0.9276285061193617,0.9274846954996334
0.9311709665015906,0.9309311733096927
0.9074822390269971,0.9074867423622056
0.9066395552752623,0.9062365392919599
0.9302901663801172,0.9302769917973742
0.9075804644827157,0.9085888635103855
0.9320733317178655,0.9319552588660232
0.932837433267892,0.9328691122618734
0.9075044125470042,0.9076435288639181
0.9243783402092585,0.9247396420599715
0.9318568346460736,0.932003526994808
0.9073496394493096,0.9073319683998072
0.9319107037020133,0.9319639055498626
0.9233091285490548,0.9233870725236335
0.9294237174437603,0.9280137822870184
0.9251555043815395,0.9256018247166052
0.9328597615314144,0.9328314138260996
0.9075655819908981,0.9075664768665707
0.9208617620662215,0.9212996684547948
0.9075217197316183,0.90793542563793
0.907771372937242,0.9082326252913462
0.9311748666671135,0.9311582681215118
0.9073718980609549,0.907382440806721
0.9187386786267165,0.9176703034749045
0.9076472552561163,0.9078761714091439
0.911515704971723,0.9112733369520224
0.9328040131098162,0.9328061919094895
0.9087476011620909,0.908220270175258
0.929547492940828,0.9297024180344303
0.915581066927626,0.9140529304586296
0.907420779525342,0.9079881016017808
0.9073115749622609,0.907311845227344
0.9077438740765363,0.908463393383141
0.9292752726357634,0.929611929690351
0.9139293048681095,0.9154117427485065
0.9079010812013797,0.9081016397866978
0.9211019553902756,0.9173364140360831
0.9077002538303244,0.9076906767221595
0.9077100302632062,0.9090893636723171
0.9072125870131051,0.9072127495216283
0.9314005519716964,0.9315231906082758
0.9324377627761835,0.9324188986372193
0.9119490862456304,0.9110620787222795
0.9077780398796961,0.9080535780677187
0.9252331080341472,0.9251447635207056
0.9152013162424956,0.9180692911367063
0.9264506347044229,0.9251908582589619
0.91313721288663,0.9126392300773745
0.9076659771154987,0.9076655771939143
0.9075705859128191,0.907845899136991
0.9318068456020344,0.9316594580362002
0.9313576036200608,0.930970171025403
0.907334788476356,0.907334735749479
0.9073297589223437,0.907328814033889
0.918013244586125,0.915629194669506
0.9188689142128738,0.9185139218052165
0.9075709182304377,0.9075730123714122
0.9301904331947354,0.9297705996283914
0.9096854809430941,0.9093293977598853
0.9148170981024134,0.9139095082015772
0.919112336078171,0.9201784329819236
0.9272790871353622,0.9277116982945401
0.9075430766613941,0.90810522538208
0.9076735837722963,0.9096681244759339
0.9075388912221304,0.9075437549316674
0.9326288844183813,0.93268720468127
0.9195730184756515,0.9216236417961645
0.9278298160431194,0.9269540372302109
0.9074416865853835,0.9074407673175742
0.9326986914058795,0.9326266450497929
0.9076075810315939,0.9078169056424624
0.9058709006435953,0.9058768775124381
0.9074285996591104,0.9074306362600375
0.9192864703669521,0.9193749933509048
0.9074579663585424,0.9074673075634213
0.9269751183249259,0.9263006983021019
0.9074370787900248,0.9075502671465259
0.9079324505335831,0.9079309063888775
0.9195073114396402,0.9203776866524781
0.931324911939168,0.9314244052608908
0.9321757896723513,0.9322177099895776
0.9147077924836624,0.9135626161977823
0.9077627109548624,0.9083812454029169
0.9161483263957118,0.9145613763017246
0.9268427697662815,0.9275301465831278
0.9282109385789412,0.9284455017216796
0.9076664637969247,0.9079487323243844
0.9263614963615361,0.9245215023693626
0.9250923441591515,0.9260947016110029
0.9329746710923589,0.932964855917293
0.9078873691289517,0.9078876228835976
0.9076743513632383,0.9079859767137367
0.9099423136127218,0.9099386095812885
0.9317631172273476,0.931819142957027
0.919619129746927,0.9187552956270487
0.9328258675122342,0.932756078603948
0.9215253341463162,0.9226047161106927
0.9076678122501146,0.9076666206009303
0.9067391744154778,0.9067150627404301
0.9159985990166429,0.9139959115383505
0.9183720699965678,0.9176344486233734
0.9074338988225078,0.9074409435541431
0.9326683429877801,0.932276333695657
0.9308463469524478,0.9304503734544725
0.9077354999092156,0.9087675843310907
0.9254580416146837,0.9254258964131737
0.9084342544756682,0.9089266731369057
0.9325128667207485,0.9322089521205181
0.9107507640539879,0.9099867968624841
0.9313515317441272,0.9313795725499437
0.9075368926539151,0.9075371562124581
0.9292388699571513,0.9290823754839284
0.9270558927090521,0.9268045171645237
0.9261029340885519,0.9259933399937951
0.9083051807625481,0.9081782897411175
0.923542890929257,0.9243475620424878
0.9326710432544093,0.9326900070066212
0.9076683821410935,0.9077313079500147
0.9261360149329335,0.9260102927605771
0.9327109054941041,0.9325181195778137
0.907387665700824,0.9073909431645824
0.9077643403888311,0.9081567136825202
0.9075419008536958,0.9077648210222857
0.9137210679919101,0.9143276362848352
0.9075347954704747,0.9078619643183642
0.9071785460871226,0.9072473892236796
0.9272227723490569,0.9265265774115836
0.9169683233315405,0.916754984633751
0.9076662537893494,0.9086431274265913
0.9327616149410628,0.9327456074202465
0.9073786152976021,0.9076142591020614
0.924041840407205,0.9241519838035052
0.9209053813357978,0.9207769235999674
0.9314530787506089,0.9313676143792051
0.9183744633061167,0.9184305107544507
0.9078534654642324,0.9081156246953787
0.9189137573721141,0.9198699836989725
0.9074856516073688,0.9077571294703553
0.9070930268509253,0.907267567542339
0.9288891508306731,0.9290490717946553
0.90760439559811,0.9087813478495345
0.9181463993476604,0.9165684863185924
0.9289180231456364,0.9288806407815215
0.932766162448713,0.9327620087986623
0.923812892002549,0.9237167700972572
0.9104595189024551,0.9126115415414746
0.932757995217182,0.9325836998293959
0.9139739366037194,0.9160865829701251
0.9105143448195708,0.9092665691257211
0.9326980665049744,0.932689190203738
0.9307188106240462,0.9307578630572836
0.9302495604139772,0.9304701213291279
0.9161721452316858,0.9137804237177488
0.9171025324961044,0.9156429706530708
0.9076123458849847,0.9076135699305428
0.9074518871923498,0.9102254980340302
0.9288610574757935,0.9289634045143812
0.9172494963617446,0.9161173421237566
0.928930716558329,0.9291572277701878
0.9083529408091392,0.9087716940312308
0.9242799109046174,0.9245594857137442
0.9078749082230172,0.9080796289976963
0.9237956127058922,0.9249335068945669
0.9108804439390145,0.9112166260745183
0.9305989825113261,0.9306915411811386
0.9076060648722254,0.9080313505956679
0.9330686732434919,0.932945176946248
0.9302973490296504,0.9296219919878712
0.9296139075921265,0.9297688235923297
0.9306736941679552,0.9301259257680576
0.916215175798511,0.9174910312420702
0.9187447267537763,0.9184465717858435
0.9271347670977127,0.925966778796063
0.9075385325863928,0.9076981779632041
0.9248165250648905,0.9254399403114734
0.9108000420776624,0.910224358399855
0.92018853609243,0.9218054395692563
0.9274837438712698,0.9277321387731982
0.9279543909218327,0.927922355780487
0.9068440763558063,0.9068462859981574
0.9265672694917104,0.9266341951773485
0.9316117610149682,0.9316358226435445
0.9158380611965403,0.9185144140860992
0.9076891172732451,0.9076900801637997
0.9305547541723694,0.9290796830166859
0.90734861442516,0.9076213046615866
0.9098097665695701,0.9094119894417692
0.9282465221872844,0.928652689103645
0.9271658055168177,0.9268423949144043
0.9076802247700562,0.9083922640453462
0.9075192292051263,0.9075379504138632
0.9074393134078582,0.9077546689941104
0.9315860682737525,0.9313649875488751
0.9077349508273591,0.908042520818293
0.907870238358719,0.9089058419957317
0.908027339268613,0.9083816998429639
0.9166686864521415,0.9150654718783657
0.9327335346424002,0.9326575513697963
0.9072881333442491,0.9072957976214563
0.9098838302448473,0.9105152210664051
0.9191715531035713,0.9185640256417698
0.9304715615276993,0.9300446158167864
0.9075634680622799,0.9081797615071088
0.9328307115846262,0.9328183248493473
0.9271054576330341,0.9270974093194883
0.9306692607202878,0.9306201026646234
0.9078674340274259,0.9078170160792203
0.9285541887482347,0.9270834747404402
0.9101307246561142,0.9098589923792307
0.9075365863602277,0.9075366090940469
0.9076352055540376,0.9076342963215454
0.9183232750295526,0.9177473142031431
0.9137469844345545,0.9142923903024983
0.93290280975803,0.9329299963241634
0.9216492741336105,0.9216100396371344
0.9111738694048078,0.9106306789072343
0.931445439407784,0.9306971025170598
0.926548399156115,0.9262738831501072
0.9327802622542218,0.9327322698083956
0.9075289711208803,0.9075666906172944
0.9075074082380906,0.9075054133850833
0.9075096362774782,0.9075094920823651
0.9072294167618731,0.9072351219433452
0.9080081449243755,0.9086934276024066
0.9298555286989026,0.9300254491058668
0.929212836722521,0.9291057673614637
0.9073239528819642,0.9073244377780785
0.9177712531143087,0.9182701080470482
0.9071342152253774,0.9071348655673064
0.9107265996819481,0.9104674423428339
0.9325912999993259,0.932663167212822
0.9289016080816497,0.9288405241109281
0.9294429247957304,0.9293977107403854
0.9197549264030487,0.9198003739574213
0.925144725507957,0.9252145509356631
0.9280874392954778,0.9282981409179843
0.9071056597215584,0.9071113402899145
0.9323026620993426,0.9323082393234653
0.9320235754592926,0.9319889959390878
0.9074801236398888,0.907786263510946
0.9138440969565561,0.9123551851249193
0.9075463076069896,0.9075471997036376
0.9187766527949093,0.9209245475998646
0.9328483477020711,0.9328370794824293
0.9114897060203337,0.9108162172938894
0.9124345333049009,0.9128711231874107
0.920392839586633,0.9204747544817993
0.9311021045111663,0.9289636541197869
0.9180802504753668,0.9185230504308929
0.9325539813749775,0.9326360129833146
0.916953338994539,0.9174296833882978
0.9315404164509488,0.9312807455480465
0.9185348783656664,0.9180419059293211
0.9077116046063688,0.9081578634143541
0.9074397415006993,0.9075828293546436
0.932355447982939,0.9316212591983407
0.932074424121037,0.9321379202679667
0.9173893458504107,0.9200582926161722
0.9281909200275491,0.9272130976754858
0.9329941639960565,0.9330094181898247
0.9237669159343554,0.9233186782754753
0.9080354738949251,0.9081028261233318
0.9324418705699766,0.9319619184329037
0.9200117593583457,0.9198452340758746
0.9317677904538989,0.9317333478234218
0.9077568834411966,0.9081608062213149
0.9319644074354717,0.9317237754855172
0.9320291688146486,0.932139224598665
0.9314048597152716,0.9312034232069835
0.907710173537146,0.9077149431219709
0.9076867410561742,0.9076876794732859
0.9073480531321443,0.9074814225258422
0.9092260514997003,0.9104493540638977
0.907901420783637,0.9081160788021596
0.9328875332009812,0.9317922238154872
0.9077886980917038,0.9080094292854394
0.907758888791045,0.9082747837447016
0.9075090590265635,0.9081538709633843
0.9077117330555249,0.9082732316068323
0.9179219161813826,0.9184217568282039
0.9293651974008423,0.9293608751860858
0.9162612556975127,0.9134283313188349
0.9075627528430609,0.9080325238227822
0.9315063914817284,0.9314139220187485
0.9074567358398914,0.9078810604973887
0.9327465372977621,0.9327155693579945
0.907835168419893,0.9080970844255762
0.9329288869476027,0.9329121458606306
0.907375620952041,0.9082455406268889
0.9199456966329039,0.9199936844239638
0.9329877412356811,0.9329469990464675
0.9244027898830975,0.9246915239472324
0.9322481957270846,0.9323425131827604
0.9122373696435001,0.9145809888603105
0.9077517730639268,0.9086126866071749
0.9077321698667197,0.9083744079720476
0.9103338489241248,0.9099689743585351
0.9198668440574032,0.9199454379001556
0.9071908943893079,0.9073609083497264
0.907549469264365,0.9081138940094684
0.9077882111004404,0.9080720858830297
0.9295412479090052,0.9293857136895468
0.9284672738614109,0.9285321549038441
0.9152358421487673,0.9135781656928467
0.9079411328369495,0.9082497322142901
0.9078859286730114,0.9078777964184507
0.9076264943016088,0.9086757887971234
0.9303067847313954,0.9302954419594139
0.9134952152360394,0.9131807516354358
0.92745999683283,0.9280003828689191
0.9295116188697082,0.9292911651189286
0.9278023795457635,0.9275596223221717
0.9075703613284085,0.9077796638053964
0.9309857658642683,0.9310740047670116
0.9071860267146394,0.9072578037120294
0.9218486942405342,0.9231437245808081
0.9318665221768805,0.9319683005174118
0.9328470281597163,0.9325615459558424
0.9074496076048445,0.9075437605971816
0.9235562533410702,0.9232371141886898
0.929072975945493,0.9291344847541394
0.9075774020106506,0.9075781121056213
0.9323650496997677,0.9322574074407065
0.9074968207128218,0.9074971791140248
0.9166780900877852,0.9163358719551813
0.920379400085074,0.9190041205453506
0.9076906573220903,0.908034780785328
0.9075729982765888,0.9076389274381718
0.9311430676098783,0.9294631888435646
0.9080811417465202,0.9080296358930711
0.9079520698960124,0.9090210048689196
0.9319765022580705,0.9319539077367804
0.9075699095004829,0.9083957594616657
0.9319215083768357,0.9317921644573564
0.9077601393391459,0.9081547114377121
0.9074241872568591,0.9079556944416545
0.9082171895106629,0.9082793556100077
0.9314632750469551,0.9304516964637267
0.9294735651400522,0.9297215316944558
0.9305684448599041,0.9307634525398576
0.9075376791390042,0.9078575326545797
0.917788527829934,0.9177323342028673
0.9127812020253446,0.9134057669827881
0.9327398578005857,0.9327516329577284
0.9097943172457494,0.9100168587668179
0.9324515484295548,0.932459983098406
0.9329581529836918,0.9329622453847626
0.9076286013744437,0.9078025064667911
0.9258210723766196,0.9261308304252495
0.9324911400477118,0.9325588548525348
0.9074596888619643,0.9080943211978904
0.9115071418948187,0.9123023461204359
0.9094917327604225,0.90923868177179
0.9290270432349867,0.9291691160620549
0.9309094308594773,0.9302126272201199
0.9198371840922678,0.9197932589166787
0.9073464996539415,0.907488611236164
0.9327265837150785,0.9327135451474469
0.9078440081183805,0.9078446602444983
0.9074124953555741,0.9080077442689454
0.9099664962788879,0.9093927058610488
0.9328141539354167,0.932854007848695
0.9324460161131343,0.932313709501366
0.9169132303418465,0.9167472088072192
0.9273498894483352,0.9273337068764647
0.9072166298893058,0.9077708747784932
0.9078945198372508,0.908145818264548
0.9113705059445819,0.9112690002003143
0.9074870159353712,0.9075803210230995
0.914857931607749,0.9144592593983838
0.9171156042935691,0.9174027157969475
0.932936931510845,0.9329306863706521
0.9298682126805656,0.9299409175686388
0.9162032509040378,0.9155090069578645
0.9293136437434651,0.9290298247992601
0.9075250517082976,0.9094046833023302
0.9076614493314683,0.9076591135550187
0.9077862846223066,0.9077868323718092
0.9073403445755575,0.9073395653769815
0.9224159634792223,0.9223830163956959
0.9326124499388811,0.9326414936714363
0.9075639737311655,0.9078390323929579
0.9214937323357355,0.919852823181415
0.9292388888121086,0.928459576524275
0.9076581185259192,0.907663575088597
0.9303586678329995,0.9303921280878689
0.9074994652247601,0.9078373574911425
0.9214100665330689,0.9206099918714484
0.9326345778610298,0.9325856019540053
0.931272595455136,0.9313007402243132
0.9290825505038545,0.9291218700021416
0.9327835004004722,0.9322521639241771
0.9076854343722465,0.9079762548850848
0.9238774203209169,0.922927998977267
0.9228191503569487,0.9222395798344891
0.9319458279136648,0.9319682092005322
0.9075772408355945,0.9078376745538523
0.9302823838957188,0.9302806012201459
0.9077229291046517,0.9079417386722558
0.9093417946730658,0.9098377666503769
0.9073314945659456,0.9073315199145773
0.9142497913529641,0.9147502867240915
0.9308030910751779,0.9306420111487624
0.9161164013724893,0.9142642429468657
0.9078476450153019,0.9080913983811685
0.907591078417981,0.9075934932477577
0.9287359541772687,0.9282069372398101
0.921024294622165,0.9211411518597268
0.9075892852833689,0.9075916175265162
0.922678839423607,0.9225211196594115
0.9075456410578281,0.9075468997361166
0.9225466042231724,0.9238565427171049
0.914920166485678,0.918215047322332
0.9181806132259152,0.9181915052114149
0.9177592339629838,0.9173145627799028
0.9124033487955558,0.9131467995417734
0.9254983861902263,0.9245809242291589
0.9226522258801276,0.9234298832612363
0.9103294895862969,0.9121244992158014
0.9328287836554938,0.932761714785739
0.906161151311358,0.9064756340444311
0.9074957787362906,0.9074954677740922
0.9096876265714794,0.9090597873189714
0.9080226045329787,0.9080380195989781
0.9110617351646085,0.9106769817314799
0.9075679862815579,0.9075714239311132
0.9281549449198406,0.9286925277352672
0.9153473058278959,0.9142380052326535
0.9077633074393915,0.9086305850771158
0.9304896217894747,0.9305155435280116
0.9280747228367088,0.9278433507912358
0.9082592153286924,0.9080045498541923
0.9074992299801287,0.9074998552999936
0.9227157060929819,0.9228998666287093
0.912301188411428,0.9141823154445804
0.9150233630663411,0.9141013385944656
0.9073182603312842,0.9073223567487558
0.9324649790264704,0.9324037450193831
0.9075887341448524,0.9079717047063492
0.9297165351218416,0.9295181559073785
0.9075711338294612,0.9075936121801276
0.9223443190503218,0.9218289490317811
0.9092783588074855,0.9096499810213804
0.9076377595882643,0.9087604654035615
0.9081891458166885,0.9093992830603327
0.9076263917840717,0.907620884327037
0.9278416093860011,0.9276446077711428
0.9299642066045032,0.9300887325643714
0.9281765859744492,0.9283578759373884
0.9072297813967583,0.9076631093622325
0.9074135226644914,0.9076376611434243
0.9075553044274427,0.9078720579886695
0.9082939085298631,0.9084403641542106
0.915658343392088,0.9177487640403257
0.9330324967305988,0.9330261098791118
0.928660971981675,0.928137119250877
0.9074636278996145,0.9094950057713888
0.907538149192005,0.907659339441739
0.9299100106634657,0.9273064957722856
0.9076940794608069,0.9076896772810429
0.9080829482969942,0.9082311170040738
0.9111033480704546,0.911197574740769
0.9154193763680613,0.9191560362350302
0.9306193415943291,0.9306285563242984
0.9314433252540842,0.931269744837935
0.9209748113872227,0.9222130314084259
0.9076880634205875,0.908035820369241
0.9329039892543068,0.9328715972373822
0.9245372970537966,0.9223317964598509
0.9292422973781947,0.9295204244771388
0.93230710045607,0.932267224309304
0.9212253876055269,0.9208909474639312
0.9278382565572486,0.9280691064101697
0.907924258643153,0.9079245362453598
0.9113751545326434,0.9107555353668114
0.9085828742409271,0.9087120411481989
0.9328600727389548,0.9328300485540155
0.9188584034585193,0.9210391378605058
0.9240027344022117,0.9254431853357065
0.9301080692929289,0.930267348831632
0.9314003667784296,0.9312872590791063
0.9330891349553416,0.9330991009105791
0.9076249019588922,0.9078180019579101
0.9130007874218992,0.9117556350054862
0.9328553327374598,0.9328161171789886
0.9154146693929279,0.9142036455336069
0.9074535077663289,0.9074537915467243
0.9277691219275871,0.9281346417503813
0.9078606826685118,0.9080939427360153
0.9274160467190442,0.9272346475338208
0.9300106215995072,0.9298715647844145
0.9330459446587751,0.9330462498120053
0.9320851091247312,0.9321144352262409
0.9076880448345847,0.9093236042963929
0.93300921073282,0.9329894993732885
0.9308383694376342,0.9283814275450447
0.9327735274419742,0.932746151213768
0.9115253230438431,0.9124594119186754
0.9155875763568528,0.9174143056874674
0.9154033770362028,0.9137140986434155
0.9224596778123396,0.9224530278911329
0.9188554036331041,0.9196674177304893
0.9087010498693558,0.9095760044623848
0.9325424020382016,0.9325820011337256
0.9081742474082132,0.9081914857689029
0.9130709263914724,0.9117967243405978
0.9329848848670336,0.9328665332849572
0.9077125123423015,0.9081725798033533
0.907538408513849,0.9093803560555435
0.9148332796874408,0.9144518843285272
0.9271829261859815,0.9275577443765732
0.9281684014941062,0.9283449368416943
0.9324751281002065,0.9325253905611595
0.907672984308193,0.9076713895054008
0.9224201967266706,0.9241775026444193
0.9329254638785185,0.9329169345350985
0.9326167365571131,0.9326101899622529
0.9076706544400667,0.9083748452260462
0.9076622720696296,0.9076812383475844
0.9071071591098497,0.9071133767436518
0.9078676560991095,0.9086079005129184
0.9207983619423918,0.9215059654526295
0.9113005288274978,0.9098795197223165
0.9317800863073407,0.9308302320386284
0.9328784230201664,0.9328508607292345
0.9073773197600196,0.9078463517734424
0.9074693682831656,0.9077047817791432
0.9312491450049016,0.9310421135774934
0.907687290082635,0.9076872446721984
0.9096871881739358,0.9096068895358371
0.9074682861876319,0.9074684433085705
0.9076988254094306,0.9078599388371164
0.9074830295465944,0.9083477858639085
0.9072196794023902,0.9075068807515058
0.926442844990554,0.9259670643487365
0.9077795982464659,0.9077799177775481
0.9329673779233555,0.9329518296495891
0.9088893526772243,0.9085442989886752
0.9301851428827469,0.9283469148581217
0.9236615625603268,0.9238773544649651
0.9209262123836601,0.9209114763658292
0.9327509610851651,0.9328205568433806
0.9308012716135319,0.9306607066225758
0.907569701637268,0.908859514294111
0.9125405921353004,0.911577453384577
0.9121253594392127,0.9113382916256945
0.9175969413517271,0.9180960934135379
0.9104444948174899,0.9100219159573316
0.9083217546428597,0.9086148023091658
0.9112434779548287,0.9108353575741518
0.9076678857047529,0.9076701058389293
0.9077417724289144,0.9081741921950366
0.9112544781008969,0.911297171037323
0.9301738661143312,0.9303904824372918
0.9325282612530832,0.9325088972596423
0.9077433783645058,0.9078758008095127
0.9078382243707992,0.9083610462892626
0.9074082350642521,0.9091951215141708
0.9307246625906825,0.9300932640525376
0.907968140035668,0.9082471369910259
0.9080388068590897,0.9080001473624576
0.9263541245297892,0.9258997682679011
0.9084468016650333,0.9083110190967524
0.9293885183482784,0.9279320376460453
0.9325598982922892,0.9324376902919738
0.9310360341322097,0.9311330097695215
0.9075589221848837,0.9075588656512619
0.9076624210034404,0.9088617736987726
0.9087783359070338,0.90846794037904
0.9076077022019329,0.9081969182463939
0.9075983855936917,0.907801113845336
0.9322191166364795,0.9322989067116552
0.9315128873637896,0.9315607416080812
0.9279064827524165,0.9281001301832901
0.9078105925951392,0.9083745604049804
0.9074135556323193,0.9074220253668273
0.9078653216658781,0.9078169288661521
0.9076014585285507,0.908287048576326
0.9295550695400532,0.9288177856348269
0.9308965429071867,0.9308510220005094
0.9257769326815228,0.9245655843319169
0.907239145702001,0.9072387828136367
0.9328078345160684,0.9328196051273657
0.9066088192108154,0.9072764474860756
0.910923826771651,0.9101566085638111
0.9096928220703325,0.9093222954358277
0.933015856180597,0.9330101982833335
0.9138596388911384,0.912052049382753
0.9202659419287685,0.9214136488730155
0.907580042249525,0.9075807086586813
0.9263991556266342,0.9258681985153947
0.9074237019149716,0.9074233148843526
0.9249972719734573,0.9252663647574368
0.9075492833254764,0.9079664538823496
0.930676534397834,0.9308060200421582
0.9076617338139447,0.9078679022979247
0.9329292337393178,0.9329281552248194
0.929876152127718,0.9293093160175506
0.9084082676378699,0.9092211175678077
0.9075042830047894,0.9075087535096203
0.9279845167944613,0.9276264877474146
0.9153866052670389,0.9145857672774269
0.9315465036768893,0.9316115136002735
0.9078382117419913,0.9081169924676007
0.929919363471664,0.9270231222540488
0.9087936427071531,0.9087346909608324
0.9328452022151504,0.9328891647380408
0.90853455049575,0.9083396329882185
0.9251641511224133,0.9259771408644925
0.932855875652071,0.9328526347812658
0.9071805683258634,0.9071825630749839
0.9079650915167078,0.9079708431162906
0.9165270976944023,0.9154875586641316
0.9078476849221474,0.9078367313937709
0.9149209088003193,0.9133671951501247
0.9178635019235976,0.9154290514892108
0.9079177212142364,0.908940011963955
0.9106826750685132,0.9108222704847736
0.9076693339147688,0.9076723730447945
0.9326457425800552,0.9326028780323208
0.9077850352391004,0.9084414089616915
0.9298079899422047,0.9301405425060572
0.9074779418916858,0.9074773541781344
0.9229284661914503,0.9230647040761206
0.9075317778874643,0.907529435914967
0.9072534349909492,0.9072596626128866
0.9274940452748648,0.9277170068274018
0.9073294241553392,0.9074647985324923
0.9122470015246499,0.912093634276632
0.9327298460551195,0.9327336584450201
0.9321479504262096,0.9320894249995155
0.9078540165537128,0.908262974852489
0.9075016668230597,0.9075013484246786
0.9256680883352827,0.9261547465482294
0.9120330431373068,0.9121543613547076
0.9074796533146973,0.9074790874346271
0.920184786740303,0.9199632010003004
0.9297196009055403,0.9294523118422682
0.9056350867373836,0.9056250996640189
0.9077278169334774,0.9077290255204189
0.9076141355194944,0.9086918693781295
0.9329036262595911,0.9329123146735738
0.9137891114329064,0.9180685765747606
0.9289404046894311,0.9289964557505137
0.9214531738467978,0.9226366065920226
0.9091758365499528,0.9092579858097716
0.9325668413863486,0.9325920663452796
0.9134615353274401,0.9120968346708029
0.9284097043494793,0.9285552717338565
0.9146112026584727,0.919035439806761
0.9074762738609257,0.9079004870297643
0.9175544710422918,0.9168790623281968
0.9325304271564953,0.9324988964601266
0.9251362028450744,0.9249412886532786
0.9329418201120354,0.9324538127974368
0.9077261160671027,0.9083199708397186
0.907322587025735,0.9073231727985639
0.907686563318162,0.9077881078092039
0.9185061342132729,0.9194282041444143
0.928071003552753,0.9279626684547444
0.9323861204901782,0.9323739533377747
0.9328075399987945,0.932840848426624
0.920974009763756,0.918831440858854
0.9327275768814987,0.932752464631805
0.9085381343982712,0.908868526355374
0.9302494161011805,0.9302530653646366
0.9208552081523441,0.9208519607775143
0.9272535496068255,0.926680730718707
0.9102304047933553,0.9104142628486876
0.9316706832143772,0.9307703947999498
0.9110107809802497,0.9109389637390699
0.9329188803089458,0.9329372603762341
0.9197929207060116,0.9200852130101994
0.9158313275833189,0.914521547847901
0.9076048177682438,0.9076045171620648
0.9076790624014757,0.9080082565513693
0.932578091160397,0.9325970204093078
0.9077695265244328,0.9092523725534802
0.9079008651120836,0.9080703919092314
0.9075904751893271,0.907737788071967
0.9076666558959087,0.9082787417936156
0.9122079868706897,0.9114438440329821
0.9252332458255843,0.9241771984316776
0.9289662083868733,0.9270515100596061
0.9309962702903797,0.9309918444738408
0.9074501754568739,0.9076626688738496
0.90756931499534,0.9083608762352778
0.9129665052055709,0.9113996206113526
0.9117027366027938,0.9116608792482838
0.9320679985401484,0.9306131695359907
0.91897120116663,0.9205269807743764
0.9074385839522221,0.9074393188470826
0.9244463907694712,0.9222299967879714
0.9295847056680459,0.929717145747576
0.9074278554251499,0.9078522890334643
0.9071170849336437,0.9075140582001987
0.929863409815399,0.9298216257512327
0.9076104163415014,0.9079050676726894
0.907729613895709,0.9093714157342362
0.9250313052014336,0.9249119314355784
0.9329370007457015,0.9322634570615635
0.9123018716923695,0.9117470510337877
0.9085179623700155,0.9086240893880796
0.90736993623736,0.9077718892379746
0.9119364729511673,0.9116575784150437
0.9329663329473091,0.9329439523495244
0.9076018258640275,0.9076285618621589
0.9076098714015127,0.9076091665835189
0.9315290620983736,0.9316191147685661
0.9074323234851708,0.9074368305244971
0.9076993680275516,0.9080902755652582
0.9073192750621897,0.9073190497039704
0.9151843108800202,0.9149058030659156
0.9085279683904899,0.9082961560178265
0.9107591360140009,0.9104947548968408
0.9304442292107445,0.9303967455343779
0.9092498079943291,0.9089936176891574
0.9075493031481308,0.9083298621908714
0.9291689679689278,0.9291807288035973
0.9297403147684546,0.9295743399145384
0.9076405037632814,0.9078882862026605
0.9327818283936516,0.9327917562165052
0.9319820172263436,0.9310493555786252
0.9179898525883766,0.9192645629155087
0.9321428683700352,0.9322245066810582
0.9098744995197832,0.911124059708674
0.9075375971073208,0.9087278437402531
0.9291884958001012,0.9294812421085535
0.9197560745530683,0.9231802655361183
0.9057569608999464,0.9057627393299907
0.93270947906859,0.9326452535730847
0.9306606994778036,0.930694894818807
0.9312028538259485,0.9305797025707114
0.9117396285312174,0.9113088334946552
0.9305956288743031,0.9303003672982628
0.912231268008452,0.9116085241888925
0.9076592244097242,0.9076594305469198
0.932575418234915,0.9325423052225268
0.9277055913593624,0.9275147269424737
0.9075193160846037,0.9075478452176077
0.9077348083447364,0.9077348770826255
0.9329875530520695,0.9329658746004018
0.93249986645989,0.9317474152319974
0.9074166569991728,0.9074163353185761
0.9313766392663688,0.9302452867388534
0.9325349550413395,0.9324902909549979
0.907900818294434,0.9081013802317048
0.9211802588178657,0.9184368413868643
0.9079064616580867,0.9080179478919345
0.9327229600502288,0.9326964458620339
0.9076038492999412,0.9078087803102153
0.9199539410446036,0.9221607992584725
0.906905218329136,0.9070545213938227
0.9327542214698614,0.9327180487491674
0.9155104031717225,0.9148181624385326
0.9179269075875395,0.9171731257265789
0.916904813781574,0.917330524713232
0.9075722035754276,0.9075726523831539
0.9207501373294699,0.9201157906793285
0.9078434085953662,0.9078433754589955
0.9326607552158419,0.9326628268691647
0.915120471206154,0.9160449017131821
0.9205573025422488,0.9227313355208093
0.9272065088048628,0.9272478481236154
0.909142543738183,0.9089808255637247
0.9142502296606653,0.9128819150954146
0.9138036928947215,0.9110075486668212
0.9162704007235049,0.9153974535029866
0.9322180899544689,0.9322229565154397
0.932784910784122,0.9327590364263417
0.93262433719887,0.9327423169802725
0.928449057744608,0.9285863890612164
0.9312238300479622,0.9313487413544965
0.9077412467388108,0.907972648482344
0.9074765330870307,0.9082260500332499
0.9273216252965769,0.9267794880589894
0.9075452032126587,0.9078303973957879
0.9074662268660143,0.907467330157272
0.907954256920591,0.9080081987985458
0.9263008598797042,0.9255695128827124
0.9073773365846487,0.9074589313201987
0.9325526336382978,0.9325594814281838
0.9074992380630372,0.9078530580942956
0.9075815049052469,0.908035425165551
0.9077117270809872,0.9078842719034266
0.9075466711603677,0.9084015827372472
0.9329079075357659,0.9329513157645896
0.9224883667385301,0.9216803484718237
0.9074954101244375,0.9103464306147414
0.9317415052030992,0.9305117955692147
0.9322834608582192,0.9321741565770307
0.9323735932961028,0.9314695018050856
0.9324280261865577,0.9307081701999238
0.9328122928888696,0.9327937466091566
0.9214996294261206,0.9217530649889332
0.9078755895778595,0.9079331904117606
0.9065856262832206,0.906585653933545
0.9074088595761592,0.90767586747795
0.9268262028192562,0.9267439554571177
0.9330092373777706,0.9330190898099788
0.907577240675504,0.9079367989956446
0.9324052582139905,0.9324800443182332
0.9245815369551352,0.9253283343711145
0.9090230055587606,0.9088339387585326
0.9075585677788196,0.9087417584268975
0.9075229333951003,0.9074662593348317
0.9243947050715935,0.9231243067766783
0.9076487334421298,0.9079476028519275
0.9326907589463891,0.932714179929918
0.9074553007346511,0.9074592348716896
0.9080885307809897,0.9087367647080724
0.9106280756140581,0.9099491717053472
0.918032900836457,0.9174245810706948
0.9075457171693044,0.9075464377637883
0.9074737065906368,0.9075412007253757
0.9078254382776081,0.9087716097839718
0.907452024062707,0.9074522700106046
0.9241003060914577,0.9241105115261412
0.9322181844385848,0.9316160037053972
0.9083333474360412,0.9083470744007789
0.9080837260973537,0.9099233015881432
0.9250536806922445,0.9244159508951545
0.9280016546551213,0.9279722080729113
0.9088850173767599,0.9086381958231136
0.921582563874253,0.9219512409289956
0.9076608512283968,0.9091601078284616
0.9306373850147464,0.930519054840599
0.9073982607933331,0.9074368250358948
0.9326522674964097,0.9327390593239835
0.907816796499382,0.9077598200747917
0.907594031466295,0.9075955555080717
0.9075367546419624,0.9082533384096169
0.9079295505373741,0.9084358209985259
0.9142922636527975,0.9124162391039734
0.9075865834179043,0.9075853846193291
0.9078006623358411,0.9077793132947477
0.9287970737610823,0.9289440101383658
0.9076849088750394,0.9078637605613102
0.9279498419288278,0.9278600424483011
0.9077360652958778,0.9080415195518057
0.9306546546904,0.9295147622234413
0.9209936346642175,0.9210435908730333
0.9327912478401528,0.9328116250442277
0.929286262765368,0.929294395137873
0.9325164362245102,0.9324441364776824
0.9308784135564259,0.9294455245643402
0.9108651007329377,0.9101348710300724
0.907440748953989,0.9081275452632239
0.9189743337327998,0.9203058400711853
0.9323421375627323,0.9323203837460119
0.9081173647747576,0.9080568318782924
0.9111105020827643,0.910835788119903
0.9328415098584905,0.9328820917519952
0.9077583329135798,0.9080819867472782
0.908183576639927,0.9081521820972083
0.9083862861568037,0.9084017712462463
0.9151176893072993,0.9134674650759487
0.9310241581767865,0.9307005049585892
0.9327391944701557,0.9327748427154823
0.9075189123016701,0.9077401374420156
0.9304336681189666,0.9302066620607222
0.9075765612894734,0.9090474849901095
0.9172291235237059,0.9180120388618102
0.9076276180105461,0.9080533184389229
0.9191483170493986,0.9187821921936336
0.9292222865048486,0.9292578848418895
0.9081886118131809,0.9081033804588025
0.9078338210667997,0.9080958949030508
0.9073393009303111,0.907339841542976
0.9323444956107734,0.932349972097123
0.9327252865591734,0.9322218027920441
0.9073858736313076,0.9077952039625944
0.9106932435437576,0.9101123263853123
0.9319737911232856,0.9319259397413466
0.9075233441079168,0.9095378834750565
0.9079153509858173,0.9090278410727977
0.9326129324642128,0.9325920865292945
0.9144683062252199,0.9162206407991532
0.9277638551908961,0.9277815442442807
0.9328680341648719,0.9328699123771497
0.9314550672628366,0.9313054097097306
0.9077084856336446,0.9081785165777003
0.9075001015179409,0.9079055994144233
0.9277074250393903,0.9270616619800252
0.9074613743205935,0.9076556618828313
0.9275323055561961,0.9280010818970582
0.9330626842115292,0.9329767059529243
0.9078932703680469,0.9085646156447741
0.9074899964558231,0.907776302748026
0.907611256020471,0.9085286463889406
0.9172544200894783,0.9167136524915779
0.9075194539877065,0.9075201830113927
0.9074967317533903,0.9081662152076113
0.9075753382544578,0.9077703266137559
0.9133353580837221,0.9139719718022852
0.9297607614353658,0.9295666766839615
0.9079552429069372,0.9077932393648497
0.907702639188746,0.907689457003739
0.9077276622235205,0.9082295414766197
0.9081418693710042,0.9081647028807452
0.9274560177092699,0.9233399039638399
0.915251223730542,0.9185808184849346
0.9271242497175451,0.9268222708538619
0.9215229822658885,0.921658270464446
0.920033887819987,0.9211529497866691
0.9141088409221678,0.9125466143162668
0.9151120251468712,0.9168946826384504
0.9251101384009018,0.9256720515160834
0.9077888264930991,0.9077896591864452
0.9076542675181137,0.9090006105866243
0.9253799292187395,0.9261154346627746
0.932055016201138,0.9321801933336438
0.9170320699905373,0.9178238103369776
0.907791584212325,0.9077920880755239
0.9077087523654205,0.9076925475428774
0.9084348749487182,0.9099035833650737
0.9295746504880869,0.9278866651974194
0.9271127230282008,0.9268987959096947
0.9325599737424768,0.9324591356499888
0.9076591135294723,0.9084595870768551
0.9075176720144683,0.9075208945638016
0.907675341220635,0.907850081579019
0.9308836354265251,0.9305696354901878
0.9287873311394311,0.9273489205478943
0.9328711371003743,0.9329243558435472
0.9076254716026582,0.9087212209928515
0.9284778671888162,0.9263267534213976
0.9309532099021425,0.9310245787744704
0.9078420992326769,0.9082308183340347
0.9168796853177126,0.9177509167337854
0.9071850079221415,0.9071687729234563
0.9236131474301473,0.9237689342532778
0.9075203894748027,0.9075248727382976
0.9298095042982898,0.9299786965763456
0.9072813802389662,0.9072610444169225
0.9074277807199513,0.9078579018666803
0.9075102230442047,0.907722751941369
0.9144120953363978,0.9130675865763743
0.9233317269910443,0.9277021903670546
0.907607262653401,0.9076093176723645
0.907338360704887,0.907518190488271
0.9076252710695389,0.9076245884543891
0.9075471530879928,0.9077146023428866
0.911497245388492,0.9131950681734115
0.9319217461282835,0.9305562268132718
0.9115444008159944,0.9108069638154801
0.9076541906841638,0.9084811796247783
0.9113326917727258,0.910762462889594
0.9216215381244247,0.9184382729618272
0.930837496141453,0.9307367188064098
0.9323984957182813,0.9319915326595445
0.9326615100130641,0.9325935474096053
0.9075921678608698,0.907598908733628
0.9077063293201347,0.9081870593134407
0.9292792281282792,0.9287052258272283
0.907547383448356,0.9082716494437644
0.9316720156688522,0.9312865686210661
0.9109810461187077,0.9115330255088088
0.9324294065394446,0.9324879304230698
0.9079485316317024,0.9080048188037645
0.9325525021817046,0.9326082993891583
0.9305053159116318,0.9304934426497661
0.9329881023823186,0.9329729252331502
0.9104897170075619,0.9099035284363548
0.907715290705365,0.9079799701483112
0.9299073864435674,0.9297685882690889
0.9075157795785362,0.9078220495223419
0.9290407743026359,0.9280370047034896
0.9313108584634172,0.9314141244009129
0.9154579472329807,0.9134164302072669
0.9319039163337388,0.9317882560206651
0.9328177540867052,0.9316925516499848
0.9090753143200927,0.9086943759865312
0.9121050216991026,0.9114366007679875
0.9210092725815822,0.9227324849283595
0.9158253150697699,0.9149883732802722
0.9076075107675047,0.9083024333754294
0.9102563745145957,0.9106521060622208
0.9319578158126467,0.9320345792244479
0.929062838929264,0.928338576986614
0.9074218505008528,0.9081968557566386
0.9077432066869094,0.9084231241533604
0.9291432306624416,0.9291407519644679
0.9238387494773592,0.9242484989881697
0.9074413662476115,0.9077590454621801
0.9187754308766836,0.9179719657339304
0.9268249327675308,0.9262943904075155
0.931784335572153,0.9307367560869885
0.9078346869460111,0.9081137293704005
0.9076093966036333,0.907620110747571
0.9284835770431116,0.9285818288355956
0.907553936443532,0.9075560443746139
0.9075755683993276,0.907576186945193
0.9076555442387728,0.907655054873206
0.9286033924177964,0.9289218824616157
0.925915494902281,0.9272197237115698
0.9212542887972794,0.9210019595168143
0.9319027858726571,0.931804184527708
0.9245426975917288,0.9258469957407867
0.9328268436717965,0.9328196066181647
0.9074611896072277,0.9074638049431656
0.9209506688538818,0.9218072178381123
0.9189614325547852,0.9191699917836216
0.9078553924073982,0.9078559391883659
0.9077332389166495,0.9097236350032222
0.9328647266731762,0.9328402675644011
0.9293294651958464,0.9293377859404
0.9090652866360719,0.9086674814451372
0.9314697960958869,0.9314801540714279
0.9076194783316531,0.9087301649670252
0.909378407698224,0.9089799114576682
0.9260287226817833,0.9259635917440451
0.9081961170761592,0.9078852658566217
0.9075767211886285,0.9081897224610018
0.910320953447041,0.9097683244868133
0.9268700048014522,0.9246837609554268
0.9077812386671122,0.9085129508699972
0.9089132184062565,0.9086605318397999
0.9080148004813245,0.9080559513431743
0.9076378841530774,0.9083938506981022
0.9310737938300022,0.9305183074224158
0.9075396037069845,0.9094557869369094
0.907671361933443,0.9078269114115207
0.9074403850742974,0.9078693677637031
0.9194048742953013,0.9176633467762012
0.920042534171519,0.918857590484789
0.9076473416496508,0.9084868318083471
0.9077891346902534,0.9077344356504656
0.9074096277599716,0.9085860799699923
0.9077080196168333,0.9092659387392117
0.9325895581432084,0.9326661407095439
0.9102472214541055,0.9094567804618504
0.9325541137109555,0.9325442317787419
0.9211876438487608,0.9217002540062676
0.9215290610544388,0.9224662333361329
0.9255042904368419,0.9252374535246475
0.917492417457231,0.9176138891023997
0.9075401104180466,0.9075407372651959
0.932107932854146,0.9321111971394822
0.931994759839934,0.930359286199146
0.9315503430744206,0.9310945743853316
0.9295760457500091,0.9291298911341105
0.907333861993561,0.9073339277226264
0.9323135643260787,0.9322864757694457
0.9168776001075107,0.9179096688539555
0.9318673795000938,0.9318801874179116
0.9275790364892016,0.9271488076387513
0.9230371896779915,0.9229013643690451
0.9085399069032553,0.9084615794592459
0.9330396488966264,0.9330340161675399
0.9264167425989761,0.9242874758354134
0.906576372953773,0.9065727760342952
0.928911149722017,0.929194999507494
0.9075121183865281,0.9075146473041474
0.907423038067044,0.9076682194231713
0.9322205819298364,0.93228150195078
0.9075709355877843,0.9075706567543765
0.9325597105256147,0.9324858782046154
0.9328149081563469,0.9328310729458502
0.9316073646177606,0.9315851123967098
0.9324690635085638,0.9321088149804224
0.9216992763049382,0.921772738507163
0.9303222850495604,0.9300894976027326
0.928842850661984,0.9289451280731043
0.9186419657068821,0.9200726371593798
0.9312133628520198,0.9313178458628313
0.9078424482857913,0.9090780725703153
0.9244853561987284,0.9235894056167722
0.9073084657468037,0.9073069606255882
0.9075632923593029,0.9083644911096528
0.9075528482560659,0.9078483910425322
0.9247525981244787,0.9242307084824779
0.9075317134495363,0.9077345657574546
0.9299384555432537,0.929734187084463
0.9073712283771679,0.9073712496435437
0.9244493101145784,0.9250076433573758
0.9082085590797386,0.9087715945760613
0.9278258532021263,0.9282807082287783
0.9073579733369116,0.9073596573464746
0.9327510394729118,0.9321905779297979
0.9317901462070333,0.9318485239091785
0.923935565427046,0.9242257624533065
0.9081419719568736,0.9080238076626805
0.919857591506367,0.9180402094496881
0.9075559105349622,0.9080619038623454
0.9159036862164247,0.9153772524817887
0.928199886161644,0.9276546174746316
0.9133161710180057,0.9128129384450212
0.9262221392273283,0.9261374775501539
0.9192881109775933,0.9197703131688079
0.9221543835835223,0.9229765640153051
0.9157753234670842,0.9141289228502703
0.9075712824494486,0.9088693890295252
0.9083150906131183,0.9084078273481806
0.9077351816944326,0.9082608481735729
0.9076650558892673,0.9076645013263689
0.9226591799264465,0.9203681992085697
0.9073194570101731,0.9074028076302989
0.9328951461660163,0.9328319492664333
0.9284831163897889,0.9286073955316916
0.9299272063841137,0.9301268082117075
0.9093326055348061,0.910226581071176
0.9076055127784279,0.9079564848834795
0.915964801684996,0.9150924729885439
0.908125214428545,0.9080807664346752
0.9121442627613975,0.9104381061303094
0.9074503915435669,0.9074574098258446
0.9114428822971417,0.9109493153317547
0.9315287447111957,0.9314574167385598
0.9077460174721372,0.9079962489768946
0.9324399084693119,0.9324526751452192
0.9143143800411384,0.9127435701579454
0.9308323260611918,0.9285051963170008
0.919351061203358,0.9186910611643655
0.9078043265476184,0.9080039435333924
0.9075322057515602,0.9079338271598492
0.9076365787731713,0.9085430751784367
0.9076898425128752,0.9076905973464019
0.9177097429170682,0.9174326851218301
0.926988529086291,0.9270536056272504
0.9097266566066621,0.9122811380279398
0.907579368827333,0.907611030289559
0.9209072968713727,0.9193024612031087
0.9075268973695574,0.9091894705466319
0.9319313584597432,0.9318709568162785
0.9156720764619302,0.9150980646121271
0.9277799063386978,0.923632211667384
0.9183529870534399,0.917395771996901
0.9323533516201706,0.9308885725800686
0.907071438152106,0.9071402427321192
0.9075367474888938,0.9080735904524156
0.9328933853569865,0.932914018823066
0.923144396357918,0.9243999912558042
0.9085508966889719,0.9083431259365682
0.9245398104082616,0.9237063850700777
0.9214960594155125,0.9214835801479252
0.9314762602453532,0.9317062557355719
0.9325123340676142,0.9319988908495331
0.9323030597929874,0.9323245361073933
0.9090319309350222,0.9090966478210214
0.92350310132851,0.9234830790273939
0.9168832193007889,0.9188840656040271
0.9076129771910368,0.9081035814021875
0.9078142477647844,0.9080738491164767
0.9083311621067891,0.9088008583903732
0.9090417456487466,0.9085301242893026
0.9077890802849233,0.9081863649128801
0.9071698802958515,0.9073196964522687
0.9076141375782942,0.9090031104039404
0.9245669336245902,0.921951212896569
0.9138095482111469,0.9151949280056527
0.9173931110575759,0.9185971968693627
0.9071719907027376,0.9071737888027839
0.9134404926353696,0.9132356305294843
0.9317214805834676,0.9317826602205073
0.9158674953778186,0.9173992562096209
0.9076039047932908,0.9077995629030365
0.9178760072249301,0.9187639226950111
0.9323815961411657,0.9323830121475598
0.9076263287508192,0.9079543727656566
0.907631632549961,0.9077657792617984
0.907900489990136,0.9080872524299238
0.9314429478095262,0.9313892457847421
0.9328903216220383,0.9328787288015548
0.9311518161005959,0.9313517271980001
0.931318634320675,0.9300253269867745
0.9327769345392366,0.932778088748438
0.9075758799727318,0.9075759048598063
0.9070531519555154,0.9070504414090764
0.9073420275126426,0.9073399267339367
0.9218523298580749,0.9224101016088536
0.9120661966914235,0.9111057864576582
0.9282533556366043,0.9278865092231515
0.9075352943263776,0.9077255464876403
0.9124595360448126,0.912058543930534
0.9074832803594461,0.9074880594881563
0.9302022648899445,0.929964927354979
0.9327988165657176,0.9328624362585378
0.9076700134457896,0.9077724214882653
0.9176786180245161,0.9162131629758962
0.907416264205427,0.9079650175976269
0.9323051149337834,0.9323225195156161
0.9308375526306464,0.9289689528528423
0.9293994700378743,0.9288576987491003
0.9297561967782704,0.9274607643211559
0.9073693042510739,0.9076030148149502
0.9239782628631937,0.9224309802952798
0.9177296719683733,0.9178911852871401
0.921359004980506,0.9215066200936871
0.9103214612647338,0.9106511418043124
0.9250807161035163,0.9255020128812091
0.9077825380786517,0.9079523645060584
0.9325939792410649,0.9325322107216287
0.9142970931296357,0.9142303410054501
0.9076587204030819,0.9096528184188625
0.9160197153974868,0.9168305348272233
0.9077532871718605,0.9082817065383127
0.9302724311933667,0.9302285599674864
0.9316895565330168,0.931663765528888
0.9071797212141117,0.9074207311093432
0.9233088197985447,0.9223771537734994
0.9068183433155516,0.906818273480575
0.9078697010766921,0.9078167746611673
0.9219590346291479,0.921909987595097
0.9210621767822674,0.9220386487391601
0.9321159402184087,0.9316998676152509
0.9306349244523231,0.930679537912514
0.9076139366992881,0.9076136485638213
0.9309485517503315,0.9310116125103339
0.9325972887136226,0.9325773406345758
0.9187816322760157,0.9205072740281537
0.9075426860674976,0.9083389758372199
0.9310722668149228,0.931185568697285
0.9077225212760931,0.9077175456167471
0.9286388645983494,0.927928516159731
0.9076794813965452,0.9076769581881138
0.9084485726197071,0.9085238643947708
0.9076432547025267,0.9079526184297027
0.916424752851957,0.9173507830390493
0.9248063792160142,0.9248613381609689
0.9305464652293877,0.9307875777470899
0.9072549069191869,0.907259114462983
0.90780873920119,0.9087287983228385
0.9202907370163684,0.9197238199622795
0.9327034131854183,0.9327528825017416
0.9077404691710871,0.9084824361568211
0.9328855568483689,0.9328696542626571
0.9328605489309635,0.9325785112609941
0.9261386654186669,0.9263702613317757
0.9322724121568712,0.9322476925039647
0.932031756583415,0.9320006899475635
0.9250755708463404,0.9256468401314593
0.9078677054781114,0.9103785370368095
0.907450108576438,0.9079134226193084
0.9074175514007923,0.9079676507736407
0.9287758429802342,0.9288599524453819
0.9074323602658021,0.9074322243856189
0.907445526219634,0.9080055104072906
0.9328495958337595,0.9326579458667106
0.9311861316261659,0.9306443039989977
0.9079233510396268,0.9087493671879356
0.9075876257585392,0.9075870730278233
0.9163395438363807,0.9174685316813271
0.9192619398554048,0.9192351180329693
0.9072132745562398,0.907626178804517
0.9075000021697174,0.9075000454191537
0.9322923045314945,0.9322498947295494
0.9279785932541356,0.9280010075067863
0.9194229154472072,0.9201640595630277
0.9323436220308355,0.9325176369575261
0.9322649983990052,0.9322730589430516
0.9320548694470943,0.9321384329823248
0.9314001722066295,0.9314135174043066
0.919854665819287,0.9198288244233962
0.9128722036751676,0.911595307463569
0.907220956151478,0.9076125400998278
0.9208255817138518,0.9213089275814332
0.931428354425954,0.9314724719315958
0.9126110949285005,0.9148778311352576
0.9327766227774614,0.9327731178700498
0.9121343029048925,0.9118885894844236
0.9299932562667829,0.9298585559471205
0.9238199672866533,0.9235172549238772
0.9076982426477448,0.9076950944473898
0.9327791793995777,0.9326447152562607
0.9304353937987114,0.9305698422392513
0.9074840576793338,0.9083260525505019
0.9330423405424881,0.9329605598191543
0.9310839595878457,0.9309651365030892
0.913562374423384,0.9135062349260166
0.9167007500396362,0.9153559977158646
0.9309728620142294,0.9300199526091945
0.9144894475408815,0.9152048780969424
0.9322273550920497,0.9319288149556584
0.9281072556052034,0.9268202999304016
0.9109820649732476,0.9115493451941927
0.9215616981083014,0.9239667540357587
0.9071477843758519,0.9083466536228159
0.9232868535460403,0.9234141569618183
0.9081674699571837,0.9083863094445551
0.9128422522301524,0.9122880557202916
0.9327313832982225,0.9327151359390801
0.9074297873939798,0.907770203566853
0.9324525324381959,0.9325024160397791
0.931127735128381,0.930170906755825
0.9165606769458774,0.917339033299647
0.9325586158502995,0.9325362890024494
0.9264329769442539,0.9267508009123107
0.9081535471046581,0.9082113330834848
0.9102646133148347,0.9091760570801903
0.9265014998484348,0.9256188334309181
0.9282383416416962,0.9277407145524301
0.9278178306957293,0.928065590899229
0.9076882398187748,0.9076885574992768
0.9078858805103402,0.908077620618407
0.9329587557711664,0.9329370069750316
0.9280569555945868,0.9280351952212895
0.9321978701836838,0.9321263144163605
0.9208112041812969,0.9207442313793678
0.9082023559754199,0.9083346669731805
0.9329576938435147,0.9329658048715886
0.9073566809614089,0.9073550071180847
0.9074404192873671,0.9105402525928707
0.9327632392097985,0.9328093139956889
0.9088445239153083,0.9083941734625237
0.9078883730904546,0.9084590512078792
0.9165289985183233,0.9174532695613764
0.911599270144813,0.9126322790574081
0.9306049521001826,0.9305956660489475
0.9326166956685686,0.9325382633480948
0.9086157381335165,0.9083195688529975
0.9075521321030068,0.9075448518064867
0.9296606084723693,0.9295822873814404
0.9318446212883803,0.9318481522926857
0.9271388709719898,0.9273667191623863
0.9071663234823236,0.9078515581701079
0.922176134088142,0.9225761350240034
0.9295484306162937,0.9294555069614842
0.928188133707125,0.9283608756579893
0.9315505943246497,0.9310337687644928
0.910440750400332,0.9097079162897675
0.907852165977504,0.9079893498990751
0.9326493956612848,0.9326360274091766
0.9255761853955159,0.926522153690216
0.9084920599985824,0.9084877517441456
0.9157615537372152,0.9149572677838148
0.9214768315711691,0.9232500146976848
0.930239250731678,0.9302610991889252
0.907426952250317,0.9074385530628009
0.9300418751204037,0.9298594791881782
0.9115749921105532,0.9112576807537555
0.9302018584108042,0.9305316367426449
0.9108148963239483,0.9099672838315358
0.9329074853672276,0.9328689153676554
0.9318708484598297,0.9317944991714768
0.9077285955761027,0.9079692599169706
0.9076033440867954,0.9076687851729978
0.9310096612621593,0.9311614159340635
0.9163639278391628,0.9129219084654907
0.9074193224786832,0.9078227799374377
0.9319930950298471,0.9318720484345147
0.9077402505724695,0.9085018435989768
0.9321389091195961,0.931873611604682
0.9266621974265951,0.9259262913244742
0.93157564587857,0.9292531864814855
0.931150931305658,0.9308132023438793
0.931717228293319,0.9306220181156998
0.9260849395517271,0.9261638437865688
0.9078589939945134,0.907966623311471
0.9076521461728696,0.9081541591235153
0.9093800512937387,0.9091497222650986
0.9297535227382817,0.929320805238334
0.9327149941629581,0.9326742425164086
0.929979723357404,0.9288568995613641
0.9304588567316769,0.9305770243868129
0.910140891130621,0.909680142498012
0.9316434103866138,0.9315698186689452
0.9319445887345861,0.9319675533656715
0.9076963877663607,0.9076964866441906
0.9163022114790824,0.9150718788566289
0.9321881004080907,0.9317314322783478
0.9255622427029909,0.9248033286162683
0.9197853024720613,0.9198261052082806
0.9076879738973376,0.9076883181935455
0.9076445921428004,0.9077693333086658
0.907441844948949,0.9075283460131776
0.9259458491073161,0.9259750447206113
0.9074426914132081,0.9089242559555701
0.9094100076707139,0.9091555303437362
0.9278728468998076,0.9265638880619156
0.9074528818039439,0.9081613092088568
0.907586136463271,0.9077915572984958
0.928153656220498,0.9274935518972588
0.9329360741775586,0.9329276570673263
0.9328355940346003,0.9327924419493457
0.9233249881811615,0.9230214344086437
0.9328845156625243,0.9328906159600255
0.90764821594805,0.9076482885317126
0.9282011864833473,0.928524622077488
0.9309327138705773,0.9309658110625009
0.9314371552171342,0.931491249284134
0.9308411385728789,0.9306899600834734
0.9263102683821085,0.925889243366932
0.9157824072613819,0.9157463845064391
0.9295408376611135,0.9295090524928107
0.9282903432891486,0.9283059634792776
0.907630455157637,0.9090334288058308
0.9276626942062827,0.9274591127018106
0.9244785373846914,0.9242635752496708
0.9087734650298397,0.9084624133507044
0.9076873574481469,0.9076869478718718
0.9325256024370782,0.9325022909319286
0.91325658037768,0.9127100217782795
0.9097306550797771,0.9099145230842076
0.907198872507808,0.9072014099645145
0.906509288036879,0.9065085482970053
0.9326944991741905,0.9326734028816444
0.9317759689710384,0.9312477212077915
0.9076913851042421,0.9081851146820092
0.9078248423287745,0.9080238558534656
0.9252784116827989,0.9254958891861671
0.9064864410116985,0.9064838493447303
0.9329315901873437,0.9329270419700805
0.922878084043331,0.9228156480498495
0.9073424660173717,0.9073423695661502
0.9294966160629071,0.9245124235442781
0.9187833453660802,0.9185959483880974
0.9075947648732934,0.9076121623570014
0.9259799663976598,0.9248513026835232
0.9254637399185642,0.9253737830523885
0.9167629205883151,0.915520570334709
0.9079070257827587,0.9081687810487169
0.9112276670533123,0.9108509984527593
0.907471311344089,0.9080052563964134
0.9073766364403802,0.9073870067124424
0.932645108035846,0.9326834437351548
0.9075715609035512,0.9075722545710038
0.9077274456507032,0.9077141237953411
0.9077397121644393,0.9077347373317005
0.9320715643542283,0.9311437323844691
0.9077041611350716,0.9083363667509093
0.9327468735149913,0.9327739940495224
0.9077532983366854,0.9087551868553693
0.9109689760112014,0.9103893340004996
0.9076565267354717,0.9076578608551409
0.9217709846460873,0.9218712124565767
0.9112556514096527,0.9111618288075175
0.9093709130207313,0.9089535352306717
0.9324870767687751,0.9324219808731071
0.9291844872097232,0.9291939340868451
0.9142191556555322,0.9147376990739444
0.9305187661908136,0.9299708924270378
0.9075562370914084,0.9080203164447862
0.9152468993839515,0.9149549957829192
0.9075924518746507,0.9081535882809864
0.9076849734365284,0.9077034776709851
0.9075409047199504,0.908574852870574
0.9199281476721849,0.9192103790566775
0.9078065589128028,0.908272440104841
0.9211582413262401,0.9225968353961319
0.907232815059158,0.9072333397785354
0.9076651559614665,0.9080927360130445
0.9074653646640423,0.9074636485154822
0.9147141145824431,0.9122665627685892
0.9328667287699847,0.9327980311447354
0.9081084524670932,0.9083127176078996
0.9076289720842983,0.9076292679161031
0.9076565198628521,0.9076568323726305
0.9075346744455675,0.9084590506909446
0.9076671436128649,0.9076687928741752
0.9319109458792909,0.9320941451361858
0.9111866797033027,0.9153649096447039
0.9320060419588944,0.9305486102300484
0.9311563092375539,0.930576245449539
0.9269934759173789,0.9265282023125759
0.9109956490501003,0.9114538511488516
0.9195612403401725,0.9207059652583015
0.9327209161203133,0.9327199525876877
0.9093012828597872,0.9100170342849904
0.9294188064665876,0.9284737293444713
0.9329308495815342,0.9329244777678742
0.9177680992753816,0.9171674510320205
0.9075182425956303,0.9075459160464409
0.9074058323515167,0.9074052918472494
0.9076118299150194,0.907612750800408
0.9073024938546571,0.9073257411624769
0.9307647755403994,0.9306075970747517
0.9321815068833371,0.9320833921200861
0.9324251841963945,0.9319742243822081
0.9077032450697554,0.9077392371266396
0.9285520512030276,0.926883565888442
0.9075714668067613,0.9081044834892128
0.9260350485332097,0.926324143211713
0.9233017075467088,0.9233473422970233
0.9313279489216864,0.9311146127501518
0.917959199446631,0.917137542034991
0.9164873183514091,0.915895163595938
0.9076831617086871,0.9076743052946133
0.9305943750354603,0.930386777741854
0.9130010388580919,0.9113883568987434
0.9277625326036676,0.9269982836680744
0.9327692259111626,0.932746021158962
0.9149762399593964,0.9145052757934422
0.9076616050278358,0.9087456291520998
0.9233287566908949,0.922077932494934
0.9078637533274634,0.9078619014022583
0.9308661079533258,0.9305704667974465
0.9111944198185808,0.9107020170723495
0.9303546980188545,0.9301531022907595
0.9075529311657373,0.9078283415857007
0.9144346387604249,0.9142932945310442
0.915640872423321,0.9137809394363261
0.9300692421102111,0.9302196049224368
0.9222499316506426,0.9245688142128543
0.9328070478214016,0.9323172288681582
0.9229602435457536,0.9239053571196876
0.9072523772434334,0.9072505968746414
0.9262338429885553,0.9259369629694207
0.9320541003482271,0.9308955534756198
0.927245337695163,0.9262995619425152
0.93111936483293,0.9309968271425645
0.9316081138848865,0.9317820506356643
0.922183373992857,0.9223397260659429
0.9077421235288878,0.9081209054124127
0.9208608274664989,0.9203768973025593
0.9236698714874576,0.9227953432323042
0.907861594025751,0.9081345046909357
0.9076288920497906,0.9076273343914649
0.9155092233157027,0.9172584878192275
0.9328765200507698,0.9329065319596296
0.9134603658411573,0.9145820705204527
0.9073753979042207,0.9073764646325325
0.9077337793345486,0.9086709717748535
0.9192549385562657,0.9185300957081975
0.9326072651241781,0.9325925739767312
0.9077069786150059,0.9077169371554972
0.9216670830496282,0.9219413685344976
0.9302097723596479,0.9292936675775962
0.9075120831027744,0.9086972303228674
0.9070784496831614,0.9070795939489453
0.9075865698323946,0.9077714280155061
0.9078283955486389,0.9081867240512522
0.9298363164276516,0.9252301308871408
0.9075631942167994,0.9078137248802736
0.907557221178484,0.9079408321269493
0.9318994342146192,0.9318512771965278
0.9326136453747517,0.9326672978072694
0.9326341457817421,0.9326477275669494
0.9096140271767109,0.9101847845213034
0.920404123435608,0.920041242525795
0.9238191418838948,0.9234990184082623
0.9079239447309992,0.908855730410875
0.9300140915075196,0.9280120561413393
0.9274135236172161,0.9276029226806375
0.916525239669972,0.9155402352308255
0.9132788002778686,0.9147538736519604
0.9075496610410667,0.907550165422842
0.9077221729698352,0.907940915359529
0.9227315722342685,0.9215476306578817
0.9163844787019314,0.9173316171292053
0.9326137711657059,0.9326393790023215
0.9145162597171992,0.9120993716000632
0.907596372346853,0.9083338445361605
0.9260847190902776,0.9268864326577833
0.9167763010297352,0.9166755630068107
0.9229664730809651,0.9222979927107083
0.9306254858892059,0.9304779778040946
0.9141040769437728,0.9156792941573052
0.9077170065464282,0.9079511428119585
0.9181188341214517,0.9199830079820539
0.9076734390584653,0.9076744713207381
0.9326340203096763,0.9326468786216842
0.9073677353461564,0.9074868376286002
0.9075868305802569,0.9075984845249451
0.932345268188068,0.9323278390576547
0.9327637520477199,0.9327830700364532
0.9103233283425517,0.9099290104850177
0.9200543640296142,0.9220965538234752
0.9075364672809788,0.9075365668016875
0.9184016410273904,0.9180616482331161
0.910626671967543,0.9098366469082874
0.907558284527538,0.9084166303470659
0.927641066621628,0.9281350313514152
0.9078121916794778,0.9080789965302485
0.9319626904520416,0.9318584349787729
0.9329594487160623,0.9329585834824163
0.9270512816234769,0.9271100869098148
0.9129064844036672,0.9121813461297016
0.9076355414082665,0.9076359208312722
0.9076912194277684,0.9076912740190584
0.9075692406284364,0.9079601160443422
0.9247393508373475,0.9248143262840468
0.927501113942895,0.9276476688622276
0.9327430878541242,0.9326590425692655
0.9077390367760124,0.9082185203955562
0.9298460792477413,0.9299129563530696
0.9075104766423226,0.9082606038330061
0.9328713822198847,0.9328526395837494
0.9147785094257043,0.9129465279510679
0.9071582321023558,0.9071593347438095
0.9072446382098821,0.9074441394135775
0.9065930810296947,0.9066074840808571
0.9092229004688701,0.9104299973370554
0.9078993565657053,0.9079612290147331
0.9320092381043841,0.9318434679190983
0.9323341774097337,0.9321326391138703
0.9075354057836426,0.9075393200814336
0.9168289637377209,0.915515068368665
0.9179437453425822,0.9179872255926185
0.9081341993369633,0.9084576225428933
0.9123806423247184,0.9117715456611439
0.9085204231258869,0.9085484428089429
0.9284988713011204,0.928239613563267
0.9246255436894345,0.9245052016977773
0.9321689894645783,0.9319661818059453
0.9075617818096947,0.9080859960420941
0.9113249289583997,0.9107195253993529
0.9080675188978118,0.9081768960332051
0.9169015617080967,0.9158526390150209
0.9077964996664772,0.9077969113517851
0.9074914873714534,0.9078790881506441
0.9075739651940773,0.907575209958037
0.9330628559973474,0.9328035582416425
0.9290835663481968,0.9290716188650338
0.9076569432650234,0.9079321684139191
0.9258990268097532,0.9239799638448787
0.9119659167443332,0.9110007398769091
0.9073767373341209,0.9075872844342773
0.9324884644932017,0.9323374500248781
0.9075804236194189,0.9078523863668074
0.9128905618451255,0.9135481818239438
0.9075623265074809,0.9077857341880301
0.9076868641356851,0.9079090368638232
0.9192571613780691,0.9206366367631095
0.907804366224274,0.9077973712394747
0.9076355095941876,0.908034354855422
0.9172534353306085,0.9187132246752742
0.9133650936651774,0.9162039502392422
0.9323583133068613,0.9324061702585247
0.9324298519833012,0.9323195548946015
0.9078579390268737,0.9081575755179255
0.9075722861744423,0.9075708690403178
0.9076669337317665,0.9079454677392761
0.9073244219794143,0.9077994468757556
0.9267262108445258,0.9272807810455128
0.9307245685992009,0.9302752721138866
0.9272294067057653,0.9272558770759551
0.9068630413167823,0.9068758933695621
0.926545921399017,0.926149080834637
0.9084553867753503,0.9084417175549119
0.9172026343116566,0.9165996823501499
0.907542120327844,0.907542261985933
0.9318408256143332,0.932014126258058
0.9209862685531778,0.9207546341156341
0.9076063717987038,0.9076070415118298
0.9075948800261053,0.9085031513984323
0.9074557199002186,0.9090010666126996
0.9078620618479878,0.9078580644896624
0.9327825223113192,0.9327962309295565
0.9316525044864246,0.930335357104464
0.9156039002904625,0.9155762974286711
0.9283347312250221,0.927574980973018
0.9078454433205015,0.9088114183233741
0.9071564909668874,0.907393059952051
0.9127461137970609,0.9122483615885784
0.9330234698071026,0.9329718814281698
0.9226415651235802,0.9225779297493701
0.9308321528321724,0.9305679992389916
0.9072223623492148,0.907361154788128
0.9071788092171369,0.908194347459657
0.9194710823027556,0.9211069935939197
0.9174729729491553,0.9196654602755888
0.9273586318988813,0.9272369940811545
0.9328100682024214,0.9326101028269375
0.9206316024067489,0.9204506705208101
0.9166392550616485,0.9146700347900147
0.9076987286686701,0.9081386889321093
0.9074516832300137,0.9074520655288051
0.9076698369251565,0.9076608272683613
0.9329302817892445,0.9329110858051188
0.9249903855074725,0.9239650349555921
0.9109118711163469,0.9105096928130044
0.9076607336758368,0.9077803751263032
0.9326521486994438,0.9326414952096174
0.9075534733117356,0.907553781822537
0.9266158059722438,0.9266551274639155
0.9328628126148315,0.9321393200200403
0.9304150994517935,0.930496588959944
0.9077347049368334,0.9080088916716471
0.9180297135416337,0.9180703658681524
0.9203584848131037,0.9183501878862264
0.933042666955043,0.9330456829285179
0.9238678117640309,0.9227891797827341
0.908561022327075,0.90845251127828
0.9080392195381144,0.9081258619887713
0.9290513757460113,0.9292242459979703
0.9322127709322079,0.9316396338935027
0.9275257104598394,0.9272686463361001
0.9329770594710776,0.9329704609841721
0.9326928552962997,0.9327138201041959
0.9084863843721537,0.9095013010241096
0.9077478209639436,0.9077481225827378
0.9077217942264736,0.9079066082706916
0.9326667681706035,0.9326872174995583
0.9099076200739632,0.909942696364031
0.9307632280486465,0.929665247014417
0.9138430876591169,0.9125081345051522
0.9164052329847518,0.914877623859988
0.9075338529772509,0.9075370190176156
0.9092813921156183,0.9087889181855898
0.9089764965975657,0.9089196651267051
0.910429182552636,0.9101347402337548
0.9325591128833818,0.9325809475987422
0.9071621266145249,0.9071635047344224
0.9073450533344437,0.90734394822529
0.9330033313238166,0.9329859385035614
0.9079084693402963,0.9099337627340398
0.9077143843966567,0.9077369691045252
0.9074016061927355,0.907922294967861
0.9149611244355875,0.9169390599293261
0.90751761196773,0.9078344389428618
0.9202854811260627,0.9204209908887772
0.9298412746719807,0.9299263157204628
0.9226842719030144,0.9232744093208752
0.9075363836401481,0.9088854814592744
0.9071611599865985,0.9071610909881733
0.9207929924664208,0.9203670925471725
0.9260575060247819,0.9258656579380975
0.9271727702837061,0.9274090408042385
0.9328221545081566,0.9328196659478581
0.9091913999513713,0.9093858002815765
0.9076616931613267,0.9082435074740354
0.9076619956421965,0.9076611231074585
0.9128678755681654,0.9127001707722142
0.9078537540303846,0.9078071221085363
0.9249602679226924,0.9247117097735843
0.9137420566765372,0.9126263314040909
0.9271313682908541,0.9273773931298628
0.9189946717392637,0.9204450472338686
0.9326378485921426,0.9325969350364077
0.9182886459706746,0.9187704907178654
0.9075021080892595,0.907501049478829
0.9310552923936678,0.9301258750990773
0.907648802081883,0.9090281582974405
0.9077895568953663,0.9079950554157832
0.9190390927116868,0.9187048919707685
0.9249588898064325,0.9252691068830116
0.9076869302617846,0.9076818153558461
0.9226985736519181,0.9226819608018603
0.9087595114093809,0.9093064836849676
0.9080507895434801,0.9084431360800604
0.9075749166677685,0.9075717369461118
0.9076966187439678,0.9080655819488587
0.9083277020633939,0.9083483504491855
0.9164390484416658,0.9192225135793878
0.9195408525834359,0.9205551722053437
0.9079453841106992,0.9079338544478017
0.9071535730581108,0.9073327799839732
0.9074231520207942,0.9087736450769607
0.9327301672375576,0.9327188012695804
0.9227295766931615,0.9214582674283075
0.9309433896016555,0.9300344370875463
0.9076770255137726,0.9080108785626101
0.9325173556981876,0.9324512708441596
0.92727504028777,0.9281714301302462
0.9075343844823032,0.9075403594799833
0.929092958670749,0.929128700025925
0.9290781934974754,0.9292816673243938
0.9074594358705418,0.9075888491867893
0.9328669846391764,0.9325176703743826
0.9074088569281286,0.9085991744807258
0.9077664800231531,0.9077048860086091
0.9073353926518677,0.9073359716183004
0.9321724320144994,0.9322919583957409
0.9311242028286929,0.9291390828901628
0.926651782349066,0.9269183297824587
0.9330410880530515,0.9330056393848482
0.9329490774872766,0.932937420033117
0.9080590574518639,0.9092513843838722
0.9075443777014467,0.9081221430825684
0.9305986558290452,0.9287890169965007
0.9075623229213593,0.9075626767693084
0.9320219251162835,0.9320159803625885
0.9087374752741432,0.9087210049928086
0.9315459187232781,0.9317097512023136
0.932078044751619,0.931963352950439
0.9318502367723293,0.9317958621519078
0.9075650614670616,0.9075686681371296
0.9075758059515431,0.908542842083729
0.932259021080318,0.9322955488896479
0.9076028383924353,0.9082997434973988
0.907818672165087,0.9081596958711645
0.9197052903937393,0.9197639684726834
0.9327887369203458,0.9327896419274357
0.9075492975313872,0.9079344159907022
0.9164344598997696,0.9134451164196692
0.9076263025446715,0.9078899547418133
0.922208986962812,0.9231993562404004
0.90782788931054,0.9097347824339633
0.9074934772531525,0.9077945139498833
0.9076829267337363,0.9076836948916127
0.9140494004866967,0.9148428426696802
0.9326370025063376,0.9326343277876241
0.9138661452163128,0.9175995831715708
0.9240679067714586,0.9261805964129711
0.9075295189280681,0.9075294325072938
0.9329015297384542,0.9328983314867481
0.9095628191581858,0.9093475036342289
0.9075428493141733,0.9075496213903109
0.9220366138120226,0.9204465693048912
0.9150522113577514,0.9150541077462706
0.9076053267087588,0.9085137928887967
0.9072534924947743,0.9077376969746719
0.9300784188259378,0.9283444711797533
0.9084668461589871,0.908325804806242
0.9300202525352652,0.929882808821111
0.920195130248606,0.92080254160542
0.9187113919711357,0.9183777595714033
0.9306465223619045,0.9307446763622884
0.9075589954657641,0.9075539306598673
0.9079253453963615,0.9087564950795719
0.9303009100018208,0.9302415018669418
0.9072503389559793,0.907357204453659
0.9301317654638787,0.929984795343195
0.907422075610778,0.9081557129700301
0.9273679319049457,0.9272100075713411
0.9327355496618079,0.9327419029330082
0.9252407895655475,0.9257009804729125
0.9075541101342951,0.9079282514538588
0.9150088505017658,0.9143637343802966
0.9187795952500573,0.9193147147688417
0.9074038883464149,0.9079751998518009
0.9325201310477889,0.932504742368395
0.9195481000584144,0.9199208908586556
0.9327944769846738,0.9328274693178836
0.9326054633199893,0.9326670273797956
0.9073213629934832,0.907321379985315
0.9317142267344719,0.9315877335236357
0.9311895801870347,0.9311405641583269
0.9227679212772525,0.9230397297136003
0.9120634256357683,0.9112758537882388
0.918596221104567,0.9187839626600031
0.9328234916775412,0.9327443916988072
0.9305268094850709,0.9302406629796794
0.9310297990963265,0.9311769846933697
0.9328262194512688,0.9328084054105394
0.9076253537701819,0.9077545904271007
0.9327736887425185,0.9327745275515494
0.9076208901812083,0.9076074056148465
0.9274200358069605,0.9279635818051574
0.9075884479316403,0.9076832593513414
0.9265778158759873,0.9263921893177866
0.9075237083147625,0.9075247693370925
0.9075260601031744,0.9075422452550954
0.9328394792932871,0.9328125834623806
0.9287251475023904,0.9288430974196981
0.9245202105219141,0.9240663043440207
0.9071485843999315,0.907321909028001
0.9085047724621403,0.9081094456673532
0.9326104423418476,0.9325737927267086
0.9322644347728857,0.9308033814921858
0.9074423559599467,0.9074428724711967
0.9328241930354229,0.9328077433195971
0.9190557088450468,0.9191830744416768
0.9293484571953897,0.9289500111481028
0.9075454683082056,0.9082814562687254
0.9326577307998937,0.9321815762179717
0.9279712377819522,0.9277449796377358
0.9322111573754731,0.9317527312432867
0.9324629361963885,0.9324316750828612
0.9324706890073693,0.9326188383131884
0.9075496462179334,0.9077136655204875
0.9072305893384977,0.9072305781897849
0.9072144163401493,0.9072147882861316
0.9330304443492649,0.9330160701213407
0.9212898841816876,0.9228372463006057
0.9320820119252488,0.9320272524196556
0.9078111158547449,0.9079914386261353
0.9077917211533287,0.9077918563217519
0.9146488702282701,0.9170012221852941
0.9147992788162146,0.9154558993845476
0.9262590898617722,0.9260455554644921
0.932804972475676,0.9328180313344684
0.910908512805536,0.9113544690395714
0.906582567991609,0.9065827877101283
0.9075536451273963,0.907545906248126
0.9152775746441356,0.9125105891183201
0.9193093697561394,0.9184351664065893
0.9138302457630658,0.9167215772989629
0.9326895485848998,0.9326932544097498
0.9313453384719921,0.9311835358880048
0.9076762322410753,0.9076850749109018
0.9274179473455574,0.9272634184731082
0.9328208843721912,0.9328286167006316
0.9129986139731487,0.912668582424642
0.9078490511778206,0.9082203049317903
0.9076279494664066,0.9076254949104576
0.9320179663584263,0.9320783993917022
0.9078272244870156,0.9092227295099095
0.9074346728061949,0.9074402592997407
0.9084583796012436,0.9087906786277614
0.9298068920523752,0.9295368716882406
0.9179066119685415,0.918300293519387
0.9325252630789689,0.9322903866723974
0.9316720218243216,0.9315816773105732
0.9307407831039897,0.9311286704137127
0.932541796018987,0.9325894156293718
0.9250274798408532,0.9232768824350659
0.9274325991897473,0.9271469286676488
0.9284490579502811,0.9264150252560067
0.907610994259797,0.907609870403352
0.931842220838322,0.9319057801558199
0.9073793311427077,0.9076761641784068
0.9306860455107584,0.9299312250081694
0.9269600416992538,0.9270594209682494
0.9076930630069224,0.907694079910599
0.9271712047738122,0.9261030430049029
0.9239686834289894,0.9240643838558233
0.9076466098628141,0.9084322383970457
0.9097948394314829,0.9102818092207804
0.9188150970999083,0.9175431025873003
0.9279897778205158,0.928384740748737
0.9293375871621539,0.9281697804195662
0.9073656727471994,0.907640912583252
0.932866182781615,0.9329334472148545
0.9130931190776497,0.912983498399357
0.907478752277777,0.9077777716097359
0.9075876121745412,0.9075863974804476
0.9075472459437465,0.9084564147697303
0.9329850299831073,0.9329841025313707
0.9076024345727361,0.9076009143334882
0.9075423522269205,0.9079502690996288
0.9325186307547237,0.9325768479137381
0.91599510197436,0.9166399896977588
0.9073753521803771,0.907376055839203
0.9078100307240812,0.9078429878947099
0.9326956682739639,0.9327092643160413
0.9079587468457477,0.9083939355965346
0.9075777992360439,0.9075808032686926
0.9327866448258842,0.9327994670786574
0.9072205025187382,0.907702036731133
0.9295446177426071,0.9299600649776312
0.9080076694331201,0.9083795591122715
0.9077036742049283,0.9077051216335267
0.9078542012098273,0.9082970420459472
0.9092233765162135,0.9085097602247374
0.9228722731913932,0.9217575661234955
0.9078655776263955,0.9081521447841471
0.9079029059439867,0.9079031426436233
0.9311900383443451,0.9309092708991489
0.9220606010586777,0.9214724731196327
0.9074153757538285,0.9074199628552445
0.9157668636809844,0.9174448662285721
0.9088840739923894,0.909009776423925
0.9125191726897481,0.9123273789196368
0.907732697699722,0.9084876711943771
0.9328845236988302,0.9328720677139579
0.9286751838251275,0.9287893131648439
0.9307329931131513,0.9305457563402267
0.9325986014650282,0.9326085539701572
0.9328825949078848,0.9328974476793728
0.9324430395771491,0.9322489599961361
0.9311881226140134,0.9296959301868977
0.9076265002798146,0.9082405014113369
0.9075015016685782,0.908002132413605
0.9183013800922407,0.9183519124906984
0.9084757226693432,0.9081932691320048
0.908630372379466,0.909985803802401
0.9070356454487561,0.9071920609500798
0.907317219573909,0.9073168719839585
0.9245639062634093,0.9253335357971083
0.9075633063460046,0.9075575617510188
0.9225089972681491,0.9235561990130948
0.9329475704230336,0.9328524121136802
0.9076795458102954,0.908712527067332
0.9325275758604992,0.9325270798920212
0.932354047118385,0.9320037887603615
0.9115443486660098,0.9098479704181066
0.9330160158626373,0.9329932824534458
0.9133216237530194,0.9140607382122085
0.9329142437781385,0.9329035288213378
0.9077770110656359,0.9082335000969991
0.9326402817307404,0.9326646657043546
0.9081291841685089,0.9080573771465607
0.9199190673263399,0.9200486913957784
0.93170660069191,0.930828232803346
0.9320095242809976,0.9319928574378405
0.9079290118057528,0.9079296860576436
0.9283813507289357,0.9287543150160841
0.9077982500802144,0.9083288651836667
0.9317809897472497,0.9290112257139027
0.9162782355510807,0.9181526134646387
0.9076854609512623,0.9080859311968575
0.931347555749688,0.9312013079481902
0.9076496469379739,0.9095525983989553
0.9131745002896076,0.912173632979829
0.907658770179266,0.9076629923796308
0.9075330165665983,0.907741121835063
0.908747891134743,0.9084629627834946
0.9140819291895079,0.9127810567694239
0.9074967538598926,0.9077274477463869
0.9076779445459556,0.9076841140309685
0.9074932509364849,0.9074985980691654
0.9076522068750027,0.9088826316468649
0.916645203554438,0.9158994011738436
0.9075410092130431,0.907544408418249
0.9076387883763366,0.9081225703746779
0.9216053639034456,0.9202675396548896
0.9327817957304074,0.9327861710962414
0.9142607586424545,0.9140366943751684
0.907378664863265,0.907875007620547
0.9075650921410899,0.9078011431706063
0.9131751007943589,0.9124814897331496
0.9073133316848447,0.9073145260416637
0.9079019793939938,0.9080390167594701
0.9130321406664167,0.912758726504793
0.907651172581313,0.9079720305106912
0.9075499664636273,0.9075506544152243
0.9284081602374225,0.926276370597538
0.9328649218208788,0.932846750554437
0.9096532009578437,0.9086965459404727
0.9303250001624117,0.9295107518369474
0.9241072402148505,0.9238352581319619
0.9273103583099593,0.9278179070439377
0.9324966411460333,0.9325482676858254
0.9215194136704183,0.9220955748687019
0.9075920341483129,0.9075937624635876
0.9328615304628672,0.9328293945707725
0.9306196025775159,0.9305545209101974
0.9075616230311172,0.9078495375516542
0.9077005193022978,0.9089057407812204
0.9311764310856755,0.9309506991435798
0.9245985708838843,0.9248448238178952
0.9120965048087526,0.9113620474620856
0.9328243996327049,0.932550942999032
0.9171200850826912,0.9182892331023548
0.9320382709525518,0.9308771612223928
0.9289630729425951,0.9275957519801833
0.9327652695241566,0.932657330715799
0.9090769292663595,0.9091685198579431
0.9327243756348408,0.9327450426886341
0.9319639933776471,0.9314750896019106
0.9194841911945484,0.9199202447741298
0.9077630325904347,0.9077776514625863
0.9292270406451592,0.928948802364833
0.9240769208876081,0.9232865489866591
0.9076635974329681,0.907887215326457
0.9092887248766218,0.9089505159639512
0.9316346372052273,0.9316185092544734
0.9325051340591487,0.9325098537044333
0.9250821181878425,0.9253396035245376
0.9327223939080388,0.9324901166556484
0.92928678260823,0.9291572945307542
0.9324955595037939,0.9323497839535426
0.927230472768118,0.9271193255289455
0.9071659944990118,0.907164173603156
0.91424035032607,0.9141044403436521
0.9263976685578004,0.9264657328075282
0.9074762629790311,0.9076997578079543
0.9177563989798866,0.9169291232422772
0.9251268245517091,0.9241979749197762
0.9074144566060084,0.9074146555761375
0.9205442351114281,0.9223817440067112
0.9328213989802674,0.9327662767501608
0.9071705455770217,0.907344025905707
0.9312953787929539,0.9312527131220385
0.9207243293326843,0.9210818495788551
0.9328182914678623,0.9328938318657645
0.9087378211272777,0.908519289249888
0.9116367727786838,0.910937117981955
0.9073849499127943,0.907388421724264
0.9113431937508484,0.9105895432435749
0.9314167620380194,0.9315606054626855
0.9075389135908075,0.9078230949843419
0.9311412724156425,0.9310913015843097
0.9098871380002173,0.9094996325913054
0.9280567990372851,0.927560196228794
0.9134437193489081,0.9119199139954608
0.932496821984026,0.932448948065256
0.9222303863246981,0.9237636727530437
0.9326771248896614,0.9326736025086722
0.9218718180298282,0.9216603174901151
0.9076133848726112,0.9077853684033242
0.9322198123728127,0.9322484110186141
0.9065524238035538,0.9065552079143623
0.9076877339116581,0.9076878149791942
0.9169017717699192,0.9166710345133825
0.932559817031621,0.9322203426354778
0.9199182066623098,0.9198377388216611
0.9055259390232271,0.9055229393771178
0.9315666270756531,0.930528265599283
0.9313256214282226,0.9313181527323989
0.9185110895352959,0.9190220753639932
0.913684736914179,0.9135016723543032
0.9289981281615877,0.9291216384419614
0.9077208559947719,0.9077096745112917
0.913042371870527,0.9122814689637277
0.907573217747501,0.9089163205139201
0.9076711500302651,0.9082644775116192
0.9115566127652438,0.9111327569673111
0.9109770920242785,0.9127189480802481
0.9323824680886571,0.9317967792707342
0.9322943690030487,0.9309404251798168
0.9075259495203464,0.9084465068334469
0.9074715794100059,0.9077076486193792
0.9087927082585963,0.9091125383491064
0.9079172484959697,0.9087982920268497
0.9288377680069188,0.9262830746855056
0.9075989706494993,0.9089977679072909
0.9075318629126878,0.9075319984576565
0.9265631884748354,0.9262719480721328
0.9235672799830368,0.9233007028288097
0.9076734834421136,0.9082328613759992
0.9294169506925617,0.9277293765141508
0.9076778522725215,0.9076793259544034
0.9089326166317523,0.9085203742871647
0.9073598213041959,0.9077303757400075
0.9327294375539905,0.932746131656111
0.9306764878415541,0.930681949015935
0.9075941086041527,0.9080491846468067
0.9202423893627193,0.9208448748158631
0.9191087187295928,0.9198800548335244
0.9207643446581598,0.9232950097114317
0.9157805474840777,0.91506109450044
0.9324378224825948,0.9318156577118006
0.9278008575574109,0.9279716162139086
0.9107943996070648,0.9102404661176187
0.9076922280610911,0.9086378898754711
0.9326227137269272,0.9326749200306399
0.9077710412732295,0.9084453856671969
0.9091130269227791,0.9088445114450312
0.9080428993531846,0.9080674179766993
0.9132543292589277,0.9122519470138819
0.9076182921454053,0.9083123471150227
0.9264578680039396,0.9260426897750746
0.9268137952406599,0.926592686548776
0.91027834265683,0.9092095334521804
0.9324142883342161,0.9322926473203652
0.9075310256330721,0.9087588962394628
0.9294806817444732,0.9294914383817021
0.9071042535652728,0.9071029642432715
0.9328692937965872,0.9328619031703009
0.9098354515440579,0.908446804038494
0.9072384841257372,0.9072361834778717
0.9301898357017028,0.92991710435845
0.9268977580744427,0.9262693684754894
0.9312518983158697,0.9310243506628286
0.9284170641195658,0.9288088698286088
0.9318527453432776,0.9320066172361061
0.9315815081493762,0.9317393476112723
0.9241202703834769,0.9226487924498109
0.9074999201550997,0.9082034526606284
0.9319153493567186,0.9319069950873984
0.930439565260315,0.9307460741633371
0.9226773218104386,0.9225008127428594
0.915064634774122,0.9159613413534412
0.9125379979867326,0.9122193824730889
0.9323170048778117,0.9322981867029685
0.9076429422479032,0.9088061041387663
0.9127433624660163,0.9118614863007762
0.9236190838959669,0.9220379357103351
0.9092157446526371,0.9091155304152534
0.9326128582772117,0.9323922300386305
0.9268523815169765,0.9264565979424781
0.9258714798089421,0.9236910925883386
0.9329020440177549,0.9327843037320267
0.9213624400737518,0.9217307536611475
0.9330120555336093,0.9330097782005418
0.9057395871154503,0.9057259031641852
0.9291164247295326,0.9288759784025159
0.93288255500919,0.9328548762316693
0.9122735610212358,0.9161666721463682
0.9232088697550845,0.9233647605718435
0.9283487526517897,0.9261487373944276
0.907376802793876,0.9073779700413783
0.9270464821401366,0.9272741676512336
0.9287543840168271,0.9289178181742779
0.9104152818056743,0.9102705902007056
0.9307808848670039,0.9308296901525409
0.9307000432367069,0.9301126334045179
0.9328133815509922,0.9328147496920326
0.925195425973548,0.9251057842708754
0.9090475441235601,0.9087288987671375
0.9303273795991505,0.9274096201011816
0.9292187896853333,0.9290382832718737
0.9300369016601533,0.9300560628631152
0.932090405288685,0.9320800909002422
0.9199223682577751,0.9191175508818881
0.9076426162456033,0.9081209013525785
0.9327244884673542,0.9327526861401578
0.9159813913889846,0.9150318944875498
0.907461449805856,0.9074598290631296
0.9272388718336076,0.9274128832673374
0.930521430626232,0.9303785941708703
0.9071898536502929,0.9071943320199891
0.9303069413186329,0.9278239709379918
0.932173809796935,0.9321616900646907
0.9164170169750168,0.9152383598202828
0.9170118309653297,0.9183429163075494
0.9071083621244259,0.9071115467296467
0.9072406072365674,0.9072409068605188
0.9097679858209667,0.9091423248853583
0.9310261023608859,0.9309759235545323
0.9074509396121412,0.9078340584572031
0.931774658115209,0.9312887913472687
0.9077836965111568,0.9080503939657903
0.9219421755885282,0.9214338380892159
0.9326478877107237,0.9326080706273977
0.9076560738287448,0.9092430224642988
0.9076232800860309,0.9079668240598008
0.907535331154495,0.90781722323922
0.9105724520178593,0.9099125164836833
0.9139292512721511,0.9132100380781881
0.9141087158828058,0.9118634320390038
0.9125779969867093,0.9122685675524407
0.90800220396837,0.908161653008703
0.9329271177525018,0.9327009511931473
0.9129549719958963,0.912276518534069
0.9077347027425796,0.9077146596620496
0.9258741471271044,0.9264359032101388
0.9291853361287797,0.9296586682171802
0.9060689538129474,0.9061801188963322
0.9316908564180785,0.9317486054560173
0.9320520926865198,0.9320560051465082
0.9279616704169404,0.928151613983578
0.9297025335989638,0.9294787440992991
0.9077683281074718,0.9082533934754083
0.9098142675872334,0.9097668846885039
0.9249073151742354,0.9251775118723091
0.9073801932695601,0.9076351027533985
0.9152183820495363,0.9140625257711511
0.9327636353047488,0.9325913113310403
0.9079207607294421,0.9090645113199614
0.9324976379162879,0.9324331118515726
0.9328610251701718,0.9329354489910693
0.9076898659585816,0.9083241297859125
0.9204955987551243,0.921059975782296
0.9293770423272705,0.9297168214025477
0.9146612418480011,0.9136250668867963
0.9078512081955774,0.908006215863471
0.9326822995577245,0.9326712754567041
0.9075357800503733,0.9088363411633571
0.9150402052411309,0.9177078604663461
0.9235462634396978,0.9228748752886582
0.9295045624043973,0.9259701312145352
0.911290280510278,0.9108604155561499
0.9100942830841393,0.9089971311495678
0.907037092716583,0.9071740491783846
0.9127264271238037,0.9120743279051993
0.9308152532657389,0.9308016514969815
0.9077651893695212,0.9079583226664066
0.9084144211827897,0.908470195421113
0.9251511235180457,0.9244469351366891
0.907582828834605,0.907577765666382
0.9312799794127106,0.930885434659279
0.907633812129399,0.907802744248403
0.9066162060219672,0.9067445544482569
0.9254127552009329,0.9252183758050861
0.9321673618334677,0.9321730649676628
0.9076104874338357,0.9085579177757704
0.9130671894509095,0.9141312442212964
0.9076506911512108,0.9078785387493327
0.9071563529684947,0.9073693996441466
0.9328062214516077,0.9328099706743254
0.9149916322517582,0.9141631498685372
0.9066058509806256,0.9066031023591179
0.919550784384306,0.9225538909307324
0.9097485863689475,0.910565667985191
0.9084410385270816,0.9082942193997874
0.9315463075786917,0.9311277267200407
0.9072125705731775,0.9072186589661912
0.9268011321971518,0.9267073817747018
0.9076383778097783,0.9081131766119134
0.9074114438970953,0.9090778204951359
0.9079753708872864,0.9097953116129596
0.9278351721254743,0.9257747392667222
0.9075975971368369,0.9079590650787058
0.9183098646354793,0.9204814012724737
0.9214053629286856,0.920708328598421
0.9183542628469363,0.9176064792177308
0.9245792923632663,0.9226778542056941
0.9076725030599541,0.9078074251843252
0.9168194166159519,0.9161003618799168
0.9328276771836306,0.9328133662666815
0.9084042559696879,0.9088925016713535
0.9245470240445622,0.924013039103455
0.9297583183607065,0.9280760423652437
0.9269221267890712,0.9274376469510307
0.9325399501736978,0.9325485069870839
0.9329624864495139,0.9329372471829095
0.909101882216047,0.9088317099914808
0.9285691810368556,0.9278035015737995
0.9226952334968159,0.9228320972847031
0.9325821318214307,0.9325783912865484
0.9077850657890542,0.9081870822525845
0.9076678840157073,0.9079553772813854
0.9127153021603578,0.9137003110128318
0.9238846916181072,0.9244451362422231
0.9076773702420476,0.9085570037673588
0.9079562359038645,0.9080358510716486
0.9205631348658133,0.9182348938524305
0.9324689672240803,0.932597066411418
0.9243514875074709,0.9252628578723912
0.9131707575479616,0.9114692474455811
0.9078059919136834,0.9078079219476527
0.932534332724011,0.9325060266455439
0.9076022224092057,0.9084097375740288
0.9327113674711913,0.9327077074535021
0.9322578780531894,0.932350284718707
0.932830984710131,0.932838605759627
0.9147456770403318,0.9172390581328926
0.9271336457396328,0.9270485904426884
0.90725127306157,0.9077410465182919
0.9299144990301924,0.929584764210815
0.9212693579949627,0.920323851186885
0.932528380294549,0.9325410437017871
0.9325943740823814,0.9326046521000425
0.9074138519282139,0.9074182346740362
0.9320429765288581,0.9309125404744618
0.9073921734846141,0.9077421996315616
0.9108985949457702,0.9094674426318666
0.9104966510943465,0.9112049273717622
0.9324725358255137,0.9324272140490727
0.9074442213836744,0.9075178159047613
0.9217521546499121,0.9237210635865165
0.9319337334829321,0.9318700101082361
0.9230280373799336,0.9232212730477208
0.9077166927626334,0.9084430487720107
0.9290591702155868,0.9272475827492462
0.9302165403811066,0.9304865178633374
0.9319203282213382,0.9318926139388486
0.9074675782262237,0.9078430260321698
0.9133857458377856,0.9125990021008725
0.911299788171169,0.9107679244395147
0.9286420416596446,0.9290326863463941
0.9074902434330143,0.9075470411467644
0.9089743367850234,0.9095789605418331
0.9075372020138313,0.9075416741958316
0.9178692980516946,0.9197958734242482
0.9228461523390336,0.9239176686166704
0.9171825645188745,0.9167353986028286
0.9076301831523536,0.9080256287443208
0.9076400204718755,0.9081565359183871
0.9076995417963216,0.907705895372908
0.9105225962923974,0.9098589294888555
0.9078206078530162,0.9080505655351027
0.9076325154249636,0.9078004351950705
0.9152089351060917,0.9164781077623076
0.9078267592345756,0.9077936560397375
0.9075856562507703,0.908282626878991
0.9326795406911308,0.9322174594680196
0.9149767769070737,0.9165356040270579
0.9126676238910346,0.911872797673601
0.9074636189689472,0.9085716054114518
0.9232841553130732,0.9230091076107091
0.9149051049049659,0.9140493580313068
0.9108500811621596,0.9109198402164905
0.9115964087419949,0.9114101070076223
0.9213623459922629,0.9218407159848531
0.9299444926491126,0.9291193738358458
0.9070735878898707,0.9071209651794898
0.9275548815351882,0.9273421873165895
0.9255426353328314,0.9258251444599349
0.9289411171685106,0.9286856114730453
0.9078861691026833,0.9078866692588798
0.9330121211090492,0.9329352822827529
0.9071670489248852,0.9077179514952178
0.9144140825847942,0.9146794889904646
0.9080641001454519,0.9081007747149628
0.9324349172536992,0.9323503434946597
0.9312953032451049,0.9310432811380457
0.931567985818653,0.9310846269862172
0.9073221048616626,0.9077387686596954
0.9077158117579975,0.9089715289227773
0.9327627805353604,0.932744496549423
0.9211781032129492,0.9212407827464528
0.9075935457585627,0.907856488212653
0.9323628656840137,0.9319930908596825
0.929139914483774,0.9292318620138057
0.9190208919342109,0.9188410106602547
0.9322037527270284,0.9317275997423063
0.913511765496242,0.9131333058723476
0.9076490596467452,0.9100087846077325
0.9327204831160839,0.9327408945853403
0.911890288643492,0.9109215581405695
0.908358476842082,0.9083335590919858
0.9075684444070629,0.9087839138869388
0.9322058710729889,0.9321962537875278
0.9310084623250233,0.9309645995931581
0.907780590218894,0.908029548765287
0.9296817795670483,0.9286380559603663
0.9077234590261292,0.9077200900113641
0.9076027444577466,0.9082928522490308
0.9183355277288832,0.9175697709496804
0.9281394096004032,0.9280018217006222
0.9077386285175444,0.9077650751620215
0.9074260398479304,0.907729369470344
0.9307720062898264,0.9306505959409286
0.9281548498057207,0.9274203032437126
0.9076454976080033,0.9079915906739585
0.9076704816034243,0.9079940870873519
0.9074968968183517,0.9081433461710117
0.924014073440982,0.9251001007192177
0.9255992680465117,0.926497758422266
0.9255419271355974,0.9259023991891213
0.9322434473949144,0.9322933030796642
0.9136499114421434,0.9144251194212312
0.9272532168600736,0.9269266793353959
0.9075691495959001,0.9077824055736521
0.9078789920796204,0.9082547081228952
0.9283896239862736,0.9287155484177648
0.9329265022226956,0.9329094613613339
0.9327040264267122,0.9326593777500329
0.9221415916675899,0.9213031129733743
0.9277553590776743,0.9271221270960238
0.9074203674433404,0.9079228902127555
0.9260323899134684,0.9253741224385411
0.9076957701638511,0.9083977908442824
0.9172946730758975,0.9185360378407256
0.9269724104502787,0.9272675597695507
0.9132248963466747,0.9113650500437628
0.9083692933107397,0.9082403567027406
0.9073202132240257,0.9073215634316046
0.9217484658273309,0.9220635782511993
0.9177478915125972,0.9190271404256367
0.9075094109540823,0.9079878588366127
0.9078304176581515,0.9091799997805188
0.9193001788340434,0.9192666960063246
0.9188449512913032,0.922490198586474
0.9189747117561093,0.9181300889820362
0.9326731856111604,0.9327242509090787
0.9319855384809063,0.9319958742040444
0.9082226899663735,0.9081588348948398
0.924944391226739,0.9248074389242702
0.9075632573375352,0.9079049386394602
0.9300703782478763,0.929751288911637
0.9075638125110543,0.9078189740132949
0.9076631766020289,0.90835472557238
0.9093003423792192,0.9090192551384806
0.9310632556242963,0.9298777775577411
0.9209186717881522,0.9208051936823562
0.9087364230802756,0.9081679692276492
0.9076173732249,0.9080769531503143
0.9076941123786244,0.9078419743693139
0.9199288069441437,0.9203066517480853
0.907561759925074,0.9086716135029131
0.9077629679755226,0.9104042751738813
0.911802389502431,0.9122400519449411
0.9178178894993722,0.9178578279049016
0.920746365345216,0.9212436236623405
0.9272654678779051,0.9274468936031701
0.9176640003587007,0.9175106688833725
0.9077438509852521,0.9084418084473637
0.9202695486176085,0.9210376703866225
0.9307277972804929,0.9306031995269766
0.9310660876797474,0.9312509663414806
0.9327475278500443,0.9327457512592616
0.90703529033028,0.9070354301008902
0.9294686943878662,0.9295599230464272
0.9162269148182894,0.9136326785855651
0.9326502598761179,0.9326403448402685
0.9083332683496356,0.9082112602716756
0.9075750875380256,0.9075761970992366
0.9072909918511909,0.9074293063251256
0.9312008027805538,0.9311034589654945
0.9115605937904362,0.9116717577204224
0.9205546585251541,0.9233453067113585
0.9219687404217622,0.9220033542779612
0.9064907111935111,0.906494389822653
0.9327356747013849,0.9327321319364414
0.9074502092738074,0.9074503294788289
0.919425107336648,0.9191560200417311
0.9330542063325625,0.933045852461736
0.9329682843665557,0.93297562325645
0.9314674584705708,0.9301196355871112
0.9308127573135275,0.9306870634146732
0.9205158825669107,0.9201931026444926
0.9076308459853176,0.907635346187452
0.9074467429166888,0.907479460441403
0.9328570786989755,0.9327939510365175
0.9077736724250909,0.9076337924611737
0.9244985624088918,0.9226113798420837
0.9076504378740521,0.9084232369858993
0.9297898122861087,0.9298050742212081
0.9077392716568243,0.9082186462042118
0.9267516917241726,0.9270578698495688
0.9292298121308146,0.9294154233562699
0.9100339953092436,0.908889959716167
0.9076581112717763,0.9076581877080414
0.9065466617446566,0.9065431236293364
0.9147058646263135,0.9141896325944294
0.9213387091536211,0.9216383746408493
0.9265941939950086,0.9270961006775741
0.9078299451692389,0.9081852921226228
0.9125366157406531,0.9140183999615875
0.9309639477441393,0.9302136013534793
0.932797960813864,0.9327637294815997
0.9111298530263067,0.9112008147949233
0.9299574342610757,0.9298060134759212
0.9262795247951898,0.9262423898273314
0.9222319409266021,0.9228579916248753
0.9075014015339262,0.9077515023579569
0.907732531433898,0.9077350186834308
0.9076818332116734,0.9081261636326238
0.9129080729992405,0.9117967905270941
0.9108927485674703,0.9104953645786975
0.9329378619170963,0.9329335624029832
0.9217843846222353,0.923345603224987
0.9303529829148519,0.929884969806318
0.9079025249584457,0.9080416554190908
0.9328453288569348,0.9328485138149548
0.9328779105774593,0.9328680847084372
0.9329111372975167,0.9329331543531413
0.9320132432885071,0.9321267939232595
0.9318197009539684,0.9317485488863493
0.9075179711993493,0.9079518408191973
0.9074636787060798,0.9079449711385125
0.931786347570103,0.9313782323413875
0.9075072588528815,0.9075072296819188
0.9324086545988196,0.9324242000977386
0.907565889159259,0.9078022463317271
0.9243885341819723,0.9239302394422478
0.9077974766594622,0.909076570310665
0.9077302221818397,0.908727560557162
0.9083487552950472,0.9082031099187599
0.9324885015233623,0.9323416025868383
0.9077049273692638,0.9079576598333535
0.9076730282244831,0.907666579339431
0.9233275432630695,0.921387298494587
0.9073488663359256,0.9077191568012282
0.9077179901816804,0.9080372113426874
0.9326212443418777,0.9326104364549309
0.9327114961236086,0.9327304259520397
0.9095129302680209,0.9093434031462151
0.9310830272083984,0.93121944483587
0.920271589859752,0.9213001778192033
0.9076797484603542,0.9076759679460052
0.9077424677855419,0.9077429344961676
0.9076758630808551,0.9083581041506661
0.9075951827211335,0.9087335049309659
0.908582690355804,0.9085047124756878
0.9187062275231698,0.9161740017894731
0.9076979414124655,0.908078670132081
0.932074425461748,0.9301894189942738
0.9295869729353035,0.9295237211371333
0.9120387300982417,0.9119613313996489
0.9328514978665459,0.9328257491564251
0.9074235773085998,0.9078994968237164
0.9115841491058341,0.9104066630403403
0.9088150576566157,0.9098481091953005
0.9078464481654994,0.9080530362182548
0.9324733575640102,0.9321932954663338
0.9327763629833635,0.9327568848898871
0.9122336805003297,0.9157756056136538
0.9326332241774578,0.9323825681480779
0.9084190796066385,0.9082331586692298
0.9288769375108512,0.9289893519186814
0.9260699929207069,0.9267647699496061
0.9239526450088583,0.9241164858432314
0.9330631941593847,0.9330296847914318
0.9077229526413996,0.9077223473142615
0.9076880378066844,0.9076855847683629
0.9317406196646935,0.9318949467715708
0.931869530661878,0.9313607722786013
0.907704943189022,0.9080789291940813
0.9296123675716407,0.9297556227870821
0.9309963836873253,0.9301017871484022
0.9094900704088514,0.9080690246868983
0.9076809276115084,0.9083525018542714
0.9274313894950276,0.9267098530605286
0.9280313661771726,0.9278933394466542
0.9300148486419196,0.9299785241168051
0.9075412137198251,0.90906320028977
0.9163229419746394,0.9162371006838791
0.9270287792211199,0.927691216721308
0.9164609337448917,0.9201007911512273
0.9078261457530542,0.9078260084574116
0.9195730442489405,0.9208302087911264
0.9304920714308876,0.9303745361661726
0.9326385286051109,0.9326137679613759
0.9074521275217261,0.90937514694796
0.9292435844184036,0.9291244671809593
0.9272621667889063,0.927314939745298
0.921823983657522,0.922387503341674
0.9303345983450234,0.9300852641176749
0.908168129218718,0.9082380958771933
0.9213461637480245,0.9218107135402281
0.9101396994427224,0.9093539848786382
0.9076271296575774,0.9085813313423639
0.907886398521526,0.9086751811327655
0.9285641868183747,0.9282495207199395
0.9085144217688546,0.9117097074760343
0.9326669281985879,0.932604944694867
0.925817659934174,0.925634990633442
0.9269184848409516,0.9226980069088878
0.9077252550718586,0.9093289177633916
0.931400960919378,0.9313819001064699
0.9216195501135436,0.9221619127412644
0.9078107993047819,0.9089589439659427
0.9323167724833089,0.9323480336985837
0.9320310291284173,0.9319926969577478
0.9316899964226664,0.9316855635866652
0.9171580365873693,0.9169615111131789
0.9087437222086231,0.908575914620305
0.9139973085809376,0.9137925793092377
0.9073955560029857,0.9078754165078845
0.92506086550654,0.9259173453656865
0.9180626111480024,0.9176081470669313
0.907120577342494,0.907120550257418
0.9210096626117726,0.9186089646451688
0.9165744042849607,0.9168211794585752
0.9329142525772683,0.9327912694679609
0.9077291029425502,0.9077278770755918
0.9272528407123225,0.9265184538476118
0.9080589725165618,0.9080127249304875
0.9075325412534494,0.9083001712635247
0.9244897053984398,0.9252930184321968
0.9323778880937129,0.9324015000856787
0.9075162765730088,0.9078246350537621
0.9077969628572087,0.9083501960920148
0.9327315169762466,0.9327195278669785
0.9191448025596828,0.9195789042659933
0.9184860748246341,0.9177533365319754
0.9076528166108759,0.9084080850429987
0.9325607769431851,0.9325703059634444
0.9296432679030475,0.9288157440145832
0.9075005780026808,0.9076787502169001
0.9323316675647805,0.9321963289546967
0.917580657235672,0.9202399138876678
0.9328494106545066,0.9328314815888511
0.9076092608620332,0.9076600161979544
0.9080757989244745,0.908385940618475
0.9319777699169904,0.9319541974067408
0.9252946590589242,0.925490533115628
0.9228506219901044,0.9239676732449648
0.9272411585765579,0.9272698159204275
0.9302554969770404,0.9301077792766271
0.9117230917183455,0.9128255310142118
0.907571117182757,0.9077164019494021
0.9318784275961364,0.931934888150833
0.90761456427916,0.9081099975552117
0.9323734758649472,0.9322462125052347
0.9223618239610375,0.9214047593130695
0.9187366814741599,0.9177967900072603
0.9314182377584481,0.9315872904066568
0.9300208162333807,0.9284799487031367
0.928945881195753,0.927702584274149
0.9326495704551321,0.9326267003460564
0.9203553442529535,0.9197224938406259
0.9241552488640317,0.9236580821976628
0.9075989939587032,0.907590295511064
0.9329010996545727,0.9328587018255327
0.9078982148334397,0.9084836471003765
0.9311497767395632,0.9310494782184066
0.9079957854430389,0.9082416155328188
0.932107234715247,0.9320873124381944
0.9092270610947375,0.9088931532867497
0.9079119965326857,0.9078886300959798
0.932927716131339,0.9328990066755298
0.9325629525758199,0.932613172580286
0.9319336270184582,0.9317148757336097
0.9161918598951709,0.9152895446320107
0.9073314038523314,0.907331742176916
0.9325940659492109,0.9325713403858241
0.9081621104494423,0.9085173465903621
0.9297140833023665,0.9295910238672753
0.9075797806649898,0.9075833175995147
0.9296462626349007,0.9295974409086945
0.9296873429434955,0.9295394780250373
0.9125023677647508,0.9115232080397524
0.9081419283279222,0.9082063231144886
0.9328780307496476,0.9328730258508223
0.9198607634562892,0.9206004851827335
0.9329078486012561,0.9329017038882936
0.9321439128665725,0.9322466436281927
0.9280851078613629,0.9254588484023184
0.9078881720350518,0.9078660744929773
0.9224596625346413,0.9184368787761653
0.9076377909017155,0.9076374429214805
0.9328583737666086,0.9328437261923554
0.9213466973282043,0.9204112367220147
0.9075447563664145,0.9075456258786144
0.9197478527771088,0.9201544206897168
0.9236889693643909,0.9236949867312481
0.9213093057341408,0.9216810660268782
0.9077991424007239,0.9089771826865234
0.9093359026018346,0.9091097231393213
0.9299805597589982,0.9301196045802708
0.91511082863432,0.9170858619661211
0.9075553175593071,0.9075558768101121
0.9200289207912511,0.9203044685254927
0.9187485393370866,0.9190562237911548
0.9297794288641347,0.929919683459708
0.9298907540333171,0.9285407246149546
0.9290424046645004,0.929014125592989
0.9203596800681452,0.9205372468793814
0.9225266643765984,0.920330409825945
0.9078958849059556,0.9084220920907558
0.9076292765836891,0.9078865062391269
0.9316422993867598,0.9315170525867803
0.9323237560003719,0.9323208034219991
0.9112790666787097,0.9098146597458694
0.9312149837314972,0.9311960502034198
0.9127844777447707,0.9123734534101666
0.9250643767668155,0.9259739406554758
0.9074757409601559,0.9079068244344275
0.9210486519959707,0.9202098909271942
0.9249315904723822,0.9236663099107808
0.926180241508666,0.9256994598024749
0.923994662958195,0.9233063315921015
0.9075843718744302,0.9075792870083781
0.9089162470627731,0.9083125010375416
0.9133251630176128,0.9125688281340635
0.9137379027049544,0.9158554936775315
0.9076770408269493,0.9076837934254595
0.9190872553521103,0.9191923156228089
0.9076891129212619,0.9080706681425442
0.9241403385427166,0.9245261332298523
0.9078045328345351,0.9078967777486838
0.9076043582111702,0.9091480777657205
0.9316436518147182,0.931469904552142
0.926972493194957,0.9267179736338117
0.9070349417852895,0.9070353042600772
0.9120831888093446,0.9111240280564326
0.9321420209660015,0.9321199217757723
0.9208322987129868,0.9221014922400016
0.9075319967317232,0.907532237612068
0.9079237516581568,0.9086495173517722
0.9075954503926984,0.9077754799863069
0.9104580956407118,0.9101565998953386
0.9153821780015095,0.9149008596929101
0.9217062749984821,0.9219019589947576
0.9079418318461396,0.90814336383043
0.9077215999791912,0.9077216470058184
0.9078248315736195,0.9082586387131378
0.9078116006254705,0.9085159668426556
0.9328246871433044,0.9328111993026852
0.9071674152351392,0.9071648243926144
0.9080664888957565,0.9083310977250411
0.9099768538044873,0.9095230238568662
0.9075411045094895,0.9075639306527085
0.9329422218885366,0.9329698776511454
0.9079533931654621,0.9080276516996366
0.9075804634865208,0.908867856517647
0.9173143690445179,0.9166980435403401
0.9076527652659807,0.9078918947996495
0.907890783307903,0.9083696511958351
0.9312533246258993,0.9309466986557753
0.9316536533929657,0.9316297517710455
0.9075156405244356,0.9083910376539758
0.9272763167725576,0.9273414529798376
0.9283373554042738,0.9287277148506168
0.9093381483193558,0.9086971180616817
0.9075770052233464,0.9082951619607296
0.9312488411882667,0.9311233683441987
0.9075363352437714,0.9075659166907127
0.9322787908124447,0.9317828275894239
0.9108172901084308,0.9106680840788005
0.9075131853418501,0.9074468422804399
0.931490129375842,0.9316804744465241
0.9320800800652137,0.9318105425689722
0.9122778464726292,0.9118127867447285
0.924991547304793,0.9251860570758573
0.9329092024142496,0.9329301478699911
0.907681135696027,0.9078052612940772
0.9074116107566016,0.907787812959916
0.9073911121758446,0.9073908009595144
0.9275379963129496,0.9264492906776853
0.9072700233699887,0.9073447193543314
0.9108660203946995,0.9100716443972852
0.9070902411520058,0.9070920245629956
0.9320618846088105,0.9321778101826754
0.9323519097950883,0.9323438426856121
0.9077307477028901,0.9077321668202883
0.9077036469608072,0.9077095536449384
0.9076550893070647,0.9079588809735236
0.9086617377809504,0.9085221082624497
0.9090693360524913,0.9087939773392217
0.9194891278200734,0.918543341016217
0.9106133147097384,0.9099449333659807
0.9138623720268787,0.9137190813984977
0.9313970709162018,0.9311540289359193
0.9172245951284712,0.9188406417791333
0.9224053597170025,0.9226016682241845
0.907383757880246,0.9073859496773872
0.9077035410190396,0.9080463047963527
0.9074346335469684,0.9074402183228807
0.9134361717256957,0.9153649632898664
0.9329819350805981,0.9330015004813752
0.9070336937382592,0.9070336288664568
0.9075302846898965,0.9075302001896286
0.9076509337452369,0.9085258480537705
0.9173895789269003,0.9171876383060308
0.92799959966556,0.9285116332543915
0.9326938037053673,0.9326789637034879
0.907577726433512,0.908802023171871
0.9171622769423918,0.9161825162685492
0.9187183924772958,0.918820129694505
0.9326939239932402,0.932705473470513
0.9225236658619156,0.9220539336418195
0.9075833874935251,0.9075716068347603
0.9268128641582345,0.9260422482531117
0.9306258478507483,0.9307119410359568
0.9252645732566417,0.9254855151139736
0.9330556552156456,0.9330474232658221
0.911691825472759,0.9115481918612295
0.917023744958729,0.9163615252121727
0.932949832289829,0.9329251744211108
0.9294217882842526,0.9294321153284255
0.9312314488001265,0.9311459127317749
0.907849039780341,0.9079949288374182
0.9077794078866217,0.907775263193039
0.9321879510816065,0.9321894916214225
0.9071588295126721,0.9071598543123014
0.9085841430196031,0.9084779819445177
0.9077163947289173,0.9077401636515207
0.9078056288393154,0.9103142355588871
0.9108315024270366,0.9103199173337415
0.9320816618414114,0.9321434104693921
0.9233125642219381,0.9236632753539592
0.9075607117331569,0.9080758293337009
0.9326886591533171,0.9326583669775751
0.9323763991948483,0.9323215342938787
0.9075419940452963,0.9082553705253116
0.907586854729365,0.9083633891274177
0.9291877907445424,0.9287913052564175
0.9297623353669552,0.9290382891934134
0.9208835074718917,0.919766784980552
0.9076509050329582,0.9078671190454972
0.9165711248583068,0.9155993586533859
0.9322844968984305,0.9323237425687639
0.9076665356473042,0.9078936666342089
0.9118944844213343,0.9144571983898231
0.9227453514191876,0.9232036577852739
0.9326165501542335,0.9326596026669566
0.9076941550409009,0.9077907916527953
0.9075885855391341,0.907590322628308
0.90779333594661,0.9077932037227121
0.9329382176377089,0.9328814393197576
0.9075298871257521,0.9075303017419978
0.9074476559454303,0.907497683442355
0.9328966747799263,0.9325597885782764
0.9263220322710898,0.9261512330487246
0.9075009831195738,0.9086426152207765
0.9138606834120135,0.913316123677349
0.9083659691358633,0.908295812502285
0.9101559149572206,0.9095235329463881
0.907479540146645,0.9074833463775477
0.9092661129985212,0.9097342669799593
0.930201990939108,0.929478017566303
0.9225106330541043,0.9221159464093784
0.9303233442307273,0.9298107004593226
0.9077400175594117,0.9082672207759565
0.931622674308956,0.9314788971305015
0.9076435074038594,0.9076425538918587
0.9075673319181574,0.9078887042623436
0.9175417044969207,0.917411229362845
0.9155951500520771,0.9169426107807566
0.9075657268077136,0.9077544695469829
0.9075503501398466,0.9075504335820911
0.9075370270146833,0.9075373102050774
0.908804542033781,0.9100605802382477
0.9317605874765773,0.9318365424287371
0.9145446585642305,0.9140935365713632
0.9326798520597096,0.9327040425569024
0.9130977952949948,0.912180167956539
0.9287520195096381,0.9289484813690636
0.9106652560265909,0.9098022456623452
0.9135040776164806,0.9120295026902403
0.9085960397451258,0.9083568323957961
0.9199363892748849,0.9172686075473757
0.9243612668052855,0.9219442548462579
0.9222606659152371,0.9236916091276555
0.9130382481347927,0.918008128050154
0.9201132980245302,0.9196989332692104
0.9147179589040845,0.9151814635759001
0.9075623068716309,0.9075637235587939
0.9109547510889495,0.9100450345474104
0.9077324085573043,0.9079824648431172
0.9318122765409756,0.931709993146895
0.9292423428296662,0.9296138750677072
0.9204644812955333,0.9172905896985242
0.9076749625503249,0.9076705168493576
0.93114386715469,0.9311539740015372
0.9308721399556977,0.9310381981631756
0.910559501649775,0.9102411256187806
0.9327291311704652,0.9327095053363731
0.914576737573494,0.9126732178117943
0.9150710127910107,0.9143888463368209
0.9314617882653884,0.9313640392763527
0.9075593775871572,0.9080198415147394
0.9323746677489664,0.9323449109489821
0.9074783197832454,0.9080109128548098
0.9097842466860507,0.909641072293745
0.929638713550614,0.9298767384406843
0.9070873834435096,0.9070921148619694
0.931654596977789,0.9314678782032224
0.9295688533368708,0.9268698377330178
0.932255177719417,0.9321254114508519
0.9075811265251484,0.9078503681978877
0.9231838957659869,0.9232055960722669
0.9272335133158186,0.9268052191878116
0.9328711528893251,0.9327812574682928
0.929777898922675,0.9295326304084497
0.9305548125774409,0.9287125831349775
0.9134028332857377,0.9116170620075255
0.9085341863181425,0.9082014599395509
0.9074688244164092,0.9082227513060791
0.9076033264934508,0.908199834156251
0.9236851622627736,0.9251776847697761
0.9203015727051093,0.9213908981427918
0.9075943943164315,0.9078396376227014
0.907719127812075,0.9081191209370667
0.9089508333352879,0.9086804410723098
0.928609165771979,0.9293868383127759
0.9326953565170606,0.9326198025057199
0.9329021415926235,0.9328997213695687
0.9150071490345443,0.9142847992897057
0.9247323206862701,0.9241671432475116
0.9139758725179555,0.9159048363118083
0.9323192183976271,0.932190353613226
0.9269806163549197,0.9266416820089196
0.9074514647130737,0.908588263530005
0.9244038461712157,0.92244157720513
0.907600868343779,0.9076014984727094
0.9156707904593723,0.9178649031843388
0.9076288934178244,0.9076273990789047
0.907392895253552,0.9073952004739806
0.9076134102206451,0.9080632938296134
0.9241728175197435,0.9242374586843095
0.9076741026456033,0.9081165364065807
0.9318910984131478,0.9313072071331089
0.9280030717690658,0.9253703087097488
0.9106278650850278,0.9106430914361283
0.9075819893672956,0.9078232972943217
0.9077266581937522,0.9081317328092807
0.9075320598237198,0.9075537697859534
0.922556861998752,0.921058209803727
0.9076785770461571,0.9076788603130516
0.9320330856213709,0.9316458176855547
0.9074998087368287,0.9078940102146172
0.9079871553445561,0.9081921806354497
0.9240164791564255,0.924620859501101
0.9077657319663446,0.9085861213082295
0.929108484064208,0.9287285748465876
0.9248295958498229,0.9255302557794414
0.9323920116094551,0.932355587926602
0.9076229772609054,0.9076169665393117
0.9232291065253719,0.9237169939349542
0.9147967322621652,0.9123098288021921
0.9117967374189451,0.911509884763483
0.9080155736322026,0.90873028116226
0.9326670052993719,0.93272541734812
0.9073099508898009,0.9073075788633971
0.9221390919640704,0.9191182357036938
0.9076905133152958,0.9076680510816848
0.9082956798053027,0.9082525249464076
0.9254246673035945,0.9253485531983204
0.931610981141817,0.9306077875780808
0.9296679066232642,0.9298288009903131
0.9323122084241802,0.9313013716624288
0.9329418062050051,0.932939209749794
0.9074965331007468,0.9076532791772215
0.9165820303400222,0.9172719597802879
0.90745630038118,0.909483072171145
0.9081410665158365,0.9083182362979808
0.9316863585660964,0.9317663247976579
0.9076476463571508,0.9085177901283775
0.9327562232661174,0.9327876700334641
0.9329161138824317,0.93289690286638
0.9077966455451814,0.9079733911090974
0.9065889604118617,0.9066033407410627
0.9096156209951961,0.9096883704637971
0.9175183228101511,0.9166448123626413
0.9254592842645692,0.9257539758512678
0.9158176115492955,0.916088974088623
0.9076774469295915,0.9078247351711636
0.9274178742872368,0.9256728557721909
0.9316684742555136,0.930545098150712
0.9295572150698863,0.9298951826555957
0.9296529863275864,0.9295679138302093
0.9075806827099552,0.9097902420326983
0.9182673599337191,0.9179624540506006
0.9295767590113687,0.9295644620395778
0.9096868897068283,0.9088374847627145
0.9074528564957874,0.9074529103091558
0.9146791218122845,0.9156039127629444
0.9075347971223127,0.9076703190770374
0.9078407927136539,0.9088352686145187
0.9326471374181051,0.9326030244438219
0.9075896047176567,0.9075950525329678
0.9330232682584302,0.9329701090180055
0.9240314729011867,0.9238319857650596
0.9285527862323488,0.926448920370817
0.9059469085163024,0.9062503780017276
0.9102540592828031,0.9100183500078474
0.9330302562049434,0.9329802962700263
0.9075876521282616,0.908056935841934
0.9078045502348902,0.9078039917643114
0.9264769435704813,0.9267424677932736
0.9226355442624788,0.9217984182759429
0.9131605825475856,0.9145094385097771
0.9077646476667369,0.9077788096041278
0.9076407434927087,0.9079352596980165
0.9327571718535137,0.9327305503200638
0.9075094645190378,0.9075078072886046
0.9075020299962688,0.9083632733865196
0.9287722702819854,0.9289711221177154
0.9075570610644421,0.9080343681268332
0.9077942876543218,0.9077953472350461
0.9318087390181392,0.9317519629017204
0.9320437520580744,0.9319136206083094
0.9073542504914155,0.9073505937575339
0.9175744780494497,0.9168088223148684
0.9250881582509749,0.9255313894865722
0.9075182119027164,0.9075168399499052
0.9329914547801754,0.9328449374433945
0.9196357592242226,0.9207843361473889
0.9076749835156209,0.9076746759883162
0.9075683911579823,0.9087362434587213
0.9077185626957408,0.9077195944547478
0.9163475994337559,0.9168235744237238
0.9078741156479017,0.9080173543967657
0.9110438642105899,0.9118902833454459
0.932875754470394,0.9328628945229805
0.9189181293163131,0.9186625268647708
0.9193287155536376,0.9220948937255232
0.9073181150775022,0.9073219762421109
0.9178201517732151,0.9172814931474389
0.9115638734588818,0.9105634910244276
0.907665192591357,0.9077075695080657
0.9321606681183846,0.9321495061680765
0.9278340761636547,0.9274119781866684
0.9077336954760729,0.9081476252409062
0.9304750125517167,0.9298371981822526
0.9075382556870569,0.9075386016452295
0.9095540148544011,0.9098550446791316
0.9115828113250707,0.9132228850689508
0.9299580254143565,0.929421491340592
0.9162047801392467,0.9140733122829192
0.9074116095434065,0.9074209142001785
0.9198026821532648,0.9222291496762807
0.9329978557860752,0.9329795541872139
0.9077373790742425,0.9081068504447135
0.9075846928170134,0.9075850369215138
0.9236489002969017,0.9239572092149977
0.9074253161932007,0.9074337753647973
0.9075372726958223,0.9074971745256025
0.9276920139043916,0.9275480817850089
0.9318735637418536,0.9305442104952211
0.9263637283452644,0.92574152829343
0.9330182091102727,0.9330236692551275
0.907455074306731,0.9074560584493087
0.9303980506811401,0.9304946293912618
0.9289492801645745,0.9288524725421824
0.9075690114299707,0.9085754330615345
0.907699630094223,0.9076865405079996
0.90752235165383,0.9075211508942604
0.9078356603785687,0.9082522581917959
0.9122302500967507,0.912092436838164
0.9075870583991922,0.9076997483951159
0.9300744926387335,0.9295974302679997
0.9073430135078536,0.9073429566180077
0.9316014863164171,0.9309360518167424
0.9189345016130562,0.9198821822382882
0.9076386301308226,0.9084689543586865
0.9330026013997857,0.9329923788249046
0.9322684124505601,0.9322758027629148
0.9078437353811881,0.9081265539747604
0.9324875538446348,0.9325254223931558
0.9237954811838206,0.9226499990310211
0.9312873101466075,0.9312070789729847
0.9072310120606093,0.9072315749566602
0.9075552890258611,0.9075506781449257
0.9080390876684724,0.9084775871575911
0.9320862548077284,0.9317511741463376
0.9084650104647416,0.9082039907241554
0.9075687085589113,0.9086718200661756
0.9302930714256521,0.928531312190403
0.9324052985309381,0.9321592376592112
0.9076586911365422,0.907914693563793
0.9252261493288112,0.9244172571577307
0.9315116269244867,0.9310741697892024
0.932011453398235,0.9320468995390889
0.9073618605293422,0.9083383775441366
0.9296091992037873,0.9295837830211897
0.9206359992641813,0.9207539959169949
0.9178356039445376,0.9174977315775831
0.9305591050422697,0.9304837070015616
0.9136152032501188,0.9127568566604318
0.920490179199964,0.9221362895626433
0.9077586274908346,0.9077567421103205
0.908086460864783,0.9079490236453577
0.9091177834823917,0.9094421232496117
0.9097813730882508,0.9092076443800562
0.9075817139105185,0.908253411872548
0.9074519933484239,0.9098370125555075
0.9077043944176262,0.9084712223477881
0.9074354647460144,0.9074367505218116
0.907444427864154,0.9074468199379975
0.9239556934521472,0.9228135592876834
0.9078900433220002,0.9078862850065949
0.9071144723815264,0.9073449661827299
0.9077501232261712,0.9077282087392061
0.9166063807465294,0.9143248606498782
0.907849550519559,0.9084031147533274
0.9075891226369431,0.907589205038188
0.9109992315311789,0.9104271138438712
0.9297365917600311,0.9299923585711726
0.929691272164256,0.9297961397659441
0.9079474352625032,0.9080410987850506
0.9292237002105371,0.9295914587335795
0.9076378258460663,0.9089715913923115
0.9149589960959036,0.9161479198651525
0.9315632271886509,0.9317620896135463
0.9075839670814553,0.9079983722373853
0.9317444137891108,0.9309347376105618
0.9077042390295654,0.908299038810807
0.9089075825364701,0.9083592058519221
0.9305630595728916,0.9302382752040793
0.9210639125519618,0.9217418128685424
0.9078223351006076,0.9079012677486095
0.907438363318254,0.9083594462675315
0.9181532377349179,0.917234228690011
0.9077561139513255,0.9080559155020844
0.9323566836524819,0.9318961163750218
0.929350348129945,0.9293486662728082
0.9257982102297547,0.9257705811874847
0.925362649211569,0.9250812286443642
0.907692591523275,0.9082511104902672
0.907562009624501,0.907562023862765
0.9320281161818514,0.9321418270617754
0.9083929713445608,0.9083344130178113
0.9315032439238402,0.9313747590923631
0.9327795816186217,0.932703210668563
0.9318409642693437,0.9311115252672896
0.9075637559303608,0.9083479047223907
0.9105374143555365,0.909895083809427
0.9078523220769309,0.9078573781872191
0.9266913910615685,0.9258196736164702
0.9208728023753491,0.9220139718778974
0.91932081204966,0.9191610663398461
0.9076756494275712,0.9091210062132853
0.9307074366632497,0.9306163176781788
0.9079570579577582,0.908321813899708
0.907760590712564,0.9079117997044066
0.9071577201069704,0.9071580353612237
0.9253708849193645,0.9232581628202303
0.9078433903298117,0.9089021148331463
0.9320593514230221,0.9320437734947653
0.9264430429988884,0.9259461753928585
0.9075002601017544,0.9080399500109322
0.9091960101175023,0.9101283432663769
0.930384713156195,0.9304677484750324
0.9074248466450187,0.9074312889022049
0.9282088759633984,0.9283130040389566
0.9330189448755508,0.9330376457770639
0.9075430609468943,0.9075431476213511
0.9075150614908785,0.9081514750386241
0.907639056422033,0.9086035704253925
0.9073418459292357,0.9079153026541478
0.9325854160033802,0.9326360129833146
0.9243317958553168,0.9231375909817348
0.9330559373033989,0.9330465895831327
0.9260686905370085,0.925952055776548
0.90756547721109,0.9075671324268858
0.9273284066398091,0.9268670217594281
0.932871708320534,0.9328880926624309
0.9305487710777033,0.9281421465555475
0.9322978828543232,0.9322879836598469
0.9249393397543996,0.9247565868364549
0.9085486459997517,0.908453020626008
0.91629988658057,0.915678534109433
0.9190392141384378,0.9203619291963367
0.9077314683514751,0.9079580750673196
0.9074810994990012,0.9078957194963061
0.9302626999906096,0.9298886733859905
0.9314704328775586,0.9311438339057545
0.9162244122441006,0.915964569029868
0.9076110368708739,0.9082582108939949
0.9325758302246141,0.9327313110967546
0.9126309432207491,0.9119829835938199
0.9241161022283342,0.9233862078629903
0.9214838093262098,0.9218794729662563
0.9306073152388529,0.9295104712445215
0.9076510201862718,0.9078432103005095
0.933013449800889,0.93298767725115
0.9318078023524023,0.9319794157927777
0.9320587664493433,0.9320903669597749
0.907702165170367,0.9077074852190711
0.9150391956744984,0.9142133904519103
0.9078327608765705,0.9078288768235616
0.9077101875076009,0.9090909072581312
0.9328529717373443,0.9328644043913544
0.9323639726970915,0.9313048983116018
0.9287343839909192,0.9283389997568711
0.9075492175120705,0.9077410367974091
0.9225621178418464,0.9232624327042955
0.9081352932835073,0.9081465664922237
0.912508096333403,0.911419436519691
0.9080270952551959,0.9079883526075935
0.9231883004445686,0.9238145271608823
0.9313966224927327,0.9314301423177738
0.9330418868488048,0.9329906299698911
0.9282600675434718,0.9282245409130769
0.932317366229972,0.9322953298297871
0.9249593890395025,0.9252547200305989
0.9146687499726336,0.9128430070777444
0.9315606094446104,0.9304103182681775
0.9314265587931826,0.93112647144968
0.930405271363226,0.9292921818236958
0.9328419021961312,0.9328977734192234
0.9219196027148231,0.9226807341665415
0.9118339096721388,0.9116581474184433
0.9075772578437562,0.9075811142285188
0.9152908450895463,0.9147009668676555
0.9074439715109556,0.9085355501870374
0.9073345192558613,0.907334987637331
0.9183736116007886,0.9168667966280905
0.9229344593709101,0.9232392383487371
0.9089157105276625,0.9086883444806522
0.9168769249032755,0.915776377781453
0.9290605674943345,0.9277436350588278
0.9077237868321708,0.9084769693171718
0.9066000806006342,0.9066011867852833
0.9329594910648975,0.9329730036721205
0.9077582473566776,0.9081159333682549
0.9289792231886633,0.9291195329051791
0.9248566139700556,0.9247325198764311
0.9075454520502103,0.9085509085040269
0.9234157415134191,0.9243481962135054
0.9174436265383293,0.9159143474512932
0.9273906820494339,0.9267872973297834
0.9323034917461276,0.9322042289976692
0.9286071354678137,0.928622331900977
0.913991598742084,0.9126236872394047
0.932921858572949,0.9329266494738532
0.9221825583846638,0.9224128949947575
0.9216010474077158,0.9223983334492272
0.9326951385333323,0.9323410706523121
0.9268870456983451,0.9265589018919771
0.9228742093672833,0.9237425172829021
0.930494300557872,0.9278088978095286
0.9238198892582363,0.923829232945686
0.9315602865400937,0.9315164796319396
0.9260019680631627,0.9262018428503263
0.9070580975746954,0.9070600541162386
0.9168256347075088,0.9187754038103887
0.9278749487679141,0.9231294170255596
0.9076898713927931,0.9076899721373834
0.932774914277611,0.9325298611060693
0.9075175961346196,0.9082446741408577
0.911461738485255,0.9144577599605134
0.9321790876577183,0.9322188721446758
0.9330468553112561,0.9330420046678108
0.9292486467236424,0.9295621180794715
0.9272539697886795,0.9274524143285879
0.930905080434193,0.9307113096316232
0.9329352559278782,0.9329250816381288
0.9174309939530527,0.9159565927365831
0.9289669403781533,0.9272487182125017
0.9323948434328415,0.9324921467279609
0.9078063016080923,0.9090809157527235
0.9107653126890891,0.9099800314507651
0.9328842878364223,0.9328608298273312
0.9077317795941525,0.9090025901132863
0.931419312753687,0.9311906722702915
0.9076732201016547,0.9081785660402016
0.92138121143382,0.921491075904592
0.9277773041851425,0.9286237462956087
0.9316131646089485,0.9314905378549935
0.9104359808979138,0.9092728404336065
0.9320003787724632,0.9314039621023741
0.9074496185818286,0.9085878963151535
0.9326001542473615,0.931899576283411
0.9315680701526569,0.9310114761385653
0.907428101587453,0.9074241764382943
0.9076836208745416,0.9079508969687441
0.9069625339494709,0.9069632814247284
0.9074228778784679,0.9075406314949909
0.9326467675284714,0.9325040158219867
0.9076806380281647,0.9082333575794657
0.9311061641885466,0.9311319158123728
0.9172997575241345,0.9149340557242627
0.9323515008661417,0.9322269438173398
0.9092499411257796,0.9103867135573076
0.9305099834351508,0.9304893738163165
0.9118755434054602,0.9114175390916188
0.9188946628539018,0.9177401351273443
0.9075748451570285,0.9075749577020443
0.9285712550825598,0.9284027192813934
0.9238145925687821,0.9221496034956692
0.9150268820200472,0.9137471881200178
0.9163313664912405,0.9137453853254489
0.9077220163354294,0.9084332876956678
0.9075300029312581,0.9078923928071764
0.9101866944058637,0.9095673950446722
0.927950519587058,0.9275798153732235
0.9321541975005495,0.9322082357737957
0.908875565358068,0.9097702736328764
0.9292642482663824,0.9286083528534923
0.9328820703263749,0.932870454447408
0.9075812329525558,0.9083076050099428
0.9290558334842997,0.9290787421075225
0.9081945532048347,0.9090208522279737
0.9125370357635463,0.9123482130178223
0.9084362350399782,0.9082949319792951
0.9077254526806777,0.9082601740657574
0.907745816969245,0.9082192722959106
0.9191868840124148,0.9191971247773207
0.9075443563132362,0.9079774131788467
0.921064185430734,0.9210650640758522
0.9075054737461475,0.9077708437704
0.9077363355714475,0.9078203810224664
0.9221643878955712,0.9231269787561868
0.9306955057465662,0.9300044117995806
0.9098298023961919,0.9091193799123657
0.9077636289926558,0.9080094497497844
0.9292502227100983,0.9290281088466511
0.9079471241035835,0.9091427147060707
0.9076533489557177,0.907898684412996
0.9308166034519381,0.9309541580462951
0.9076459989550228,0.9077802097732212
0.932161138753022,0.9320978829256371
0.9329519455078523,0.932960058256109
0.909629843161487,0.9116449823892018
0.9108772443228995,0.9106540969778422
0.9072321951362732,0.9072288809323714
0.9317605044674198,0.9312288124295804
0.9313241686270732,0.931280566151437
0.9213951706605477,0.9228682812186751
0.9278518319490612,0.9276762483500918
0.9288697158809284,0.9276517083354726
0.9065951892667674,0.9065958854477144
0.9297721798790913,0.929918113401121
0.9316439275406792,0.9317986365876381
0.9085589084073646,0.9083308950482616
0.9160667270376189,0.9144988358720206
0.907644824610111,0.9076529741273994
0.9166955080449405,0.9179945812441577
0.9322241481795001,0.9306563091314967
0.9271129386643386,0.9272070447971381
0.9075800881015698,0.9075824422252726
0.9248124807624901,0.9249412109558633
0.9077294075715393,0.9084197160879057
0.9239844177557718,0.9241196431519774
0.9313141095954649,0.931398333998904
0.9300837354271391,0.9302213399082321
0.9156820989925394,0.9136472502976081
0.9242455027517095,0.9243690504936001
0.9231132283809844,0.9231475702086933
0.9312237128744176,0.93101903107058
0.9106224075313222,0.910044128825399
0.9155082407763249,0.9148409762945687
0.9273557452531968,0.923433109622333
0.92692094876126,0.926597070704978
0.9100638224543047,0.9096928614908129
0.9176955904265479,0.917412266431264
0.9290288878372358,0.9280774976964896
0.907697553937607,0.9078968792178697
0.9078653694725988,0.9086370151209295
0.9075166901552314,0.9085838060252314
0.9293576441374778,0.9290182041178647
0.907521571302612,0.9083677231060397
0.9330597281442125,0.9330670587828948
0.906605304460236,0.9066072709652357
0.9323831176568773,0.9322020245264764
0.9066334158123651,0.9066312356262201
0.9306879516323907,0.9298619159209741
0.9240809313960301,0.9230667256034034
0.9307393838614361,0.9305812294178399
0.9325169472806488,0.9325273698214663
0.908042923895508,0.908437267182676
0.9321694596774281,0.9312243931833994
0.9321981822884943,0.9321732458385138
0.9324556150064671,0.9324953533073683
0.9076728024155146,0.9076709521748526
0.932643559095731,0.932702394253869
0.9180479716649267,0.9180785357206978
0.9077017554330973,0.9076887157998715
0.9318946876974056,0.9318517159784153
0.922828352336025,0.9243705516588396
0.9098564029221116,0.9106570455341227
0.9097094130495607,0.9094631001176863
0.9279777841355727,0.9272532166378303
0.9071982307239476,0.9073923575900467
0.9073394374239931,0.9082322173792666
0.9267374262269847,0.9269749695978052
0.9324560503772538,0.9324316796867602
0.9075000810232844,0.9075001733357742
0.9324678004291781,0.9324657780339866
0.9079081183390423,0.909231924087003
0.9279039486121521,0.9281732019253313
0.9075725532562701,0.9075721774838428
0.9328737258341605,0.9323752570599857
0.9248427333399554,0.9257888427084674
0.9163690793115672,0.9176592690000744
0.9078078914347385,0.9084126635227351
0.9099246993635601,0.9100100326054305
0.9289067553672934,0.928797768420393
0.9215740894195146,0.921283944878387
0.9186931511335447,0.9204730053721427
0.9074707621963073,0.9077060575786856
0.9322399344256902,0.9319522358111353
0.9253996260896976,0.9260490693719007
0.9075580711381027,0.9087422219998362
0.9135141846597901,0.913845246485619
0.9079825619480095,0.908321994018038
0.9080808653599151,0.9080161771269502
0.9326245401404729,0.9326643472101991
0.9230381657257785,0.9212312450723801
0.9077196077901492,0.9077191997933183
0.9162263802903752,0.9134481476111189
0.9076543334354354,0.9082102781393914
0.9080983170989435,0.9083563594381432
0.9098418971223903,0.9094312064361201
0.9072380096685814,0.9076769423232762
0.9236391365721647,0.9241910602369613
0.9308871253936077,0.9299571280909664
0.9320596808015817,0.931920771543424
0.9075706120729542,0.9078059689049681
0.9077807158495981,0.9083302243880736
0.9093581763873313,0.9087923764420174
0.9326845402070556,0.9327648270973071
0.9075415360329449,0.9076731700948524
0.9196984964309821,0.9193336668393757
0.91328242672792,0.9118263322218761
0.9076991678201106,0.907857755358511
0.932804533309689,0.9327745509047503
0.907812445626444,0.9099065315433178
0.9246450521168993,0.9241829829501259
0.9329552103648642,0.9329176336258648
0.9327572338734458,0.9327798105428141
0.9075130736303821,0.9075140985294814
0.9109463868538572,0.9113729606594386
0.9106523659634792,0.9097185563178475
0.9277876136816667,0.9276619023649357
0.9274641888326237,0.9275945217782465
0.9329067739143073,0.9329229346676239
0.9077335814318115,0.9078915800428337
0.9078833970395539,0.9081183304679367
0.9155414449841481,0.9167137660497913
0.9074804286599655,0.9074859313542154
0.9099114428958979,0.9091705341298859
0.9226758721208905,0.9227886104429421
0.9077399944796074,0.9085144087234674
0.9318294334449017,0.9314016975533009
0.9076210867893714,0.9076217491011234
0.9074203077449702,0.9076531539976412
0.9300949213777355,0.9297810969896446
0.9325946551947549,0.932624724677496
0.9077453425139758,0.907744573785289
0.9329665253461434,0.9329391781164683
0.9071573872684319,0.907157771419119
0.9274802710015226,0.9268647740286217
0.9310659051212355,0.9301184999280335
0.9307143371271247,0.929633441493819
0.9318467534340829,0.9320184207265311
0.9260129588524513,0.9256605445898183
0.9297059879925971,0.9298707525652378
0.9321475173656816,0.9319284756030034
0.9077153783908443,0.907715355581026
0.9074843089510325,0.9082702333955506
0.9263936954532096,0.9261564738784898
0.9075962011267781,0.9080268593317788
0.9072339017343215,0.9072378461982195
0.9285367368252607,0.9280845062058118
0.9076582834607472,0.908317363602426
0.9057482244675886,0.9057302851252155
0.9074507776008707,0.9079254090291582
0.9312376522296555,0.9313094354349524
0.9324817048680807,0.931864885767168
0.932226190334136,0.9322046611310318
0.9095508717289676,0.9091457084042499
0.9076958560535695,0.9078206967009327
0.9075866377787859,0.9080386117238604
0.9086792128020365,0.9085243975959544
0.9256250535340961,0.9250305013413456
0.9078883919977723,0.9091835548545396
0.9175000171873718,0.9184012285344878
0.907829358383414,0.907867425793232
0.9238296800173302,0.9240433750232968
0.9075341119769773,0.9075405073649649
0.929676080754874,0.9294137040284052
0.931142763465755,0.9295920696905714
0.9077006704276614,0.9090027176769979
0.9238770434099456,0.9236394995959328
0.907650906316967,0.907878621706772
0.9075197684847636,0.9079283631902213
0.9306635120489909,0.9308126033711948
0.9309846101815725,0.9307521803389236
0.9325750505720787,0.9325907773774893
0.9071251497029881,0.9071268108308117
0.9163550000096441,0.9173365522797039
0.9218708416757144,0.9225055741325597
0.9318841397807797,0.9318247952581757
0.931431100695309,0.931004428900012
0.9073213795220736,0.9073250343626904
0.9231695142357634,0.9213901015075129
0.9078928445053609,0.9078477565632593
0.9076267121539667,0.907724396919834
0.932120529370358,0.9317911226186969
0.9098900803065851,0.9093376826744707
0.9076822140506292,0.9086468354008292
0.9066491713324268,0.9068397453732718
0.931166766391754,0.9311647986229572
0.9075913975876367,0.9077357500633149
0.907651785887362,0.908333724623956
0.9075693353133274,0.9079973763919793
0.907889330127158,0.9078887838570401
0.9206599378479603,0.9181287369559493
0.9071702125185742,0.9080102272049596
0.9075681204176789,0.9094247271267646
0.927127794851337,0.9270556277176253
0.9076551220367022,0.9091123568056997
0.9077251653167137,0.9080312785531877
0.9102997676449828,0.9099200632723056
0.9100789148760803,0.9099398686931833
0.9075512524604393,0.9075526708505387
0.9280614021785487,0.9280507435490826
0.9075886334739461,0.9078222874252906
0.9081379132358368,0.9080695860908905
0.9305302558867918,0.930398058271314
0.9321002368165451,0.9318973988678159
0.9156332865532208,0.9136154554304876
0.9163833877539473,0.9150650381173925
0.9098094757195843,0.9121680669438997
0.913067456303297,0.9162376082501115
0.9076106942172726,0.9078588833758839
0.9256958959879712,0.9257815268907096
0.9329662905178352,0.9329454153624898
0.90767556733562,0.9078235419975309
0.9287761861070256,0.9284961704901598
0.9076506855185982,0.9079948958959531
0.9077419304228238,0.9077432181614324
0.9076157888545081,0.908032545060509
0.9075002960243125,0.9075517163155412
0.9324905915574002,0.9324946415040088
0.9104654362324028,0.9098459645268442
0.9073534306866271,0.907353943533955
0.9226029320332989,0.9215812307404463
0.925901999190929,0.9252812450228284
0.9311182721600182,0.9308486196615072
0.9076990881102137,0.9076862353428398
0.9076896126425722,0.9076897086117142
0.907119889192425,0.9073519133505313
0.9268551142110909,0.9268711624187697
0.9134362818240542,0.9137997274833731
0.9164898177446588,0.9152358982283358
0.9109895224436386,0.9106058669423283
0.9307538076937513,0.9306333411953548
0.9073554011468161,0.9077845718815696
0.9076811149399459,0.9076837233607565
0.9072392746338568,0.907389372547071
0.9243497446303313,0.9256980347710282
0.9268779893773521,0.9271273770766109
0.9090680765536746,0.9088827869436577
0.9297839014266502,0.9297079356135258
0.9256901272395138,0.9259611782915325
0.9073738155803917,0.9073463997345397
0.907496866066369,0.9077348217346636
0.9089909683785324,0.9087494934671264
0.932639935795778,0.932591099623198
0.9209033595473137,0.9206721471673411
0.9164403318867805,0.9154872498842066
0.9075435656363809,0.9079477409564212
0.9278005024495382,0.9275170605876428
0.9072239044668471,0.9073631979929574
0.9208668731313389,0.9197857269374735
0.9241177847413248,0.9226519102032411
0.930786076403113,0.930240070147794
0.9256066980574961,0.9254857083355335
0.9291185232326039,0.928632753803915
0.9079233091892102,0.9083352027264974
0.92502806603114,0.9258701765323005
0.90773343872602,0.9081475105990177
0.9092094120246189,0.9089601941647362
0.9135457363632353,0.9117398162571898
0.9073784118202033,0.9073786055386464
0.9316908692666425,0.9313391415324999
0.9179743386033923,0.9185124260696265
0.9316341500281434,0.9317328765261926
0.9074574269079677,0.907458158658546
0.9075368417240753,0.9086336726186253
0.9325146489577923,0.9325742264484606
0.91340893568467,0.9128914114098413
0.911326772279778,0.9096675311094842
0.9330045279607145,0.9329929851462095
0.9194493273785702,0.9197523409626592
0.909546845111321,0.9093619055651098
0.9073343239447871,0.9079153297319559
0.9079174073909773,0.9079244369673124
0.910640310348389,0.9110688502374833
0.9076980172364576,0.9076984260429937
0.9317435466707998,0.9307779915616498
0.9076642828291965,0.9082761343340648
0.9301049913230345,0.9299722746598836
0.9254746063820326,0.9246158407601796
0.9275840931705565,0.9255798880812867
0.9102147117751637,0.90994913719007
0.9152895674363966,0.9126902834830029
0.9297418541496109,0.9294388416338415
0.9079338123861089,0.9084885076578273
0.9144100520947954,0.9131828872772354
0.9114839913489896,0.9101746949492032
0.9224944781498595,0.9224337425349192
0.9327197129705672,0.9326965054221695
0.9204022571042288,0.9206565706232719
0.9073703695229551,0.9076153211952606
0.9126481386721511,0.9120970520988277
0.9327003784349511,0.9326732059758469
0.9328165580656159,0.9327982215720902
0.9131137009146816,0.913569903089255
0.9315918147434064,0.9309970914909188
0.9259483313447442,0.9261049585123098
0.9075572395186662,0.9086719185927954
0.9088749122194572,0.908917127161804
0.9074193627562381,0.9076094609039264
0.9259474022218666,0.9250438584859831
0.9074368611114342,0.9077995023688138
0.9160640555820043,0.914758159570799
0.9072491908703684,0.9075486071583839
0.9158200945055003,0.9175892221779648
0.9220676480860045,0.922907293688785
0.9320031793188228,0.9321014537550879
0.9148519911091095,0.9143201291090455
0.9076365661625397,0.9076367099312767
0.9172401893363986,0.9152836550794615
0.9315746331646833,0.9318503215044943
0.9250174239502682,0.9259790883515053
0.907369526560088,0.9073757787315134
0.9151054263681525,0.9139565567472958
0.9208748662515208,0.921468709001977
0.907458187397571,0.9074944425297484
0.9225819174751305,0.9223159537503449
0.9316252803362819,0.9315838107131102
0.9076032650762975,0.907616363264601
0.9078055031004347,0.9078070432845058
0.920781639475761,0.9207708769489669
0.9317667445963298,0.9318504614168475
0.9202730031210349,0.9223777130999354
0.932906597825191,0.9328929437642967
0.9177610918649898,0.9173733993287742
0.9222639017294632,0.9228876754688021
0.9306736860066506,0.9292954985996879
0.9243088749751827,0.9242441799393559
0.9329962663043727,0.932506801672435
0.9324112504328436,0.9324071224562143
0.9318642130823453,0.9317397177779795
0.9322300728274882,0.9322938625652439
0.9240621910918331,0.9242065810828016
0.9314167640384214,0.9314083278805427
0.9074776510230532,0.9074792097556561
0.9314293579592595,0.9304483723980974
0.9198713478384117,0.9192542284640873
0.9308875490280779,0.9310441623233888
0.9075729162973016,0.9087281646924841
0.9308675673909417,0.930728316657379
0.9127970433877723,0.9116987870045812
0.8988631942373448,0.8988640571745138
0.8989909724556734,0.8989887462713345
0.9026439815744893,0.9026166420953079
0.923574661702881,0.9232191149643343
0.9001562997629413,0.9001660761070049
0.9006395785077008,0.9009310113924127
0.9005890811980718,0.9005882768644586
0.9212986159260863,0.9198713874245569
0.9262965952638913,0.9263807831275237
0.9241376741330496,0.924026945821904
0.9111991360631396,0.9112499690113988
0.9070656674892562,0.9083686295306174
0.9227759688832239,0.9198986642912879
0.9210628860014456,0.9214893203250284
0.9130068911671737,0.9183325802496729
0.9031208988296179,0.9053756148443788
0.9248373184169619,0.9248171811199819
0.9099612089833445,0.9101667415158299
0.9001785135636342,0.8998880205033091
0.9105290706336614,0.9105098053216252
0.9063806045807792,0.9062890121502211
0.9156833261257316,0.9179864686303728
0.9127074832214196,0.913953650618447
0.9009037031482944,0.9011811670241842
0.9142128210429719,0.9143434533160584
0.9204881092935773,0.9203151571070936
0.8992288077547655,0.8993958030305442
0.9218929846303162,0.9207057669552323
0.9003595123176097,0.9001373602579015
0.8994064193405183,0.8996100627006992
0.8990326016374044,0.8990327564278006
0.9117760250533882,0.9115661640497313
0.8990849915458404,0.8990850675957194
0.9079064077924667,0.9074290224716388
0.8988901043526302,0.8988909039371535
0.9036483304153736,0.9037024991312795
0.9206653805901986,0.9204942815178161
0.92209481454056,0.9218814015189305
0.8989934259539655,0.8989945161195106
0.9180680362069866,0.9186266699436219
0.9236763648923156,0.9235903731825651
0.9193292163408102,0.9194787784282599
0.903116218877037,0.9025631577228194
0.9025597046817024,0.903505121311428
0.9239912462828564,0.9239986433935833
0.9223825657929348,0.9225409562051601
0.9251476987162818,0.9228418948714844
0.8989747284075477,0.899092499894505
0.8993442322872763,0.8993287428092307
0.901599682308496,0.9013991522099017
0.9241456562924272,0.9238568129493703
0.899354280913693,0.9002773681509798
0.89921818297189,0.8992197053306838
0.9065118300650371,0.906929743350281
0.9189290344381684,0.9183365379984236
0.9011923018673633,0.9012694740198003
0.8990390287062244,0.8990392628638928
0.9067065031548,0.9065713874799103
0.9237690656906357,0.9230225238158508
0.900567710568336,0.900567171576971
0.8992103232866319,0.8992036973562344
0.8988624551272113,0.8989989772876927
0.903149832690621,0.9032844094369068
0.8991064117138924,0.8991124363282802
0.9219501129903049,0.9219469532839476
0.9200929485043382,0.9209038176090517
0.898978208874898,0.8995165712447256
0.9133883960048212,0.9140714787943631
0.898921811021938,0.8989211871203061
0.9241253492257101,0.9239967286920227
0.9119354306701527,0.9119658921883835
0.9103074719351685,0.9101971477923853
0.9233920810552965,0.9234345469031057
0.9236493258963742,0.9224178663320493
0.9235931482974903,0.92327304292237
0.9208715574675056,0.9200848763479411
0.9237952218486221,0.921296825389748
0.8990905008119552,0.8990945045499369
0.9146228634878165,0.9138296207869024
0.9202678263331998,0.9201080056427088
0.9240895643038375,0.9240688945304698
0.9141925095123863,0.9167941925388347
0.9207455499517374,0.9212153769020819
0.9194480012691607,0.9194735872917182
0.9205423293553443,0.9203490356670754
0.9244136368572845,0.9240335870458294
0.8993893116292366,0.8993898082743853
0.919034722569417,0.9189105111362376
0.9017860215578803,0.9017882003783692
0.9228217780261986,0.9226064338689295
0.924464229165456,0.9243439325497608
0.9157648489639462,0.916335237600033
0.9164296172725133,0.917532214727994
0.9240942991115585,0.9239199662906974
0.9192614141981218,0.9190469438871486
0.8987786383123534,0.8987830482679753
0.9005690368738899,0.9005687085681856
0.8990440719418749,0.8990452158533793
0.8992326769609084,0.899233912254967
0.8993962220185908,0.8994149678240313
0.9221924463832593,0.9221737341576177
0.8990726128727728,0.8991466418496727
0.9021655397151221,0.9035624040472947
0.901216639491232,0.9012170042422534
0.9174268633201771,0.9180520524289154
0.9110064093123824,0.9107549091679816
0.9235038582646953,0.9233496582460339
0.9210292699382812,0.9215250377073139
0.8990735748756274,0.8990720022427034
0.9073874635042937,0.9076099659667191
0.9035976889355403,0.9035581177875018
0.8995326267236725,0.8995961239977602
0.905450816299837,0.9046286572704112
0.9016632380016477,0.9011276892538403
0.8989039254323067,0.8992283690478728
0.9247773846585234,0.9247976385495749
0.9148522640356641,0.9196783416153772
0.9217867238587238,0.9219573373593639
0.8990590648438064,0.8992087517497903
0.921872362090668,0.9209372854294956
0.9278112030516653,0.9278273077011956
0.9244349692025453,0.9242124556516194
0.8988267207235052,0.8988315099014919
0.9032743716715318,0.9028372026115002
0.9157074860291264,0.9126569749282468
0.9002999393345048,0.900037251121217
0.9186120508335938,0.9203609322750624
0.9039509626650122,0.9101875419237269
0.9005594217488244,0.9005585450480287
0.924154669323738,0.9234946384281763
0.9016845136997644,0.9008452625753917
0.9004145907405682,0.899677662869987
0.9198501051115093,0.9207613930243725
0.9089229505050611,0.9113987299207418
0.9207570974339097,0.9198564296669116
0.8995907825996368,0.8994894432621702
0.9156231178521604,0.9178164786772025
0.8989994908959372,0.8989964756726282
0.9095916527148702,0.9105922329308075
0.9239538188287212,0.9237797544828377
0.907713459842858,0.9070050796494268
0.9043010022379044,0.9048352014576924
0.914487068730789,0.9144069549390799
0.9034113767218644,0.9031249089827628
0.9220627744306823,0.9167991215273217
0.9244963639744298,0.9243628642977818
0.9026177592375842,0.9016919051100277
0.9045323624434143,0.9041594602932388
0.9087949299286447,0.9089801007423683
0.9147145508167767,0.9145521832723884
0.8992892056358673,0.8992892292611452
0.8993148645791187,0.8993130470917093
0.9240463508789846,0.9234600891403807
0.9245612748317176,0.9245434173531781
0.8991678151820128,0.9004384196701202
0.8998096707947171,0.8998055979662882
0.9003664040494909,0.9030851013015072
0.8994938004538077,0.8994938580779619
0.923952969167656,0.9239867929604744
0.9230580050710653,0.9230937045985401
0.8988079243706395,0.8992354464251364
0.9247398223574838,0.9246048900601151
0.9232565217612427,0.9227370150389379
0.9001677342416436,0.9001681099777445
0.9242057897453513,0.9206823154159737
0.8992710556906418,0.8992713633595306
0.8990388847674303,0.8990388018905496
0.9105956264417809,0.9105615683429975
0.8992247384226516,0.8992266480337002
0.8990698636076901,0.8992710655792863
0.8993974175144759,0.899695464660113
0.898821848913935,0.8988282313953561
0.9237058588117032,0.9233421357304015
0.9140852813387308,0.9139624501283405
0.8992410636576893,0.8992414953990848
0.899340669614031,0.8993450898805619
0.926587023724883,0.9272637338325219
0.9030295633499786,0.9017545384080191
0.9231701749865333,0.9221754019746125
0.9080042109739015,0.9071886835256349
0.9090991202782789,0.9091310042995712
0.8991002198850205,0.8990993681191293
0.8993596761668098,0.8993603134051376
0.9242053940056063,0.9233350675153272
0.8991927455422115,0.899236225392646
0.9036250204554535,0.903344278741434
0.89910012455236,0.8991059421652845
0.8993295527194203,0.8993311177372314
0.9202375512467914,0.920013766349087
0.9101113419239126,0.9103250014062415
0.9142038799276122,0.9173894188589274
0.8992550455115981,0.8994101452965606
0.8991011515246755,0.8999393723187322
0.8990144686040259,0.8998075336831323
0.9134788900951977,0.9174296986932748
0.915865622185572,0.9177113694202446
0.9078820218356701,0.9078293235691678
0.9239487519785334,0.9231883732698446
0.9005633579628496,0.9005638548518726
0.9080054387564392,0.9078234936617409
0.8992386363124751,0.8992384791119616
0.899800339441569,0.8998111527569335
0.9072991969805132,0.907375733272816
0.8993369736634784,0.8993366100531628
0.9223885521496084,0.9225308995808859
0.9243280845808503,0.9241436401876952
0.8993872312706257,0.8995328832864087
0.9006667412434295,0.9006391691591503
0.9056203893737529,0.9033033455250188
0.9001773230272255,0.9001759901318555
0.9034226943312739,0.9121605637681637
0.9000902704635031,0.9000890298943054
0.9068547688436922,0.9074444172062428
0.9226053564555312,0.9225198851036902
0.8988326317322308,0.8988354451480786
0.8994085784058984,0.899408473217174
0.9110837579481256,0.9109370256983081
0.9235587088949692,0.9210686797290546
0.9188372305744297,0.9186008298322987
0.8988715128931728,0.8991391789282361
0.921363422794969,0.9215956224491815
0.9213777975216717,0.9214482132306107
0.9012949190450522,0.9007368642157279
0.9241864141489377,0.9242192927548933
0.920255787476477,0.9198078388862964
0.9049930747794629,0.9002864176756752
0.8992816379765564,0.8998118784243678
0.9001802227103944,0.9003011585755917
0.9230566166235967,0.9230578718407615
0.9184167018667697,0.9199407834244453
0.8990785860021131,0.8990776071623336
0.9077950482684726,0.9091058072278458
0.9239617528957135,0.9239348914415757
0.9195104660710283,0.9198507923614477
0.9239741067042112,0.9236994034537703
0.8991517079733867,0.8994607286910772
0.9219728749705046,0.9218330198628192
0.9032683378686495,0.903267693651641
0.9003887552575188,0.9007133854690408
0.8988572129202964,0.8988585316154691
0.8993756617063391,0.899752940907224
0.9170554392962755,0.9174610532418466
0.9011605331714772,0.9013126934831495
0.923751391460632,0.9237588709727824
0.8993278061602983,0.899518522494363
0.9066382853228437,0.9063878874840477
0.9243508523896519,0.9243612441046996
0.8990309779300297,0.8990282591489606
0.8990290554665061,0.8991030358883592
0.9244612202581746,0.9244534597288845
0.917318415177656,0.9172141880857532
0.9238456497491784,0.9238259593543622
0.9210531675514777,0.9209531979614728
0.8991556478407317,0.8991557766936417
0.9017099260298709,0.9017133046746854
0.91022033538667,0.9150343829646143
0.9207648262361823,0.9209324815673393
0.9048816667190457,0.9046088746740587
0.9006883908066431,0.9001726499497638
0.8992070457136349,0.8992061969411896
0.898935419716666,0.8990512325621647
0.9150870796988544,0.9147978036547237
0.9090659546308277,0.9090521963396863
0.9097496658955752,0.9095470607320886
0.8999260419566022,0.8999024179246564
0.9166632384800345,0.9165219592744667
0.9012054376088297,0.9012073258164893
0.9117935490982467,0.9118345197719048
0.8996765273038735,0.8997059955529251
0.9137072756290614,0.9136977748002741
0.9241794123735467,0.922679766818524
0.9240350769110812,0.923154279177364
0.8993586671306976,0.899354860234195
0.9008803353443652,0.9008761922857401
0.8998488682773808,0.8998611315555601
0.9253757348641835,0.9254228829651191
0.9097400854924558,0.9096886473492871
0.9181451166397682,0.9180496556958256
0.899231983196606,0.899229217638991
0.9069325713939567,0.906869636140887
0.9020502044205382,0.9022593625235696
0.9117523332781488,0.9117792048046041
0.9235029246904511,0.9234982175824068
0.9235234800163837,0.923444061245362
0.898758746960565,0.8987588044537701
0.8995179409267989,0.8995184674164785
0.9230586015254989,0.9197572400866936
0.913742540528449,0.9174785779431939
0.9242919899057315,0.9232829678343619
0.8990615470599248,0.8992285484627643
0.900735409563121,0.9028758393894288
0.8988994342955263,0.898902086627202
0.8993635431679641,0.899643078876845
0.9240748652169293,0.9240704025786569
0.9257249016995305,0.9257181160950462
0.9212766793869297,0.921218926183569
0.9240469405308382,0.9238304253900459
0.9005980840700331,0.9003677106545489
0.9211094306918218,0.9213128758222191
0.9232052753400597,0.9176347012887338
0.9028520087235742,0.9004241171029486
0.8992095619731896,0.8999666156000673
0.912834927600014,0.9125070291013425
0.900492591277332,0.9015439955648774
0.9017971604215597,0.9010898376386272
0.920954650686669,0.9206330149823272
0.8992343397737574,0.8997348459520158
0.9119118604188887,0.9163546489582552
0.9017777221201843,0.9017816570510864
0.9243482839361512,0.9243364093039251
0.9235481787616996,0.9233714205552636
0.8994141808269676,0.8997101700923436
0.8994033745570998,0.8995126848072127
0.8989469917919387,0.8989472235031107
0.9216658617033909,0.9216688381100963
0.9006019056924878,0.9003147329257349
0.8990625893764345,0.8990630147014665
0.9013560341894998,0.9011592741823723
0.9130897600084618,0.9132585774733094
0.898988802285877,0.8992591472067311
0.8988674213727977,0.8988987405859616
0.9059391469018766,0.9061219803735537
0.9117720803728347,0.911462329438098
0.8991121047478836,0.898946398024414
0.918620171261847,0.9184764727953572
0.9019223298779252,0.9009114045802478
0.9047041541894301,0.8993983758206157
0.9053589060905692,0.9049258696746706
0.9149250905341465,0.9150687926958183
0.900467372794823,0.9041641995160239
0.9174414125313052,0.913019372067977
0.9196641319429338,0.9186802211807606
0.9015307465426056,0.9008949547917944
0.8992959789431805,0.8992964504900215
0.92427222329708,0.9240503140845852
0.8993815698707202,0.8993836387907277
0.9115596654401524,0.9116209604257333
0.9229842090268641,0.9226954150479759
0.898899163603865,0.899869043057032
0.9169619863762088,0.9184147416583541
0.9128361174137892,0.9127827564046253
0.919307109238994,0.9106916580455595
0.91688771083462,0.9173408601162553
0.9121748853687983,0.9121686558227892
0.8989165157007971,0.8989165768019365
0.9229210390446275,0.9159657593839902
0.9082347661918933,0.9081656524089619
0.922052599916753,0.9218287579395147
0.9238947043761223,0.9232243971546802
0.9024305949182434,0.9045261933503622
0.9078983743148125,0.9076839912920558
0.89975666914009,0.8997606251000135
0.9135711354645873,0.9159179340826493
0.9132897645295995,0.9190738373960952
0.9178069310097734,0.9179987727421368
0.9228576884721367,0.9229395386772868
0.9177902441318883,0.9181329664916937
0.9216789829105956,0.9215091836325148
0.8989329216442195,0.8989349050012835
0.8994706763012099,0.8994704508506814
0.9011340237697109,0.9009414475994865
0.9225664531045992,0.9198095436504634
0.8990700517397675,0.8990722142104127
0.9223317819314213,0.9221613155664865
0.8993010480044538,0.8993437057222647
0.9099029229524233,0.9097715409733387
0.8990217922117665,0.8990218574450062
0.899260099290834,0.899260634383282
0.8992892000432348,0.8994770023147677
0.8989051450087618,0.8991578288866513
0.8993885720018229,0.8993886629127917
0.8992800239342298,0.8992789324453875
0.8990246762412522,0.8990270472988995
0.9187765086044891,0.9186850810913135
0.9001057467200121,0.9001066639453909
0.9077501880411827,0.9113050793569463
0.9048411876825015,0.904848587033635
0.9221611345824523,0.9188640853020001
0.8987718025119922,0.8987709627109449
0.8990829075413276,0.8990845600435157
0.9192636840528963,0.9186336583187912
0.9001351758498939,0.8999030958476985
0.9178431697590878,0.9166224988115319
0.8998716239172865,0.9002571871255544
0.8987623395602272,0.8987625248235825
0.9232789323891001,0.9197567066678252
0.899055582001994,0.8990800233379194
0.9228518166201832,0.9227822015825867
0.9187011559278456,0.9176079067494868
0.9240701811469565,0.9239220969900286
0.8989973860422479,0.8989979421500862
0.8992716068048731,0.8992689569470146
0.9002453268817766,0.9002480140191074
0.9049638578932342,0.9046415483454527
0.923913753319682,0.9223197678639553
0.9203545526030398,0.9162339097301784
0.8990847809722329,0.8990849859830141
0.8991401518707121,0.8991436702041442
0.9012906687282024,0.900684100313355
0.9212817642788368,0.9189058359269293
0.9235773456586343,0.9226342602066342
0.9015801341616108,0.9012544104609113
0.9072827995045719,0.9097246038201097
0.9239702905682184,0.9238208432025163
0.8997321037205279,0.9000424563708261
0.901490865723041,0.9014957185830798
0.8998651512236742,0.8998667355448003
0.9068331807675332,0.9068942079157033
0.9070732473221318,0.9073318703260029
0.9135207909251365,0.9195241122512434
0.9238897683829439,0.9237199510177386
0.9013174997716857,0.9023378892402164
0.8992922617514492,0.899291720920403
0.9173424457368289,0.9176211050950424
0.9075061151357036,0.9076394766959593
0.9230454435299157,0.9194227160504792
0.9041450806773891,0.9045049072192778
0.9243371607090748,0.9242975891940847
0.9018704097909624,0.9018635191938996
0.9146572789950983,0.9180887942462332
0.8987623045744229,0.8987623603922704
0.9045808322699905,0.9076550342592833
0.899280145493519,0.8992789280030274
0.8991421922516921,0.8991420879033405
0.9042416091709599,0.9059623521047965
0.924020841386514,0.9240380826962413
0.8987580903554483,0.8987584751762987
0.9157027053795055,0.9156593423079952
0.9218091281508749,0.92154345893085
0.9220928325729502,0.9197675208805145
0.9202680017767845,0.920423183789191
0.9180031473333565,0.9178122785245647
0.8988603188498239,0.8990579919676199
0.9051559611106114,0.9050306602633704
0.9245485571025738,0.9245656232383778
0.8990377880388274,0.8993814115038155
0.9245692757510825,0.9245757728540557
0.9156603068866144,0.915644283127931
0.9239783209710157,0.9237106406697474
0.899317602720109,0.8993149592201586
0.910503074308869,0.9106460228651219
0.9192694202189893,0.9192655814899053
0.9097944100433417,0.9097157168535523
0.9207012138325713,0.9182820593281262
0.9030764577125688,0.9023477995542393
0.9244252828579903,0.924436114587514
0.8992908674156603,0.8992941148057215
0.9157580639021692,0.9158670937999692
0.9290209634423368,0.9290337110688618
0.8993012701792199,0.8993019512890251
0.9123368904115737,0.9126914540106215
0.90049011300122,0.9004921157477997
0.9032565617075224,0.9033396004570176
0.9248910467278186,0.9249665555411047
0.8990992242686773,0.8998369328517367
0.9241043552396173,0.9229606400930319
0.9215352842838556,0.9212069342782664
0.908139165083288,0.9090535806069014
0.9065362564664666,0.9064556151600373
0.8990586810671338,0.8990559605572862
0.8992906378202824,0.8992906971461153
0.9220429331747857,0.9224729816526467
0.9005860706952864,0.9002892646115547
0.9184859105289446,0.9187883685704954
0.9145159823056482,0.9143846800489426
0.9234999564577825,0.920956698000111
0.8990430939992163,0.8990420260684818
0.9123196216765114,0.9124580097101365
0.898771934923417,0.8987736394384952
0.9224340454328415,0.9226462474362519
0.9087303483066054,0.9090098324752818
0.9256540884599157,0.9256431063071369
0.9183639324420702,0.9191242877199657
0.9163396876253249,0.9175663334703031
0.9119281364347019,0.9110010699237475
0.9197060776664794,0.919520164221061
0.9033282237766449,0.9033344249163648
0.9031336435212542,0.9025689342604403
0.9189127687114939,0.9188386251055454
0.9228330498434081,0.9230307128831656
0.9131304037365473,0.9168542763032985
0.9217732366678032,0.9204235724889256
0.9077046411197873,0.9084869923387991
0.9076356392492168,0.9077497238306625
0.9249136922374599,0.9245995657093162
0.9043875287733383,0.9041233089971216
0.89878779920468,0.8987890847142342
0.9155237924129551,0.9133928322601453
0.8988438641136164,0.9008256296563418
0.9199113823681108,0.9198485995873221
0.9018670353836009,0.9023984570487555
0.9115961227295625,0.9127685769411551
0.9034599838125505,0.9102869682925345
0.9241094519519615,0.9235919707642287
0.9105157837876658,0.9104959421057408
0.9205563312601701,0.920578375722596
0.8988907731274977,0.8990409989433761
0.9241218050657338,0.9241383134732574
0.9256320430129845,0.925532885972794
0.9072864844730752,0.9075249036417994
0.9020044556980085,0.9013455973484489
0.8989880029122558,0.8992993789319773
0.9119791119633652,0.9120180364569055
0.9240324989311508,0.923760796013639
0.8993568466260797,0.8993537510884163
0.8992909235961245,0.8992904248921857
0.9104133752800225,0.9103130202315742
0.9198045890805122,0.9176584934327261
0.8992130703738362,0.8992138312966569
0.915863751566229,0.917053708513098
0.8993063005549171,0.8993069513624314
0.8990231499214666,0.8990229064062173
0.9228589279779468,0.9229623317878343
0.9034243167294566,0.9056170921319366
0.9119497215822621,0.9125316727573696
0.9238447719876932,0.9238304187963992
0.9241710757914547,0.9242101639258605
0.8991409340024112,0.899869407253268
0.9160225494317726,0.9177784923266272
0.8988261908167843,0.8990559972412361
0.9018440334106839,0.9027782930508789
0.9047159225967251,0.9041268806223804
0.9003280630924186,0.9001074891120423
0.8990873671906006,0.8990860242068425
0.9236225506329153,0.9195659073495999
0.902265942467252,0.9022861786279743
0.9178189127755627,0.9130332245455466
0.9002857279576535,0.9004261413299665
0.9054193079678662,0.9053283727539017
0.9211483064981664,0.9209589132040251
0.9006508313509797,0.9006511967494901
0.9182249483431023,0.9178057918400172
0.8989388791230553,0.8992167211052685
0.9224582902321865,0.9225098997644422
0.9162421925844353,0.9162628045650787
0.9242449218555997,0.9234374666185353
0.9227345454396534,0.9225912479410033
0.9237512692007449,0.923660270359815
0.917298200039544,0.9172040223911087
0.9142250845480244,0.9186573449277746
0.9276970714591588,0.9277171829827221
0.8995512930125747,0.899551264357407
0.91788613659585,0.9188374854699461
0.8992828721405386,0.8992825949331953
0.8992612830510162,0.8995980350991843
0.9069358744206182,0.9069329734825957
0.9135715918591847,0.9164039848878238
0.911149862211978,0.9145048286018357
0.9234010833407852,0.9206590448738531
0.9163108440058347,0.9163477144930787
0.9138974627181724,0.9184279268551717
0.9197103452502742,0.9196879687054966
0.9006178964080113,0.9006183283846952
0.8989195889722555,0.8989180515368901
0.9233350405514306,0.9230719075985319
0.9241829337026914,0.9241997453437368
0.9223965975317079,0.9223321801324963
0.8988792540273263,0.8988803227599029
0.899079175359017,0.8990689139690125
0.9016189729871653,0.9009208041232971
0.8993693183032868,0.8993695484501916
0.9225836608714393,0.9227831816011909
0.9127650123887819,0.9122340688539211
0.9209889887721552,0.9208046079233948
0.923823009055652,0.9218907513411503
0.9197362507000175,0.9120883795323826
0.9125077152320625,0.916061980258631
0.9064813367165029,0.9063015042310849
0.924362235744629,0.9244155601654953
0.8995135139323376,0.8997141391024533
0.923698822283251,0.9233446298121291
0.8991384447025333,0.8994315000904756
0.8996873246355823,0.8995056487068233
0.9004303734799308,0.9004325828910217
0.8996828331978984,0.8996811335049592
0.9057688005636545,0.9056044557776127
0.899281500203379,0.8992806245853562
0.8988663374596493,0.8988669948616957
0.9239551735701409,0.9238225461010541
0.9004034388362046,0.9012419598813258
0.904181933691594,0.9030730321240321
0.9237976367887608,0.923550321684077
0.9240024233036501,0.9238885853193035
0.8994080599304733,0.8994047391410512
0.8990114530603471,0.8990117805783641
0.9187667497944982,0.918874804678811
0.916962681707319,0.9178649340950911
0.9072603306085658,0.9086371182385417
0.9050106592939984,0.9041488261016967
0.9153507595518291,0.9117917071042695
0.9239726063708721,0.9236779133100893
0.899501209723066,0.8998313815609774
0.9203443842121322,0.9201554531081167
0.9058147899641412,0.9055009608061927
0.925599014244139,0.9256007296900105
0.922827562087921,0.9215918540939176
0.9240068312166778,0.9238085611383522
0.9143417862104342,0.9179579164578606
0.907015799306922,0.906938505746048
0.899216805780806,0.8992170505042811
0.923981390705434,0.9239367204389116
0.923721474213832,0.9219519169187503
0.9128583432595854,0.918803389973575
0.9022232145349223,0.9022241157016551
0.9023971314587619,0.9020606980510034
0.8988242429884141,0.8988301164397816
0.9255331266041366,0.9252145423211731
0.8992555535195508,0.8992644242476355
0.8989143626164862,0.8990389310960236
0.900096420930779,0.9007254250918129
0.915515587425972,0.9153821024559977
0.9135791738643957,0.9133027697708826
0.9104165174908359,0.9128241658632542
0.9019187655237659,0.9016227191436164
0.8990016280568461,0.8996873995997651
0.8990891446620843,0.8990826576660141
0.90230855196287,0.902008072149513
0.8988903052344399,0.8988903909752167
0.9154936767209426,0.9156743219471281
0.9019023756180452,0.9016375380925307
0.898994484362338,0.8989946243925298
0.9215091190698472,0.9199784619884
0.9170519980656793,0.9181533720169409
0.9221376004873131,0.9218364991056887
0.9240711373105556,0.9239531350739556
0.9100146423085373,0.9101910252963649
0.8986658866435479,0.899002162434639
0.9162429648708377,0.915739508433036
0.9137214410846617,0.9135504030619928
0.898781838839394,0.89898299058093
0.9096744454543111,0.9093902060661802
0.9231318108399159,0.923186490309313
0.898896163276633,0.8988965945835459
0.8988876308941232,0.8988877085470263
0.8990973556564043,0.899098693867238
0.899425652436582,0.8994169834011033
0.9019268151976934,0.9009394108286163
0.9172699430196739,0.9131023685700227
0.9016638216424322,0.9011198887932952
0.8990595701321433,0.8990633719091591
0.8998452831841871,0.901494893052177
0.9114782483030502,0.9169994130160659
0.8988821864652632,0.8988854992914987
0.9239273688216156,0.923809285124535
0.8989740485884528,0.8991656434621317
0.9243711293048941,0.9243832850993751
0.8990467107725941,0.8994825296478335
0.9068587789697005,0.9081894291561697
0.9092204537256453,0.9092245753974977
0.9029941883053888,0.9029133843747219
0.8993102849072663,0.8994086766034726
0.9244300784806898,0.9244300961650412
0.8993113751756611,0.8994406807452691
0.9015579203544148,0.9000540758128251
0.9055875897170866,0.905285585836705
0.9050386210199172,0.9061738017364677
0.9182577184474162,0.9190522814369636
0.9051401271197594,0.9049361837430577
0.9195663323239827,0.9196807617378695
0.9049510784544614,0.9052160321262482
0.9228805556432306,0.9231959357571522
0.9138550718847712,0.9188131126324086
0.8998703201442947,0.9000546622205282
0.9240552185194184,0.9239388652234852
0.924230157629676,0.9241657697175512
0.9130116746444172,0.9130860327124046
0.9205356989754536,0.9210308700050887
0.8992147782721663,0.8992151623892798
0.9078512880007095,0.9146018863751907
0.9224904584939732,0.9226913433198566
0.9022027810543447,0.9009861398075695
0.9195539403561614,0.919564588684652
0.9180163391915301,0.9184433799605232
0.8993833601514637,0.8993837449129296
0.9024442157506803,0.9022608337373625
0.8988910839216091,0.8989025593130171
0.9034020270691379,0.9019663650564368
0.9035447454267117,0.9014761341988166
0.90582397983687,0.9078123321878696
0.8989204557370876,0.8989212362994189
0.8993117048880949,0.8993096779832576
0.922093726989591,0.917961376689166
0.916383730922429,0.9180229797050599
0.9179798617059813,0.9182781003096088
0.898920487646552,0.8990602892735785
0.9204778467779287,0.9204304788162552
0.8994014049275705,0.8996825639878182
0.9072804643308747,0.9112668784548262
0.9190118423022217,0.9149608733263319
0.9038338520881187,0.9037874888766645
0.913349628119246,0.9133181098370158
0.9249190353596591,0.9249112536103987
0.8989638896036545,0.8989826708964306
0.9150632182930518,0.9150007670975928
0.9152357022104908,0.914975548793821
0.9056017342974554,0.90671619767723
0.9209193081391265,0.9212873857101287
0.9126114354598821,0.9170436527995695
0.9164463784185181,0.9149328648004471
0.9249118553770087,0.9249013401275252
0.8988366286372056,0.8988334789533843
0.8988965928545803,0.8988978318261717
0.8989229887141745,0.8991945282949834
0.9044180309368548,0.9038001723953808
0.8993765819172368,0.8998934983586346
0.9199990456105257,0.9112770896243496
0.9196370627771143,0.9216897453077031
0.8992823622231512,0.8993683826202937
0.907007095626648,0.9073739066088713
0.9109564090802433,0.9142354863824247
0.9241250368104077,0.9241111718914451
0.9240948482524719,0.9240854033477555
0.8989945091274935,0.89950179175645
0.898759719512111,0.8987628075693017
0.8997590323405779,0.8999961992893429
0.9248641080973018,0.9248782202789573
0.902720939659435,0.9027077678899974
0.9207494697314806,0.9209111283721856
0.8994422539158691,0.8999618240047594
0.9239220763374733,0.9235803990305673
0.8994283825372256,0.8994419661549725
0.9009964963603025,0.901031782186751
0.9240660334437387,0.9240779074445931
0.8988821433834298,0.8990350515298986
0.9240782169775936,0.923996235810264
0.9046152129461085,0.9048076189717239
0.9191678331372273,0.9189015314277542
0.9207988136803483,0.9206645541001472
0.8992341281380776,0.8992421565096764
0.9219070586812093,0.9161045209245173
0.9040688956229367,0.9042698555167736
0.9064559861448609,0.9062205300198717
0.8990332143535085,0.8992490110040862
0.903880730681981,0.9040846972165517
0.8995007033553115,0.8994550199221198
0.8994189893529153,0.8997200537938506
0.9052002518464188,0.9053926573371366
0.9141725388037905,0.9195860201836399
0.9256886612679384,0.9255852388020257
0.9122531972954051,0.9168246477125436
0.9061927427043215,0.9066429438680425
0.9036157922895471,0.9040076120703874
0.924304036511603,0.9242726961142231
0.8988603001512194,0.9017699942755653
0.901228430518995,0.9010403721753347
0.9239256385021574,0.9238243673718144
0.9244025869297711,0.9243130750420285
0.8990950618089129,0.8991940404226851
0.9104838688902869,0.9107220065198867
0.9112115453105154,0.9113945731898394
0.8990386242715429,0.8990387236768439
0.9186905492991384,0.919172953564319
0.923567633902518,0.9235338019330378
0.8990077575315938,0.8990080008791013
0.922754345631717,0.922888480955524
0.9226227665236322,0.9218785307212068
0.9238953046968659,0.9239051481526507
0.8994825388242904,0.8994835829808976
0.9236616512461611,0.9215409653114515
0.9120808282589651,0.9117666411506139
0.9017260324610168,0.9017261362147124
0.9201258507671733,0.9200735569009378
0.9159859955217242,0.9188281616905938
0.9205146692120199,0.9201402566380008
0.9157941891835522,0.914068163041584
0.9083038080300595,0.9078120756825047
0.9068854578080896,0.9069250926902527
0.9002718570249106,0.8997795328501863
0.8995566312437616,0.8995579464234972
0.9250065512397588,0.9240038078220825
0.9135739608853727,0.9140506354613761
0.9254264766408322,0.9253873576813503
0.8989752546545344,0.899100285139578
0.9228483082915324,0.9227100606067092
0.9230282191653597,0.922346099656834
0.9016196741345471,0.9013203126401129
0.9219872438632247,0.9227452029604392
0.8993294188732791,0.8993292617405231
0.8987865622427552,0.898954817255448
0.923873311564017,0.9235050597032078
0.8990270132334717,0.8990286152794873
0.9021329959749833,0.9021355293239809
0.9196179497904159,0.9193794958842973
0.9006671936491754,0.9006660705392783
0.9067654389402393,0.9029024010365327
0.8988610805152955,0.8988611429844191
0.9228509364171454,0.9229138747796602
0.9247441941848109,0.9247363204277156
0.9240745231846342,0.9235487459019247
0.9224512388952474,0.9223203792118337
0.8991408683666846,0.8996056039918758
0.9074188981445942,0.9098444383443214
0.8990352374876206,0.8990355932288879
0.8999475090966171,0.8999492056108923
0.9118512308694235,0.9182754352505934
0.8999829355700915,0.9001260705502723
0.8990823844625606,0.8990823616385362
0.9203289024045995,0.9199422740497315
0.9112414303784164,0.9112761533721606
0.9229996355836028,0.9227694635560156
0.8989046497455336,0.8989054767389248
0.9004498677051362,0.9030809314193202
0.9230445903076875,0.9227045591626822
0.9244476311563311,0.9244419320420014
0.8990669491547681,0.8990670614406616
0.9290219090929929,0.9290109771986309
0.9186439543177433,0.9192241205789076
0.8993082883015888,0.8994944781146984
0.8989365536913981,0.8989390851517036
0.9218089227704394,0.9217011923009598
0.8990434144138726,0.8990874891777174
0.9246646280335181,0.924730800585101
0.9013158320185112,0.901485094168507
0.9018050694107528,0.9008997107689511
0.9212864327641967,0.9205393003964977
0.8996427605584041,0.8995622911730622
0.8994372403645121,0.8994050288138865
0.9210911379898628,0.9212067816517403
0.8987821096894619,0.8988535260907878
0.8992164092960792,0.8992162126104302
0.8992770262233231,0.8998703278005119
0.9192238860901365,0.9189370508237167
0.9037570609370753,0.9025545292385795
0.8992460951450991,0.8992427269277958
0.9169595448403275,0.9175296641806716
0.8993519610876767,0.8993507392444033
0.9049323610766462,0.9053320423864247
0.9215462246622442,0.9218149588706893
0.9075502872895559,0.907597003218841
0.9244627288214253,0.9244755586259834
0.8989927175196468,0.8989927012850187
0.9028941409112866,0.9030543567708404
0.9235730255726082,0.9231453858226313
0.9254595262963673,0.9254349869265621
0.9005937195147263,0.9005953818237836
0.9069498325014682,0.9068500984315293
0.8990900375996826,0.8990882142445926
0.9024679671165793,0.9020456623500778
0.8988895249017086,0.8988897767420518
0.89903877037343,0.8990394680428837
0.9018438836018844,0.9013867277563947
0.9042975231614117,0.9035096580436199
0.9262235388194752,0.9262768762072408
0.9104257129316279,0.9103587639987977
0.9160098588445175,0.9166360058909462
0.9238789266798334,0.9238098600087965
0.8994542371006173,0.8994638233632147
0.9244844838893087,0.924334716216712
0.8993132460078057,0.8993123733049414
0.8987676873037727,0.8987678243561494
0.9202460148019364,0.9203516170185752
0.8992729065253117,0.899641535882039
0.903921074728441,0.9042617641806543
0.8988341467142672,0.8988325457273958
0.9001986986544308,0.8998574849010025
0.9197700489885885,0.919551915289945
0.8990317375815103,0.8990317457469036
0.9239007042689258,0.9237733805665796
0.8993151504127375,0.8993158513570428
0.9016668409274057,0.9004469440398216
0.9237266032091345,0.9232218560626972
0.9231514546611332,0.9228138260720737
0.9136709940059033,0.9136930293523484
0.9220232048370374,0.9193477313153988
0.9021758048295646,0.9011583054711418
0.9178705531411263,0.9181122214047293
0.8991189544587285,0.8992919713132217
0.8995262464810302,0.8995192437375797
0.9206752626032114,0.9203677859002113
0.9031764017135435,0.9032030660858923
0.9071986562647717,0.9072006250493889
0.8989416219120174,0.89923726953608
0.8992998242765301,0.8993004885343372
0.9001483689095869,0.9007485508561592
0.9107398369685067,0.9106207183110486
0.9195208610662455,0.9198325063513302
0.9180232593759607,0.9185088903710947
0.8990654063466255,0.8990658485018426
0.9186832408492319,0.918853784562968
0.9174771431529746,0.919327063050097
0.9242015749161875,0.924185371718366
0.8995341594887906,0.899523452764898
0.9198240326139723,0.9197236110012351
0.8993083902593195,0.8993102689374087
0.9135396884220962,0.9178604702505999
0.9181864013277365,0.9180821734390223
0.9079732164187572,0.9085381909983323
0.9215497372675221,0.9219853258337691
0.9226113896148689,0.9221152740461364
0.8994704863827169,0.8994699571066259
0.8993656478195599,0.899365337162525
0.9058998711507428,0.9067078429337977
0.9143542127083294,0.9143879259760145
0.8992058863048067,0.8994122190646007
0.9104531741430208,0.909922158302227
0.9210921450822893,0.9209267942703475
0.8992817830802331,0.8995684291045093
0.9227225440365884,0.9227774072120973
0.8988654404520715,0.898865074826638
0.9328623808655924,0.9328791356645941
0.8998787604795889,0.8997433178166669
0.9036212894355585,0.904938489476056
0.902036735711346,0.9020411334249304
0.9240462187347278,0.9214735325867924
0.923039447314803,0.9231959357571522
0.9190908841481021,0.9192134571376931
0.9021710071201094,0.9033522079821986
0.8991230559318605,0.8993906842057449
0.9086692173312276,0.90853215173787
0.9239556660264973,0.9236012622180807
0.9146372793796459,0.9157787590218728
0.918991069014183,0.9137200156133879
0.920813965183957,0.9207477082772829
0.9020736341621346,0.9020641562203761
0.9161206309672485,0.908495750489264
0.8988002784960022,0.8993445084052922
0.9117448420575136,0.9117803711381474
0.8993759026218631,0.8995334918801177
0.9211735629001797,0.9214719740901184
0.9238599734776345,0.9238189908525278
0.8993118126143702,0.8995744612096024
0.8993746625893944,0.8996764902113087
0.8990127334687965,0.8990128278203906
0.8990411179390608,0.8990419745320399
0.9241020347872939,0.9240725603405728
0.9097127007298453,0.9096580201056956
0.9131951466715139,0.9130405225343391
0.9114978260468675,0.9117782595648782
0.8988437545381838,0.9014317984640201
0.8993152867755507,0.899308026852056
0.9242374905521668,0.9237662666459009
0.8991518971959532,0.8993593212508196
0.9186106389249912,0.919087872153519
0.906684971126044,0.9067361018247349
0.9185804722733631,0.9190542081577304
0.9081161238769222,0.9084016729244607
0.9235167314214621,0.922152663276789
0.901875942702207,0.9020665616640474
0.9242119073589796,0.9234272867435378
0.9279953275701813,0.92799275550101
0.8990670633575508,0.8990672745510315
0.9044139862105176,0.9015713091110921
0.917853025196614,0.9177580009151697
0.9242554550891745,0.9241562263502517
0.8990634821362508,0.8991404306498829
0.9234379324482581,0.9231585676222516
0.8991724578805169,0.899169949535377
0.8989203549917353,0.8989195958950138
0.8990699559681177,0.8990700066363256
0.8994637854133956,0.8994638379357505
0.9240723921423692,0.9239156561365296
0.9224461207029157,0.921425698105598
0.9110065564419381,0.9106302218694695
0.9155027850232541,0.9088114468070723
0.9188505868939141,0.9208805171312215
0.8987823326775926,0.8988978589018514
0.9118435474533394,0.9169949185374735
0.923793037770334,0.9234099468335831
0.8990643626999582,0.8990746890181214
0.9159479365002077,0.9158924032450702
0.899711708471186,0.8997118162664148
0.923446144856295,0.9233320939501414
0.9218443675583466,0.9227622221054292
0.9212191108710711,0.9212633285099752
0.8992728509698937,0.8992731255402348
0.9063364013616294,0.9063968954709576
0.9175017479388772,0.9180876448849637
0.9042636973339991,0.9042602903702592
0.9090563605724786,0.9091046630335866
0.9147117863384713,0.914844620483059
0.8993718309508372,0.8997797109814323
0.9236175925464316,0.9198853658190894
0.8988699508483756,0.898869189809262
0.904846219155334,0.9046642807421237
0.9218272962545483,0.9222585488867487
0.9103380498173257,0.9101727654902405
0.8990843627000548,0.8992873261996615
0.9237918242500269,0.9239158796757966
0.9196085982244931,0.9179572824226843
0.9237347632504659,0.9237448762716041
0.8993236293484986,0.8993247366072405
0.902590741450844,0.9025922447810518
0.905967016187971,0.9082164424008146
0.8990546373278305,0.8990547291996017
0.8993076510848707,0.8997725222981323
0.9237255089466823,0.9234245720064095
0.915746912121068,0.9162705615305788
0.9122896535767822,0.9123039269214342
0.8993686486159008,0.899369707027215
0.8990930343354198,0.8993667653012938
0.921061027953738,0.9210490116686819
0.9235768656864874,0.9234478896024676
0.9027214282342712,0.9019464221395075
0.8993405953906248,0.8993424740078402
0.9235048167867247,0.9239703525759201
0.9238910296015587,0.9232885438421999
0.9223807278172531,0.9224183728509725
0.8989376280912182,0.8989360797272522
0.8995806361903664,0.8998246625942145
0.9004156928408058,0.9009910076212898
0.920237598916754,0.9189428070771709
0.9234345573055772,0.9232677591485846
0.9123203800040222,0.9122254910614367
0.8991242659823206,0.9003523838143294
0.9237425548329272,0.9237275728551947
0.8992143702849766,0.8992126373096603
0.9053771369893002,0.9058438579707526
0.9233096138299273,0.9230492632271453
0.8990226786472942,0.8990236318432475
0.899416482426631,0.8994449335453331
0.899062069180655,0.8991407408857894
0.9206761863701495,0.9214114694277009
0.9238037586669872,0.9232288174183538
0.9247575036260101,0.9247096088149978
0.8995497030579447,0.8994358941209645
0.921477647396205,0.921665801455499
0.9001079811708798,0.8998398615093107
0.9089844151323153,0.909067883098285
0.8993425592344055,0.899342918980948
0.9231726967720646,0.9231141545106591
0.9171668235592915,0.9171341109816799
0.9236335082396208,0.920455457231175
0.8990974879252035,0.8990979131360847
0.9223678502337584,0.9203710921059564
0.9160684481310734,0.9162666703485524
0.9167113712649526,0.9147626199976314
0.8998509082001445,0.8998517642943317
0.9060637091286311,0.9063820856839568
0.9228426755915252,0.9215636971160335
0.906958400005874,0.9076124257991036
0.9031452910085112,0.9031449606521416
0.8990454856262967,0.8990461767769468
0.903360075782327,0.9034486075230349
0.9192188344180107,0.9196450118248248
0.9031928568745116,0.9031939478567519
0.9012400754601002,0.9012432832783055
0.9235400696122675,0.9223231187344026
0.9000660369077732,0.9002450500741719
0.8991088134487619,0.899129607851551
0.8991307312355183,0.8993650608797094
0.8991181829387203,0.8991184939423529
0.9217453248913008,0.9217613397513397
0.9224128946640094,0.9212370705267483
0.9032344369345361,0.9028501249201518
0.9220806002162767,0.9223213017050643
0.9234958724875243,0.9229199880869019
0.9057631547440986,0.9053544541475509
0.9156082418789535,0.9156271982485455
0.8989718355478359,0.8989720724889929
0.9229231633583457,0.9185950813947273
0.8990202492600142,0.899021218546045
0.8992515212860349,0.8992497304404522
0.9001177672249153,0.9001188153636237
0.9005892934103277,0.9002485020522495
0.9214244621084011,0.921547912459411
0.8988625560399498,0.8988591392794696
0.9241005373765118,0.9241120834327528
0.9199415424060459,0.9195548647337598
0.9015541614376789,0.900833982822029
0.9047686588165051,0.9048098442623307
0.9243134313221577,0.9235165967675382
0.8994073246846487,0.8993888348394862
0.8992892075325899,0.8996562388960361
0.8988592718256838,0.8989164367350788
0.9241085868384039,0.9239709751436844
0.8989394681551695,0.8989814356256423
0.9240431504397852,0.9239866590273977
0.8998323289174449,0.8999134112024685
0.9161770151434518,0.9161127142363147
0.8990504233664717,0.8990506504983001
0.9022183849047831,0.901874012862796
0.9059263227380869,0.9058921873067706
0.9235215258547337,0.9235290356436817
0.9213411402864293,0.9217519249828355
0.8990715982923047,0.8990701554194103
0.9234841239325016,0.9234853326850124
0.9086839922337527,0.9085837097698446
0.9225124632477546,0.9226724708500236
0.9111907716311434,0.9114052756116015
0.9166441599884428,0.9167535335062584
0.9220872382996209,0.9197108146372338
0.9091905276491901,0.9091855877215498
0.9257737924400798,0.9257811495533249
0.913483848777771,0.9163285710267143
0.9235469234834337,0.9218119679281422
0.9228735243035752,0.922598647709244
0.9090842609351257,0.9091857120786756
0.9141933544637768,0.9141812684928639
0.9240474799630528,0.924009462509396
0.9056410526567789,0.9064593558495829
0.8989174984969525,0.8989176414321208
0.9240179200656339,0.9221535178900357
0.9195951640363216,0.9199563278989848
0.89897732373238,0.8989779785962915
0.9141245526252344,0.9149037622710872
0.9127083660805624,0.9148843350056731
0.923871080810435,0.9233574879173614
0.9213051029505268,0.9196014261743751
0.9144889596070158,0.9168931609882847
0.9050289103264749,0.9103960497948422
0.8995460539937896,0.8995482576118502
0.8987690108384633,0.8987713356475637
0.917178456335083,0.9172978780206779
0.8991343574598385,0.8993419939869831
0.8993853459745962,0.8993854188336532
0.9003134197048127,0.9012198012311256
0.9242845556304979,0.9242951350229138
0.9240578189498108,0.9237262695537838
0.9118111157897372,0.9114444096457573
0.9142352852889619,0.9142273000957484
0.9203082812916288,0.9204495910860686
0.9149694694919834,0.9145866006644039
0.924430994165713,0.9244248213212164
0.9240396547403985,0.9232520439328485
0.8990425717704076,0.8990432086948307
0.9240292624322701,0.9229435843781331
0.9158334267913131,0.9158991475955373
0.9179170856680612,0.9188087559626382
0.8989039293540891,0.89890499534933
0.9231463696048013,0.9229939405545265
0.9243555004206223,0.9245100905362819
0.9229879607119921,0.9226855841603991
0.903460813996299,0.9031259447955675
0.9199112452975015,0.9196020569319748
0.9035054451420882,0.9035106910575714
0.9078950913432853,0.9079362852690608
0.9150546341043141,0.9188247572301954
0.8991660024300733,0.9004730916796493
0.9011387920187078,0.9011739442553237
0.9169789927080866,0.9179656748719077
0.904852957016317,0.9046264562187936
0.8992415256634705,0.8992463560447623
0.9268788254631408,0.9268923012897591
0.9019890263002255,0.9011061312605173
0.9014828093069854,0.9030207252789982
0.8988615552465189,0.8991881927662889
0.8990778448061555,0.8990778880996407
0.8995087014180974,0.8995058106554054
0.8992634395591612,0.8994499113127364
0.8990586526871008,0.8996232642033573
0.899025808301224,0.8990256520284499
0.9169484935461105,0.9166573123273125
0.914175867862775,0.914156037845901
0.9233204783396844,0.9232298563733318
0.9188154663642738,0.918492326447841
0.9017183593356742,0.9017195554631295
0.8988648547107757,0.8989919237673528
0.9000846869858464,0.9000848799362373
0.8992822686884794,0.8992836433284752
0.8994621044879726,0.8998071090977734
0.9064136299797844,0.9063328365830917
0.9080704011354775,0.9080120386499246
0.8992435063218644,0.8992403230752324
0.8988954084502802,0.8988954209010731
0.9147690888235269,0.9183966591785757
0.8993694611669143,0.8993672547979056
0.9186306223599394,0.9179937580411479
0.9198700566641753,0.920385485152248
0.9172917602108969,0.9173954902760424
0.898843244663098,0.8988445220519923
0.9242998432346997,0.9239588514418372
0.8988636309622733,0.8988642155079178
0.9107540600232077,0.9163209106433178
0.9091448993854658,0.9085692500311966
0.9095644181842916,0.9132438375770794
0.909886360549807,0.9097561611639345
0.8993359106642471,0.8993377355796456
0.9087643515541277,0.9085850841749331
0.9039752273293035,0.911615652758471
0.919551801113536,0.919791409860926
0.8991961763215366,0.8991972263319711
0.9048651893970082,0.904631936199895
0.9035566453066983,0.903454466689095
0.923397348530156,0.921157154318797
0.9001533833165286,0.9001540881253497
0.9108981536255958,0.9090621044629639
0.9006805606708357,0.9006776748772372
0.9117457714689002,0.9113124985438736
0.8993340224654157,0.8993355527444722
0.8992613578112929,0.8992709568338471
0.8987987982067714,0.8997533706496437
0.9099762774120949,0.9113940249915586
0.9034182450665181,0.9047554615353297
0.9098711079161469,0.9121047026962127
0.8992824808842307,0.8992845968200249
0.9236268098488704,0.923628124656852
0.9241281648556559,0.9241273965255136
0.9150905999713743,0.9155789123705855
0.9136146737831466,0.9178374594642317
0.9078495220506362,0.9079611829355168
0.8996426275182003,0.8993739784869558
0.8989502871443658,0.8989509457529149
0.9209596998814247,0.9209906776706264
0.9014172633640518,0.900588558814907
0.8992260807238063,0.8992259672304651
0.9042272417305135,0.9079742267599298
0.9235558031800208,0.921782766774973
0.9010824510243182,0.900731967231022
0.9206504833509858,0.9198630674159315
0.9148558190404039,0.9148393512572006
0.9114267280098568,0.9114122393726332
0.909807914247222,0.9101846186125121
0.8993440410371639,0.8993453765890083
0.9070154386211086,0.9089926745980911
0.9088961989024746,0.9089550572699736
0.9051153657832108,0.9050011965425585
0.8992405142693267,0.8992495394263449
0.8999038406146324,0.8994136882837276
0.9217448063249895,0.9215932118299786
0.9213234853468261,0.9177035453264601
0.9124569281290867,0.9158645034428002
0.90414853989263,0.9049107168520482
0.9247807718782827,0.9242465649935396
0.8991513139799675,0.9001002598756357
0.9003544808643363,0.9013774919868466
0.9013190606172253,0.9013212956524577
0.9122749997788573,0.9151942803047171
0.9210034704461317,0.9212576359035868
0.9221498954903594,0.9222330488278474
0.9006186778590751,0.9007036040739733
0.9021098694592005,0.9021106765465106
0.9203572508024176,0.9204573327002467
0.9017410056163284,0.9017417846719078
0.8991984996364788,0.8991986799751966
0.9255953856872093,0.9251255905247063
0.9135980002127297,0.9138076114286511
0.8992467820887003,0.8996999139629979
0.899035643907795,0.899685513156589
0.9009841894624397,0.9006221564368404
0.9164706633564056,0.9180869065690682
0.9006435083487477,0.9009380829182689
0.8993266909526131,0.8993274258051506
0.9136921116275973,0.9164175020683646
0.9275829453131127,0.9269253761382243
0.9244314054880525,0.9239440804745462
0.8988682100714369,0.8988728119565872
0.8989347322751978,0.8995718217763143
0.8988292847739686,0.8988332632567462
0.899391032374201,0.899391803094772
0.9201386925394963,0.9201236548064814
0.9187216788151358,0.9184603777194473
0.9238202334602444,0.9233079872140607
0.900453329072375,0.900455968169002
0.8997952932155787,0.9009480080665271
0.9239975499881464,0.9238315746560776
0.9009094510948227,0.9007481421459788
0.9083547374191697,0.907973927726164
0.8990555570755516,0.8990557615128748
0.9036421895627892,0.9023649044281542
0.9177012269237614,0.9183110177828424
0.9055683062342148,0.9057668530569066
0.910759577298728,0.9214122546537434
0.9221132461081388,0.920106513580028
0.9261693865092422,0.9261363016307077
0.9140635949821452,0.9157035230736799
0.9110428333251825,0.9112438967976229
0.9010709575774281,0.9020129547551231
0.9190856806078611,0.9193046642642122
0.9132617740872779,0.9134062940819581
0.9171229054620768,0.9170854947116712
0.9012790877782912,0.9005346551274667
0.9186451743566943,0.9153933808912419
0.9003338970537742,0.8993450678722419
0.8990070091565485,0.899226343422133
0.8998289540544893,0.899629329670689
0.9000955117907845,0.8992606094462766
0.8989454683072651,0.8989454150678613
0.9240510331734458,0.9241045642428485
0.8993568789279355,0.8993536385636038
0.9212285697660796,0.9211184778526902
0.9030965546201412,0.9031562971290201
0.9037051726061448,0.9035401450130597
0.8998955867820119,0.8996417693166401
0.9231056876001338,0.9174606943023452
0.9119563792126432,0.9138473966331702
0.9219231681376913,0.9220785962669648
0.9164865290618338,0.9158154789090668
0.90316722680062,0.9032659461000243
0.8990864203519469,0.8995521492678296
0.9207595267946549,0.9208109409352077
0.922516667969583,0.9182755533302965
0.9002773503808229,0.9000152957193859
0.8987863509542519,0.8987876170970958
0.9265649477054202,0.926589023353433
0.8990893714462822,0.899088542278276
0.8992901638115395,0.8992905743752542
0.9061421776693398,0.9079458581354455
0.8992023952247219,0.8992030164181974
0.9227643200716674,0.9227307914117803
0.916867276821523,0.916772188640257
0.8992600985936821,0.8992606514677186
0.9106424174646334,0.9211138730713684
0.8992614984891254,0.8992610353537642
0.8995367152535739,0.8995378670536909
0.8990321130733986,0.8990370190402694
0.8987555129235818,0.8987587089961876
0.9231643854620131,0.9188927245513683
0.9231251246685996,0.9228870527210156
0.9004852482468036,0.9003009729846032
0.9250756645736746,0.9250259354806996
0.9215359719946723,0.9221690518701763
0.9027652285756647,0.9064603391800655
0.8987691113614492,0.8987692201346549
0.9182134974203839,0.9195965849092606
0.8990627208164418,0.8990632347879917
0.9082269224290603,0.9096310073823975
0.9116023805016747,0.9117336817248441
0.9083561240551061,0.9083707668730564
0.9242881458472797,0.9238622456517162
0.8993800961123516,0.8996841443834509
0.9132747511772954,0.9132600073775634
0.9130344978003295,0.917595674952482
0.903561543112626,0.9027767636659711
0.9181651467943394,0.9219019426551986
0.9075020923232062,0.9073632060845442
0.9074869769726299,0.9088454388418215
0.9006217950353294,0.9006241615999726
0.9205205893889654,0.920938232189643
0.8989339601338118,0.8989343064556405
0.9230252168183622,0.920435157926827
0.8990854479206255,0.899238434495073
0.9159800034149976,0.9143537631681907
0.899289648332494,0.8992898379280345
0.901942088752779,0.9019409952882813
0.8988440856955504,0.9020122929890051
0.8988566564158292,0.8990553585421251
0.9234209856595228,0.9187592174981813
0.899373361993738,0.900096236715395
0.8993040537375714,0.8993045637745221
0.9009484074550879,0.9009517662936811
0.9231999874308067,0.9232168297380902
0.899420159846006,0.8994137303420908
0.8990981758935215,0.8993817877410355
0.899346856210577,0.8993466386162653
0.9130859655291423,0.9106981280783798
0.9218763364691871,0.9224962407622503
0.8990504725063638,0.8990506963081234
0.8990310534445352,0.8992578898519568
0.9037333525608268,0.903713781736774
0.9219010641744266,0.9222701119251125
0.9114595419909728,0.9119517162381972
0.9184481036452529,0.9193325748781891
0.8992992833346591,0.8992985002035795
0.9088975747022761,0.9086331021743075
0.9063064472872828,0.9056452829623431
0.9234696593972521,0.9236732983939777
0.9232065464946283,0.9190241517351052
0.9242952971142103,0.9240686458645654
0.9065287614865396,0.9064710587077839
0.9121479053642932,0.9127481308220118
0.924183852532079,0.9236497969542826
0.9156915237985599,0.9185283111354804
0.904287048995334,0.9084238482177618
0.920913696745989,0.9211788206396124
0.9226791254306516,0.9210220922488294
0.9152704740394805,0.9152295439135701
0.9158280943994582,0.9158748667983291
0.9205741630306907,0.9211514171825109
0.9226487666374085,0.922629340016242
0.8990391911264389,0.8990391037752414
0.9124933721272824,0.9183543983157345
0.9234946091346846,0.9210118727116459
0.8989978547691819,0.8998048608913402
0.9225067523243752,0.9221835423927641
0.9231534468138729,0.9225055286004629
0.9088365178561943,0.9127032906438848
0.898922290819644,0.8990298746502448
0.9102885931034436,0.9104458754585685
0.8996770349271127,0.8996773225546684
0.9289787822555164,0.9289874407126338
0.9227539543810905,0.9223633583783192
0.9001156772824778,0.9003767256512099
0.9227399432409996,0.9230008406411959
0.898803501520635,0.8988030556249236
0.9231542745993637,0.9232489555940585
0.900442292678701,0.9004445616000898
0.8993046550980487,0.8993044327280886
0.9017081772320442,0.9017862507982882
0.9215878103999773,0.9195187768091886
0.9056406695736424,0.9056719277966878
0.9238943102841771,0.923897562517373
0.923453027341861,0.9222568084242989
0.9142281847278644,0.9142761780550681
0.899352425786154,0.8993522716079001
0.9228555289393768,0.9190729774469595
0.9241643525198354,0.9241482624194343
0.9240661049282042,0.9240703712244875
0.9243163480614854,0.9242080019375859
0.8990261449115134,0.8990267586516103
0.8992807608654223,0.8992924235061794
0.9237349547031515,0.9219064339739957
0.9202042285287678,0.9195547104950001
0.9008493138566904,0.9008488991308315
0.9241569657545982,0.9236988025996625
0.9240836764472489,0.923843362638547
0.8992894440706538,0.8992895539885868
0.9219946412345863,0.9222041563550496
0.9142478722713984,0.914012370884059
0.9036811757931777,0.9015953823323192
0.9219402859134099,0.9220175718193465
0.9319861771980437,0.9319187133753977
0.9113322154639575,0.9133217788262707
0.9241309030576637,0.9241200736773446
0.9019252116722144,0.9019257239897365
0.9228333703539968,0.9228787877736775
0.9208113653005752,0.9205816642131027
0.9031498104443658,0.9031517320791302
0.9035971742173771,0.9036027258748497
0.9073293554136713,0.9073745414393473
0.9113946410107611,0.9111530533120538
0.8990496014192048,0.8990505119585914
0.9101080353448623,0.9100883329977307
0.9162104645207171,0.9163925009970746
0.9036444721488855,0.9041664066708237
0.9039738416125914,0.9060557400426558
0.9238950777061686,0.9238231485781228
0.9033138125895321,0.903963297312185
0.8988774293300847,0.8988779450762919
0.8989155833298014,0.8989141445829157
0.8990328966158487,0.8993652141894128
0.925893711938846,0.9258743618741866
0.9005603569289609,0.9008663361639992
0.8994706065401581,0.9002399546773182
0.912257045881279,0.912336279872592
0.8990957345579923,0.899097487815248
0.8993937826513718,0.8993934689478766
0.9250018961610664,0.9250493511729446
0.8990385174510945,0.8993046131929325
0.9135958284277796,0.9176310099182454
0.9044708416337209,0.9059663523740786
0.9241461895604101,0.9237646775969276
0.9149688245617574,0.9148927677537536
0.9001151242734632,0.9002917749212959
0.9264709556670413,0.9265211377361227
0.9225516391845031,0.922666070429235
0.9240569557001527,0.9240503624922062
0.900120001811643,0.8997867297093854
0.9093614432769208,0.9079600589068575
0.9019011247888459,0.9015764380465225
0.9095087182956727,0.9163408390862342
0.8991185977125965,0.8991190566999541
0.9077573208300075,0.9087458569260254
0.9232863232387102,0.914386682867743
0.9016911361755459,0.9013282430305396
0.906701473474454,0.9068008857685809
0.9091696794412503,0.9096531656661672
0.9168247409678254,0.9179199891090549
0.9030563407913109,0.9024147078685187
0.8990451614550854,0.899044632701934
0.9126339699612563,0.9125864271923363
0.9140244230227084,0.9195631468054638
0.9154958965090609,0.9153444613807571
0.9262814754069658,0.9262490356228881
0.9238606825538598,0.923831039156703
0.9241961792810056,0.9241877930263813
0.9221565294578118,0.9222573025875633
0.9242594765205581,0.923931146166732
0.9111290119011314,0.9101578744444865
0.9023557926416208,0.9025519495177332
0.9237511941152724,0.9235129143409533
0.8989044605984354,0.8990272422950832
0.9118872738864231,0.911973624690266
0.9240977481641638,0.9233590099458382
0.9098510972298486,0.9099448752831969
0.9193951547695052,0.9191951803922126
0.9069706864321524,0.9076152933791035
0.9180776366567603,0.9155773965045586
0.9033677262312709,0.9040889060702473
0.9243018025657407,0.9243144729164584
0.8992607693714162,0.899657290380257
0.9186755360822284,0.9186347085726303
0.9171101579581306,0.9196053942918926
0.9213667793471766,0.921536832484503
0.899272036858086,0.8992724205088155
0.9071173485968553,0.9070398072111509
0.9210308124606638,0.9206635007790457
0.8990148075683061,0.8990126981679574
0.8991762758911009,0.8991712828530741
0.8992292612052936,0.9000611762029432
0.8991689767834159,0.8992373445732739
0.922754918121965,0.9228437263036308
0.9000064481608887,0.9002541187426061
0.9122400592431286,0.912487417599007
0.9201610511235777,0.9200371792062065
0.9202997446697854,0.9203295794014242
0.8991939008366641,0.8991925522513037
0.8988904886400155,0.8993901043192101
0.9210958044032523,0.9169633375349556
0.923099155154038,0.9168356529512954
0.8987680742899611,0.8987680734103262
0.9165185947480847,0.917791559034324
0.8991015203666016,0.899101402306549
0.9130269524430588,0.9128878585281416
0.9238460297258934,0.9238726258043571
0.898901748830148,0.8989017918951334
0.9244370092581264,0.9242584599036074
0.8993055261370171,0.8993064253037537
0.8998879150244069,0.9000164313184122
0.9206425367840819,0.9201259691208549
0.9019720140888257,0.9018504795335535
0.9240554932161802,0.923801788379116
0.903371331728039,0.904232163454303
0.9239161070310837,0.9239387165853136
0.9203098410976784,0.9200077844224682
0.9131958986362055,0.913145964642249
0.9220835899184345,0.9219541807732716
0.9241612837467114,0.9232808581674362
0.921904111953076,0.9222311680078961
0.9241863664462261,0.9240865549027663
0.8990704203882025,0.8990702132714594
0.9014946586509899,0.9018582181446472
0.9013097277987832,0.9013119427129268
0.9065970639436953,0.9060218458502405
0.9182061767000848,0.9195026148364752
0.8989325357876072,0.8989335082124177
0.8994059455613446,0.8994073467649674
0.9099596527239832,0.9098493791641679
0.9116327351190355,0.9125454488963167
0.9114250243524628,0.9114244757720728
0.9237675625875915,0.9237636225019473
0.9061726744765394,0.9067915054372224
0.900137914611591,0.9001375758652814
0.9186228554393313,0.9199447083875388
0.9006154590661791,0.9006152091880938
0.9075114995796906,0.9076958005789058
0.9099509066515599,0.9099094574633112
0.899290278306399,0.9025661569242245
0.8994646881248272,0.8998332444775083
0.9162627365642101,0.916589557452784
0.9158966468644693,0.9150715096298047
0.9124864689183484,0.9122574403195166
0.9156924195893483,0.915847634469308
0.8991639288012392,0.8999193217426263
0.9007293503986973,0.9009775726487754
0.907831289879319,0.9085422631363562
0.8993855344273105,0.899385598909758
0.9096144004914302,0.9146281999995527
0.920265816298098,0.9200302079734896
0.9179385966631315,0.9192437437995992
0.9059270987969422,0.9059938265711949
0.9044113364276772,0.9049265400672946
0.9004208734827475,0.9004218339300326
0.899355547287274,0.8993565592166272
0.8992315769326364,0.8992315310137132
0.9241800727913855,0.924183984955717
0.923124092670632,0.9229501721249787
0.9085015902699491,0.9084393090189872
0.9188719026407904,0.9185407473617022
0.9191184670060809,0.918700898735443
0.9235248905973552,0.9234666161396631
0.8989166446347809,0.8989263444436468
0.915554762291215,0.9153717008310872
0.9240538533194271,0.923729360977219
0.9187071821162597,0.9181456946708118
0.910184736486049,0.9105854098138727
0.9129277904872173,0.9189616646759324
0.9038113467419836,0.9068139228801168
0.8994589824466437,0.899453796377892
0.9044722727721048,0.9049336861018206
0.9232564689960058,0.9233013348011941
0.902703067337607,0.9023622166874026
0.9233600101903077,0.9231214798874312
0.8988314656412746,0.8988309235912104
0.8994881532896721,0.8995154462214648
0.9217988409011264,0.9219848057811084
0.9024719067879278,0.9007478897182308
0.8988459545447123,0.8999039134946781
0.8988985286555148,0.8990374305734313
0.9239050980122493,0.9241076670427423
0.9139687021542616,0.9137793582392878
0.8992194184513641,0.899221338532987
0.9233400233012578,0.9217228695369079
0.9064125816103432,0.9069453644972916
0.920551928589912,0.9192065570585595
0.9235516721007909,0.9235614491324412
0.9102040287527138,0.9102128728925689
0.9241475931203256,0.9227375824706786
0.8990085474194509,0.89941019301504
0.9118335906016681,0.9170124366092629
0.9226369583518899,0.9223263086358735
0.9114039169967713,0.9170422642967915
0.9222773010300531,0.9217111458487647
0.8989669940909694,0.8989688499232105
0.9044641125198488,0.9043672220400779
0.9014429771946045,0.9015281179787035
0.9238075117256276,0.9229309300789207
0.9020851497720165,0.9023703550632544
0.9072156410555797,0.9073298898234716
0.8990668909882046,0.899291941727769
0.9227196323464673,0.922664777466654
0.8990130749352432,0.8990136857216146
0.8991770838462284,0.8997084886110142
0.923148133970065,0.9230714534556637
0.9242366844000242,0.9241860523262686
0.9063175942470508,0.906960771824304
0.9079945656656248,0.9079535147501749
0.9153952985493214,0.9186886555652477
0.9013491905895996,0.9013723326239027
0.9177275920463802,0.9179959842792994
0.9102303389072779,0.9102520293727747
0.8993183405574626,0.899531313115077
0.8992642602935577,0.899266995302102
0.9240752428717648,0.9239301528101861
0.9206330357948375,0.9207806212495993
0.899466867044894,0.8994668369802842
0.914340139200134,0.9161229421831734
0.9213761497233287,0.9212453440063679
0.92572233132309,0.925601273827416
0.8987887539886149,0.898900522604405
0.8988158404369434,0.8988155933337054
0.8995565429035778,0.8995280512604729
0.920615223215231,0.9162939457950707
0.899236827344705,0.8992458714000757
0.8989993304412075,0.8989992994632512
0.8999195721178496,0.8996909095536739
0.9166967087569978,0.9162780773686542
0.898747079124554,0.8987472857188699
0.9256848427885012,0.9256613381896355
0.9232315155403936,0.9188034419720656
0.8991823350013134,0.8991818986137643
0.923512261138976,0.923338416208154
0.9187486782475153,0.9193296917232626
0.9101789567628978,0.9100082936934681
0.9163582061629091,0.9176960289412059
0.9050006561391136,0.9050990440825519
0.9237593530755839,0.9232019953898201
0.9025587418461654,0.9031023139544782
0.9010136330914198,0.9011344394527501
0.929461432078757,0.9292325220862037
0.9190774786514392,0.9191013258652886
0.9240379859140321,0.9237004005104262
0.898825825511829,0.898831140520939
0.9078540341151421,0.9078597736591667
0.9145999218245505,0.9199945911898212
0.9200350551760617,0.9201432838529192
0.9083624366341011,0.9083123671922948
0.9024225640228379,0.9026779832434737
0.9100133426325616,0.9103350326514036
0.8989061354353027,0.8989070320398924
0.9225953179472779,0.9213589114641045
0.8987577660668183,0.8987578233344259
0.9241852094384808,0.9241273462123393
0.9140295047853132,0.9146871933570382
0.8988659054252185,0.8988852627948997
0.9107425389140631,0.9124703907722547
0.921487287006555,0.9210318918442872
0.9071731050675385,0.9117206998708288
0.9237248841660042,0.9208271000161464
0.8994387787017459,0.8994402207046658
0.9240058821787646,0.9239902977600465
0.8987953354604298,0.8987948603819987
0.8991465599782515,0.899147299265993
0.8993432692577705,0.8993425267181852
0.8989708835324047,0.8994210845769548
0.9126699013806916,0.9186378661222201
0.9122412687001761,0.912533064994509
0.92179951465101,0.9210004567693556
0.8990670886397908,0.8990671826082628
0.8986679792034786,0.8989549398361908
0.9149250150480625,0.9179344040576101
0.9225811806595751,0.9225513059818553
0.8990861490813477,0.8990878718269731
0.903565901158003,0.902499837030958
0.8997969726090038,0.8996527279781901
0.9019304180080553,0.9015264852175132
0.8990956203361067,0.8992278580084517
0.8995028666026521,0.8994299527775975
0.9016684365000546,0.9013725858265517
0.9252385992218293,0.9252376288081048
0.9100286628127395,0.9099210248403331
0.9194932319051533,0.9190285565285622
0.9113081945216037,0.9115600943602233
0.923720047441316,0.9236735502436317
0.9173952064279107,0.9172167881809378
0.898695238883967,0.8986961426201079
0.8993633722242708,0.8993626387792777
0.8988265027299019,0.8988341082236251
0.9253839982865032,0.924258515855524
0.8988572312577656,0.8990978165256458
0.9084426587803737,0.9083120903798043
0.9219690555060872,0.9186310717262554
0.9276173227835359,0.9276363420822373
0.9006110396796665,0.9009451913816996
0.9163195268678661,0.9183012626534474
0.8991128801789321,0.8991128333162101
0.9011212277031172,0.9005159207564678
0.9160099786255083,0.9142407065554714
0.9109731226513463,0.9110371906743958
0.8992241848937272,0.8992246993067216
0.923660135738419,0.9235053606157861
0.9002158282082827,0.9002176264070841
0.8994515083168962,0.8993992237556321
0.9125375157457115,0.9131775702167804
0.9251166929426388,0.9251527661237986
0.9210659619977306,0.9202515929461736
0.9177430941064886,0.912381665080475
0.8990184748363605,0.8990188444099922
0.8996027491459321,0.8996871114479497
0.9192533875638992,0.9214254112123029
0.9131851021306094,0.9133243805954723
0.9198546179814916,0.9182822182134568
0.9054483522499662,0.9054571534409454
0.9238073769600184,0.9233553697563051
0.9237440101746328,0.9203111159284794
0.89887127618191,0.8988720883378021
0.902294802517984,0.9010244600838245
0.9037165644197979,0.9039197845918227
0.899039189503297,0.8990383445035157
0.8989201035881242,0.8989213257950247
0.923934632952483,0.9234187742439819
0.8995243093580888,0.8995243816032962
0.922826699603537,0.9222591444404722
0.8991961061547123,0.8992123008615099
0.8990126007966681,0.8990125606360516
0.8998236282435856,0.899838293871104
0.9213984561014089,0.921326111345907
0.9007752826424399,0.9010065594036424
0.91988113831208,0.920249458778816
0.8993486999637873,0.8993501550941189
0.9116958040390202,0.9120817755631397
0.9237236665517096,0.9226544730642161
0.8988796602017111,0.8990758846092466
0.8988433160072422,0.900189578132823
0.9202906083096826,0.9200410672904438
0.9034502510849554,0.9036926762405634
0.9164179977394372,0.9166593729608314
0.9108682527798393,0.910940947954661
0.9092538125054304,0.9106815819591924
0.8994781089917702,0.8994731141807186
0.8987952613666768,0.8987945590263952
0.9012625679519182,0.9009197537890686
0.8990586994498181,0.8990598389334922
0.8994481908125821,0.8994450008565542
0.9078622585858304,0.9078944243914582
0.8991555038513683,0.8996555857904369
0.9104555203444816,0.9181825262320384
0.9214468215350137,0.9210085351284129
0.9046593414596465,0.9062494933727159
0.8989938757736775,0.8989937789667012
0.9177661901924922,0.9186583689671827
0.905163456916479,0.9052305416425235
0.8989336837623716,0.8991680768715169
0.9135929141596273,0.9142432629703802
0.8993246645748654,0.8993263827836866
0.9039609451972496,0.9044658194307027
0.9000039837649113,0.899823809394832
0.9102592428219299,0.9103997146001608
0.9212921700113383,0.9212891936892084
0.9088497053607465,0.9088730408568361
0.9241077406587203,0.9240977728572659
0.9189348440346,0.9173148878964831
0.9327742066787233,0.9327894755214341
0.903172083063688,0.9031724749049991
0.9226921313914213,0.9183940547700646
0.9240834182618375,0.9240892805154602
0.9037309982553676,0.903952412548722
0.8993785543270437,0.899878303310307
0.9192598969361587,0.9195494336162899
0.9040349067026653,0.9075386141812668
0.9240503553088525,0.9226455701581296
0.9244224183840836,0.9243696491230867
0.9216207570936102,0.9218197060413115
0.9045493516158712,0.9043017845051408
0.9234081712452792,0.9218482297517805
0.9209624728791154,0.9212097713338945
0.9211868185916993,0.9210172102478541
0.8993185380493646,0.899318766994618
0.9167555205428016,0.9165830163817579
0.923707580408312,0.9229513251125795
0.899210905978421,0.8992132299036499
0.8995197140490507,0.8995195378479544
0.9011828696205989,0.9007754775734351
0.9239830805379387,0.9239835798723987
0.9036715237150342,0.9029025085002615
0.9108602492308303,0.9101396566014861
0.9262272974629413,0.9261870543924314
0.899063976522783,0.8995362403844347
0.9133157700851507,0.9132198972715411
0.8994552590287724,0.8997467157706696
0.9034773685555536,0.9076517311318573
0.9202578405504588,0.9201788007062123
0.9165771935384065,0.9162542308436885
0.8996659196801081,0.8996721081209043
0.9228727681716675,0.9223663513510406
0.8990599835879794,0.8990601003015342
0.9184284377290441,0.9203041022604217
0.899011755363127,0.8990114786501475
0.9240402601830204,0.9240128191562543
0.898994807566115,0.8996685077122648
0.9245216924063238,0.9245023577896457
0.9235525318759477,0.9222859690962238
0.9178365097516057,0.9180554665588062
0.905152505995429,0.9051038743754982
0.912366329744389,0.913176009406238
0.9107946697836785,0.910805218103411
0.8994693021764191,0.8994697647974407
0.8990562290978016,0.8997331132777175
0.9251429840069615,0.9251328922245702
0.9239145966627587,0.9237971001792724
0.899132158692314,0.8997296232769832
0.9204933306150705,0.9205704488452998
0.9149703432444802,0.9175452996671359
0.8995760171789712,0.8995605734027954
0.9150745663320685,0.9149727908290946
0.8992185536339431,0.8991987232673615
0.8988877582449548,0.8988877211648498
0.9187349105569826,0.919425661591227
0.9240647823839984,0.9238721023995805
0.9118787428409919,0.9142227300510274
0.9202191080627434,0.9150809289066797
0.9242035257689696,0.9241380479261193
0.90024420622498,0.9000709185780085
0.9147330408337083,0.9147132908899365
0.9216086130324953,0.9216727928801702
0.9166135954852958,0.9166270211210252
0.9239310526330169,0.924020948791024
0.90339566171404,0.901317406073025
0.9219811836633878,0.9220266785663354
0.8987645627871105,0.8987649630263546
0.9065368314637291,0.9066873343347516
0.9145515054856751,0.9145253504838832
0.91359656962843,0.9114678840122257
0.9183971444094831,0.9183166222270225
0.8991427810929541,0.8991433142710009
0.9125722483023277,0.9110137873472923
0.9158265413502407,0.9168992198134479
0.8991984650055838,0.8991986000921639
0.9027892815145313,0.9021400897741628
0.899369209502669,0.8998455129354782
0.9233803545286473,0.9199067464909504
0.9165783487102676,0.915342616907654
0.9157538976766599,0.915630806481861
0.9192291520571616,0.9124381630216827
0.9015863901298405,0.9013359700821261
0.923612998729865,0.9215032437166245
0.8993083721207793,0.8993099232667683
0.8990600322145915,0.8990602494555489
0.9214499719605189,0.9219029990368331
0.9240117379607213,0.922466883903076
0.8990395997066495,0.8990404792792842
0.8997608142636694,0.8997648548393937
0.9036387128098738,0.9036721909588004
0.9242557921319479,0.9237464071762236
0.9238118767482136,0.9235930748772957
0.8988879809831428,0.8988881964838565
0.9231311647652619,0.923067069280477
0.9029459782204138,0.9025622439116495
0.9233802238696666,0.9233164882099436
0.899466506058108,0.9007611818657598
0.9246995994866549,0.9247028039894986
0.9234214172115546,0.921034636033965
0.9013439274194426,0.9013440109511367
0.8990225223651898,0.899022696853456
0.9223109246687564,0.9220968473241282
0.8988537848533485,0.8988547615598733
0.8990756934534855,0.8990997811587556
0.9128310173351896,0.913488005305193
0.9203302202152729,0.9205889204797764
0.901243230762055,0.9012462571290846
0.9249120216373137,0.924962404869845
0.9041033515748946,0.9033976756933257
0.9238864443081005,0.9236743558755207
0.9242291109774465,0.9234433676519695
0.9241187155725946,0.9241008491890556
0.9240352163608426,0.9236850263947641
0.9241408428348779,0.9239722425339084
0.914094480683678,0.9137997174298674
0.9160589169108162,0.916010395165964
0.9211635991034176,0.921363912670951
0.9020370825610815,0.9021727398332026
0.9101322897057501,0.9099056743293396
0.8992187432996042,0.8992181486528027
0.9020380245532906,0.9015812706747185
0.9255546671013744,0.9252010573522764
0.9115658906394435,0.9119242821925586
0.8990180183216985,0.8990177128847864
0.9176722367272263,0.9181975264772622
0.8988541072045618,0.9031706640152737
0.9261957607430898,0.9260740388097695
0.923023274823153,0.9229187009644684
0.9231105376762825,0.92290661738093
0.8995613149992517,0.8997122311365595
0.9203973669412698,0.9200948168224237
0.9221986262650309,0.9221876916310258
0.8989931612443289,0.8994980429382063
0.9250323089921112,0.9250601262807636
0.899453668657031,0.9000716751847816
0.899139153179531,0.8991722765908934
0.8994094627357683,0.8994092303661462
0.9270396085511325,0.9263703283121011
0.9008604593513722,0.9009841275755703
0.9233396246229028,0.9238111046700673
0.9245253778169568,0.9245388943237116
0.9058159936060728,0.909693021438111
0.9223540974996375,0.9207633523394206
0.9197653079781458,0.9195534199263052
0.9230377832866692,0.9230141448790193
0.9031398755493806,0.9032922255083606
0.9043983251329366,0.9044271394927886
0.9050726770430816,0.905002367577625
0.8992033189837265,0.8993217653579684
0.9242371116746767,0.9241576447254707
0.9099592454392207,0.9153963716444011
0.9262257835738632,0.9259357969272695
0.9011747681043417,0.8996740343136149
0.9115434973573978,0.9152993697299724
0.912138059905777,0.9121390304820785
0.8996283130092572,0.8995466355242293
0.9151999402366892,0.915165082879121
0.8997662867688433,0.9000931954221433
0.9193441050219877,0.9203485822152083
0.9216415997496069,0.9216664420562383
0.9000713874404513,0.8994565644238968
0.8996790506039405,0.8996796327737584
0.9072093562995889,0.9072340265362244
0.909987375967615,0.9101561244325859
0.923023083847388,0.9230193387108306
0.8994724193312515,0.8994734618930628
0.9156179201816692,0.9141292809607618
0.9240585270086105,0.923873490521856
0.9151068543783566,0.9190112260443106
0.899023492496667,0.8990240619418699
0.9211616665124932,0.9213951645300387
0.9111302583039993,0.9111088432696189
0.8996778293210634,0.8996778578951995
0.9243513342669181,0.9243145806324696
0.9242511626990212,0.9237439955004989
0.9080845588185918,0.9079203424337462
0.9003212271545782,0.9002573260861755
0.9157559606928931,0.913297280037788
0.9207369480407253,0.9206583554417606
0.9043535833881158,0.9043436133872587
0.898875664198446,0.9008369642031192
0.9034631739133383,0.9034599815429621
0.9033281445476493,0.9032291668324082
0.9240961488180399,0.9240933046006006
0.8992519248035099,0.8992525669548762
0.9140166370756921,0.9138427140548854
0.899519096899224,0.8995160250957673
0.9034987962371359,0.9035006024615744
0.9176745622339076,0.9177009289851752
0.8990288901771938,0.8993712269545605
0.899554472865023,0.9001150087754775
0.8988689332112674,0.8988654900632251
0.8993510450574019,0.899234997002089
0.898896931883687,0.8990371226354212
0.9214465441455053,0.9201354107891996
0.9144842142074516,0.9168844842529712
0.92396957113835,0.9208531605898744
0.9228131066253724,0.9194386510489049
0.9240494527899997,0.924099636897014
0.9216539770443167,0.9216980153283038
0.9161262192262293,0.9182295651889271
0.905553580988473,0.9075852450249755
0.9242265735490648,0.9241359780008114
0.9053048729169751,0.9052894404059522
0.9142172785989575,0.9141235465942796
0.9221829186582066,0.9197652892796381
0.9065535974458856,0.9066372107261566
0.8992962706243919,0.8998279744345848
0.899317463044203,0.8993177634566834
0.8987624963282316,0.898762795132246
0.9201250669023144,0.9183624930604642
0.8992157983488356,0.9001423359768123
0.921781862898863,0.9222210242609448
0.9119475040986565,0.9119587287921566
0.9001316889421428,0.9001329379454311
0.9155229534026513,0.9156673459128233
0.918638448158119,0.9189641666652455
0.9233496555728263,0.9231923609566531
0.9240631324775783,0.9240210075239379
0.9217794608948047,0.9213870345068124
0.9211638271836701,0.920920481409632
0.9202142392240784,0.9194910261952438
0.9184790768672789,0.918432275678592
0.9159120656471341,0.9174177218169329
0.9050484628590162,0.9043278572376124
0.9153750228926232,0.9178882563676177
0.8990964392086694,0.8990965468471517
0.8988612576687337,0.89886174289571
0.8993912767280505,0.8993923636969945
0.8988978658542608,0.8990285695362225
0.9182379293988037,0.9184735057133736
0.9240881157023113,0.9241064172462439
0.8990457962218733,0.899044433800354
0.8987782800295525,0.8987764377164947
0.9137232377997904,0.9147321454798655
0.9240459716578691,0.9238199856172339
0.9015561090827313,0.8996354388189153
0.9174002695630903,0.9182237798447795
0.9011918213258766,0.9007880289311504
0.9039556148888713,0.9039063356168701
0.9174973191481418,0.9187967810949028
0.8992940069357452,0.8992984813744613
0.8992166157021557,0.8998397836200682
0.9220338207358625,0.918814750609305
0.898975938100247,0.8990388184854171
0.9022492012736957,0.902246692655593
0.9239240731519046,0.9238993354477087
0.9165606170354313,0.9174615951195861
0.9180572738747856,0.9180628319086153
0.8993529582426208,0.8997746856817868
0.917820640248539,0.9166644307082678
0.9200066499846742,0.9197814088811367
0.9243071400483632,0.9239709489062876
0.9002751401767868,0.8999225976162342
0.8993609340833746,0.8993577255147069
0.8996128290726316,0.8997665289151113
0.8999427992454412,0.8999397934708719
0.9140128641683306,0.9147725322071254
0.9118510343686392,0.9141829876440803
0.8993028572277237,0.8993071557311807
0.9254785319005758,0.9255261010807484
0.9022546779427659,0.9025021153096772
0.9223214215525791,0.9221612615552935
0.9216072263585919,0.9197220362017401
0.8991094540577643,0.8991031135667942
0.9207722078472936,0.9208059087675637
0.8995432401634423,0.8998534519144391
0.9179983606763561,0.9166490196158457
0.8990572660082872,0.8992881174886002
0.8993468239091533,0.8993448945167579
0.924474313571719,0.924475568423517
0.9015620741826484,0.9011444237841068
0.9235059860380246,0.9233039187965875
0.9106113033618027,0.9118188395320804
0.9295878734310953,0.9296047044678107
0.9065197828714784,0.9069194327420415
0.9238732205329948,0.9237718482048318
0.9238363742449174,0.9238340026120869
0.9078528431200037,0.9056250246898827
0.9027196560796373,0.9021978609138727
0.8987770030917642,0.8987753259374373
0.9161326835422151,0.9186120002743269
0.9127873889609376,0.9175546579119103
0.8990982975472431,0.8991006855310725
0.898985860720713,0.898985337230241
0.9234831481625271,0.9235696731319785
0.8990077014291556,0.8990090068940912
0.9151555615275194,0.9118166733131189
0.899300177021514,0.8994683738274953
0.9105718503071943,0.9105312931277054
0.91427480167663,0.9141279939909707
0.8991900912896803,0.8993367458415895
0.8995783317872079,0.8995797751620755
0.8994484831709111,0.8996500293835494
0.9228434009716627,0.9207505891219722
0.9130581595235658,0.9129813479651654
0.9163195654946099,0.9173866743185174
0.8990621342283996,0.8992380859360057
0.9001300618946988,0.9001062586872913
0.899221710564122,0.8994635881462169
0.922436702416867,0.922489731105204
0.9178541081368163,0.9180965601365498
0.8990570100976848,0.8990578402779624
0.8991581466283869,0.8991621198440878
0.905781275321541,0.9136584042342154
0.8992300970984793,0.8992302859809814
0.9210344508226666,0.9209111827665378
0.8989647472479583,0.8989664149057228
0.9163124153847408,0.9173654851320986
0.9231910448709347,0.9231935317921907
0.9163765953027502,0.9187594412328787
0.9243895204059523,0.9242665117841145
0.9008087810756346,0.9008781129574391
0.903314641265783,0.9033135417527359
0.8989586667442431,0.8989649818013585
0.9201399726910083,0.9197778947713786
0.9256443095911101,0.9250957859481133
0.8995209785992448,0.8995203746744674
0.9060003272160252,0.9058834839893584
0.9065523349933682,0.9061242201030879
0.9104479080354286,0.910389538636864
0.911366838414833,0.9112145640489473
0.8992587202336795,0.8997819194872807
0.8987251902129176,0.898727617898441
0.8987595702463386,0.8998713336690818
0.910906913127422,0.9108788322236464
0.8990275535186488,0.8990278952063209
0.9266644166403131,0.9265374255733084
0.9009812910623556,0.8999785309119881
0.8991897403983414,0.8991883354052571
0.8989598350047164,0.899398033279725
0.8991533125663759,0.8991539075803958
0.9059177147033608,0.9034634829419255
0.8995182263701087,0.8995183968235686
0.8990951607155822,0.89909578703541
0.9072304443260751,0.9076378497005706
0.9121678759355317,0.9120671825921144
0.9203148207931054,0.92050947648785
0.919004209020295,0.9203546322327292
0.9177216719051926,0.9168547083461138
0.8987630205275856,0.8989791503196386
0.9057291674270973,0.9063646592523757
0.8996381514225733,0.899971492013629
0.898909001074209,0.8989093297077051
0.9001728589337696,0.9003855024648767
0.9242991048762971,0.9243335473984128
0.9197384540032368,0.9202913663151524
0.8988592578752297,0.8988593410118029
0.9242538900717001,0.9239277855937794
0.9059943673592907,0.9062273738710143
0.9238702963286688,0.9238660296799814
0.922362574227322,0.9217732134575931
0.89934280715818,0.8993413434974938
0.9033236196244394,0.9033243243813673
0.9237862428957389,0.9180568014355824
0.9197158168451722,0.9183398344428122
0.9161464283873438,0.917289779076031
0.9035443024734318,0.9022699247720759
0.9203751351762339,0.9194016255859472
0.9225221936201626,0.9226184018540754
0.9004012270303623,0.9000179741272636
0.8996919702074662,0.8996072063033317
0.9079257328343493,0.9078335040629802
0.9094604210857224,0.9092419149269317
0.9149144991972539,0.9176087714106026
0.8994632239634656,0.8996891387121917
0.8988882338368188,0.898888568220888
0.9234712491651902,0.9215883608044385
0.9001387138453902,0.9001407852285976
0.8992900627819197,0.8999762331981325
0.9171702086397604,0.9170546589438672
0.9147433462505211,0.9166190199840746
0.9003647035621221,0.9002178663375398
0.8992641529365949,0.8992654870837407
0.8991417878491983,0.8991418114185081
0.8992063939388835,0.8992063135604046
0.9241690653641287,0.9241715771158101
0.8991322620731663,0.8996204039176373
0.8995179634649613,0.8994653754795471
0.9038814462215001,0.904603968314025
0.9238719025456883,0.9234955948421286
0.9087367886261414,0.9101847890788141
0.8998312554816368,0.9001711243914479
0.8993214073447309,0.8994149927686165
0.8993389430778561,0.899338723987786
0.9239944460652446,0.9229907339251336
0.9279695292533221,0.9279427649533177
0.9202503086719254,0.9207614234170123
0.8991555564884087,0.8991553822835197
0.9053840612248821,0.9055426940234031
0.9231587724217732,0.9215159972271012
0.9177876190488657,0.9184664450810047
0.9177700640744025,0.918700100389893
0.8988191856482735,0.8988174210654916
0.9200772949083198,0.9201509159448193
0.9119518753652293,0.9179387349810129
0.899024530880151,0.8990229826619904
0.8999886463784332,0.9000880593410856
0.8992026918112914,0.899203177796528
0.8993598510149066,0.8993610306668365
0.9219032686111434,0.92183777686838
0.9237930998890308,0.9198133513146217
0.9183684476797727,0.9184229612642096
0.9082643966916054,0.9080356356756936
0.8992888532608933,0.8992967217414454
0.9025996539795184,0.9032527182990532
0.9173611265552831,0.9189794562367501
0.8989214281444866,0.8989213869995819
0.9147444301380948,0.9145071206356576
0.9204834511275735,0.9207173404912306
0.8992339200213593,0.8992339895868952
0.900929243258392,0.9002515300051482
0.9201976088556193,0.9202499547659019
0.9013785920878526,0.9014239999377395
0.9154590695887674,0.9145428050468903
0.9035331783734348,0.903531280261014
0.9019366267210359,0.9019369374305956
0.8991078477752902,0.8991078694759024
0.9244002645278824,0.9240298685009596
0.9098914017089136,0.9102496874516633
0.9073025205286598,0.9073075078776297
0.9004849371940089,0.9002901403886777
0.9263432017388129,0.9264963930627376
0.921491778814029,0.921876969312889
0.8988796312119354,0.8988804569554641
0.9172024789740457,0.9169912381965181
0.8995489352847932,0.8995479071563695
0.9100443943693893,0.9101169732762344
0.9138571453762576,0.9205484744113847
0.8992179233342215,0.8995391382519701
0.9188062201690259,0.9199804824568723
0.9226300750457113,0.9219297179874195
0.9020940483736217,0.9059708570242441
0.9242072391557951,0.9238348727445619
0.898782587150181,0.8987861400852403
0.9242999224393431,0.9242953437979026
0.9243802704627874,0.9243650104747572
0.9107528324513844,0.9107670167003973
0.9125738071732692,0.9121067678273499
0.9050676077031004,0.9052283071607653
0.9240946531346524,0.9239231339402312
0.8988307204512761,0.8988349360417154
0.9189709550489831,0.9192295495781686
0.9225593620320695,0.9224861918972199
0.900692178655863,0.9009706145949806
0.9239983379644603,0.9240332777724732
0.9236678521357355,0.9230164185335695
0.9153741455217027,0.9135841971965201
0.9025254989172016,0.9026467608376622
0.9194765644494256,0.9191786219221239
0.8989285797785395,0.8989286784766684
0.9194885670320437,0.9190896342749949
0.899518287672401,0.8995122521770808
0.913983796219383,0.9138872453949791
0.899045982666861,0.8992538006402471
0.9005261789135959,0.9005812416852352
0.9226937591939944,0.9226974326236017
0.9194577680740993,0.919488326594681
0.8993821625490993,0.8994213960854058
0.9218867356822708,0.9172910463187728
0.9199198219753312,0.9192988285324009
0.8991263424471049,0.899126978960915
0.9230709050603156,0.9207071752345216
0.9243259364689045,0.9243278797492991
0.9221913835937562,0.9222425221301824
0.9132211260227394,0.913131739895207
0.903405394710652,0.9037765079753086
0.9062963576222354,0.9074107309835227
0.9012370186262242,0.9012346900193222
0.8990542979698717,0.8990509386741925
0.8993229139963259,0.8994960330473708
0.9031668602323398,0.9031680234024266
0.9276395478182913,0.9276600522207977
0.9088345047540521,0.9127681178580841
0.8991707212014419,0.8991678158527453
0.9173752625143066,0.9167959131722726
0.9175007620936545,0.9175425620456078
0.9140760682146538,0.9168024372124891
0.8990601640919689,0.8992093591743179
0.9150308074102578,0.9136531275521139
0.909905849741921,0.9101023477869369
0.9239014025335853,0.9237456203086581
0.9074883156215897,0.9073710283469566
0.8994552202857993,0.8994476848063044
0.9238792913035205,0.9238860011900029
0.9008836222338606,0.9025855271722353
0.9102558377183277,0.910178463915438
0.9205501853198554,0.9205476033072822
0.8990743354874903,0.8993594178999641
0.9222500346723539,0.9169224037742736
0.8997056297081006,0.8997641595997057
0.9240798065347049,0.923501569510801
0.9010980101215309,0.9033505489808802
0.9241685264598625,0.9240484775205373
0.9049811298688489,0.9034802276973576
0.9031654653362001,0.9025114165966543
0.9167800846190377,0.9200493925582576
0.8988606766900318,0.8990116392623707
0.9214607414344138,0.9213945267439381
0.9232068499276123,0.9232194319681475
0.9237093319279635,0.9236896244827169
0.9210755489054137,0.921207882288099
0.9173954360076105,0.9176857044436576
0.899544587407509,0.9002534263252052
0.8994353894332315,0.8991504483377771
0.9050181954783302,0.907874074676634
0.8990589059735113,0.8991019339472008
0.920557014404122,0.9129885110318098
0.9043977858404892,0.9060384805183872
0.9177925413297062,0.9176707198437147
0.9264609964014462,0.9264432818827357
0.9193212732130199,0.919469510655713
0.8994566803373204,0.8994570446175267
0.8995355015286447,0.8997644445378596
0.903474880045949,0.9046093372331309
0.8992445609034484,0.89924832201505
0.9141626574542684,0.9135420363289185
0.9031466672911485,0.9031474185846702
0.9170412496226498,0.916749081114582
0.91699003096742,0.9167881066990458
0.9164154840085504,0.912614856399312
0.9106880714779392,0.9109288593180048
0.904729566794772,0.9038953124041726
0.8991160695814242,0.8991188401107432
0.9203468451758355,0.9205358828589755
0.917984769726375,0.9114366558267861
0.9119775491788876,0.9116055939804254
0.9111892813051643,0.9108189236987425
0.9245020437366843,0.9245090139545118
0.9242610803320789,0.924266199133502
0.8988019069383015,0.899434195927074
0.9085096844640155,0.9079770306524612
0.9161659665841109,0.907030235840987
0.9245324967378481,0.9243993220685819
0.8992186777310349,0.8997638528498587
0.9116394796157613,0.911628795743721
0.8994632002686191,0.8994631807177478
0.9135467349195283,0.9188504665356237
0.9007164267741444,0.9006368326360046
0.9006325629040819,0.9006339499032973
0.9215698989667377,0.9194821291102234
0.9122981491255647,0.9125582655262486
0.9203952913348142,0.9210960258611763
0.9258953701817494,0.9259035044129756
0.9243512824881943,0.9241767715593254
0.924038476860185,0.9237109567742082
0.9019820169233626,0.9021921080121263
0.9117146935980327,0.9117796631696459
0.9241838941659636,0.9235714268654032
0.8993497711837215,0.8993525446113365
0.9219275302132467,0.921851312580077
0.8992504553656365,0.8992317817510229
0.9208041966945246,0.9206199481391298
0.9015296370535306,0.903363999232871
0.9219981718943315,0.9200742067559909
0.920381531981135,0.9219260712880704
0.9243665001443228,0.9240380686371232
0.9237415287674178,0.9237495841716526
0.9168101678242099,0.920223489137692
0.9005068708314787,0.9046328633875043
0.9013824904431689,0.9011233950702211
0.9177626625984764,0.9174328542365151
0.8989396311467395,0.8989440390538584
0.9009946372291605,0.9010802593175496
0.8992332684674554,0.8992322317460776
0.9239608844454728,0.9235651578788326
0.9160616169085435,0.9179315615588608
0.9186772382658862,0.9170282468677733
0.9198674057696247,0.919970555954974
0.9252293856258564,0.9252371718264429
0.905293523084118,0.9080523799698578
0.9217966839585536,0.9215833209684703
0.9025949208311629,0.9015907992550374
0.8996013939602977,0.8999032589892217
0.8990292233871343,0.8990264807507391
0.9229811912633519,0.920811676553566
0.900560036769864,0.9010221033845872
0.9059746633431162,0.9058967877520371
0.9239215452886217,0.9235496690505814
0.9027738567175492,0.9028926546798834
0.9177369258539221,0.9177875314150832
0.8997088521183434,0.8997093246686859
0.9142820962071763,0.914571693947991
0.9113437270866216,0.9168170512158591
0.8992789846265684,0.8992791682679308
0.9228231294444474,0.9223332701890944
0.918737171581684,0.9157051607875373
0.8990865983538914,0.8990867227475493
0.9168819273179235,0.917811301747711
0.9149444178133653,0.9145943551153374
0.9214545173549719,0.921561748808069
0.9004112161372485,0.9004590796628703
0.8995468003852097,0.8996568194417681
0.9144905278184615,0.9144839185805397
0.9133706169766016,0.9203997338758403
0.9122709984290046,0.912347714566464
0.8992339854788456,0.8992322639193415
0.8993262741343423,0.8993276144651599
0.8988963851673106,0.8988966139574645
0.9211715528055195,0.9212867641358268
0.9238227469373319,0.9235636054081278
0.8992834696782035,0.8992839790461339
0.9135122129329469,0.9134105363309473
0.9220796371001834,0.9221699606889758
0.9234462365028704,0.9213903150988808
0.9234698449736228,0.9233430479318553
0.9055233111589457,0.9054819794432298
0.9007280640841191,0.9007194327580785
0.9005476687449283,0.9002637965032869
0.9231001862774422,0.9231153536924113
0.9241062255601703,0.9217981625728473
0.9048663366228336,0.9042001568478517
0.9023741326471653,0.9022769834506014
0.9242883119612192,0.923797809009763
0.9158390642599419,0.9115068031415414
0.9157881540457548,0.9177418530665729
0.9220940958780792,0.922145170609107
0.9243054027520492,0.9243014281071517
0.902639500760805,0.9026417950445178
0.9216288342307127,0.9218820058917265
0.9153660854251646,0.9097705978850898
0.8995351680723225,0.8995348124985764
0.9170015756180219,0.9112348063165656
0.8990899990567919,0.899091139223449
0.8986695949574907,0.8986698204625447
0.8997732739382371,0.899489092871161
0.9144066003489946,0.9182706825931186
0.9156036317249376,0.9190784716876166
0.9221989066741915,0.9199312924738066
0.915470342557185,0.9156029136240278
0.9100789512768291,0.9100367382909503
0.9166478936957323,0.9178280901951833
0.9047870578462253,0.904570330443521
0.8992629920814681,0.8992674358386813
0.9015618521189078,0.9016443522890004
0.9198965031752001,0.9200242444869451
0.8993587137599094,0.8994948290937801
0.9100555296052404,0.9145898919506508
0.9207093156076956,0.9200578856897422
0.9161423455971808,0.9160484326659001
0.922708638410142,0.923178689767802
0.9204832656940172,0.9207565132497183
0.9182904264861032,0.9184909464430252
0.9023213520467699,0.9020488483050673
0.9023924593980628,0.9039861984795345
0.9004441363397833,0.9002898652195889
0.9059189774891891,0.9060337939120581
0.9132402824358876,0.9185246688828883
0.9240564162547198,0.9236175967801731
0.9185390454350201,0.9186940972693872
0.9225030376732073,0.9194843933021954
0.9222893118427834,0.9225283156047724
0.9013893336474488,0.901398697051519
0.9233031175145439,0.9230978856978358
0.9152305105379556,0.9170484331808089
0.8993409123803389,0.8993402590032008
0.906357362431875,0.9078160028614293
0.8989604907774111,0.8989650004026386
0.9096386570999042,0.9122343323375466
0.9041382831483177,0.9041000647147669
0.9189317708654553,0.9192341632245115
0.9023931223837784,0.9029162109165345
0.8992011151288516,0.8992058863528587
0.9226099493994927,0.9178553293849966
0.9074226130193823,0.9070742899537158
0.8990940458933675,0.8990871641385602
0.9238844661257108,0.9205897739954113
0.9005752134770754,0.9005755498896533
0.8990603425064395,0.8991829999241445
0.8992091614814542,0.89938853250776
0.8992577274047878,0.8992578161384484
0.9256586374869947,0.9256736059888747
0.9232528741515157,0.9180530303962695
0.9006177276534088,0.9007947864273277
0.9126177556913122,0.9159462721175204
0.9233535304721815,0.9227205709209869
0.8995244614535473,0.8995247467211581
0.9244418238334187,0.9244430806968856
0.9028410564213436,0.9022220822979411
0.9013817264842776,0.9013083839825344
0.9005400785434596,0.9002774712937968
0.9106742823226218,0.9105701795640897
0.9208800740867252,0.9204707326141315
0.9213216714417798,0.9217787427771217
0.9189902935477444,0.9213403759986523
0.9269538426983155,0.9269817337832619
0.9242848051425114,0.9243242206724699
0.9082388464038507,0.9083499569876305
0.8993072721390002,0.8994592990772088
0.8992689683218817,0.8992695944977082
0.8993622326677962,0.8993624860422927
0.899855323209092,0.8998548839689197
0.9012538635663775,0.9008736137657829
0.9178991584546258,0.9187731024207547
0.9132400208143431,0.9130729000660714
0.9041650733703186,0.9041053006552912
0.9198089830270085,0.9155957633497712
0.9243163765314756,0.9242442986013443
0.9232031132251609,0.9230313876372331
0.9041890462931091,0.903948777036867
0.9140173973469483,0.9138551419452025
0.9044019220683546,0.9041829682791189
0.9252745252538536,0.9252674381915422
0.8995697487478941,0.899393967402408
0.9224875784744836,0.921925776465566
0.9241518501482909,0.923945251223038
0.8992737612468412,0.8993630834742795
0.9092905066929171,0.9096290322108577
0.9033509223040902,0.9034158572118449
0.9214296682433738,0.9214959408451401
0.9075980105037047,0.9077836887078212
0.9153722733926912,0.9165144577303237
0.907675463426872,0.9078370089208972
0.9138151245047056,0.9204268229430224
0.9243607437689729,0.9238863767882893
0.9037158182441004,0.9039810981703247
0.9215196627982962,0.9189327726092968
0.9228577930333063,0.9216843705007526
0.8990152416844558,0.8990146959281285
0.8988654064665792,0.8991509089406019
0.8988941201058968,0.8988946151766072
0.8990185059460227,0.8990184112418241
0.9118985337639118,0.9117412215264945
0.8991354048684821,0.8994123877563389
0.899016162284397,0.8990155788025487
0.9194047768380925,0.9192884518770634
0.9204227928548537,0.9206383942739437
0.9256730894413047,0.9258098423694076
0.9207946034945257,0.9208259766677979
0.8991089741144617,0.8990985940338093
0.9040334181208887,0.9039422810299134
0.9020905491230186,0.9017105566436042
0.9247380908362457,0.924641318111237
0.9189956746388328,0.9159197900583991
0.9239790581660234,0.9238769565215753
0.9226636239910017,0.9220892787537264
0.8990401130305521,0.9002980951242466
0.9235984991337418,0.9236669196454013
0.8991240494286585,0.8994986915261742
0.8998864609271072,0.8998246097141714
0.8988650928868861,0.8988627746775388
0.9152689668912148,0.9153267655817604
0.8995860762605445,0.8995640908944741
0.8992836335573453,0.8992892190478053
0.9157196523118053,0.9156042162895442
0.9001497701816519,0.9006519936588535
0.91569995787412,0.9156246778624291
0.8995373003691645,0.8997496511899646
0.9040619187867505,0.9039396201013986
0.9242437528069091,0.9240852803252214
0.9241415977204404,0.9233057141276856
0.9021188170132225,0.9021194256338079
0.9119423318207625,0.9129799143348817
0.924319303623742,0.9236236300461687
0.9014901193181494,0.901640136793837
0.8989911086402033,0.8989902752708625
0.915345241221291,0.9153981597690349
0.9075116476630823,0.9073701257829972
0.8995679795788384,0.8995604981302608
0.9215122259847776,0.9212767419606309
0.9241897293614009,0.9228761938492684
0.9011930243776557,0.9003970882001443
0.9036346170766045,0.9039136998578046
0.9225404734909936,0.9217349599927778
0.9231365870659997,0.9219954682830847
0.8992175774013224,0.8999252239675285
0.8988536508564693,0.8988534816027708
0.9131005961936487,0.9130759494749651
0.9233078059534748,0.9232864259487945
0.9227223017359861,0.9204570637760459
0.9026983975206969,0.9016309192483294
0.8992923023129207,0.8992928659101603
0.9152287615234727,0.9177219438433012
0.8988193032226636,0.8988213417310084
0.8990678036928345,0.8994977028270665
0.8991511387765196,0.8994543698491162
0.9010806529067947,0.9009200454948925
0.9035403760194938,0.9035466959714422
0.9114186039468232,0.9114682414732829
0.906579495736418,0.906507598974554
0.9245076692941835,0.9245111273283682
0.9048864578837039,0.9050329132333619
0.9229511819657182,0.9194828538755666
0.9008871272313237,0.9008557553716546
0.9176375077081373,0.9111207712849502
0.8988094719922536,0.8988096421059936
0.898916397815822,0.8989441105642154
0.9129369602385783,0.9126441108189954
0.9223181143337167,0.9203915917267043
0.915600856881889,0.9170667778326157
0.922332858979592,0.9226390182245808
0.9051969869797398,0.9052030268780183
0.9229861985894644,0.923001511545041
0.9244926140386316,0.9244938373258351
0.9174338005363837,0.9185963947937913
0.8989021915169831,0.8992029224150054
0.898926747455474,0.8989261043398882
0.9005760000624264,0.9006242826355689
0.9111404057439352,0.9140323104852789
0.9209493251182641,0.9202863676756263
0.9244373155227168,0.9244425269637968
0.9008850631724626,0.9010007580622204
0.9083071793280934,0.9081677111123908
0.923446459279324,0.9162395173539324
0.8998710698674255,0.8999986017250392
0.9153832223566556,0.9141848504416505
0.8991177371262867,0.8991180475532558
0.9241039570611045,0.923905857638195
0.9236973246124244,0.9191330803743825
0.8990719917656184,0.8990715421095175
0.9095878442917166,0.9136120463287807
0.9082915508789661,0.908255981576325
0.9185874428510713,0.9223720595448676
0.8990261181294584,0.899613461535625
0.8989657511001071,0.9004253345573452
0.914970452064626,0.9158624845253454
0.9249635469314059,0.9244777225448678
0.8990552128497455,0.8990561893394426
0.9141975629354638,0.9143588508920386
0.9233936644485511,0.9233965918816937
0.9241610039398258,0.9238696630310274
0.9110979242454043,0.9113153032687121
0.8989214707994412,0.8989205936961171
0.9244239023835581,0.9212490317314742
0.9033588723496698,0.9031270682189334
0.9039667485127928,0.9036586432278838
0.9192428307327215,0.9190439124419717
0.8990815724201274,0.899080134607309
0.8990040969512104,0.8989960368387432
0.899058806161488,0.8990576048463681
0.8989092920388027,0.8989138555955839
0.9224006850563848,0.9219468715900513
0.906245504518837,0.906854579225107
0.9198231010972145,0.9200877410881688
0.924086711959766,0.9238601926705801
0.9100044594594956,0.9100233424101153
0.9231540938161363,0.9183177463441079
0.89947361642617,0.8994743908325061
0.8995511841492271,0.8995512422122425
0.8993010895867349,0.89930247821204
0.8992465920299171,0.899508445579741
0.9020086830917841,0.9020051293160101
0.9215581917264002,0.921844918277272
0.9059839747362024,0.9054924044647352
0.9215071112533108,0.9193588524927756
0.9244925063656267,0.9244880876311699
0.916724029148021,0.9161063722236085
0.9241201321824583,0.9239395084798113
0.8995149199758136,0.8999805166297896
0.908451879257683,0.9117987279490589
0.924781238316614,0.9246559439617728
0.9199549122924935,0.9202903737833601
0.8989530969729012,0.8989470051852138
0.92344380955902,0.9233585418048488
0.9245973757818858,0.9246384217821983
0.8990403941087749,0.8990426867561989
0.9174940398531329,0.9182264537083441
0.923073392902083,0.9228308864633483
0.920680178359614,0.9205404380518111
0.8992828315270338,0.8995849778209625
0.9213729380101777,0.9204898471313367
0.911890011377423,0.9170015002780783
0.8989103971855091,0.8989111012731115
0.9001187510630394,0.9001201449536689
0.8991995389491984,0.899200234375149
0.9056369334415173,0.9062828508721859
0.9000552444548187,0.8998526322746868
0.8995370063291191,0.8997272885380551
0.9037322243372963,0.9043788532894674
0.916052350145115,0.916739789703357
0.9082666122734734,0.9110638687402723
0.9197909552653301,0.9172742243641026
0.8988964147218315,0.8988961376763055
0.9236269731820284,0.9236414172301647
0.9280175270357162,0.9277548203692207
0.9235888626185624,0.9236151734143706
0.9240965893641375,0.924095581324381
0.8988972819278499,0.898998397141909
0.9235787947775195,0.9236008038204194
0.9068762724051376,0.9065009686850778
0.8988516031306011,0.9036279397527183
0.8991435353508531,0.8996587839205727
0.8992067138388123,0.8992070144795022
0.8990129301266,0.8990133162251156
0.8996211023605261,0.899514817197342
0.901267815245467,0.901269992480122
0.8989937420045545,0.8989941533935756
0.9168110648633783,0.9190280534564471
0.9099177874970187,0.9096978177112491
0.9221395629043302,0.9223744580051215
0.8987674562328506,0.8987677622647599
0.9221321056947407,0.9222666500214979
0.9003543702680653,0.8999687939861346
0.9216713216331037,0.9172884301207046
0.919035438170947,0.9189947244924503
0.899320976977592,0.8993222692203575
0.899157498213345,0.8996980134550004
0.9239065473781897,0.923822981532149
0.9190297285690826,0.9195126246777243
0.8992231179474564,0.8992219299790534
0.8991667180917229,0.8999101583825864
0.9133036868688736,0.9201926814941292
0.924108814586893,0.9241571249433466
0.8995217333121124,0.8995213593053275
0.9146860161782566,0.9162813928999352
0.8990727470613546,0.8990749065088005
0.8990407460488388,0.8994962971827499
0.9199926690293372,0.9196410622827844
0.906152929194792,0.9062145669094777
0.9272589118154545,0.9272555903493401
0.8987859753852045,0.8987849682730286
0.9240981434450787,0.9235017216827406
0.9317298583259552,0.9317235524776958
0.8993522695677753,0.899647673526067
0.8993234247455932,0.8993261680876333
0.9153161409007293,0.9169025289189618
0.9244141708497421,0.9243585455898622
0.9234736822730405,0.9211270224339587
0.9231025593110711,0.9230935056885018
0.8991171045790888,0.8991045560362578
0.8988817810965218,0.8988773929510033
0.8989992164916629,0.899581856029007
0.8990345874839099,0.899034375672483
0.8996932986599001,0.8996953134962239
0.9009108092032907,0.9005077787912945
0.9239475760106588,0.9223281151546135
0.8993057016948799,0.8993063425134998
0.8989846272273405,0.898984813080103
0.9240256880080118,0.9239705204096224
0.8995223855389378,0.8995206691088344
0.9046026442553006,0.9039073032062869
0.9102619493721129,0.9102154496524224
0.9248018737290136,0.9246696250314345
0.920497037110078,0.9196017380581916
0.9039812501293285,0.9034450031548401
0.9229051588985323,0.9229465513696162
0.9241578010011491,0.9242167467641208
0.898919777422178,0.8989198523283883
0.8990717287218883,0.8993101839239679
0.9244163488734607,0.9244102633540304
0.9113880248760999,0.9113815461659409
0.899212442524064,0.8996179105306308
0.924416249800709,0.9243999395079183
0.8992217771550173,0.8992223651871352
0.9236888640868471,0.9226901848055656
0.9242367015940445,0.9225111831171011
0.9041341051540394,0.9040605411372041
0.9239546022326078,0.9228016533176353
0.8992092501594983,0.8992703137577345
0.9100795075088884,0.9101643892065411
0.899002265263897,0.8990093774523719
0.8992253388708107,0.8999528078848255
0.9229941502195768,0.9225766498775421
0.8994693841552525,0.9003236347603272
0.8991520648004748,0.8991521807376489
0.9197181372556359,0.9196610133378686
0.9238095100608515,0.9238317246979616
0.903764775575452,0.9064546091186182
0.8987842511317075,0.8987826548297015
0.9151128426728196,0.9144604339280289
0.9138527415518707,0.9151918968612468
0.9238984391116558,0.9237679308017637
0.9227822364325635,0.9165487066448753
0.9154756802626205,0.9177626936624942
0.9240181433169279,0.9240047636604107
0.9163763443298247,0.9177991890483722
0.9154819021394501,0.917432592380544
0.9103643710406915,0.9104663183637239
0.9177140928468379,0.9182814131254289
0.9220565596212197,0.9220968388882714
0.9168122062490334,0.9193037923620078
0.8998288935101203,0.8999927468826817
0.9013345679219802,0.9006756366945673
0.9006585439564323,0.9004338963516545
0.9044210085104933,0.9025159599238186
0.9196416971955196,0.913020793372839
0.8993112512060635,0.8993110309763582
0.9113387613526148,0.911239519961306
0.9242083647737539,0.9241314777524121
0.9275747615026416,0.9274838056807326
0.919045607621737,0.913684283290208
0.8989967114216029,0.898997076684099
0.9088630286851566,0.9090254827179274
0.921191687764917,0.9224585876921726
0.923628531447029,0.9227975463731873
0.8991747528001013,0.8995378124656255
0.9017845625833241,0.901286038575503
0.923455035003487,0.9235326689427086
0.918254423075165,0.918722825631165
0.9271577457900121,0.9271641483560981
0.9007378868527557,0.9007390389233795
0.8992803268243635,0.899593555556475
0.9214000419871985,0.9214731754182551
0.899060183919058,0.8990619501667836
0.9137217432151119,0.9219835667991129
0.9093401108533046,0.909482949039201
0.9236710340175016,0.9218870227907884
0.9139244652440391,0.9139273394107948
0.9241326600204653,0.9239107759662388
0.898999431427597,0.8996058224059666
0.8990637836901704,0.8996077662978904
0.9038363344766003,0.9037138025896914
0.9109377638760785,0.91445936997101
0.9158156416478764,0.9174383819586751
0.9103376628804122,0.9144951976351184
0.9013348875551277,0.9013322031579998
0.8987579460244968,0.8987578789134689
0.8991829494231826,0.8991802815023177
0.8995261540858931,0.8995161894010109
0.9216924638450396,0.9218477746333462
0.9042421673586457,0.9049612979404696
0.8989725227127432,0.898976474664977
0.9001589655915839,0.8999301102223667
0.8987736514453661,0.89877262111956
0.9272261361209104,0.9272579112222092
0.9021123767865213,0.9027241804452018
0.9233402783011687,0.9196665191307928
0.9205166474067396,0.9199013547778159
0.9174202985302535,0.9176665670483986
0.9209362753832927,0.9204666945001176
0.8988594764046359,0.8988599661305959
0.9080535866168261,0.907735273669789
0.899247580441629,0.8992477772965457
0.9115643750282582,0.9116280374585354
0.9041089616269795,0.9012222897578319
0.8996818704690835,0.8996806397592843
0.9237433366737556,0.9237884806521357
0.9245096304585005,0.9244585286104949
0.922289894945458,0.92202053763466
0.899601564766163,0.899748429900267
0.9239166001340465,0.9237544934565625
0.924285972085838,0.9241372323507396
0.9237827873063273,0.9203057463369754
0.9050660172942159,0.9048144395531489
0.9254046167453153,0.9253140362164334
0.924064998592017,0.9240147400547126
0.9094560876174334,0.9097909781791874
0.9115236227634584,0.911223359105571
0.9140315313586155,0.9138873694433624
0.9060502958093286,0.9070632589237512
0.9126019692674717,0.9124461898050781
0.9012288072448552,0.9018999507033435
0.9196750360350979,0.9201329128616439
0.8993715470845826,0.8993759512529766
0.9242422099733684,0.9239655272170014
0.8989417170098214,0.8989433066760387
0.8990793369808646,0.8991052684585895
0.9237411817397021,0.9227193040784566
0.8988967510587409,0.8991059084680049
0.9044278969086839,0.9041897902348626
0.9007287027821226,0.9007291406511851
0.9155691099341495,0.9172401230254081
0.901971697337364,0.9012617735367349
0.8991058841948018,0.8991047494890965
0.9212200063873047,0.9208374340976452
0.9003065461712069,0.8995825556015954
0.9149030208223173,0.9164297818666857
0.899144322852415,0.8991442952297128
0.9122826972862634,0.9217521761436565
0.8991170593341288,0.8991171991925602
0.9041247438577238,0.9050888965795012
0.9156924604231251,0.9158910690174469
0.8991169989876356,0.8991170659715455
0.9013072014959148,0.9003608297006022
0.9240596856059822,0.9238365287894947
0.8989222348195911,0.8989220553922046
0.899169765880073,0.9005852551781038
0.9329158488125598,0.9329235589370548
0.9222131593863738,0.9224188225300893
0.9073425007952985,0.9073657771830764
0.9115170818929424,0.9221302873914304
0.8991991492352172,0.8991997922826265
0.9208854522231551,0.9210417296148214
0.9242641165349248,0.9242675956445574
0.9046673038125614,0.9043957212606714
0.9012557483680386,0.9008368950134152
0.9213109210230322,0.9211292390587725
0.9213088012779919,0.9211759717161627
0.8997162321362628,0.8997163522485724
0.9216653311310085,0.9221439484776442
0.9190870383333566,0.9182914606678348
0.8996864394007882,0.8996855380698437
0.918851906859721,0.9192368890500074
0.9070332013066752,0.9058681748930578
0.8991640153214057,0.8991691676613424
0.8989768003483393,0.8990371492252222
0.8991104816581971,0.8993224239390379
0.8996769737906543,0.8996771574155566
0.9214267984466776,0.9197410612555775
0.9022823953882257,0.9010980519674086
0.9032094299831034,0.9026266939561174
0.8992699753361056,0.8992700301238391
0.8992612233916207,0.8997048014803299
0.9231912515985029,0.9230862884475387
0.9223354270165999,0.9224423090408149
0.9240111997946117,0.9239798183086692
0.9225629700939415,0.9206570447990431
0.8992312303749325,0.899230439094472
0.9156028290295092,0.9105889880490717
0.9200913665386472,0.916994496552848
0.8992214639932857,0.8992259280436288
0.924094203717914,0.9239417547693292
0.9240436965942059,0.9240341256767602
0.9188259859055713,0.9130524387091619
0.922647488530747,0.9216265748871222
0.9177319837859081,0.9181294768417816
0.9106909114511791,0.9115336448479637
0.9229689161692846,0.9189254334201685
0.9105941645352441,0.9106241601119381
0.8989174692552903,0.8989181642839221
0.9010606432908461,0.9008710862332537
0.9244168607788794,0.9241938677332239
0.9217249407603698,0.9203187024501085
0.8988444911825272,0.9019666620649309
0.9009552280289532,0.9007425534937306
0.9112614750277965,0.9110855174561301
0.9202342919371493,0.9170196591538374
0.9243225622475211,0.924188089163231
0.8989296363136723,0.8989306260810982
0.8990614912138152,0.8992311773365813
0.9095531875457975,0.9106494393549848
0.9018191256216399,0.9007835137220549
0.9121784351327653,0.9122978959271266
0.917433098404504,0.9176975876874609
0.8992949423258606,0.8992957421771551
0.9053309293510876,0.9054072131205438
0.9236026671087982,0.9211232043751939
0.9205116932268996,0.9172029751389367
0.8993380364651851,0.899337979760502
0.8993370565569366,0.8993585295658109
0.899511926832966,0.8995093121816125
0.9082398811199343,0.9081852245408577
0.923607063577634,0.9235188929979296
0.9047606407998857,0.9047811086278117
0.9055001651308429,0.9039809014936302
0.8994691938822154,0.8993595155301445
0.8989431262106774,0.8992482159714464
0.9157878397938758,0.9129534281197597
0.8990167169139863,0.8990172114200057
0.9225941212028339,0.922608621530006
0.9000548661477644,0.8997409309837799
0.9215384177418122,0.9192863138668386
0.9022623963119222,0.9016688964320387
0.9244185116393218,0.9241935747298686
0.8993582289278964,0.8993553422661855
0.9137491105999855,0.9136713583881854
0.9269682340061028,0.9269631273210832
0.9021054005345603,0.9025432121389043
0.9240287278024817,0.9237550562181707
0.9244071169717571,0.9243997083415431
0.9242883941906016,0.9240158002087702
0.9027196674900511,0.9028219459088658
0.8992123696650306,0.8993450579510015
0.8993534260302939,0.8993522040330519
0.9234838719281893,0.9202153805885065
0.89963051117785,0.899612679224898
0.9236661326457112,0.921186841738113
0.9228194276595779,0.9228306003974681
0.9147674046834584,0.9166428704985585
0.8989138998474252,0.8991658488182704
0.8988642228300797,0.8988648772350852
0.8993682086524523,0.8993531480070129
0.8990957462352257,0.8990977668121377
0.8992954545340839,0.8993121850149621
0.9162087188055402,0.9190961107453002
0.920950813893699,0.9209507867547326
0.8992609490866105,0.9000869952971238
0.8991622330888397,0.8992671588682826
0.9147045428880737,0.9163886502436366
0.899488718696495,0.8995500036549486
0.9008820617687384,0.9001894211626346
0.899463152518099,0.8994585320753845
0.9001095830992716,0.9001112729751789
0.9180366634690754,0.9178555695976371
0.899333267485688,0.8993312687802617
0.8993538610090042,0.8993542240171155
0.9240831699142097,0.9240578231803542
0.9036797752754275,0.9006944119798654
0.92413402465068,0.9241315529289456
0.9238499765607253,0.9237683433727669
0.9054753495113192,0.9022996516425197
0.8990370913635557,0.899259470518077
0.9239531976453462,0.921844224618551
0.9225621922956957,0.9191009238062765
0.924178954692187,0.9236489383444249
0.8989922279218063,0.8989926985563738
0.8990607742121687,0.8992518485265228
0.9024853800400103,0.9014953330115502
0.8991287151729358,0.899131401700636
0.9059842753373963,0.9058025309060672
0.9196409811927617,0.9193027575363004
0.9223545715134718,0.9225591132959592
0.8993040298301023,0.8996030922504182
0.9178116432854648,0.9187028209533353
0.9233255646984307,0.922894799034706
0.9165799331231854,0.9147816163814524
0.9063808302153356,0.9063182230264718
0.8995037986130738,0.8995050734152753
0.8987826231253071,0.8987812611858343
0.9136931135337585,0.9138660906850959
0.9033329026175084,0.9033388309087489
0.9243707810540344,0.9243694024241869
0.9019610927071172,0.9019619816545899
0.9195693650026633,0.9194952490531821
0.9194634609933895,0.9191398941115569
0.9055666293509304,0.9053360340371727
0.9009023531354016,0.9005016891685371
0.8986739988861445,0.8986746815319349
0.8989037362266294,0.8989046871153497
0.8990598740996646,0.8990651381864261
0.8994039811942965,0.899544772185383
0.9020948472958591,0.9021664497436784
0.9185943573115326,0.9192144480792973
0.9242597478908964,0.9239927124781343
0.9005390570251128,0.9003907482555717
0.9124877233658163,0.9174702482141146
0.9026014910402622,0.9026035363536333
0.9137376513372445,0.9137021485024198
0.8990208970563432,0.8990211945276663
0.9195695570759147,0.9192850263119519
0.902063155982999,0.9024007042835287
0.9014882913441176,0.9024310769643145
0.8996917243639275,0.8996935080760079
0.9104948513586486,0.9125280732703974
0.9195584529081243,0.9178573065185431
0.9048619333816689,0.9027008654577879
0.8991037443078913,0.8991047955741063
0.91120618500953,0.911189253246451
0.9131491194634057,0.9132144720091602
0.9239429167760105,0.9236483681778558
0.9241824910119015,0.9241464370392671
0.8989948638022209,0.8989961377392122
0.9196973117722997,0.9197882802831215
0.9093761465394561,0.9093659343627494
0.9087043022748497,0.9071481802371647
0.8995469781974554,0.8993843538024521
0.9113763260995944,0.9116806728240181
0.9134798756693091,0.9139210468699283
0.9129072004657803,0.9157199352680176
0.9243802383902714,0.9242233566086216
0.9191799196023868,0.9188116501681587
0.8992764981457827,0.8992778491014229
0.8990700944894652,0.8990696950292025
0.9003074682042401,0.9001517828731971
0.8997066716209443,0.8997036111470615
0.9154446996465533,0.9156323575730738
0.9201166664392136,0.9204419441282183
0.9133621210955591,0.9133750487393166
0.9055251100892031,0.9052784471512497
0.8993583206994467,0.9000936899763877
0.9209038415753731,0.9209457135924101
0.8997199407418381,0.8998160329994651
0.9240211814743258,0.923545077740999
0.9097095309541164,0.9097026934885516
0.9004688588933523,0.9004676946820797
0.9242491033741057,0.924225464296772
0.9051984833097433,0.9059335777273188
0.9245263995219144,0.9245050783519383
0.9072105895429375,0.9072340164813584
0.9014638753274178,0.9015156651743571
0.9025424186904704,0.9023480093347703
0.901169072862157,0.9009999075566746
0.9002298302141348,0.900230435915303
0.9134236078930679,0.9169012961205238
0.9013657983754335,0.9037642090864003
0.8994969513435428,0.8994986142159129
0.9081666784183027,0.9084925936608
0.9000852973584487,0.9004169701692913
0.9165809265319155,0.9149020998573733
0.9242479658861124,0.9242442736266906
0.8989558287962756,0.8989568198327715
0.9253500671805368,0.9253925615254971
0.9075528269283473,0.9075812059224994
0.9240526738669085,0.9235428834707403
0.8989035156117094,0.8990040696519804
0.9001914009124655,0.9001933720468033
0.8989124952978129,0.8989135743011473
0.9273201750919146,0.927321407668134
0.9220276998319771,0.9214370323297643
0.9231763801085922,0.9230857359168744
0.9233435857972584,0.9213453107080362
0.8990384845314049,0.8997584227554504
0.8990455258040958,0.8990456555400708
0.8990802231676226,0.8990836970611495
0.9240187561736326,0.9238465154180006
0.9022333436511376,0.9022305103802941
0.899374767101387,0.899373400437076
0.8990170878848905,0.8990261732851204
0.8993297839127881,0.8993298054193768
0.9017118246808069,0.9017140725227484
0.8993195487988578,0.8993205064937743
0.9269507024556187,0.9269357391406823
0.9231595968513587,0.9218687485876118
0.9232994855511849,0.9231196307745063
0.9235516703784208,0.9230508842485031
0.9160200243436494,0.9090620441341606
0.8990283023424054,0.8990300701460268
0.9004504521632185,0.9004508386807497
0.9250876351751047,0.9250986380295856
0.9151535330086259,0.9147954190129903
0.9209095811031506,0.9204268169952702
0.8993453437132688,0.8990763192077622
0.9250506478607599,0.9250614007105049
0.9239001985043728,0.9231539798106698
0.8995258241334466,0.8995257986391058
0.9243918522948613,0.9244063393220071
0.8993179652852328,0.8993167948403112
0.8993860258543626,0.8993862287729887
0.8996675528399656,0.9004006861518673
0.9217828481864119,0.9159807530109133
0.9148815000719884,0.9180936535395863
0.9230303615308442,0.9174707692406074
0.9035269542074603,0.9044929549829991
0.9126829135177887,0.9130708543623984
0.9054709326608038,0.9045182150634655
0.9116128372030056,0.9119598908688832
0.9206835667160564,0.9201831988906045
0.8988056039725989,0.8991663881378489
0.8992069368148683,0.8992068998710198
0.9001022419095971,0.900102758953998
0.9237319792937786,0.9231946219335205
0.9243354469010862,0.9242061678499289
0.923663185932313,0.9195669624258964
0.9215734442168256,0.9217290081282781
0.8994723244369475,0.8994211017385969
0.9075870449569553,0.9076035847888855
0.9094013870028167,0.9092424977696055
0.9122446052410744,0.9122784723270178
0.9164547172811075,0.909087950893703
0.8993532000522101,0.8993532553674407
0.9071141569359491,0.9072128778900079
0.909835568002131,0.913098658919671
0.9025763489578509,0.9010431077101054
0.9240229393967789,0.9239007419250181
0.8995351962763289,0.8997967788575533
0.9059780671138024,0.9059611481597868
0.898895453853802,0.8990260668335847
0.9242329801280503,0.9242226224242378
0.8992182981078655,0.8994680302491475
0.8993221490684791,0.8993225575837707
0.8991192888827595,0.899378595292644
0.9067530129002738,0.9069972426511065
0.8992931440608254,0.8996276034302693
0.9243208746177769,0.9243225503661204
0.9193012600162467,0.9191380317821924
0.8988123768502796,0.8988110896064948
0.9248073297307873,0.9246873220340278
0.9220015202023655,0.9218336479216931
0.8991096842446944,0.8995768724016638
0.8990612012342708,0.8996268262044664
0.9205293210385851,0.9202129495259238
0.9240067382563586,0.9235396298495143
0.8991878188052593,0.899617396789755
0.9061131438334598,0.9063272560986748
0.899430566238994,0.8994332775020355
0.8990347784661638,0.8990350645371105
0.9276815802511337,0.9276772984105476
0.9073298935749617,0.9078924457490212
0.9239285131281559,0.9236003526880049
0.9222301906527681,0.9223331324898447
0.8993390934973752,0.8993365717409314
0.8988810601181773,0.8988827480603179
0.9158197623231185,0.917440102449434
0.9212451323534632,0.9215533664635097
0.916510214736823,0.9179314771123387
0.8989984773760679,0.8996393141434644
0.9243556716083161,0.9243686838256138
0.9131139074967964,0.921733622691457
0.9118452569373126,0.913763607844956
0.8993028869876047,0.899910798085013
0.8991648045845632,0.8991646582820466
0.9247102663334964,0.9245840359340662
0.9239573933395694,0.9239439733197052
0.9054660262000916,0.9061200972784471
0.8990673714025219,0.899063606353087
0.9005625263805991,0.9005627183170809
0.8992011312390434,0.899953450250286
0.9238946745606544,0.9215301054538338
0.9251786252836763,0.9251039223091143
0.9000317629277163,0.9000847957817834
0.9221190168144007,0.921981067095034
0.8990176629546552,0.8990174994692781
0.9098372731216549,0.9099033501659963
0.9283762635220603,0.9283616655467594
0.9199951520839269,0.9195230895274509
0.9234496376366094,0.9207134941808042
0.9243581167313462,0.9227880904138535
0.9000975719237605,0.9000993187040085
0.9231019177262784,0.92373622593634
0.8993634112800071,0.8996135513542954
0.9038414003190678,0.9042052657180055
0.9235012100197849,0.923210169351832
0.9106257295602572,0.9116982990435034
0.8993238711859267,0.8994616847339658
0.9127967881788974,0.9127576989476556
0.8998007846316693,0.8998025695404168
0.9079773972379692,0.9079226454846832
0.9247326847360942,0.9246075942748899
0.9061560722859697,0.9065813232478075
0.9050637606795204,0.899802380708776
0.9232676724541069,0.9230834834360715
0.9098244362157176,0.9101516599616908
0.8990504385270282,0.899050106015693
0.9142473760605956,0.9163923833668095
0.8988953449735317,0.8988954130450862
0.924344733084358,0.9241883363055584
0.9214763963805024,0.9217680980504351
0.8992641816134475,0.90090538769191
0.9245767832444453,0.9245233701324805
0.9008094577406262,0.9011055804430959
0.9222463674939557,0.9159759126202816
0.9222168437372295,0.9224315585527753
0.9227673605789102,0.9227651869866222
0.8991662414663275,0.8991697245755437
0.9235013001000851,0.9235654635988915
0.9212468347909345,0.9210329761946694
0.8992154849471917,0.8992154079954564
0.920366697458347,0.9205239497082706
0.9240807879401148,0.9230077131503771
0.9205708198503265,0.9195371530095338
0.9156386677444472,0.9156926313346933
0.9256999582386781,0.9254528280974863
0.9241195618188912,0.9241412825788319
0.9216863023848075,0.9217684961007028
0.8990535911495673,0.8990539565854317
0.9131066036145336,0.9118076811083783
0.9106741852686396,0.9107082667248619
0.925602837833545,0.9242391697604372
0.9174110585605653,0.9177362789433141
0.9242148246729419,0.9242038596719143
0.898769826580088,0.8988900909098578
0.9026139622559716,0.9025028696838346
0.9251521999452685,0.9237086665779192
0.8989712617701736,0.8989714207644939
0.9126630725336483,0.9138539419499128
0.9197063320426268,0.9135531348133946
0.9234193554729325,0.9232671368685229
0.9191525678898143,0.9170397075895248
0.898799063416341,0.8989260022228858
0.9225568064438141,0.9225680453226026
0.922899002063895,0.9208007623934401
0.9195094517802607,0.9159380024010457
0.8990696624618907,0.899403034168563
0.8994126791535216,0.899413178329163
0.9212610349608913,0.9215264542575272
0.9017882581936403,0.9030924143860085
0.8991732694673511,0.8990864457784795
0.9183644778287283,0.9196875842040726
0.9026172304342985,0.9026175591387567
0.9244909724201484,0.9245141734099834
0.9295616545340657,0.9295745913748101
0.9058722146537931,0.9068140112194472
0.8990357542218427,0.8990362233678727
0.8992147518394419,0.8996333864397349
0.9112272011889275,0.9112126992284024
0.9237935501429485,0.9244768179379582
0.8990928360533449,0.8990902417519057
0.8989843620747764,0.8989842605518054
0.9148123682625104,0.9179158454449098
0.9101824190360375,0.910506680068695
0.9047230903422954,0.9061413526338461
0.9239795751662795,0.9233518989301808
0.924431463981548,0.9244814682497983
0.8990722155173394,0.8990965235558052
0.9031547326218252,0.9024341673443543
0.8988625948277726,0.8988625087821295
0.8992703787486903,0.8992703169222364
0.9049864002044333,0.9089141265456846
0.9007871014751406,0.9007885763557042
0.9235357698940173,0.9197347499687547
0.9240145342342103,0.9240238649977293
0.8986782351345697,0.8986789318645465
0.9049159607857657,0.9051405671972256
0.9111612468446663,0.9194942044213835
0.9191078517440181,0.9185731150501835
0.9235208779727961,0.9233513809335893
0.910244315003759,0.9104728019347506
0.9114552042617635,0.9127384366863691
0.9211256803846444,0.9211291527531867
0.8991542415660172,0.8991544889513419
0.9241961108073872,0.9237610105734875
0.8989685076103219,0.8989692965805479
0.9015230693148949,0.9012668041073936
0.9252611898402502,0.9248609583035818
0.9212351959745536,0.9214132955374584
0.9002545853972868,0.9000657741729589
0.9220830185104795,0.9221843110217494
0.9239421458740176,0.9211211076572972
0.9243453229078012,0.924336586064121
0.9241886326374572,0.9242008013792623
0.8993373510219123,0.8993356700758437
0.9134615938613599,0.9148424526835331
0.9127706855857756,0.9172623310113448
0.9233630159156518,0.9230628772470192
0.8993253427288035,0.8993260192625238
0.9051926966260021,0.905361970589976
0.9232388144405069,0.9191590615319437
0.9154600195132517,0.9188669767864895
0.8994536548497017,0.8994545253799585
0.9215179819139163,0.9213030931749516
0.902199316076563,0.9022004794490915
0.8992631041343403,0.8992745435729554
0.9238220614346034,0.9235350507085992
0.8990123550319912,0.8993185653122221
0.8993753953938812,0.899631841089307
0.9232465273124402,0.9203884490933518
0.9137298221442518,0.9136309336755585
0.9265152057939604,0.9268790469949042
0.9090855515661059,0.9117630037486992
0.9079383713946912,0.9081208111642816
0.910396672927884,0.9098868310684484
0.9104327291334692,0.9138263922656591
0.8987430922123403,0.8987417707190546
0.9178142550972332,0.9187555027713286
0.9162972817054382,0.9170094571995883
0.9202011679300236,0.9207370477710228
0.9181533187973949,0.9192732297942539
0.9213451904227359,0.9211896949564911
0.9242148765135308,0.9241511176471269
0.9231883557100304,0.9215903957523576
0.9237658013716382,0.9225079449678709
0.8988089810758452,0.8992982839607612
0.9189035138537358,0.9183765185845287
0.9169207543711074,0.9182112600588996
0.9004939573104452,0.9004987479861059
0.916572984508709,0.9155099033231906
0.9116835894572656,0.9116398186925073
0.8995671303927091,0.8997476377243746
0.8993050222788634,0.8993286399881084
0.9100289047988759,0.9098773894179307
0.9023701421928987,0.9025466664261633
0.8990503968911425,0.8990506448063388
0.8988673580999458,0.8988683421654586
0.8996886041924901,0.8996917652351807
0.9086829643137004,0.9087561109362207
0.9170026017882571,0.9195039147954444
0.8995459415157294,0.8994421692598341
0.9126800090606895,0.9167011647023601
0.8990744564932801,0.8990861637858919
0.8992319814377163,0.8996296289388152
0.9217212634626335,0.9217990428749134
0.9032488713274118,0.9026524912020121
0.9032484026150073,0.9050601190950955
0.9152870076496976,0.9144525361908018
0.9026906574083444,0.9026920783667759
0.9001045950826357,0.9010320408058986
0.9215593162555036,0.920938528462744
0.9146507060169747,0.9146131223153497
0.9095136919731145,0.9115547780770525
0.899134097549029,0.8997318387444914
0.9034863414512998,0.9034896018327631
0.925722396173236,0.9256020163049983
0.9241752082568471,0.9237437536385421
0.8988762941040448,0.8988761734075935
0.8991552801146806,0.8991550748048225
0.9097684762633825,0.9099048122693503
0.901816877554257,0.9019468844233836
0.9227397724650962,0.9215533986351319
0.9242198058272676,0.9241101822105203
0.9036935008666973,0.9060650661681572
0.9191025280652858,0.9192848239477578
0.9132211250173549,0.9147448834733374
0.9264097699087392,0.9261922478003118
0.9242062334792086,0.924322247403555
0.9274822530380977,0.9274853623382369
0.9009635295698926,0.9006407271842304
0.9161391882386593,0.9165198276599308
0.9228671302567821,0.922774908519492
0.9196251770866628,0.9193760884658962
0.902492246429981,0.9014839360876928
0.9242046115711529,0.9237044283528617
0.8992103714515145,0.8993051665578669
0.9233106291732527,0.9202249973864924
0.8998893028156423,0.9001138201642452
0.9032565665097336,0.9031653730138623
0.9026241499690063,0.9026239646491848
0.922285948289337,0.9198843788613328
0.9042546261437217,0.9040251068174057
0.8993535500762934,0.8998130260361612
0.8990174704236124,0.8990173944022231
0.9187368875478354,0.918833797139431
0.8995187625874818,0.8995147491624705
0.9241953385132567,0.9239374200692372
0.9209818995095527,0.9206939717061279
0.9026491951598685,0.9025172100228097
0.9154163269857191,0.9170258512436438
0.9255770495379424,0.9254081995709035
0.9230786394246618,0.9215321788211251
0.9202346191948003,0.9182070483577252
0.9017503883654877,0.9027757746317229
0.9240398659976528,0.924056517748982
0.9157304417063262,0.9149423137990007
0.9244654063292237,0.9244792501229552
0.9068203956789099,0.9069192208713122
0.9000961669115949,0.900097305363731
0.918309653045356,0.9184785583360956
0.9247627295071492,0.9247366439880069
0.912275642817414,0.9122804477916715
0.9243285059962846,0.9242924674648384
0.923718205232658,0.9213078527084262
0.9085134680375992,0.9153715935683335
0.89903988255774,0.8990389362184465
0.8993185326606283,0.8993172409260753
0.9198071344080262,0.9196182748297437
0.8993940160950985,0.899377337013402
0.9233436122034672,0.9213765802002901
0.900655856491177,0.900656925631975
0.9165477420679992,0.9167765071796338
0.920464061352142,0.9204161637900943
0.9233068281286219,0.9233053599554841
0.89900699802469,0.8990083019702106
0.9041560369652805,0.9048474149616537
0.89989180127296,0.8998932016230343
0.9032730905729064,0.903829286158242
0.9093205188372907,0.9093900221547923
0.9217269446070001,0.9216781275317381
0.9120873894861186,0.9119841666235967
0.9038128046583341,0.9025622658671199
0.9057761254468852,0.9035304885934157
0.9096595886796437,0.9097160515905057
0.9217961180666738,0.9207904618198433
0.9113822600228971,0.9105611260384179
0.8992538463957465,0.8992562873587835
0.9232168360597962,0.923058737803022
0.905227599663806,0.9051819731639165
0.9199015552795783,0.9193700413194508
0.9198197041383455,0.9201963053854512
0.9079524892416567,0.9078421714042696
0.9027475358033188,0.9021137529837602
0.9008941611637977,0.9001376525499419
0.898823053231076,0.8988207931246878
0.8988848190511386,0.8990654077405525
0.9037474917951311,0.9053530781294499
0.9016606214490391,0.9003150132056639
0.9206227119492824,0.9200035770690405
0.8993688897082943,0.9006136694876652
0.9224430361542814,0.922102863288249
0.8990515544431088,0.8994540794206304
0.8989010487307341,0.8989257858221442
0.9112670610743687,0.9116576521716959
0.9179320612479264,0.9189807656167207
0.9028513382019535,0.902652915966972
0.9235950500438455,0.9234471019426559
0.9093426868905283,0.9094567753888516
0.9139476465084191,0.9139702547648956
0.922112810029413,0.9222619000937088
0.9155265051680497,0.9144497201183952
0.8987188673093627,0.8987219568332958
0.9010823755132134,0.90132174959813
0.8993868171570615,0.8993877705056701
0.900739118948973,0.8998983346753506
0.9197704937302018,0.9198169559559792
0.9202414002762064,0.9208315773935318
0.9125209425090021,0.9124768245706872
0.8991908232264483,0.8996532429319205
0.9005618349812563,0.9007933492651397
0.9233792781823353,0.9214603574494861
0.8990870950727847,0.8990868066975125
0.905939850952409,0.9025367243904447
0.904377841479628,0.9034556863936524
0.8988222425833213,0.8988231981771552
0.9077034407882235,0.9077619343093886
0.9245745936908739,0.924569828570865
0.8990901890922308,0.899440987477552
0.9001588887722782,0.9001603361255058
0.9228942988788084,0.9189840189801579
0.9050772998786049,0.9052904630843919
0.9118170431802075,0.9128662609608473
0.9189798716496719,0.9189434285056021
0.8990206829966637,0.8990212511733923
0.9213105951951372,0.9209765239763548
0.9051336987321802,0.9053917313587392
0.9012508841158237,0.9013382134926302
0.9238927381289851,0.9237897407147878
0.922134786237674,0.9208260538711321
0.9068826493221327,0.9069433091553963
0.9014086733218825,0.9014431449346805
0.8993055937441343,0.8996711577711372
0.9046543104002118,0.9051432206399853
0.8994472541515378,0.8993873859183144
0.9241181855458973,0.9237879866646316
0.9186664832954791,0.9194608236299399
0.9044052685014936,0.9043273841388768
0.9243605298550188,0.9242132402296521
0.9211616129060411,0.920204771689527
0.9000136750926381,0.9003242604426993
0.9006892234057963,0.9002554742824987
0.903233020390151,0.903322475985001
0.900172373151338,0.9000777579838902
0.9279759677326491,0.9275739681850551
0.9224195377911918,0.9220453835549445
0.8988367938626776,0.8988416967717042
0.9006162781711338,0.9018182155000969
0.8994977037766149,0.8997348894001757
0.9241818136604593,0.9236590425116042
0.9242731214029369,0.9242895013793726
0.9212269100292505,0.9212244482152443
0.9129643453624074,0.9129382581468833
0.9021731762199334,0.9022595496176757
0.9053502657173553,0.9054017677525885
0.9285320244762552,0.9284983987820208
0.9212473371950065,0.9193783596608053
0.8992754213195341,0.8992989815317222
0.8998601037618394,0.8999128520456336
0.899290702549769,0.8996792215445198
0.9005787935778647,0.9005803516036114
0.899299804245177,0.8993031692551635
0.8995438982272952,0.8995442970398543
0.8989923410409946,0.8997139090967795
0.9243824043557161,0.9241624554107042
0.8988568628401965,0.8988610165097617
0.89905198372774,0.8990539202876713
0.9159348285001397,0.9124520157451086
0.9085103223711437,0.9144162413085032
0.9152393456399386,0.9178564265278588
0.8992911872285623,0.8992917297444305
0.9272953507661272,0.9273107051920685
0.9166500879992737,0.9178909829752686
0.9196157778521603,0.9161065515944739
0.8989702074842201,0.8989681249503514
0.9022602567998191,0.9025346127056422
0.8989564091435907,0.8989644508536149
0.8995242285514411,0.8995242760657224
0.9034046722530592,0.9037043215495434
0.89910965298598,0.8991124146290542
0.8991524626433032,0.8991461505589844
0.9141031699361095,0.9119032927731723
0.9045870864745064,0.9046818020037044
0.9189467885490612,0.9184501235997624
0.9195961797771467,0.9189470160147865
0.9131521912826595,0.9130392848597435
0.9241704851879621,0.9241641049946147
0.9243089433747226,0.9239945066755872
0.8996804823140859,0.8996850501385352
0.9239945759709232,0.9239014999547925
0.9119190896184279,0.9119699849915321
0.9175254306627828,0.9176834233167759
0.9210698409512128,0.9210943879687206
0.9019511268759506,0.9019525129421571
0.9068580466917242,0.9069665786003932
0.9146196667433716,0.9155218806534587
0.9242807319298324,0.9242949495243803
0.9245154506372465,0.9245000051510557
0.9017401178331258,0.9016591078414925
0.9019843623985837,0.9029065603188416
0.919316035462446,0.9194316238614733
0.9101973671999558,0.9101833836175723
0.9056805731101708,0.9085991069086523
0.9157057813886963,0.9159385955252591
0.924057320066635,0.9232796873705744
0.9128014718200926,0.9125396298462206
0.8990897870588662,0.8990912677632623
0.8996726467607745,0.8999821364920791
0.8994057104694623,0.8994061381790815
0.9001457001005796,0.9001476718608425
0.9014258205546133,0.9019208447837311
0.9085635287606292,0.9090987150478225
0.899067918852916,0.8990681941515996
0.9089006459626716,0.9087917249647042
0.9262591913677776,0.926252870787796
0.8987644473850914,0.8987652544781755
0.9163929502618061,0.9135889973321213
0.9191652108837141,0.917580546034432
0.8993728218092862,0.8993757680162391
0.8991434208987441,0.899143504006077
0.8993289837358517,0.8993287348800402
0.8988366750960842,0.8988382809527354
0.8994716939163304,0.8994199128706868
0.9218477496838992,0.9217553901465506
0.9104350294993684,0.9102336528006144
0.9230425846247791,0.9211336724040617
0.9224668806067353,0.9202213919740905
0.8992096844766738,0.8995869148012523
0.9013448273335191,0.9010346535925184
0.8993983493931618,0.9003129548476744
0.8991909218777085,0.8991899717626245
0.922275386220006,0.922047786301154
0.9172347251530328,0.917621379400289
0.9134183728498535,0.9132820690830498
0.9043651581723291,0.9035077094062451
0.8992715238018508,0.8994306651435573
0.8989976661226733,0.8997632906224203
0.9047544774496755,0.9054648799091523
0.9149969233859904,0.9151608299083448
0.9032593913030655,0.9006523440618162
0.9043875404461725,0.9088420054733914
0.9081734319450385,0.9086300669552392
0.9083932493898603,0.9086423972853875
0.9039114842133172,0.9035221986310575
0.9019432606613468,0.9018358726312029
0.899332591730817,0.8993325062368092
0.9154917617667677,0.9180280472169524
0.8997694627815616,0.8997705795784648
0.8997779832914936,0.8996298565499065
0.9104975199364175,0.9109519927496633
0.9173363754335085,0.9177033981850944
0.9241662982447614,0.9239617196393702
0.9188964544200966,0.9194466479434468
0.8988442468437875,0.9008573690076567
0.89886491764016,0.8988617091309398
0.9045694341708995,0.9088912058953942
0.9239389484818199,0.923675343559644
0.9232553522104174,0.9192462740212655
0.9189005792481707,0.9192226688738054
0.9143574159919114,0.9143437017526778
0.9200965750348278,0.9198941351846861
0.9241121079416716,0.9240930412021403
0.8992087530362536,0.8992101204338525
0.9001356802819391,0.9003707764728258
0.9237942591810803,0.9231306266639829
0.9105430989273459,0.9102908903935174
0.9033297329240038,0.9026699278349691
0.898801013565067,0.8993811136978297
0.9223705871410559,0.9221683134775845
0.9212166925941682,0.9209297514775856
0.923302820032395,0.9233505821455431
0.9260083336503588,0.9259927132553432
0.8993998938762193,0.8994004748179003
0.8993863840127713,0.8993869699536222
0.9064150536757455,0.9057811894640008
0.9239763517413287,0.9239697677392777
0.9214528190834912,0.9212477100575651
0.8987989610080623,0.8993202105239614
0.9225239686657984,0.9221847784765603
0.9130315076107696,0.9130259218655723
0.8992439294618849,0.8992438026842072
0.8993109835852733,0.8992040853646909
0.9219875193817167,0.9217284191062213
0.8990214268200302,0.8990265580211861
0.9015560802035036,0.9009636759136802
0.9119834748918664,0.9117449130650226
0.9234157849254013,0.9233562598031898
0.9153851453550936,0.9169151008023352
0.9171224853539669,0.9168171785040109
0.8993206347321034,0.8993237550764477
0.9053559123270054,0.9039863503226365
0.8991424163410252,0.8991422935563818
0.9141591471494337,0.920169969640816
0.904878310552409,0.9047355911390238
0.8988977461114376,0.8988980815608197
0.9019911082858209,0.9019433096786035
0.8991546045137601,0.8991547521479023
0.8991005731574129,0.8993426888714295
0.918148479649488,0.9163070023209083
0.9283853580297188,0.9283584364506164
0.9039799484786758,0.9038254918930173
0.8989526500043736,0.8991597628715712
0.9001094321718217,0.8999344823140021
0.9211622942181353,0.9212551746742512
0.917607559190947,0.918693215504255
0.92080070978957,0.9208087176003843
0.9115577276871714,0.9115393618313402
0.9238706067028153,0.9226761695231349
0.9043007509378918,0.9031043517104936
0.9010449221578986,0.9009021131034803
0.9174727452748375,0.9194843594993505
0.9007692195308262,0.9001016162598495
0.899071710552173,0.8990715097891478
0.9239698750388284,0.9232489277174771
0.9220959383901935,0.9222273321172999
0.8989359346056448,0.899445825061392
0.9035239756812085,0.9036030828504344
0.8987646925986406,0.8988914810595103
0.8990675690773878,0.8990675653959036
0.9251744114645134,0.925186694332939
0.9215474955687855,0.9208515423560405
0.8990005341666818,0.8993433724177017
0.9295309554429554,0.9295257855383536
0.8990935833443252,0.8990891097680526
0.9240006197801911,0.9239637921419183
0.898967082469987,0.900035656518493
0.9005432050294108,0.9008261599257388
0.9232869188710888,0.9227106385452497
0.9229091315258896,0.9227812804697401
0.9145400084118571,0.9184231361119849
0.9004558384060039,0.900195107420329
0.9048665564518098,0.9048616075436087
0.9054154118457737,0.9052180461123718
0.8990193872883707,0.8990194245948877
0.9018989143351182,0.9013475134916039
0.9031458637875307,0.901578794327396
0.8988747624301109,0.8988746896285035
0.9225801394870946,0.9227508249671278
0.9037287052934874,0.9013979383892498
0.9023220682355726,0.9144528677314987
0.8997568262030897,0.8997428112635252
0.9013337022595252,0.9013335987698761
0.9038756652401705,0.9038510758941553
0.9237721482035134,0.9237633658643083
0.9020131560099801,0.9020146103886236
0.9236863470853698,0.9214413111464766
0.8989969521352364,0.8990984399989159
0.9199300302432826,0.9192661103307718
0.9028478952100125,0.9004659934228514
0.8992487673039123,0.899247909191218
0.923585767853203,0.9218574034272212
0.9239111444762346,0.9238606062509875
0.9191258761451272,0.9189784772924952
0.9214862670424184,0.9162542832792738
0.9039480482703328,0.9029881230362203
0.9062910588756984,0.9060219791911774
0.9227782230441703,0.9224649640034844
0.916420800859477,0.9180693931343002
0.9227753802547112,0.9227670090574436
0.9005651419522636,0.9008551771077942
0.9208997023125546,0.9209179895367652
0.915798701628492,0.9134950434166353
0.8993581527399178,0.8994558602174131
0.9021549800921872,0.9015809901680444
0.922364600168748,0.9222094426712191
0.9222569988425008,0.919146844350658
0.9213461167378579,0.9214438139979743
0.9111374403854106,0.9110620071268011
0.924132419217837,0.9240926164820606
0.9208509997355943,0.9212517323797704
0.9237845391095107,0.9221772866623624
0.9154459612657818,0.9166700885377295
0.914487842633085,0.9184540896407141
0.9244600538162089,0.9241436660581408
0.9029014008447207,0.9039417006458252
0.9226260638999346,0.9222654771354624
0.9223959207933687,0.9219961977830518
0.9204505685201497,0.9205832959670264
0.9106186275657594,0.9125546832931122
0.9034994845056861,0.9034166208945337
0.9243861758633909,0.9243883146473516
0.9087812737776204,0.9093483304047909
0.89948921544605,0.8994910273979174
0.8988642871083735,0.8988677784916912
0.8987768175525462,0.8987803860052967
0.9239621702818696,0.923548420364705
0.9123059800419854,0.9156724308120779
0.9248454028733991,0.9248005188410144
0.9234115795739702,0.9223479024196152
0.8992966361764095,0.8992993775665805
0.9103347442239098,0.9202901649640512
0.9212653299442645,0.9190936073735024
0.8992092004105773,0.8994220650726121
0.9238925078546173,0.9233522665929079
0.8989652803687634,0.8989660381229583
0.9172949803954886,0.9189369064392885
0.9212658192201929,0.920831184739893
0.9240894101809525,0.9215989220324619
0.9020506866403811,0.900718726487488
0.9203693570244972,0.9202821480076904
0.8988210803756216,0.898818111708094
0.9253314582777162,0.9248291151224504
0.9222346104836553,0.9218630141347923
0.9225516872548146,0.9222829376267732
0.9185300359750528,0.91833876963398
0.9152426701544519,0.9163295364635603
0.9150262990533163,0.9149330895301487
0.9235706391583928,0.9230581619770704
0.924004386352909,0.9238014440051927
0.9006153246771328,0.9006155643285134
0.903658278319725,0.9030775253853147
0.8994117797489376,0.8994153217001893
0.9037777554971878,0.9037176352055307
0.924096624241338,0.9232028164068469
0.9237920500985052,0.92379205386117
0.9239168247949426,0.9238919814456656
0.9163427125576747,0.9170515593422561
0.9032562950104513,0.9019611973188794
0.9176057542402468,0.9181927856127658
0.8988596239477613,0.8990007464586851
0.9067195137598159,0.9067216481170607
0.9032847490976491,0.9030510870807658
0.8991545805373711,0.8991547148380404
0.9032941539770419,0.9038076368028167
0.8986660647887176,0.8989206262864081
0.8989069832935455,0.8989097189640298
0.9229987669847207,0.9229545370171001
0.9206190609837693,0.9209331208045534
0.9233562944466159,0.9230081067037774
0.920169729992662,0.9187916504019015
0.9184264348676923,0.9186490744002128
0.9034298667449718,0.903712122995072
0.9000574210489364,0.9003795181044878
0.9182388704628495,0.9189059660541545
0.8994666639099194,0.8994666149240592
0.913346037032622,0.9133048352051603
0.8992229172847698,0.8992243622179846
0.9232837427626458,0.9232727901411871
0.9019175738598614,0.9019697696684232
0.9239179195729607,0.9235830367756482
0.9028818993034883,0.9007905845833587
0.9001432927868572,0.9001423895435318
0.8992263243876922,0.8992271179149995
0.9235246466533307,0.9234769250999777
0.910584206439487,0.9109333664445987
0.8992147586052226,0.899214450561908
0.9252748540051198,0.9241518631015115
0.9244770668613418,0.924470055367882
0.927153978182724,0.9271302282190979
0.9135664355659033,0.9157316512965327
0.8991635933159047,0.8992560671925948
0.8989845066113652,0.8989851613095506
0.9157496982015318,0.9157240376817672
0.9212470563393698,0.9214705587322388
0.9217347906254818,0.9221375445718575
0.9132095336696553,0.9191089603343332
0.8989946233198495,0.898995104385082
0.923793730914997,0.9224956426931847
0.8992988927994015,0.9001396534894579
0.9140231094812971,0.9131437646690812
0.9021369266337103,0.9021799848182461
0.9192270375711683,0.9140436845800822
0.8990582226392972,0.8990590475367795
0.9000918169305752,0.9000938970673694
0.8990259941394136,0.8990265126382672
0.91692877925963,0.9182588563877565
0.8990204914061574,0.8990178334745518
0.9176192575503842,0.917643157145914
0.912117990064169,0.9121313576326616
0.9017616934045753,0.9016692013681677
0.9110249558532171,0.91117157800182
0.8990080820285908,0.8990088676515698
0.9085504528173679,0.9086019202943645
0.9225055789020312,0.9204714373497882
0.9102546318733467,0.9130984121382815
0.9038067759549339,0.9043410470334925
0.9099560286431445,0.9099999435138929
0.92234911613128,0.9222473489269126
0.8995191722898723,0.8995206923232008
0.8992980127783774,0.8997369879525167
0.9037337818173206,0.9035736888396864
0.9216919323693735,0.9218678826123856
0.9071245510232857,0.9078953784529092
0.9199414552840317,0.9166263095650099
0.8991174801792035,0.8991175913925002
0.9081916819926568,0.9081157582124142
0.8989395860888393,0.8995906819638829
0.8994028866964766,0.8994019331462829
0.9145608978270795,0.9151144707069551
0.9254925317100965,0.9256670713161556
0.903378364811159,0.9041207343641432
0.9019795210906524,0.9019814414149322
0.8993604131905172,0.8993603207461895
0.9091485408702776,0.909181991620531
0.899228103906625,0.8992273502526266
0.8994072878493454,0.899404853726399
0.8990181599239736,0.8990202810233654
0.9015795360797271,0.9011095663626999
0.9227650539923925,0.9153663332804041
0.8990746506783367,0.8990762926425044
0.9234170787205461,0.9221628679964619
0.8996659354874981,0.8997448689234043
0.8998176289384776,0.9004625700359401
0.8993878291986593,0.8993864224155043
0.8992180589963938,0.8992184661836482
0.9054515261946116,0.9005778016779008
0.9195331160702801,0.9198442826826604
0.9144294296885256,0.9145470587001239
0.9008675556696542,0.900621788384909
0.9274038197141765,0.9273243058023156
0.9219948325089288,0.9217954241251646
0.9233186129436857,0.9230441444783604
0.8994764000673907,0.8997131429220491
0.8998576585919299,0.8998583050060118
0.922171995391948,0.9211060712971257
0.9184020918235208,0.9142402261465773
0.9192001534592138,0.9195337620960209
0.8990581566096649,0.8991742869914751
0.9231139334186225,0.9232107310844302
0.8990479676674753,0.8990483042245374
0.899451590919615,0.899726388843959
0.9113322490048793,0.9114996593056381
0.8991001358160164,0.8994092657340015
0.9184916822031398,0.9191830690992578
0.9084556369897315,0.9084541114966713
0.9021140527963313,0.9021133334347846
0.9254149008584657,0.9254231549737187
0.9247966913401587,0.9246823627597677
0.8993244192816998,0.8993269339962978
0.9209100088497323,0.9202450174147465
0.8993224746974905,0.8996386592796216
0.9152669414483365,0.9148205084797547
0.9218233296838098,0.9220109249506965
0.9214580634122557,0.9215863094350101
0.9184621264988772,0.9192285940038153
0.9009573180008774,0.9006016583690081
0.8991543144842936,0.9000685088309496
0.8999712103892018,0.8997976739608252
0.8989461861364403,0.898947568698739
0.922262854121253,0.9195179450919952
0.912117713193417,0.9207502927109232
0.923675270831312,0.9236722713481004
0.9013832000855816,0.901649654132813
0.9260559690800917,0.9260382766836467
0.8996703833620099,0.899679357334204
0.9213468303843848,0.9196026745541138
0.9236791479324842,0.9216699332807409
0.8988664484626813,0.8988669953431883
0.9009358307119065,0.9008356739899753
0.898921570785922,0.899261768195567
0.9201543220942059,0.9197261002790139
0.9136183580154851,0.9185942167815271
0.9196648865127338,0.9202291562435737
0.9254663389366032,0.9242948563496914
0.8988072952407272,0.8988107329171159
0.9041152427831312,0.9012188394938108
0.9225475537238035,0.9227449221739592
0.8990043854186384,0.8990917756401625
0.8995538975595254,0.8995985712272401
0.8987687178036711,0.8989452947292226
0.9227099877079288,0.9226242909616178
0.9088650454227813,0.9122681710051133
0.9258320460060482,0.9259954817552081
0.8992239764154129,0.9001221975817747
0.9200350126965391,0.9203984714615501
0.9120056550315393,0.9117098266574493
0.8991058742519963,0.8994683280563042
0.9225595456622085,0.9199617654272016
0.9243157605792302,0.9240247384680336
0.9289568545956197,0.9288879783554421
0.9248640257819813,0.9223901346710416
0.9103545945068621,0.9103651657590774
0.9233827374000649,0.9195951610291949
0.9103387418450485,0.9120721213781573
0.9226955548232121,0.9228141130413444
0.9240729411284774,0.9239199713040517
0.9236398775137165,0.9224111026508833
0.9220625066646275,0.9206374979754791
0.8993184805125614,0.899615488152104
0.9222131810765745,0.9223591477022692
0.9243177794110926,0.9241977383070923
0.9231309986874506,0.9210880658333512
0.9001792859334669,0.89979552515298
0.9200983434750741,0.9201196201974403
0.8993236650042536,0.8993254956407856
0.8990172165763926,0.8990155679915423
0.9237728317824518,0.9237802108741726
0.9021144289916211,0.9024894026528105
0.925652945352767,0.9252920729698023
0.8992727333019498,0.9004209603155566
0.918776921140542,0.9190465971568551
0.901305182800679,0.9013057617462983
0.9245122552396524,0.9245081513392377
0.9086490191254463,0.9087783799588341
0.8986659265495576,0.8986717348522069
0.9019628367768852,0.9015134755278534
0.89889723462842,0.8988993658077362
0.9237710363789225,0.9237839346318028
0.9252358003611026,0.9250356118778329
0.9033352837278487,0.9031685823836557
0.9234506980261471,0.9224806776116549
0.9186422461696855,0.9181635197271767
0.9129734762872288,0.912971499334349
0.9004953504284656,0.9006662122021328
0.9206076301672684,0.9185271896839822
0.9089689770243712,0.909010837861001
0.9101405127312501,0.9110724284208316
0.9229208303471255,0.9205160842521981
0.9146634604681466,0.916444339966818
0.9244112859037734,0.9241266945865079
0.9228749945989557,0.922791720753471
0.89915001872345,0.8991503364975592
0.9235710065383801,0.9232430468195164
0.9244208217637225,0.9244082197814558
0.9243530897298164,0.923909148795629
0.9135183329267094,0.9173955764880727
0.9121941568967367,0.9121557367020801
0.9011961085657827,0.9028407667564246
0.9241409107277624,0.9234010506259116
0.9224955805265364,0.9185117306371889
0.9000912985089602,0.9000902459975332
0.9153849019818731,0.9163435640316432
0.9216860119406537,0.9150770738392532
0.9046879878003541,0.9048257996791392
0.9238856899930887,0.9238373216907244
0.9248774262703277,0.9247643882677908
0.9191146113343508,0.9186551030412967
0.9044463137847338,0.9022326381214343
0.9242511390826426,0.9242094262595224
0.8996902265775474,0.899689648367808
0.9208119160089052,0.9206501083267051
0.9254800013481927,0.9254798888195119
0.9234375719569533,0.9233104494407484
0.9240496063735567,0.9240406619292035
0.9236889943422814,0.9231904974225515
0.9086200957558045,0.9171097316270779
0.8992805847333478,0.9005329997527514
0.8993012713055409,0.8993016615753316
0.9094503010300496,0.9095965102296689
0.9019188169235721,0.9026030351995078
0.926303374513724,0.9246500251107647
0.9080002556663392,0.9077671463218949
0.8994204291753649,0.8994099025917649
0.9176025880343593,0.9178907058264103
0.9241495472202202,0.923862468022515
0.9016781672845373,0.9009259408924809
0.9239162453100925,0.9234716156612283
0.8990815051095004,0.8990692717340474
0.9228191897536282,0.9190681656408277
0.9232908397496224,0.9232349018328427
0.8988946096360567,0.8988942722462093
0.9243565996805155,0.9227607929801291
0.907118580237648,0.9073016321370653
0.9224257095158858,0.9224628517725414
0.9055061776468348,0.9053036632243296
0.8990347988090287,0.899036489037663
0.9074388374925251,0.9078841103420487
0.9079440954102461,0.9082996743951876
0.926977200711589,0.926485495197483
0.9320386610053771,0.9319441648415666
0.9329982056856662,0.9329691385651857
0.9291609988273919,0.9284463923698582
0.9129205444983004,0.9123254894288967
0.9246427467912205,0.9235663300153638
0.9183204062772945,0.9179708746510694
0.9076121029305066,0.9076125752712662
0.9301075048456426,0.9296391095306704
0.9077023909664681,0.9077035124483597
0.9100016609871436,0.9097675337575574
0.9106107971365712,0.9102057323127818
0.9075164553641857,0.9080171309694084
0.932454789883933,0.9324446815271936
0.9077706993920978,0.9077661059343484
0.929296663765295,0.928443724692706
0.9245486424602747,0.9257960285802954
0.9076716602855797,0.9080035742190096
0.9323294428924009,0.9323621885148333
0.923340783920149,0.9204709294694388
0.9264635668632131,0.9266725073667594
0.9059643847148375,0.9063698224651663
0.9313705701296124,0.9314376564049941
0.907548428212126,0.9091181921082581
0.9238241820642973,0.923241017798566
0.9297062341028193,0.9292731707223169
0.9272964380633756,0.9274063416872091
0.9075472978024424,0.9075514795816985
0.9305536256380391,0.9289686615945654
0.9298075209904395,0.9299217208330794
0.9074844906564217,0.9079314387175877
0.9214756032010532,0.9210030103875734
0.909876067150082,0.9093959311090876
0.9071502424428742,0.9071503839097907
0.909344750142547,0.9094270531407807
0.9074818244657722,0.907743485136796
0.9074662859566454,0.9077803575312476
0.914402942872033,0.9127834235952765
0.9318106959384014,0.9310124118074877
0.9267395725316636,0.9260791366340662
0.9196250577754329,0.9197124088949187
0.9167175971008127,0.9170007748901778
0.9263625853553192,0.9262066004015627
0.9108771150068197,0.9112343680931025
0.9170663468770835,0.9167907063643619
0.9077119356915818,0.9077635565228225
0.917066116930505,0.9171949354400151
0.9104525941008481,0.90971452862076
0.9073752227033471,0.9073752798624592
0.9276730710153208,0.9276862388393172
0.9319446977850676,0.9319564286315628
0.927107916917579,0.9271872565094891
0.907535133147591,0.9079459223110669
0.9238728147281158,0.9256564728257001
0.9280043915050384,0.9272090875784251
0.9079877405640293,0.9083527217488137
0.9230476517199228,0.9231623717079956
0.9078964292341405,0.9078965395888124
0.9276344325565955,0.9262206882459345
0.9253224341698493,0.922223648356788
0.9075893879553937,0.9084030333454953
0.9314885246597744,0.9316102068321217
0.93250319378897,0.9325864114876439
0.9316082802424827,0.9317408163689952
0.9177621317615167,0.920042850858746
0.9326935562624201,0.9326968164209372
0.9078180318902697,0.9087579906762734
0.9078978047363506,0.908161656397033
0.9310903182227865,0.9311652130989472
0.9202065474230481,0.9182156444251843
0.9329899332942774,0.9329922820196798
0.9077032304340951,0.9078668240255012
0.9074531307842048,0.9081874330928394
0.9309699217576792,0.9310305816682118
0.9327730181922208,0.9326919718104755
0.908935861828452,0.9083632879790001
0.9075777820961177,0.9083683570975893
0.9224521852835775,0.9213738466617544
0.9327979820962097,0.9327876630317431
0.9072068399126855,0.907559111050796
0.9325806095421046,0.9326139224085189
0.9073754831589799,0.9075682478237216
0.9074756373790038,0.9079046791361205
0.9074870525494855,0.9079217746794578
0.9326420043409204,0.9319868507544701
0.9244601201056514,0.9242451517417161
0.9314047628683811,0.9313617191315582
0.9076042555225597,0.9078483607384773
0.931375000725181,0.9310611640042099
0.9073986342286257,0.9075977386101683
0.9252788022592499,0.9242070382621438
0.9200193512961433,0.9213071200257835
0.9080705577378964,0.9081393367022943
0.9078922714179105,0.9097508958169643
0.9075202994041314,0.9081337859310333
0.9301136506266622,0.9303343772569213
0.9102390144382032,0.9095785521724923
0.9193672830473605,0.9180921981023542
0.9148003546896348,0.913394583066775
0.9263145875407975,0.9268614088344337
0.9282336407731228,0.9271915115206802
0.9269268236229238,0.926608191105418
0.9321783667769182,0.9319310301575573
0.9077158876937532,0.908125370415938
0.9207286158751925,0.9199523430855233
0.9257957578660132,0.9231508281153523
0.9183413647336099,0.91987641597332
0.916241281707097,0.9180737013664572
0.9079529768764865,0.9079536197622176
0.9319184228486186,0.9318307287422349
0.9077883682112676,0.9081073801704659
0.9325286898066721,0.9323940172492153
0.9323897004500376,0.9324012253724822
0.9221697036348256,0.9225771932820828
0.9299637708374038,0.9295353946068122
0.9329765619706707,0.932977800875061
0.9029919554306115,0.9029930345694928
0.9312947177235532,0.931239129885449
0.9300959625493251,0.9296913431767038
0.9319982469424802,0.9319710337909983
0.9074519344244457,0.9074523204300055
0.9078732051859528,0.9082359759925771
0.91329589210746,0.9125610840852239
0.9071966653074951,0.9071985328777271
0.9266591973583255,0.926922082614102
0.9311788287854873,0.9310268759605259
0.9074604257068701,0.9074616934906247
0.9100746659034616,0.9101483517176586
0.9105953168936228,0.9104833204186881
0.9326977430085904,0.9326063411431628
0.9077558086007201,0.9086125567321554
0.9085671747073129,0.9096762178953779
0.9327098327081238,0.9327282412813355
0.91902563849973,0.9223838470070568
0.9232039194271136,0.9225167695739888
0.9083613668916716,0.9072202955864173
0.9264302722332698,0.9244244720848084
0.93271304185304,0.9327131427396265
0.9312117887461736,0.9314681337031011
0.9321152840745198,0.9321397805383078
0.9313896871358549,0.931281760321631
0.9077978482685428,0.9083859313411249
0.9290733110802238,0.9293907827076734
0.916248576169872,0.9177081816504854
0.9071104005446451,0.9071100896969212
0.9330195995745404,0.9329798595357434
0.9076503817193157,0.9076465617091911
0.9322512520367737,0.932335475631018
0.9080409147894054,0.9083604184124884
0.9258891997704743,0.9263156711043605
0.9131943210084889,0.9124751345894534
0.9074471437618744,0.9076104074227849
0.9076043960091745,0.908613760580034
0.9308289224968307,0.9295989979282218
0.9077952515526047,0.9084112623171289
0.9241321882708675,0.9232579042383027
0.9076717329566601,0.9076689094398657
0.9076640802684335,0.9076641430192534
0.9076514394929103,0.9076501159095857
0.9079475994097375,0.9079479774118404
0.9072174381340908,0.9077134970376102
0.9330441661277266,0.933024685470777
0.9298955213215451,0.9289156602769227
0.9314766324828663,0.9315346990911852
0.9076344973768569,0.9079039444137686
0.9076474037147289,0.9079048219560536
0.9277782204527814,0.9278327102406823
0.9225933049884825,0.9256174329442899
0.9079725153763589,0.9082102309915756
0.9320038124874706,0.9319971427045121
0.9072797539084432,0.9075779093480106
0.9279033475034087,0.9277628151573686
0.9321169746132322,0.9321694675935305
0.9118335825762213,0.9097570262313274
0.9071784908600051,0.9071789265375645
0.907571486171333,0.9078478591251702
0.9326120973746882,0.9315066202088113
0.9113972505165765,0.910243251967033
0.9265094661677642,0.9260986788105524
0.9092569114404917,0.9092096784811678
0.9300550366643278,0.9298797815760398
0.9205249086222224,0.9222058289833849
0.9093153440379789,0.9089178775033409
0.9103112660747745,0.9127457968941738
0.9074366641091101,0.9074407630040046
0.9301488935439395,0.9297294755434301
0.9066711542530405,0.9066715510098311
0.9248209585251915,0.9221711464748265
0.9247570154524184,0.9244730387533661
0.907940049862802,0.9079282999524648
0.9304268112175996,0.9289898926554637
0.9079041300723308,0.9078742216169653
0.9195867946532316,0.9194274163565804
0.9072204225017142,0.9072205491348545
0.9131510274447656,0.9128122565316923
0.9197059060014997,0.9192807604856411
0.9150515634234916,0.9171502519203604
0.9148871755461601,0.9128427380110145
0.9268125170535748,0.9271719295390243
0.9089013046200468,0.9081567853495187
0.9031416025411999,0.9031314083468779
0.9156420046797645,0.915651442310851
0.9076033705436857,0.9076038393428234
0.9076021566211145,0.907602513947497
0.907764229570817,0.9080337679946098
0.9074703561705425,0.9074716833754062
0.9301117809193912,0.9283631659317824
0.9324063520562816,0.9322864765958979
0.9327378045413638,0.93275717433858
0.9119691214247121,0.9107503849002438
0.9076545521587245,0.9076550385363825
0.913473591529509,0.9166581214398704
0.9076596950662442,0.9082307528631154
0.9076500609918438,0.9076519677723102
0.9327872598211819,0.9327588206818735
0.9037223393361455,0.9117451048072803
0.9282752505845003,0.9283849236417556
0.9071702486873658,0.9071537869087465
0.9325573042714548,0.9324424817943914
0.9124006231223564,0.9106535160700646
0.9299218124692195,0.9299596916720165
0.9264813423360372,0.9260087658336422
0.9304847086537631,0.9304219677933735
0.9077982291548652,0.9081222086325158
0.9077336053828144,0.9083279319784668
0.9074405631042193,0.9075747033881738
0.9217475493429929,0.9210803466141217
0.9078226166954516,0.9087286470511404
0.9071174617003582,0.9072082996051654
0.9149978897114514,0.916292239530248
0.9308072505409056,0.9308165831103622
0.9248515861838003,0.9236047216490025
0.915893061324821,0.9158456438799942
0.9282994638701254,0.9286099451609335
0.9322141101305472,0.9322820503864873
0.9080078343381724,0.9079149319017563
0.9328311045127992,0.932850073719775
0.9323896007996042,0.9316729066470332
0.932886809389822,0.9328758836812348
0.9085568221760427,0.9093216523483452
0.9176562225306374,0.9183250446259907
0.9074576951545275,0.9074737988171273
0.9240055276444634,0.9206774234819116
0.9076482302871509,0.9076462761078884
0.9177866917736315,0.9159228839216158
0.9328438191407756,0.9328303757671763
0.9076067319358516,0.9076058163404115
0.9294423920396736,0.9288074537675313
0.9170030989920329,0.9208317674948486
0.9326918322954211,0.9327158076818037
0.914842052839085,0.911262842373685
0.9300266022992356,0.9296906883651296
0.9171811734902964,0.9170800316646968
0.9077144010356398,0.9077323308387142
0.9302337543175686,0.9296136252936694
0.9301653413906499,0.9299590277226146
0.9090586271948013,0.9085121644598934
0.9077533327481301,0.9080246160023916
0.9214028076817367,0.9220988614209059
0.9077707388450592,0.9080300284235261
0.9225831095952144,0.9227133824391461
0.9086415151333704,0.908373906567503
0.9075136295838269,0.9075219544104324
0.9305834436260904,0.928631272164921
0.9328421644834829,0.9328088557829853
0.9316837657572102,0.9310578998156217
0.9112102459667448,0.9100654231621216
0.907622838676957,0.9076228486075357
0.9078096530080132,0.9078063213106597
0.923586282118669,0.9227365270934103
0.9214144574483017,0.9210956575119873
0.9176409085194364,0.9174459978554799
0.9076276274658445,0.9078471510384611
0.907274450333779,0.9086129060511797
0.9076621565365458,0.9085009526710767
0.9076537692623625,0.9078551834644791
0.9065367264699657,0.9072662849830415
0.9309008958779086,0.9302857063894713
0.9072944783354997,0.9080468717366622
0.9077801100432759,0.9089400830217974
0.9098189743071559,0.9095061255590327
0.9202003846943709,0.9218281237072141
0.90738415593307,0.9099806149083638
0.9075256269889725,0.9084696617652908
0.9222655812084942,0.9213471752694666
0.9074514130852674,0.9088404363963893
0.9319346280476891,0.9317690586563192
0.917524808072115,0.9179973244932569
0.9328260271874611,0.9327983118809304
0.92970844865379,0.929833316921616
0.9329887018789343,0.9329842134961255
0.9074811940538738,0.9074811551594689
0.9263471772915046,0.9266200979266753
0.9315965546612608,0.9314893128069539
0.9075813619155867,0.9080949437978012
0.9260686211296097,0.9255638964531708
0.9284505668310378,0.9285609595674201
0.9129910102798555,0.9145922725527007
0.9324027116741983,0.9323563142497102
0.9158562383369082,0.9161400744191855
0.9326849153411496,0.9316463313525024
0.9076508212371884,0.9076509725127893
0.9256297149961029,0.9258567864135995
0.9264340147488119,0.9258220632252019
0.9236579657876813,0.9220680043649501
0.9080280742511311,0.9087728985057957
0.9077052923249124,0.907705468342018
0.9122077964785527,0.9126428531753672
0.922697437798819,0.9216094927613895
0.9322163787632379,0.9321331423611814
0.9083557147373863,0.9085725122046563
0.9300470359267927,0.9301567392890051
0.9268154846847972,0.9265162670882411
0.9081071758831013,0.9081721682600903
0.9320572976256833,0.9320452024604151
0.9294328801302952,0.9289079972295972
0.9322970233507003,0.9323448042719729
0.9250418026094694,0.9233625901272983
0.9074024635881976,0.9074114299942398
0.926911803203434,0.9272879343158968
0.9079190908411133,0.9103745703443604
0.9077032808129865,0.9077723215830653
0.9294771146009138,0.9283686094507578
0.9071639900107472,0.9082347732721306
0.9318656468706131,0.9306212617049161
0.9306076797886002,0.929061419449308
0.932863135333659,0.9325088721509992
0.9074447427123639,0.9076692083442913
0.9076939078457661,0.9081602595689137
0.9086127458910006,0.9084391394951489
0.9190553254828921,0.9188015906357913
0.9079158425662609,0.9081817832797071
0.9254908314321094,0.9257443406548121
0.9273383739118343,0.9268018239764224
0.9078608904725409,0.9081519280416227
0.914594126413814,0.9148454640086368
0.9076689274145409,0.9101704361305244
0.9076751411444618,0.9093293695945348
0.9081918455140187,0.9105479943448903
0.9170438803587181,0.9158314229489837
0.9308003427999472,0.9309334975887981
0.9168582816734199,0.9181654444439387
0.9194430296454201,0.9209325894817745
0.9313885377686926,0.9314512122217178
0.9255188917146817,0.9232652608148362
0.9076006805845388,0.9079866710890658
0.9316068024248286,0.9316401925320794
0.9078125058818145,0.9078122628588785
0.9218198000840231,0.9216526463031925
0.9076447484920933,0.9083989350718977
0.9321884167241429,0.9322893235391867
0.9231271941850071,0.9228992146252382
0.9328350813087577,0.932901125022831
0.9158449902633353,0.916989538073149
0.9139616024498164,0.9179249772623893
0.9109210386075097,0.910457095081938
0.9327487754379438,0.9327438886069551
0.9046883711821301,0.9048027913218358
0.9292354659203906,0.9295849281513293
0.9076438055818753,0.908781417739149
0.9076406554187715,0.9079094054316531
0.9139310619855949,0.9136050614339472
0.9314214342641679,0.9288685278558424
0.9330385505766297,0.9329903937556507
0.9281753276023643,0.928205618032536
0.9313439233331876,0.93113932900348
0.9217085884038667,0.9222405451901752
0.9078814136728902,0.9078814715872057
0.9084439045873429,0.9088315029947154
0.9218977587216732,0.9184127006539364
0.9075775020775696,0.9086016414690051
0.9325705561907625,0.9325985996413304
0.931489836630034,0.9314675208395293
0.9079187798619885,0.9088062021602289
0.9075577730112316,0.9075574367577017
0.9322488361047794,0.9323119493454182
0.9075769154458003,0.9080210318138461
0.9236738320878474,0.92375350613208
0.9328549508410242,0.9321047693999773
0.9316869315106249,0.9317693067359862
0.9074750997698944,0.9074754436340142
0.921070733788236,0.9209858245242722
0.9126975190264294,0.9114813885677736
0.9286124286946811,0.9274595544631152
0.926575843634467,0.9273791939222156
0.9302442214346466,0.9303778325463732
0.9120350631183332,0.9107979091532341
0.9253623216775266,0.9217696213921829
0.9298001390965985,0.9294825223588254
0.932336024265217,0.9317334854145709
0.9325408861310063,0.932139009177745
0.9321606109127429,0.9321047917709663
0.9104512221178932,0.9102528915431514
0.9310173758900065,0.931098007021976
0.9074801547959673,0.9076998189618339
0.9192000170119503,0.9209482465601444
0.9076767944714822,0.9079880318037215
0.9087707864327869,0.9085392838211308
0.9104820798195025,0.9097291037757436
0.9078979657659272,0.9080201295057755
0.9153229567717261,0.9145956209907987
0.9093559532004617,0.9088452901866831
0.9166806561255276,0.9201510635747425
0.9297519011363332,0.9278793278675844
0.9076014274186163,0.9075817526160463
0.912790300387881,0.9181937764644755
0.9323771125121911,0.9321677840227519
0.9076211412408454,0.9076071878360557
0.9314648672881176,0.9300595008078791
0.9077688155851102,0.9084091205605286
0.9285198857628264,0.9265898159327861
0.9076575217185943,0.9079225192267463
0.9079931312947724,0.9082077566001036
0.9081932257153288,0.9081801799360278
0.9162892930741076,0.9151839820761221
0.9076968090669103,0.9076922981050504
0.9205528324596565,0.9205003242314462
0.9088013671976019,0.9085009638851763
0.9183252835104752,0.9193220593621527
0.9074783109558686,0.9074985835486544
0.9316987595148507,0.9318747032375062
0.9320479373944944,0.9317763254234955
0.9076954712039585,0.9078991249550211
0.9076497214103626,0.9080140241430624
0.9075729903121331,0.9075756063471249
0.9078180436788533,0.9081595300698708
0.9077629110255525,0.9082143516573956
0.9078068777327434,0.9083458856950019
0.9202277157386103,0.9201777961650519
0.9226440441833934,0.9238294942778384
0.925423300212918,0.9250129273632751
0.9305585802720664,0.9303963698296565
0.9172072997504975,0.9180200762729261
0.9077077012093591,0.9077087999115766
0.9305508564326446,0.9303245784021962
0.9075543564597551,0.9078280042076957
0.9072475182685805,0.9075868348101518
0.9327804808166874,0.932768197069966
0.9099353739871957,0.9138998731056204
0.9243888702580779,0.9222362241750812
0.9321340227985785,0.9322130687626893
0.9308692586247544,0.9302756105093196
0.907752526015693,0.9082073859733677
0.9075818095536637,0.9088904265547976
0.928225148228749,0.928447501733477
0.9249589110961529,0.9243996271167519
0.9146992456185497,0.9115155943686933
0.9148504341932094,0.9157481636195938
0.9117028113071708,0.915880417159957
0.9324510538794623,0.9304885991768126
0.9306492807305382,0.9300286939808943
0.9099481567797865,0.912077975380007
0.9234530662163931,0.9233312438410782
0.9075334252925584,0.9075329811274
0.913624024591091,0.9146936336385346
0.9289134543212653,0.9292067328677903
0.9319224387164836,0.9316141514883008
0.9073898573227286,0.9077093926165435
0.9075233424889015,0.9081471002458454
0.9075674417658093,0.9084479304408514
0.907531492365615,0.908043419300327
0.9322415403423603,0.9315579795882364
0.9271027323462583,0.9251022583875497
0.9077201995881092,0.9078749330699885
0.9097485712296097,0.9093223684691614
0.9074776704735629,0.9074837952394853
0.9318200865780264,0.9313246290876417
0.9078959169432391,0.9082728810798109
0.92641580352508,0.926215361921281
0.9118485976304196,0.9117358652226527
0.930906237246952,0.9306334374443721
0.9074982603693468,0.9074973993472557
0.9076528563689463,0.9077003624029686
0.9078481755308151,0.9078482636093119
0.9180309578175341,0.9180602179093281
0.9304132472982548,0.9303636762054928
0.907738198416523,0.9086758600536355
0.9286100616796752,0.9287557113522528
0.9076536433208633,0.9076534865421901
0.9134856320607074,0.9136126284020234
0.9159813898200372,0.9160259964563408
0.9077432171437593,0.9088021914799698
0.9327793731542328,0.9327744122781076
0.9237839797283894,0.9235967195396007
0.907575153206322,0.9077334665132409
0.932250884863718,0.9318743078259523
0.9267814354836807,0.9267049947762497
0.9074647030586572,0.9078842631926518
0.9144146688731961,0.9138900643328371
0.9076732403767223,0.9076695315264659
0.9077085104978012,0.9087572294879434
0.9130829825583422,0.9100102895571845
0.9076987455036208,0.9086703654096974
0.9076428859190196,0.9082277315704036
0.9247654384561629,0.9214406600078191
0.9133637578609609,0.9116885108344428
0.9329452914757606,0.9329223830858815
0.9327554049539102,0.9325653547934912
0.9314308314144439,0.9309041553322159
0.9329318647772855,0.932939772411012
0.9315681551691779,0.931581009935281
0.9322779950088463,0.9322943207354651
0.9320591546771865,0.9314674793575564
0.9109115047153786,0.9152142428477522
0.9099450801707784,0.909547726723978
0.9175595150194946,0.917063851673158
0.909119246796078,0.9089874830060335
0.9297661758847106,0.9297487269301352
0.9290600706045657,0.9290386715435014
0.9073812394147497,0.9092840882328462
0.9115774323085248,0.9114153673984127
0.9234286445758165,0.9228566848258362
0.9138810664766427,0.9139611302871893
0.9076348020337686,0.9076462713791998
0.9099901300063608,0.9106887751962376
0.9272264981680232,0.926537308845229
0.9323270313699324,0.9320980717334831
0.9075350212908537,0.9075413112105045
0.9195139159919281,0.9192447464587252
0.9306303752778753,0.9298296548002831
0.9294822765918686,0.9295413666310252
0.9151872040735346,0.9128163718526322
0.9076763507076845,0.9076776614268076
0.9081675876720022,0.909010993237975
0.9076219284072289,0.9076220225527544
0.9330806529893177,0.9330918736203828
0.9306934612564646,0.9294428261355517
0.9078332200643532,0.9080041320986247
0.9074963212311203,0.9074967765182445
0.9074700873690361,0.9074715477046966
0.9139355466810287,0.9145892176772393
0.9076821422300014,0.9076775108192056
0.9311028501830357,0.9312033896527072
0.9328976499657113,0.9329078851957668
0.9163612416314292,0.9160196676190216
0.9273171131418536,0.922870050809711
0.9330083265442122,0.9327705092494227
0.9278265223965937,0.9276140575790128
0.9226616604065371,0.92333260156229
0.9157806369842293,0.9170944583124289
0.9072232800433903,0.9081854827102879
0.9081830715113748,0.9082562750156923
0.931677296551079,0.9316156978992098
0.924676936054676,0.9254046592126757
0.9323644673674161,0.9323290365144523
0.9076022917495999,0.9076035428023372
0.9133772659537767,0.91134139612702
0.9304202380640942,0.9295798375150259
0.9123474486726841,0.9136044050552826
0.9071743845931016,0.907175298895811
0.9244705838353482,0.9230297547895394
0.9071903380387408,0.9079499607624032
0.9079122004075866,0.9080803173286965
0.9076650659281221,0.9087194795773027
0.9286677068541974,0.9288627203300363
0.9077890567568851,0.9081481162486966
0.9323842558659947,0.9323486510577655
0.9065309595940124,0.9065296644349811
0.9305639306005473,0.9304466308883786
0.9327669763635834,0.9327668958828309
0.9303915523477085,0.9304570695044044
0.9083906950751466,0.9099396924042764
0.9194342055571152,0.9202989692814356
0.9075879931959356,0.9075970843420924
0.9100628832993546,0.9098272066141935
0.9120247791853193,0.9114627688807206
0.9073515733502308,0.9078742947425117
0.907662167110418,0.908724653625656
0.9078244866439531,0.9079374214292547
0.9329283248933227,0.9329388398382501
0.9072280306194689,0.9072283570904078
0.9076238114417443,0.9097339055307779
0.9274534385916412,0.9276359294505242
0.932415531017173,0.9323609692597264
0.9071761393918384,0.907929843257932
0.9075812641868942,0.9075808301121515
0.9319317885315836,0.9318364603052666
0.9327476607726527,0.9327232170816129
0.9136259063728253,0.9118317562696368
0.9079073276875755,0.908203505523341
0.9329835288802192,0.9328798689398031
0.9296968250953189,0.9297882872974493
0.9253334101202976,0.9250153620303412
0.9076618962230398,0.9078172494895392
0.9161625107904615,0.9164813629391801
0.9328206903087422,0.9328153541532102
0.9327488592907095,0.9327523493484158
0.9314549632568642,0.9310302454707993
0.9104539167791371,0.9108202019800593
0.907463042669784,0.9076598008999263
0.9244659968005557,0.9245726058994507
0.9076182995719949,0.9083283424604228
0.9245704031404762,0.9243333619547989
0.9328078233007411,0.9328127309886826
0.9019890111034716,0.9020011607160243
0.9139824517554217,0.9142140256809447
0.9268851716712475,0.926939704270946
0.9317445100853415,0.931456216744135
0.9144847582679643,0.915462181512121
0.9077828819336625,0.9077838122643574
0.9133440324482508,0.9149868726200284
0.9280137536066132,0.9279987761631063
0.9256690770282864,0.9256749624901691
0.9213550038965609,0.9216587652835123
0.9101108824740055,0.9089242942094579
0.9076004264558168,0.9075692162901733
0.9238542955079261,0.9239925350517866
0.9212676481687494,0.9210730253121914
0.9077262690731119,0.9080535724828127
0.9129623595079184,0.9118518993500264
0.9075536414015339,0.9084236507741622
0.9076853906196146,0.9078978456118739
0.9100702139717181,0.9100319041863792
0.9323283153528827,0.9321054252663687
0.9083804845921595,0.9084644874925664
0.926977266754485,0.9240035846922503
0.9294411137601332,0.9251635868904333
0.9328631313937721,0.9328546174415052
0.932464416329701,0.931587839219392
0.9275537904367669,0.9277320969578691
0.9247303035902014,0.9248478111816766
0.9065735846023976,0.9069394734854166
0.9075526326294902,0.9088853230219491
0.9329985252548539,0.9329892228324884
0.931697846776746,0.9310791138091031
0.9079174942720308,0.9079176401659546
0.9087130127726413,0.9086144637874526
0.9248770490541685,0.9251141266999328
0.907549793769243,0.9080757279530414
0.9075070990523216,0.9075336486405251
0.9077663406370241,0.9079941818027379
0.9075381350114707,0.9077146983849809
0.9223639192108706,0.9214893637572178
0.9058183979483718,0.9066264820977469
0.9082837793526183,0.9081708248554037
0.928918264398937,0.9282284849074501
0.9195683010044021,0.9194340967133927
0.9295164729636051,0.9296449890007126
0.9076649470781726,0.907665561191418
0.9076579223452965,0.9085538143185815
0.9295472369435878,0.9284198409964013
0.9322857550216668,0.9320772148705124
0.9327256302394807,0.9326579959444892
0.9304699957308653,0.9305846862050189
0.911573802719086,0.9153297883984992
0.9292720583914894,0.9291483724768702
0.9072591551456699,0.9072650177686671
0.9193257431623528,0.9190411109589159
0.9302585114858696,0.9301543704150069
0.909263485420721,0.910064166626396
0.9297466352279088,0.9291690703488581
0.9076079213486284,0.9079126040578405
0.9074342251762735,0.9074345908576278
0.9123435095700593,0.91089457135576
0.9269679938926711,0.9260067401631972
0.9289086745770175,0.9274700794294793
0.9329775713619047,0.932984761475614
0.9239135869680585,0.9242794993845702
0.9327987341737111,0.932862369511659
0.9276459462028316,0.9274496544605377
0.9316707073983596,0.9298531016067273
0.9076568077995448,0.9089631745761644
0.9284383083973707,0.9287855343497804
0.9262233852420676,0.9254038375975834
0.9326912839388728,0.9326184604325527
0.9323726686883362,0.9322072719182342
0.9080748404301239,0.908035697865804
0.9324869202366158,0.9312290910321432
0.9236568005020128,0.9235086241114036
0.9303700734431395,0.9304587998256862
0.9093429833383959,0.9086343455469784
0.9216563887738793,0.9217578245115473
0.9132835934031301,0.9141424488789575
0.9245556866905185,0.9242743025623839
0.931921005923496,0.9319741233731373
0.9073995864019668,0.9085339017816608
0.9076655657992871,0.90816876608385
0.9111948179101146,0.9105026134165608
0.9327296525368948,0.9327778408801389
0.9078628041288677,0.9078583369659783
0.9315853880614158,0.9311266738474194
0.9283092452316787,0.9277109729322374
0.9075037065109957,0.9078993029084388
0.9254106003305193,0.9256754933024637
0.9207108415413562,0.9211646962190109
0.9076614696374576,0.9076653411405627
0.9326009216188171,0.9325874857605843
0.9222258231313518,0.9244651667713694
0.9075476748124388,0.9077167877149637
0.9075793841416465,0.9094264219532658
0.9116330528340839,0.9123650701241895
0.9155607610787324,0.9152109724332226
0.9110472583576387,0.9121211517646601
0.9079761127867222,0.9086869419650563
0.9146713679661269,0.9131909389868698
0.9083076132809813,0.9084425612756846
0.910927596793859,0.9107834898919535
0.9328819711483748,0.932848562703966
0.9329292995947074,0.9329246846393942
0.9218063480563782,0.9215882836681911
0.909621035422061,0.9111415046938884
0.9315467427431794,0.9315218025479324
0.9330285562709376,0.9330261051319902
0.9256834358516859,0.925781257021722
0.9146860657634094,0.9145492491571175
0.9224957791768321,0.9196196709022457
0.917017552530959,0.912847860389666
0.9076790105690208,0.9076838737455576
0.9076070918906516,0.9076076776172889
0.9126338080351047,0.9121423543412965
0.9211374651570698,0.9212716227065676
0.9325787745560633,0.9326033603888325
0.9077599588431234,0.9077599561798518
0.9324597149265856,0.9325007940101919
0.9257984004430877,0.9227411836267221
0.9128530369096182,0.9124666880005905
0.919330427406389,0.9205046725405271
0.932961984439978,0.9329395217184117
0.9294682544074713,0.9293312764463901
0.9074475447904944,0.907452455385456
0.9074916451658557,0.9074938234129049
0.9076218635079799,0.9079800549902771
0.9111163901196209,0.9104662870254069
0.9076454468593196,0.9080392568959728
0.907825411764195,0.9086138754460245
0.9282472237010555,0.9278669991831692
0.906527899342354,0.9065512675874132
0.9328758413775096,0.9328568114218401
0.9233216288126033,0.9221037222347256
0.9330364853689057,0.9330118942545986
0.9323415086016177,0.9324490506188857
0.9295234110973141,0.9290620387591696
0.9327896366567839,0.9328628257815759
0.9318369084173475,0.931993735009582
0.9077502704297622,0.908026418815916
0.929816830837261,0.9298052576069685
0.9076647074916073,0.9079256258277111
0.9076138598942016,0.907779813298059
0.9314320847237932,0.9311479070256549
0.9105678590830374,0.9096324540967649
0.9075638935598711,0.908299480153553
0.9076719610101269,0.9098168802535487
0.9263853801714058,0.9266679434536205
0.9322112190833561,0.9321924156180833
0.9074535265080182,0.909109702831008
0.921663542369966,0.9214763867868239
0.9268842605070721,0.9257896408159872
0.9294161140937579,0.9292510210950182
0.919529798940623,0.9197188834214555
0.9073720060318566,0.9073720706744655
0.9323262488727085,0.9323532699240472
0.907591075682121,0.9077746410737376
0.923553676285272,0.9226681439841271
0.9290602134784313,0.9287199178917236
0.9074532219861523,0.9088750318433517
0.907534016455418,0.9075338786978336
0.9065535955254153,0.9067209436885811
0.9076916235610785,0.9076892580042905
0.9318568141011225,0.9320085187403481
0.9318349221387879,0.9317941465971841
0.9076224492619663,0.9076169501209423
0.9099497416985406,0.9098029259065263
0.9314600722360188,0.9314767892165017
0.9218089835075806,0.9216577384138849
0.9076054242690335,0.908108815210706
0.9214580948419601,0.9212594749928753
0.9289494549324696,0.9290923129861028
0.925892642046495,0.9259417711189005
0.9074955732307298,0.908525269042546
0.9076587258847294,0.9081281083691478
0.9327298455687993,0.9327342137306063
0.9074246727028586,0.9074268595762709
0.9152406054229559,0.9189513690299388
0.9312097906549099,0.9311618484921179
0.9078629959424306,0.908014153986133
0.9066038403380785,0.9066012514528015
0.9097140318945561,0.9091020526749526
0.9207611569694119,0.9226378502282845
0.9074349424063308,0.9092453389476609
0.9328665490150633,0.9329247268447916
0.9077165962207087,0.9080386852487087
0.9202931092309826,0.9196105028576383
0.9324499484443758,0.932221084346608
0.9328127096731903,0.9326666415146412
0.9143656294285362,0.9132388513015427
0.9276927678048403,0.9279977693794883
0.9265888967351017,0.9253597907211366
0.9139848874683801,0.913536228750246
0.9328107049884851,0.9328025788466288
0.9304457252825734,0.9305386438272751
0.9110222596033711,0.9107647825475677
0.9307113845848786,0.9307727557529103
0.9323379451231778,0.9322959611322201
0.9309167575255775,0.9307086384706851
0.9171024818960335,0.9189106754915214
0.91336690419314,0.9144723610838896
0.9074620315811623,0.9074617550137539
0.9065463079121188,0.9067331328331076
0.9077199727276335,0.9083916605366588
0.9077085434493563,0.9077052252890759
0.9256146158067151,0.9266965151003546
0.9074357914414065,0.9074358749117714
0.9279216501272671,0.927467491939706
0.9236654721373253,0.9185488640873507
0.923083537723224,0.9229258403576884
0.9318852639662626,0.9319454260168242
0.9098476952970501,0.9095506968680034
0.9194419057149019,0.9188989933422442
0.9277071262959415,0.9271765061765238
0.9074544487328374,0.9104283269582019
0.9318856678135163,0.9317805060419704
0.9273410982006671,0.9272955998611322
0.9074815106958097,0.9078809601238579
0.9167747149817798,0.9164648066898458
0.907758082666562,0.9077586272303853
0.9077592549516496,0.9077508597250779
0.9193735886313591,0.9190922695385594
0.932665405666523,0.9325997947018473
0.9320713014918885,0.9318945218115654
0.9329070728585167,0.9329307048459257
0.9156080421427516,0.9174167750392778
0.9325902614259283,0.932538978381144
0.9281019948745188,0.929423355164825
0.9079611777294707,0.9079841937562689
0.9075925986362672,0.9075930460116566
0.9073021088229011,0.9072890577792283
0.9300917943188692,0.9303600476833169
0.9207684143910502,0.9207527792657763
0.9302289428992027,0.9295521718885249
0.9320623786171678,0.9319438826591643
0.9328098617488995,0.9323101531869855
0.9065311375632464,0.9065358207904757
0.9176981094862496,0.91894138084918
0.9030651934128373,0.9030574995584582
0.9324908620811236,0.9325445126812553
0.9092548432886866,0.909039188692234
0.9327985090989991,0.932441563591061
0.9076607415995457,0.9080995750356707
0.9193763758296399,0.9187859135965951
0.9259123334431492,0.9259099058399671
0.9278560961191789,0.9271318560641275
0.9085959084677929,0.9082699339698307
0.9072031592011595,0.9072034559530391
0.9076715321511591,0.9076724172885904
0.9074846377297816,0.9075252231825773
0.932640110559993,0.9326174325476534
0.9076192909474091,0.9086081257644929
0.9313811973536011,0.9314207371206034
0.9076511058876385,0.9084727042206601
0.9280316755146137,0.9282911954978187
0.9152051065570016,0.9159761124292456
0.9075234053251166,0.9084179769169993
0.9066604295038233,0.9067704184575152
0.923067322709879,0.9235923161952742
0.9302786082238657,0.930644257254154
0.9076490639421791,0.908061863332948
0.9287457894423253,0.9286322575619391
0.9327698242958197,0.93275884691977
0.9251786369606925,0.9252469389845147
0.9317937660426514,0.9309658092304619
0.9074930214043097,0.9074948566728235
0.9315330651956768,0.9315233451624971
0.9154265642118006,0.9171273325514503
0.9074312092723262,0.9074285280898539
0.907455643440467,0.9082055491934068
0.907479116915528,0.9074830219551911
0.9318245136360988,0.931781063688755
0.9073932161467455,0.9079376841075224
0.9316848671390008,0.9302106879165492
0.9148913077157214,0.9140840171823315
0.907654690089444,0.908365206903495
0.9323135781374965,0.9320366329731106
0.9320826040343382,0.9320425336027693
0.9015132187281335,0.9015678297365685
0.9284730596136668,0.9284429450866036
0.9074306416584251,0.9077108532900041
0.9074886197494544,0.9074893271972152
0.9078735324284436,0.9078745739680636
0.9076616721109333,0.9076619196507921
0.9310288504122431,0.9308046388420536
0.9072105434999761,0.9087603633253284
0.9214732911492157,0.9225927359185079
0.9223382346510797,0.9216433915806551
0.9038348502202791,0.9038924128730284
0.9226738778373289,0.9216040931785534
0.92073469749762,0.920840949322733
0.9325455514258484,0.9320786657186807
0.9076455457341619,0.9076475160053766
0.9293333492587932,0.9294117064675751
0.9304633714624303,0.9295654231972538
0.9315799206173129,0.9312168973513907
0.9075020493921016,0.9075042715238212
0.9133994794759288,0.9120978921192692
0.9077982298226952,0.9082178078760887
0.9305541415883164,0.9282774855512511
0.930452131008379,0.930342911557659
0.907420856257081,0.9076487926338627
0.9143884538609179,0.9150728035338207
0.9071447049528764,0.9070879859192037
0.9195081435989683,0.9198228621732102
0.9076309193825326,0.9083345783845723
0.9254429602464663,0.9260676676378451
0.9071989753028946,0.9072035070870063
0.9315495156683155,0.9315330736554692
0.9117629755387963,0.9114666774287123
0.9252953831946916,0.9227402845169239
0.92315201436965,0.9242509735387254
0.9277730178808176,0.9262058376449815
0.9149375415672891,0.9144869012706854
0.9156622890025385,0.9154565583171262
0.9313148656557348,0.9302516087682752
0.9329747473902671,0.9329559736280896
0.9256998141662713,0.9256997624363348
0.9076608342780811,0.9081615008217099
0.9247561921543315,0.9248915102021921
0.9320782981320609,0.9318019900148684
0.9078251824933369,0.9080554178261276
0.9309199639211045,0.931043402592766
0.9115829889247679,0.9104146183348273
0.9325118216537418,0.9325518007146671
0.9076772791183172,0.9082915786784741
0.9074626550325805,0.9075353811037807
0.9102530373184317,0.909089921034531
0.9075870184678273,0.9075868840796905
0.9078647387777369,0.9089093986078162
0.9074443504422247,0.9079019853882219
0.921856170337185,0.9230263279594384
0.9099317756686722,0.909963192186697
0.924456863318516,0.9243791344539289
0.9265010233013639,0.9262718346287011
0.9076878016470554,0.9082083386516331
0.9330351618699466,0.9330419076640986
0.9327038854101883,0.9304490335247082
0.9074518778943598,0.9081452272542269
0.932628320307938,0.9326635548810706
0.9329963766525304,0.9329938871983089
0.9203759389673528,0.9223585242830794
0.9311911999353263,0.9311852985421426
0.9200886905494442,0.9206195420449806
0.9083490635617183,0.9093393439145087
0.9157906718831529,0.9152892754617515
0.9075741041494155,0.907576261287376
0.9078473320877127,0.9078425517257463
0.9166275452021795,0.9174844972477537
0.9071504416122128,0.9073574197196799
0.9193330102286754,0.9207326660584307
0.9199110410511104,0.919739118581435
0.9326986990512627,0.9327281507527231
0.9257941132788291,0.9265316678387101
0.9074068948956603,0.9078338814881016
0.9036113966734758,0.9036071761576702
0.9198517313391242,0.9216301174003436
0.9306514850931479,0.9306436576460044
0.9175900265088354,0.9177674102498743
0.9147520504305583,0.9174262380178544
0.926817910229804,0.9271206231308863
0.9078708769395044,0.9082381065994124
0.9185888384092975,0.9192099360394059
0.9316305230809103,0.9311741234238176
0.9323055035941179,0.9322854086326464
0.9173289309856066,0.9168522110824732
0.9301243084202497,0.9299688583504132
0.9273106816031707,0.9274639612771017
0.9083968183355638,0.9094084303395676
0.9301899673056668,0.9304265438741339
0.9213198069307188,0.921237948790948
0.9075655158262917,0.9075649791156706
0.9234771276007004,0.9232345103958737
0.9072773995008258,0.9094350279568211
0.9185998439260974,0.9194896808327415
0.9078128239925335,0.9078087653070318
0.9076254218451709,0.9081219824582645
0.9078927676998564,0.9079364302006593
0.9083655587493675,0.9087395462285549
0.9251992578381498,0.9252732784260961
0.9076740487710874,0.907750572441631
0.9110688107113651,0.9110264928743608
0.9272551513244549,0.9275313362563723
0.9075547263289365,0.9077898522063467
0.9328708607469982,0.9323946782723331
0.9169426963623725,0.9163064395243892
0.9212388603723829,0.9199185929528403
0.9326598058130894,0.9326578811021093
0.9074630861247005,0.90792290790001
0.9126337031115412,0.91099146928114
0.9291048080595817,0.9285231086847787
0.9118834304326512,0.9129580530298835
0.9330412451162231,0.9330277401771221
0.9144531215022266,0.9164801823592851
0.9288565792300673,0.9285451590297772
0.9322974450871512,0.9322803803765618
0.9217317529836233,0.920413071636792
0.9190789858230252,0.9181890387247456
0.9072720760842659,0.9088884857769699
0.932325502287936,0.9323501307909032
0.9074309466674065,0.9080888825114988
0.9319096530904238,0.931981291461768
0.9090215049385748,0.9091774793886286
0.9178654551805361,0.9171242737293234
0.9076618095196345,0.9089509021996939
0.9166113631491491,0.9170120782557966
0.9074944318611016,0.9078385476178887
0.9075676974344028,0.9075706045532012
0.9285440740895803,0.9283940675261289
0.9076799402825145,0.9077983941569676
0.9076600994768746,0.9081500106258206
0.9081645180782634,0.9084353491854023
0.9268868838114428,0.9268747070789888
0.9157062775364444,0.9180726205483772
0.9207115970677577,0.9192445878975117
0.9325476187284499,0.9325760177297012
0.9074504311429225,0.9089275930770954
0.9139513377635258,0.9134270739424202
0.9250884618161006,0.9240234397944351
0.9306713017308156,0.9299374013229438
0.9278892670766095,0.9272712221801094
0.9235231803395201,0.9237360172117149
0.9290902539099168,0.9279158024895251
0.9328176050927962,0.9328698536597703
0.9318101333398618,0.9318030972243043
0.9319391226367393,0.9320372574125291
0.929107031805995,0.9285818035142946
0.9147692140809542,0.915867175420901
0.9302418165498341,0.929881842633273
0.9327275435445568,0.932616183106266
0.9215105568695919,0.921181784961263
0.9321837125721257,0.9322091967452312
0.9325356130893088,0.9325989011540657
0.9075282062425901,0.9076445588357093
0.9075957714209423,0.9084358893721113
0.9329732618677671,0.9329656630038332
0.9240470094228623,0.9212556785756546
0.9215348073681291,0.9211891603376483
0.9315478205438262,0.9312202311278247
0.9080718751677036,0.9083578138527028
0.9285058686116231,0.9287015245653264
0.9075167349152682,0.908367222888832
0.907611518162649,0.9076100597082205
0.9078347728655196,0.9078354690168645
0.923999303014997,0.9248208685311067
0.9317861590533623,0.9314017807251183
0.9082091300034368,0.9080493653361404
0.9074438515792813,0.9075431170871022
0.9075165150440428,0.9081075218917084
0.9116661663817688,0.9113215577178875
0.9147735486316076,0.9169698258660364
0.9074726107340395,0.907677253184139
0.9315497071715106,0.9312836437144304
0.9147644236385545,0.9147691943176665
0.9030354791807467,0.9030358788611581
0.9074739393629824,0.9082739254197729
0.9078267398633028,0.9085372880906105
0.9235258019426918,0.9233698085456126
0.9309290216353505,0.9311424146508529
0.933008980796107,0.932979912623177
0.9326136386515615,0.9326542529544287
0.9314588381010981,0.9314789057142799
0.9284204635950425,0.9283017693998373
0.9247481364336151,0.9248880568408399
0.9329176291685118,0.9329644812811353
0.9328781874493434,0.9325563905085952
0.9058534036874124,0.905850410209034
0.9318107558427935,0.9318953208747245
0.9314612642347698,0.9314430204591889
0.928561800366142,0.9287345022228655
0.9079443206067493,0.9081170525429829
0.9261847796136767,0.9261489873424229
0.9283328872469185,0.9281961876358017
0.9116247785648894,0.9106195243879709
0.9127315280155816,0.9146184908429683
0.9328671637515942,0.9328124873837047
0.9289697292234957,0.9290907427361429
0.925314817499805,0.9253145213148269
0.9313095802695782,0.9313854095642955
0.9146015511481146,0.9123075632413444
0.9321784628719082,0.9322727843755672
0.9074527219372152,0.9093417230864916
0.9299839522194827,0.9288710474951162
0.9150892421855922,0.9204647474261894
0.9241643816030216,0.9247782193639165
0.9081079546452899,0.9087078878187281
0.9072948224459744,0.9072956513939663
0.9154389067672979,0.9182820608743784
0.9077058593984182,0.9077014867979761
0.9324693097838914,0.9324699797057003
0.933069231879137,0.9330609192064281
0.9076810492582973,0.9076608476127079
0.9089112742520212,0.9090572643246406
0.9258169471340947,0.9253995672632707
0.9330412311708677,0.9330074675099237
0.9072134480631407,0.9078274032361625
0.9265841781168834,0.9268499340362544
0.9250255888968766,0.9235747602090459
0.9132684644674262,0.9110845254237985
0.9076877187664814,0.9085355601063674
0.9075277095766733,0.9075281647626232
0.930528422367456,0.9304797412187601
0.9307983826287324,0.9305824862059694
0.9295340660545433,0.9281012680124678
0.907656836185935,0.9078384069211498
0.9081975984342542,0.9113496738811677
0.907572133695259,0.9075722010679147
0.9080275084372127,0.9081424752452133
0.9074915236551012,0.9083193524414834
0.9079107456770114,0.9081468142831411
0.9076390495496306,0.9076397920141779
0.907457653384537,0.9074667661824981
0.9075456198079183,0.9081795471762847
0.9081336389315384,0.9083135821873347
0.9079187427512514,0.9116415182914824
0.9324842542632841,0.9323941468714569
0.9112243896217062,0.9105035081920525
0.923380180550684,0.924194764669692
0.9075410159078691,0.9075426158138022
0.9207577103414557,0.921559276472933
0.9216435427194937,0.9220377251771106
0.9330716498528391,0.9330455926761578
0.924988302969338,0.9239381055651976
0.9320958142222314,0.9322866442573706
0.9251028554092477,0.9250103933359616
0.9324601022176968,0.9324855321092319
0.9076231312752698,0.9076231957542741
0.9076737539069284,0.9078891698344503
0.9288948551032857,0.9289528640008615
0.9074963125693075,0.9078677085402422
0.9082922109086117,0.9083564020969384
0.9079064694054061,0.9079076505876398
0.9074233544229069,0.9074233971425484
0.9073417165972125,0.9073401866308156
0.9185433189553379,0.9178956825230173
0.9120477428878275,0.9158860540966226
0.9075505127375038,0.9083343535397888
0.931236114731884,0.930993731500115
0.9258865607858355,0.9261018494444592
0.9315599266355002,0.9315007697235772
0.9261875635281125,0.9261044723510554
0.922286796615172,0.9212802909704654
0.9071826969880803,0.9077318310179723
0.9283202256506452,0.9287454928412964
0.93286087629062,0.9328122076408795
0.9112482639695716,0.9097120026270104
0.907716812120829,0.9082499296311947
0.9327901531319073,0.9327562709126596
0.92944865279334,0.9257768565855303
0.9074966515967807,0.9074993846773768
0.9077942684971739,0.9081151341756483
0.9198648721380457,0.9211740689265643
0.9327415477322586,0.9327469672587267
0.9271804827735576,0.9275378970114001
0.9301324654398178,0.927834112229805
0.9091013688088001,0.9086056011571455
0.9073718608475556,0.9075970169482177
0.9325304683476865,0.9324706782046798
0.9164613190165695,0.9148494673387211
0.9258453335977326,0.9263252936404348
0.9071555245600307,0.9071560678141344
0.9075445900553039,0.9081859108488172
0.9291605758361035,0.9290167335782086
0.907503605970643,0.9076253849009622
0.9295437085822725,0.9282571833554638
0.9249985037507883,0.924901337348927
0.9086983645508276,0.9085237780390811
0.9303986015519511,0.9292934340850547
0.9295153160449406,0.9296336917861747
0.9090020345216415,0.9086992367435629
0.9249764009319325,0.9212834358626746
0.9078625983571487,0.9081532620163071
0.9329480104587073,0.9321652096149586
0.9079900742527205,0.9081906506083242
0.9329070059720628,0.9324753516105854
0.9307849812893866,0.9304244051957447
0.9073757401419453,0.9075687348276753
0.931082208189501,0.931077505424248
0.9323344044431383,0.9318063637405238
0.914533329757073,0.9130003384297182
0.928962617337803,0.9283708728615057
0.93180266174054,0.9314293883099887
0.9075843593051066,0.9075848471841396
0.9315893393682144,0.931312434534102
0.9078487270439648,0.9087607614684301
0.9327795419358718,0.9327359022445393
0.9076267234290314,0.9076305606018635
0.9072785180596282,0.9072780956195626
0.9088452759969242,0.9112189096302536
0.9323359991773278,0.9321869286436716
0.9308542080845444,0.930948990213928
0.9166769302137314,0.9160795381706833
0.9193326859295925,0.9185484559608925
0.9158722839895358,0.9177872503293976
0.9223321350839183,0.9238635317415816
0.9328189075028694,0.9328154373682359
0.9102718561816877,0.9123112117904936
0.9325613961311515,0.9325916611509995
0.9257251695737234,0.9255980808419914
0.9288828152482879,0.9290366206130178
0.9072116748431583,0.9072117780265606
0.9179402428569218,0.9179834761693106
0.9326004875065266,0.9325456957486271
0.907677937674518,0.9082850903953376
0.9329046132880302,0.9326347854043484
0.9081116736380381,0.909752810101613
0.9076036486559588,0.9079499711062156
0.9076008835872715,0.9082186919948095
0.9096226170783682,0.9090932367616176
0.9246372290366518,0.9254785330919659
0.9310134664585641,0.931057592322105
0.9301572779848473,0.9301835899635631
0.9040725631821557,0.9040649154721474
0.907613127059643,0.9084546356332688
0.9327165237314277,0.9327228869653885
0.9076040903268465,0.9076137968059125
0.9073721969153098,0.9073723050935576
0.9220925700895328,0.9214482466759801
0.9123888378824938,0.9116735279426443
0.9129494393398147,0.9126884785925473
0.929442835547673,0.929341828077318
0.9079851681348933,0.9082161533730725
0.9074719457285467,0.9076809458813606
0.9195591346891338,0.9222399239337297
0.9074779219828811,0.9075946568458478
0.9247119855547071,0.9247896201525653
0.9256364780640296,0.9235897090710946
0.921720654585698,0.9216644948867829
0.923608120529761,0.9210259464289833
0.9077863985151395,0.9077865585297156
0.911842045783581,0.9142982857124556
0.9078573714328397,0.9079979698758239
0.9075601364240842,0.9085579003449626
0.9124962718763574,0.912338349631819
0.9147514780725403,0.9134579587801306
0.9310235706161853,0.931093806114528
0.9076312077621456,0.9077760605875485
0.9079508069166141,0.9080846615319571
0.9291867875854665,0.9293293511133431
0.9319620796886527,0.9319905279401094
0.9275155383623681,0.9279351425712621
0.907398593840038,0.907603210154912
0.9076184575650803,0.9076880046423145
0.9071590749471404,0.9071602451778122
0.925835340654706,0.9223332888147263
0.9325636766308556,0.9325976567525904
0.9074584937277234,0.9076920733255609
0.9297150857994756,0.9290281717973639
0.9315470887546825,0.9315577858312895
0.9077816663961695,0.9081702076981205
0.9072216501786619,0.9078661270467292
0.9325274777776568,0.9321970933589528
0.9259694997828023,0.9205966299364365
0.9212039550832314,0.9210634672997356
0.9099997734627095,0.9096422901712511
0.9080268550962005,0.9080785497133336
0.916552943974674,0.9151846980854941
0.9310437450953338,0.9300889163341644
0.9201616537741869,0.9198612976879218
0.9303501612101946,0.9304910991283109
0.9075834462202721,0.9078764668259771
0.9329888965681244,0.9329659271506549
0.9135002029843485,0.9150123034921305
0.9076606741594492,0.9094346760885957
0.9074793656263065,0.9076748523368399
0.9289973425698546,0.9292835278090653
0.907979032551952,0.9081958815728464
0.9281829219722837,0.9259756153973997
0.931646899976926,0.9316274128722148
0.9078724082247964,0.9079541909438613
0.9104908158472581,0.9098814694870601
0.9126562336275533,0.9092733020607636
0.9310331646553957,0.931093086843853
0.9301813344111637,0.9302217775111781
0.9328349193444216,0.9328781569794437
0.9229801555529169,0.9227761382393039
0.9317993764722019,0.9307841607289749
0.9302163948194453,0.9298624748225383
0.9137387037372248,0.912203988676017
0.9097721414244107,0.9113419781895904
0.9071117045414695,0.9071140150486411
0.9285966596389219,0.9280851143198593
0.9327133376962252,0.9327225685426979
0.9108526461821229,0.9107830373568959
0.9120573750905239,0.9130640292251607
0.9254040821637892,0.9248182207146233
0.9280186707283414,0.9280097134163947
0.9155593328199112,0.9187127754552351
0.9251800108747593,0.9249717766832961
0.9139747685721618,0.917006953580691
0.9278798462131889,0.9265471251048875
0.9075515886012688,0.9080624132153727
0.9074597274026676,0.9076680674204547
0.9084118632086785,0.910204038234005
0.9077409377257559,0.9077413082509038
0.9074874189522686,0.9088369185120636
0.9074442154221235,0.9074441568719513
0.9239746061278062,0.9242902530745551
0.9099213381732772,0.9089917822666811
0.9261153205234613,0.9261036991474273
0.9328762789807581,0.9328480637170443
0.9077068205508417,0.9077072902109127
0.9268953137520365,0.9264343021076988
0.933028147801244,0.9330077232995667
0.9306219107047673,0.9306845936809285
0.9323151581913431,0.9323584681623237
0.9181959998190993,0.9180868310910577
0.9163541355882734,0.918957000344701
0.9200152563502074,0.9203823584323773
0.9074523315550982,0.90926140829249
0.9133463085679941,0.9146346871852664
0.9180523916980456,0.9174679501521448
0.9075487848298346,0.9099086544850087
0.9156513707035323,0.9144998678707055
0.9076825858210539,0.9084333785046426
0.9131282872088726,0.912333010960687
0.9326740395582238,0.9298994993270031
0.9078612732819226,0.9080993206821557
0.9309775842489346,0.9309769791959291
0.924560806131156,0.9246358755661808
0.9191301080119536,0.9173853984567103
0.9076600825560694,0.9076603128564363
0.9076560523571396,0.9076563222749718
0.9243859538301711,0.9249294885065278
0.9126809577278931,0.9139138451905913
0.9174688666339584,0.9184706378998804
0.9076152960523485,0.9076164400644425
0.9260789682427049,0.9261790236432926
0.9074241380729222,0.907424632273204
0.9315816302419606,0.9315940624813207
0.9265739744501292,0.9268875140380192
0.9320324659845042,0.932026739177435
0.9071781704940673,0.9078047646247198
0.9296235935027456,0.9267021996261995
0.9322178438250268,0.9319562397641359
0.9128644922856565,0.9119583622150723
0.9077097925656903,0.9079058638275711
0.9076398693595488,0.9082056850945692
0.9329962159895938,0.9330196921311814
0.9130975936720911,0.9127924443877578
0.907439177089909,0.9074379474760265
0.9131148452252459,0.9122510079113545
0.9077380024720871,0.907738030274848
0.9230419146756816,0.9232724902040311
0.9262596440756975,0.92633130458912
0.9186088078080947,0.9209242745247207
0.9078549527457129,0.9078395461674522
0.932690583840211,0.9326592535446904
0.9078430461321141,0.9078404867254793
0.9178933211614354,0.9197200266555439
0.907557269752664,0.9079322151098984
0.9112644010556072,0.9103864209208246
0.9305186252736756,0.9305639464315205
0.9119468623313844,0.9122253626532211
0.9315028464003686,0.9309620767955903
0.9068015185251782,0.9070902911050966
0.9064561194955517,0.9059381415838577
0.9110305420441369,0.9131051219835062
0.9075448008028436,0.907732056923512
0.9197569157019841,0.9199326377713996
0.9094919322925658,0.9129564526911149
0.9133023401690902,0.9124287292883468
0.9202623496434695,0.9201441067292785
0.9095702585833636,0.9092966420502344
0.9327358926739199,0.9327818217947191
0.9328204670644551,0.9328427139907426
0.9074521048420628,0.9074747020642968
0.9083686279166717,0.9084140294256636
0.9246625402263016,0.9235672869468259
0.918079255686464,0.9176577288127007
0.9327891306750875,0.9328183558912866
0.9230335813465821,0.9224054909268837
0.926070063284693,0.9265800587240153
0.9104455255769791,0.9105568296171765
0.9117780690056259,0.9113713145520328
0.9192966767564386,0.9195488192889303
0.9276598809084761,0.9281977971111772
0.920081225192349,0.9225710211143341
0.907733034764784,0.9081393712581264
0.9237072202715249,0.9236245388701486
0.9158760606917226,0.915386153236674
0.9077753397478571,0.9077756314006106
0.9316968324853719,0.9316904482696157
0.9289219112278717,0.927795812235161
0.9281495733599415,0.9268301291851551
0.9202343896574714,0.9196275022402318
0.9104352015556338,0.9102879287121459
0.9076902805789278,0.9094130179472407
0.9253778079312386,0.924605844014802
0.9317045884297698,0.929796223684615
0.9299558272945895,0.9296005873911457
0.9137496514063308,0.913369152861194
0.9117987765101514,0.9108792390026711
0.9071551180794621,0.9076524971119827
0.9309715015423826,0.9305067637043927
0.907229040684095,0.9087084068089921
0.9074126940634485,0.9079372404546926
0.9215556446531361,0.9217783782815766
0.9330108150268399,0.9330007194666886
0.9217989735967759,0.9206167449102922
0.9111203232365649,0.9105496080652212
0.9279322271360803,0.9282430190317211
0.908055424344151,0.9081797514972045
0.9153213198599419,0.9125433500138774
0.9218542241902853,0.9211171302940907
0.9072105352013308,0.9072098233360468
0.9298064893177035,0.9288040068081739
0.907666316803038,0.9076538046334115
0.931592353452584,0.9315982155949254
0.9076663825013751,0.9101089954712775
0.9178808298328911,0.9179299212461061
0.932891980183059,0.9328343973181853
0.9074326635670241,0.9076529759586823
0.9308985423223701,0.9309611466917361
0.9311136944583219,0.9313643278753361
0.9146933488968988,0.9145936313416412
0.9313306577993682,0.9309444349077463
0.9304007680804522,0.9302457283396268
0.9324162415479791,0.9324152099794886
0.9194977501342181,0.9207983435099171
0.9326053199808193,0.932558987479104
0.9135197626543997,0.9102517683387716
0.9320335603659609,0.9321082914760147
0.9076002736828229,0.9080159730347599
0.9075382914353628,0.9075447370609498
0.929720447383412,0.9298486178946839
0.9165454145364634,0.9172945151445963
0.921661163867447,0.9215376018979977
0.9157676256562719,0.9152263387041307
0.9074404657882653,0.9074395247019456
0.911086232730791,0.9123103559519968
0.9079478808463611,0.9081377825246517
0.907437283851808,0.9078678010358905
0.9206144686224165,0.9206941414863508
0.9309146559438639,0.9292935228994357
0.9074863602509142,0.9083237061794649
0.9327947380293033,0.9327968213784327
0.9277964247709678,0.927620366530013
0.9212040881879346,0.9220636694634513
0.9214212391997086,0.9231343558422174
0.929279465261007,0.9291050626171372
0.9278751282131028,0.9274924315548884
0.9328487256178419,0.9328235313136006
0.9324091586211832,0.9323623452253278
0.9158776729684606,0.9124910205441615
0.9214318024925013,0.9210870359217129
0.909016392367204,0.9087997530857633
0.9072543407721869,0.9074229983347881
0.9308340739616598,0.930273756594324
0.9079305026393785,0.9080326308254046
0.910094102403992,0.9096630297520819
0.9148737129897363,0.9168133183876521
0.9327418611665891,0.932733766348631
0.9078258442425609,0.9076120385387949
0.9140692455651116,0.9136609563076129
0.9076510669092547,0.907639731669568
0.932711262317168,0.9311196654669732
0.9273751740897331,0.9273807928090168
0.9068701339693644,0.9070464471233589
0.9073981229419961,0.90740625457048
0.9078658491383447,0.9081441963269876
0.9076221494685294,0.9080298005589001
0.9202645768717228,0.9201955705750222
0.9125293827422908,0.9107369012395565
0.9329870391451023,0.9329859232140149
0.9214310672731161,0.9218528535431357
0.9075658380025413,0.9081737501942249
0.932032783042627,0.9320819061295802
0.9072446402153876,0.907941587798817
0.9081001319547879,0.9080618031706966
0.9270884402125976,0.9272982344261038
0.925344248038489,0.9223421767929615
0.9092173302000889,0.9090328749685813
0.9152398847895071,0.9145951251166566
0.9323659736438765,0.9323734443312446
0.9328364772345551,0.9328164072915094
0.9327110988468078,0.9327020846520669
0.9284579561127705,0.9280221933327673
0.9075179631155239,0.9080176854581107
0.9119457647771633,0.913117990328001
0.9328751499274852,0.9328982577219507
0.9075496347112649,0.907732114730602
0.9076600074218116,0.9076560335095294
0.9076560679353473,0.9078355584024029
0.9071202792229855,0.9071204157827281
0.9083965354391818,0.9082783955921084
0.9075435387591433,0.907743800718804
0.9258966743674463,0.9259075053191372
0.9072562776018934,0.907476435219753
0.9037605062756682,0.9090632747402901
0.9297809406123653,0.9299200863135654
0.9315792286854437,0.9317323175216496
0.932410146640396,0.9322424329805635
0.907655119188878,0.9077830905338505
0.9151609474025495,0.915108850750058
0.93024786954802,0.9265989978002571
0.9075849912719436,0.9078118679925532
0.9077352068688018,0.9080938084401788
0.9078087553798265,0.9079966378838645
0.9085125684467554,0.9082767380914228
0.9078828363076674,0.9079776859449368
0.9328053269892598,0.9327994796426534
0.9090030104274832,0.9115302657652998
0.9072793077198483,0.9072793373107173
0.929639368892494,0.9299770867499655
0.9076736746671169,0.9076710113925331
0.9101131377608813,0.9099836983629795
0.908651003229526,0.9105247116954481
0.9172760827870783,0.9167653157409655
0.9124811134150126,0.9120755509490014
0.9075105369992735,0.9075124577303986
0.917554640416271,0.9157313138147083
0.9316260269762641,0.9312510764616322
0.9270862954853059,0.9274261774545965
0.9284113676655497,0.9283807920715469
0.9076530863639996,0.9076527518387598
0.9201651991870281,0.9201288067874345
0.9261044512860706,0.926151444727407
0.921093035204079,0.9216013851614048
0.9074672965111764,0.9077227763920547
0.9075417022929512,0.9076938635866669
0.9323410249589182,0.9324355908342755
0.9150247627907897,0.915030610595284
0.9078789645858076,0.9081870476223135
0.9183194779559312,0.917956640566989
0.9270125221973634,0.9272362138354289
0.9135750730648896,0.9134493172959379
0.9073827946749572,0.9074056746742981
0.9121048711081734,0.9114242116728462
0.9260469574568594,0.9262216085710382
0.926725662339921,0.9267547027550667
0.9076726920306961,0.9091742542708227
0.9325838273802188,0.9323844128236373
0.9165941142078061,0.9158633546993076
0.9113733427298114,0.9104059738001091
0.9149797622782426,0.9159467926741357
0.9271018380906557,0.9271434608891599
0.9162244241947329,0.9196209201567406
0.9154646534242635,0.9138912336499325
0.9184482827648351,0.9187183038504585
0.9317971134427904,0.9317819808559561
0.9194926579298374,0.9201968323874935
0.9075893867351034,0.9080416463341732
0.9263657808200161,0.9265731070815015
0.9244585540968946,0.9220720637603185
0.9292702249754081,0.927901923331829
0.9074297652493242,0.907585653491548
0.9080913743149054,0.908241899980173
0.9317422258089552,0.9310611573616164
0.9075299246361002,0.9080017689203737
0.9185434934570796,0.9181646769169066
0.9321214753466972,0.9320982322046139
0.9099844362262055,0.9094560893809337
0.9302750317624657,0.930464574625715
0.9076361942786462,0.9084780433977164
0.9076012376775037,0.9076055124286841
0.9296187761040077,0.9256714126039316
0.9327757123082765,0.9326916543123918
0.9077068943401807,0.9077075237054011
0.907401925541773,0.907256939407553
0.9076039870770183,0.9076229654340139
0.9271824182279342,0.9259741904273682
0.9142708386922279,0.9161748942373142
0.9173629208306001,0.9201596251040169
0.9330246810703614,0.9330205291870404
0.9316465424209283,0.927552409855433
0.9077391316094137,0.9077389052362997
0.9076420742709673,0.9081144229594219
0.9329310318626277,0.9329230843655815
0.9120555917257477,0.9115029250628827
0.9078664363086798,0.9078677061055077
0.9077177454269854,0.9088738765852724
0.9327779241431444,0.9327917539849127
0.9329264697230786,0.9329430249295168
0.930450964547535,0.9296107509948329
0.9078328750696739,0.9082756828134899
0.9277415078941259,0.9223104026761336
0.933098401041636,0.9330633320659628
0.9328323754738598,0.932763310201775
0.9304897414310113,0.9295833872452154
0.9204339798060583,0.9205649377328071
0.9188150272509362,0.9179085950043856
0.9078390656932197,0.9091763802626305
0.9115249206467473,0.9159638667571247
0.9326657890882981,0.9326229827375595
0.9328424074410083,0.9326896692740706
0.9076027332119081,0.9076421772030705
0.9309797788176813,0.9307882164384267
0.9320115119466056,0.9319722582491913
0.9078762134390264,0.908157855022305
0.9090501080987654,0.9089027508683803
0.9076547537281956,0.9076428543513343
0.9111703977471239,0.9106119617080551
0.9278323614007387,0.9278332708483792
0.9078419179830322,0.9078333165645261
0.9234849268115222,0.9216337938014847
0.9289432441733416,0.9290687771539159
0.9251948338169437,0.9229621483956191
0.9146211111817296,0.9131957162524448
0.9076175065821512,0.9082161954983146
0.9327254219582899,0.9326830850166878
0.9076685680704152,0.9076693463150659
0.907600038601981,0.9079647167139473
0.9328302090635893,0.9328271469936169
0.9329806255101175,0.9329892655827817
0.907660677676166,0.907658882010689
0.9200987198600651,0.9202714899393993
0.932688715538461,0.9326688699389025
0.9077046465779235,0.9093061674006551
0.9194703468517259,0.9190441815060229
0.9079752766006641,0.9080801839870944
0.9328237902724463,0.9328117469750029
0.9076231919424308,0.9082483113069411
0.9331189775957509,0.9331154217026827
0.9065967458136107,0.9065892213383807
0.90785069793381,0.9078506246475466
0.9133202238530529,0.9186844204955003
0.9138369828120504,0.9123163694016809
0.9329340571943233,0.9327673733390409
0.9231393960487632,0.9214490682023125
0.9077019842302422,0.9080571450770278
0.927821890201838,0.927387629952291
0.9262982169853361,0.9231638243854097
0.9249934322776161,0.9252577548631816
0.9075567772247081,0.9080659190538776
0.9128806419243248,0.9128602652372482
0.9327365108491249,0.9326667320550114
0.9328041450417559,0.932796590998418
0.9111314272697897,0.9132435510088613
0.9075491650683015,0.9080752790954767
0.9315889642133436,0.931418759462837
0.9306943771443643,0.9308630072226712
0.9311232286809004,0.9308592534821224
0.9112749900258208,0.912803197494762
0.9075969448282385,0.9082882784580524
0.9156318671029507,0.9139669269307259
0.907818146739064,0.9080901528638318
0.9105093252933993,0.9098399257537362
0.9147599963130655,0.9165466072818285
0.93251641183677,0.9324022665805037
0.9105771455557495,0.9109901724869358
0.9250321253937942,0.925376934212722
0.9077401545049386,0.9077815231375307
0.9249536201880126,0.9257255066847888
0.9077629896697186,0.908554050342742
0.9125799876345089,0.9115427714019921
0.9321504740067063,0.9321692820742224
0.9324581201983235,0.9324095619154541
0.9297171829521328,0.9286839130423112
0.9309808583785864,0.9310089763616822
0.9072096029225634,0.9078328068878048
0.9329920911310349,0.9330299682351091
0.9076949656642413,0.9076902687839906
0.9074554352639039,0.9082469020332166
0.9186075603802356,0.9187614600791852
0.9312819339321047,0.930743130110144
0.9209395135783572,0.9218022447677222
0.9242883555295925,0.9250120590613921
0.932853272685194,0.9328565119817462
0.9076277354919103,0.9087991455225024
0.9173501293103381,0.9166069376030532
0.9324431407889283,0.9324510667307584
0.9075951122720931,0.9080472568335722
0.9219175855661053,0.9215945129220116
0.913397382963282,0.9120256782040144
0.9319693959421269,0.9320941520787845
0.9230973947459323,0.9198137690265962
0.9131484347818845,0.9169327815690319
0.930967549229194,0.9308521596903614
0.9243683177101516,0.9241968328048425
0.9289727637225994,0.9289549042432711
0.909199650003173,0.9085942774388499
0.9078829199944893,0.9078832138202465
0.9138197149507705,0.9156809154411772
0.9161688831837886,0.9198287123773585
0.9079066828478154,0.9080380730921443
0.9077440784611209,0.9089046766112299
0.9323340505226995,0.9324257677894531
0.9267387137520665,0.9268839429939908
0.9258487312841405,0.9256499727747812
0.9229677253963667,0.9248645938099174
0.9203726619320836,0.9198861062938193
0.9075957718258549,0.9075975531869134
0.9252993605217626,0.92422793625275
0.9074467937751061,0.9076856741619346
0.907361437108099,0.909704799256788
0.9086308537025714,0.9092368564255444
0.9124159307337123,0.9110454937233498
0.9075309732152265,0.9092400138686082
0.9287617503773006,0.9285731508054083
0.9124919246172534,0.9136883502936343
0.9235733642888159,0.923825888585654
0.9137016306624157,0.9117834693681539
0.9233843593085123,0.922966914087719
0.931554817659264,0.9315347586188217
0.9076607782757617,0.9078586822501948
0.9288167414299788,0.9289301999264914
0.9327131530415341,0.9327287903720979
0.9066480601496901,0.9066435630202689
0.9255870285955637,0.9257406476830287
0.9076403739275306,0.9076808102474664
0.9322145279208375,0.93185678446973
0.9259907674363334,0.9253249323752797
0.9074471936490124,0.9074472968220482
0.9079610570392451,0.9079617730840823
0.9071629714715687,0.9070942067707609
0.9076775200160782,0.9081534310521144
0.9267023255208942,0.9244158702426301
0.932466679004927,0.9325634961498133
0.9071896548768706,0.9071907243879629
0.9113507492206965,0.9135464414687395
0.9137922063392101,0.9129236191900729
0.9330253842679839,0.9328680896966361
0.932839486628317,0.9328760469436377
0.9214406917124017,0.9213379895883673
0.9213839428034654,0.9238971879203243
0.9320147220529378,0.9319758012341333
0.9320852766002683,0.932122125753935
0.9141701815413515,0.9124685554288746
0.9321465627033351,0.9320745683563512
0.9286076909789542,0.9286591765217642
0.9161139852672768,0.9144326353953939
0.9077827692240127,0.9079328189850758
0.9217183248402945,0.92204315329728
0.9076473234165537,0.9076503455685225
0.9324053048849616,0.9324206295128832
0.908066310560408,0.908578852342146
0.9075965332861117,0.9075974610130659
0.9076115597892352,0.9076260887593258
0.9042283095075083,0.9038892623067172
0.915549047777456,0.9140703619758113
0.9323353282495696,0.9320336580798894
0.923423109054162,0.9232690085982944
0.9325288063032948,0.9323813523385691
0.9076748234677121,0.9081345523703138
0.9284613896575711,0.9284534370500682
0.9077127635222303,0.90798089285404
0.910935651815384,0.9108032482671148
0.9321660497744785,0.9322054753351223
0.9261785663593985,0.9260311310753861
0.9075831904290704,0.9086238055564483
0.9069344573410225,0.9069337510634976
0.9329869468094972,0.9329890085820274
0.9256748133652856,0.926362898538067
0.9122937908638753,0.9114988613962133
0.9233436055781319,0.9234274469892084
0.9076183781958234,0.9076187704488032
0.9076872789451736,0.9076999545391748
0.9246628668425998,0.9234364549622563
0.9318830750766406,0.9319049447717727
0.9322796682403753,0.9318096759759961
0.9081593491958057,0.9082279974671608
0.90837906334199,0.9084532004369895
0.9080789730457147,0.9080434771897674
0.9076983789900916,0.9085638631147733
0.9326396509241532,0.9307467409701498
0.9292824337165149,0.9294030780797984
0.9129262346154161,0.9117108958722093
0.9326762005735729,0.9326386066675397
0.9018562795723056,0.9018517033557929
0.9188012963009017,0.9189398227655992
0.9076089657288838,0.9079551490797649
0.9120979572232231,0.9099158724837164
0.908247913274605,0.9088293087167366
0.9232211030895211,0.9241045350761202
0.907708380665487,0.9088317916190056
0.925505468819006,0.9259127273859536
0.9077135819209081,0.9079023074200085
0.9327661950955626,0.9327849141823134
0.9076455150607234,0.9083003065075002
0.9077474776572402,0.9077401956211097
0.9078253789354368,0.9086899296209979
0.9077019701053497,0.9080867691297955
0.9105700937256815,0.9112866884582987
0.9156046785510085,0.9154894745016098
0.9325951119796636,0.9326118960910011
0.9071526976466617,0.907155419372555
0.912976808197701,0.9116244656006122
0.9102014860879007,0.9091610061806786
0.9075178628118643,0.9083472530125156
0.9324463757523173,0.9324442175565012
0.9319784407628278,0.9314746983841001
0.9128216840517008,0.911992317643305
0.930951948101471,0.9297360738795851
0.9099545195197818,0.9107037776196951
0.9130975545751329,0.9155450628800565
0.9086509836121412,0.9092369095483431
0.9201300640313708,0.9199651911543418
0.9078198449092939,0.9078240680377848
0.9182291149777821,0.9204960701805502
0.9195341608145078,0.9195297501060432
0.9077761404317712,0.908144391586779
0.9319164789701705,0.9313054912220943
0.9321797131767104,0.9321242286376453
0.9323790044729605,0.932286955899234
0.9262132914738116,0.9231960476654525
0.9319322080061336,0.9317003123233752
0.932435527333095,0.9323861001445544
0.9195182840718995,0.9204663658148077
0.9326893745561499,0.9326928371530631
0.9075829220636232,0.9078726686865166
0.9076870849831594,0.9080884497087273
0.9328939192120461,0.9324203175976166
0.9072634104734322,0.9079609862653514
0.9283453549662704,0.92580118896169
0.9296960427642703,0.9296004855672898
0.9236266784231968,0.92372307786077
0.9071142655814965,0.9071139036582807
0.93234482562541,0.9318777624624986
0.9076636968837082,0.9076559188024005
0.9327026805271273,0.9326802121122175
0.9258544259127446,0.9260657236144146
0.9068658258883944,0.907219511972254
0.9151386713232915,0.9127954283580485
0.9075616604464927,0.9078509781841949
0.9076680046547234,0.910925821477991
0.9068813177858385,0.9069435533205508
0.9322894671130322,0.9321850227753175
0.9200075887579938,0.9201381600501553
0.9127372461329339,0.9150398463930643
0.9322745350790367,0.9322772932724872
0.9299418817769086,0.9302135467490363
0.9080766880882584,0.9079485625219464
0.9289370503012002,0.928873344576753
0.9079749148683302,0.9082675396568071
0.927177741625515,0.9266076772172944
0.9299808240504704,0.930117484662559
0.9314123409371466,0.9313114186797198
0.9072598625246463,0.9075079187436582
0.9149551830543698,0.9150317109459758
0.9323003610951048,0.9323274444997742
0.9328980544375766,0.9321212126141671
0.9163438876096374,0.9191091481402354
0.9324316183817993,0.9319985897952456
0.9079581004174356,0.9081449867764401
0.9327052384009956,0.9326965810030937
0.9285652651677323,0.9270041173100939
0.9191951888367191,0.9188859546668452
0.9252692386009164,0.9253825248395618
0.9294814633142812,0.9293641968132408
0.9328915423949237,0.9328306248980576
0.9076662305716025,0.9080305914500346
0.9231543934091827,0.924050994927801
0.9319426108529851,0.9319353075243965
0.9163688284751441,0.9170322737606719
0.9100971509898564,0.9090528857410176
0.9102391718315593,0.9098626974369786
0.9316246380588413,0.9309803359842355
0.9320991914661927,0.9321345861331638
0.907676145947163,0.9078343473784019
0.928690791668998,0.9289305876904475
0.9317122900099855,0.9293001783167293
0.9074362819853478,0.9074368243226241
0.9076976066388293,0.9076957742399846
0.9193820152000757,0.9186042872021558
0.9074322380789163,0.9086209295535075
0.9303022542097544,0.9304220769586342
0.9316567542135993,0.930208807045796
0.907629772191615,0.907630724833517
0.9315985019174946,0.9317402193293003
0.9076569884962993,0.9076651390979991
0.9265144566532757,0.9254547382486412
0.9323845173004437,0.9321195156294151
0.9075538033226371,0.9075467656818873
0.9077756697865376,0.9088904153849462
0.9078117498949206,0.9078117261412847
0.9251019427245423,0.9251475730034483
0.9082002968238323,0.9084126309716913
0.9074063773767054,0.907677932449474
0.922315913413965,0.9208510712711383
0.9215388685842681,0.9200560582321708
0.9074651994106432,0.907642091847442
0.9074960272929921,0.9080908726129064
0.9133491900849177,0.912335102271618
0.919039069397568,0.919322425763852
0.907589164516794,0.9082076871427962
0.9320455648101262,0.9320531816650879
0.9084185893646012,0.9083356783588488
0.9327495368316187,0.9326952145826037
0.9107818102320904,0.9101067805850014
0.9078040804047643,0.9083682871309358
0.9099720003948558,0.9096803032922784
0.9323337471298605,0.9318309463379212
0.9079045679706605,0.9090932831322561
0.9319031910852869,0.9316448174562032
0.9076534336103202,0.9076511064337103
0.9076682458330957,0.9076715570702686
0.9111700126375067,0.9120537132855796
0.9314942230412725,0.9314096999399959
0.9328021053529411,0.9324199803885661
0.9318052930070044,0.9293855577007684
0.924547496957956,0.9237657412638274
0.9248126402384297,0.9254797331317327
0.9090100341245902,0.909111261409997
0.9281508419589061,0.9282036076540345
0.9286417313387947,0.9287317775360873
0.9308981029681914,0.9310083937447645
0.9158683788708533,0.9166769382716419
0.9221282279397903,0.9227326657799617
0.9084586987967321,0.9084149723699921
0.9262605926799325,0.9263229388165232
0.9072477666295007,0.9074817348559953
0.9288124947302754,0.9290863754677369
0.9293682160702196,0.9292227768536676
0.9322361851935923,0.9322302162556957
0.9088103647185504,0.9106002320463172
0.9179167770166025,0.9187074482482366
0.9093415860492263,0.9091379346742314
0.9307601250288896,0.9307393472400836
0.9220745948662351,0.9220589256760242
0.9283069608779899,0.9284230614889374
0.9328041186025762,0.9327064873276966
0.9077298085216583,0.9077298846404946
0.9250141292458541,0.9253434956386275
0.9232719431785167,0.9207521420444923
0.907594541317731,0.9082242073156079
0.907580178415788,0.907945385652506
0.9091577096763617,0.9093651843442645
0.907598189746855,0.9075983371098014
0.9099983201718679,0.9095922843080686
0.9139662840773887,0.9118776677778985
0.9074082189489138,0.9079339783609118
0.9328667429074102,0.9328558881429551
0.9077798591213259,0.9080909003140987
0.9298006172569651,0.9270409531887635
0.9078202552683617,0.9078966771879671
0.9130991491796356,0.9153598181374946
0.9330600983335817,0.9330471828311763
0.9242477585617954,0.9240555128848067
0.9114727882171637,0.910831875120309
0.90962714834811,0.9100168502430347
0.9297102532048601,0.9294663177834948
0.9314102882979725,0.9315317223098637
0.907883280696719,0.908853945301297
0.9291817327081067,0.9280444400804015
0.9128072324430703,0.9119233042304064
0.9076348886466865,0.908049050553877
0.9327317238747761,0.9328025788466288
0.9276167270406859,0.9261901511256752
0.9079435757161521,0.9082495289143573
0.9230281339831814,0.9221708325373494
0.9079344597424361,0.9079356456062768
0.9273501390982506,0.9274897550001936
0.9326406907596745,0.9325539418661009
0.9089026192086427,0.9098160268977806
0.9316662960513242,0.9317794968411617
0.919832121076064,0.9205939828781243
0.9074394204099715,0.9074400244220016
0.9076253973914292,0.907627386279063
0.9076869243304058,0.9083262286381829
0.9078359024421029,0.9081837383458032
0.9081037709519697,0.9083343054503747
0.9073478947297018,0.9075747547372923
0.9076079383703525,0.9077893851310678
0.9015777621989406,0.9015799668582161
0.9291784040190146,0.9290665580283582
0.9228044020460682,0.9241126459618259
0.9077757615699282,0.9086091288450819
0.9171614870821131,0.9182860256044179
0.931447771520423,0.9300617991805695
0.9300489149321255,0.930140688803816
0.9076097432783501,0.9083331184985142
0.9075565671955652,0.9081193933008975
0.9074209349616865,0.9080025459786879
0.9040072126411325,0.9040000514335822
0.9078662782565258,0.9081854727181973
0.9248712834538919,0.9252570650249112
0.9167351863249129,0.9168246921129212
0.914877253407133,0.913680426566618
0.9221052642751011,0.9216790471551433
0.907493583748386,0.9080672880811841
0.9289388790999068,0.9274876667317797
0.9074010483621154,0.9074071190855222
0.9078815329229094,0.9080736691640268
0.9221171620841776,0.9218925662248403
0.9235387828300516,0.923144735758817
0.9252454588710376,0.9247071159673497
0.9209114595258606,0.9205873155667882
0.9075283135838558,0.9076806496637054
0.9180466791933124,0.9196934979831427
0.9189097798838207,0.9181860702052107
0.9270036644040986,0.9275644818568445
0.9015632895261129,0.901559354338917
0.9185703829114711,0.9165969682823998
0.931433565219115,0.9314617846515344
0.9230049459269972,0.9194993971141446
0.9125505748744455,0.9105912674075927
0.9100878622498462,0.9092162547110041
0.9078503231830065,0.907850399601861
0.9197480121023219,0.918998114253132
0.9071433340918197,0.9071452195693513
0.9088341473419196,0.9084568663045097
0.9291999943656647,0.9289938540896343
0.9329652423873941,0.9329540716159549
0.9071133292160133,0.9071130722684521
0.9107957888619489,0.910351921727802
0.9325599598420332,0.9318208466647502
0.9075218237903739,0.9079129352256881
0.9179219537417913,0.9176268733116844
0.9072219206293745,0.9075218221136585
0.9078332853918805,0.908652485666218
0.9320290401664297,0.9320214345161232
0.9084292843129971,0.9098960807755234
0.910624597834838,0.9101488414804554
0.9187523762196603,0.9188205065775444
0.9306747375930204,0.9307284675611979
0.907666942235297,0.9076777429025665
0.9112978614044833,0.9108134255117225
0.9318203906825994,0.9316771742299133
0.9301801505404192,0.9303962265154933
0.9076657227388762,0.9076663087883293
0.9327509453982461,0.9327304052439955
0.9178540012795761,0.921409280082895
0.9158646344594127,0.9144181185375122
0.9074488826312482,0.9093856572274603
0.9078482285065397,0.9078483921432988
0.9322499655088373,0.9322515642830411
0.9326396710097129,0.932638632783269
0.9330351628637392,0.9330261675149761
0.9076090919680457,0.9089932028640529
0.9076532852794051,0.9082079870257128
0.9076574501307716,0.9082860920554097
0.9076243324402276,0.9082580897093716
0.9329629593537323,0.932939354485177
0.923057659804365,0.9220600684863759
0.9074478150158601,0.9076724764556314
0.9120812290480574,0.911932252938412
0.9326776442027911,0.9326860469089204
0.931212128328302,0.9307468694198225
0.93074347864267,0.9297746342324364
0.9208015939428688,0.9205702655069095
0.9131345761901523,0.9167243559332569
0.9080834678401946,0.9078450913542474
0.9331220739339934,0.9329136078169971
0.9242377511190042,0.9238316449026316
0.923015662774708,0.9227335528518152
0.9283106357794197,0.9274415721843162
0.9314335492603205,0.931192215943724
0.9159152290153257,0.9156146999032307
0.928453407506908,0.9280323521617225
0.9076527791383826,0.9082319271670967
0.9076608376325702,0.9079942569890425
0.9270895679601341,0.9276754229880956
0.9073117360300266,0.9074323920473346
0.9140098240587979,0.9112157003737269
0.9156157957781205,0.9176183457528718
0.9155779050409013,0.9176742844557053
0.9264727224989165,0.9267077388914171
0.9087913854997783,0.9084358260447871
0.9075378107769135,0.9085566553827378
0.9164146501122966,0.9150375590523572
0.9222366135594495,0.9225272933546258
0.9237965819169246,0.924877685501788
0.9076117508187149,0.9076147882744833
0.9328448018487984,0.9328279180164347
0.9161157789759621,0.9158368922832074
0.9324045395097168,0.9324836167211251
0.903301585917949,0.9032947576337486
0.919235019769191,0.9194422431787479
0.9313862205879724,0.9314625886835861
0.9279812936139533,0.9257005701657295
0.9076287575715035,0.9080834751507584
0.907586951209933,0.9077783088593708
0.9326758345906905,0.9325135945941997
0.9322086258087455,0.9322117318498735
0.9079192258982762,0.9087791012554038
0.9331359913069515,0.9331297447155009
0.9146307040601578,0.9133133704446464
0.928587325590441,0.927427794248722
0.9327177746881046,0.9327350285184209
0.9072896268385674,0.907342767336558
0.9327429619438359,0.9328216070938196
0.9075444446313676,0.9089128465511326
0.9277755331264189,0.927815663702395
0.9220099682439766,0.9227474192104789
0.9264147115460699,0.9264997627120435
0.9327242805971134,0.9322667988040084
0.9244503182783766,0.9244055290727664
0.9174442074651914,0.9173309829118275
0.9318854242896315,0.9320276078410585
0.9116397904899025,0.9155776118747453
0.907435977042466,0.9078427903347197
0.9078503709575825,0.9078504779231641
0.9302042818044342,0.9298285672955331
0.9256655530393659,0.924132651358186
0.9325168878098798,0.932359495084708
0.9297008455479602,0.9295705476136237
0.9076567587569989,0.9084529199932839
0.9076493705557034,0.9076501190044992
0.9075414971516709,0.9078399557401524
0.9232636928232347,0.9203802276387207
0.9316478449238939,0.931569669619434
0.9075890548887835,0.9090977205977313
0.9317237337288702,0.9316377244016963
0.912396249894077,0.9123635287538332
0.9077124542018932,0.9077132239010639
0.9257363312606542,0.9258463925428282
0.9293829555024039,0.929157755581465
0.9292670250764585,0.9284961667395172
0.9076060677496508,0.9076128495050882
0.9211258158956723,0.9212507322959095
0.9183055492802297,0.9194254629546985
0.908300763876836,0.9085229859604095
0.9075568090219026,0.9086601497020588
0.920604218165639,0.9204283158387248
0.9076586917135815,0.9082778479003557
0.9145404165855742,0.9156637721024237
0.9315734980134693,0.9305877469317153
0.9168959097534138,0.9159709737431672
0.931140372232124,0.9300074673531582
0.9097043931253592,0.9095340794092489
0.9179934562354952,0.9174374684741283
0.9324011691124398,0.9323729228776554
0.9078883033889992,0.9081247798030018
0.9271685315072913,0.925316181976803
0.9281262221541509,0.9280363478634308
0.9325579883015025,0.9325751748499579
0.9161490955046688,0.9169190452438261
0.9103916699965839,0.9097782790734041
0.9329085439456848,0.932894216467492
0.9111873608152069,0.9099519968962473
0.9304210474827773,0.9304678388863163
0.9307094456265642,0.9302118621350001
0.9078492168101848,0.90784325836342
0.9219990671029151,0.9220121507233966
0.9072006603148638,0.9072118677368103
0.9075320574730773,0.9075312038098902
0.9078254294726726,0.9078248229925235
0.9326489704989793,0.9326028267957797
0.9313032625153225,0.9315860133260415
0.9152928545797654,0.9134422993644371
0.9073077919320267,0.9077688381280322
0.9266457741200682,0.9252128764360457
0.9086865157015855,0.9086564525177091
0.9311209251759552,0.9311790169557765
0.9076196107857403,0.9076201378852474
0.9076070748624198,0.9082131252777832
0.9279470377168615,0.9281702512055606
0.9328242092620684,0.9327648452445658
0.9120516130806198,0.9115358343832801
0.9274947977806921,0.9263829362193985
0.9329888428966188,0.9329760855889145
0.9323416636930283,0.9323268566507048
0.908333438092294,0.9086840036806653
0.9082463872193798,0.9081596458028016
0.9076692486217776,0.9080936789804217
0.9075928056289523,0.9082223729610328
0.931183207401094,0.9313951047437411
0.9331091346993248,0.9331119012678496
0.9075864183149379,0.9077757012607506
0.92254673421049,0.9232852855454717
0.9269571434446515,0.9268461492866582
0.9235677947853659,0.9229025115486712
0.9075494005470898,0.9082666681491112
0.9166983098925228,0.9148381917133057
0.9076619190652867,0.9097972112494177
0.9077739135085433,0.9090882389116062
0.9226878182429992,0.9220763681610654
0.9326280397376936,0.9326515652408054
0.9074726876392067,0.9075305347608862
0.907619042936782,0.907904145672453
0.9324791548731862,0.9324443319562639
0.9108561678595309,0.9100644950108482
0.929421562317128,0.9290573214324159
0.9246062129074123,0.9244208037037076
0.9089110181570168,0.9089992558307639
0.9193061249358353,0.9200590722574682
0.9246648980973774,0.9249038516617323
0.9291621921492387,0.9290622042739504
0.9285752118736618,0.9288853395787621
0.9328761043955334,0.9323753247297514
0.9076598506057526,0.9076595087548646
0.9083885145196842,0.9091733015190093
0.9272893402189492,0.9276488401388454
0.932187018063455,0.9321199449189085
0.932577548657875,0.9324731078750886
0.9120760707006069,0.9109194825414033
0.9015427915374407,0.9015401527093472
0.9077062680133337,0.908875313577892
0.910673724276554,0.9104505906549339
0.907499120943618,0.9075049705218156
0.9312673242755446,0.931267370721265
0.9170351690338491,0.9162224052175095
0.9076142555785053,0.9078933612316016
0.9320335290986059,0.9315218476469543
0.9328415307131692,0.9326109303045077
0.907654021990543,0.9082508104513203
0.9327814482472171,0.932790127549102
0.9240053548062187,0.9246404481862461
0.9325660739716481,0.9326342105554869
0.9087345568544339,0.9084266270109367
0.9284213477194853,0.9276163473880702
0.9271933383194388,0.9271326439123336
0.9329774443470731,0.93297021099012
0.9065759925807451,0.9065776904294506
0.9078263157876819,0.9083510633577453
0.9175213854981465,0.9194423717295132
0.9234108979541664,0.9224915719081155
0.9303855314193255,0.9298997415269374
0.9074513382509672,0.9076943442057168
0.9075849460622017,0.907588438992442
0.9329942819509021,0.9329660686369423
0.9075662294707075,0.9078606593722448
0.9208841565321715,0.9216284145677359
0.9220811350610234,0.9227429858101379
0.9076233981741813,0.9076235758695634
0.9227624387981243,0.9203074571636085
0.9075618516664713,0.9076159384171574
0.907275521112854,0.9074599382450539
0.9322879162533927,0.9321851575532533
0.9326617981629287,0.9326659723776133
0.9083783876677507,0.9082473816410758
0.9077841820098128,0.908051510026652
0.909142529479021,0.9087889144585672
0.9076501696349719,0.9076471257297949
0.9326967191921072,0.9327268196888326
0.9077382947127514,0.9077383690938974
0.931199985654952,0.9309208270236708
0.9071110511411641,0.9076666463908293
0.9075830838325147,0.9085082343452868
0.907669428826769,0.9084081162978274
0.9097450913372163,0.910090395325124
0.9306812696353881,0.9292083278837776
0.9080120256584224,0.9082105340065988
0.9327396218351859,0.931082964740491
0.9237677936505897,0.9238163296263948
0.9049099704044898,0.9048912469125616
0.9328311834074499,0.932817318822094
0.9318429472726271,0.9316621902228459
0.9290930974468081,0.9289247962196301
0.9329212861796986,0.9320131748763429
0.9078505265980599,0.9090768101971212
0.9199886952542536,0.9207654176757835
0.9074119353143845,0.9074131223873763
0.9271797218813677,0.9273184749020618
0.907774632095957,0.9078942450901032
0.9079187777316108,0.9081636781908934
0.9076528887391656,0.9076472178929335
0.9081188821009837,0.9081594217563028
0.9168218216068873,0.9163412217435476
0.9091728441446862,0.9091001799438773
0.9329824282463003,0.9329038276340456
0.9295459938405201,0.9292714598318008
0.9328876850492746,0.9328588556881767
0.9075536657051392,0.9080076214246918
0.9325633181620384,0.9325994374019791
0.9077083389367854,0.9077087326930545
0.9206748226140877,0.9170532567423031
0.9307214350410753,0.9308010446839102
0.916648324574217,0.9166710154969337
0.9140427103542363,0.9139872591756789
0.9290865845018318,0.9273862898883983
0.916061408882265,0.9143112060292448
0.9150367401369871,0.9127889862778429
0.9273474979485128,0.9278920605358293
0.9219764009888671,0.9220832765996855
0.9255990887713265,0.925474934554111
0.9287249802873062,0.928794989920798
0.9071712146510182,0.907924829173458
0.9245639913722329,0.9247787068807733
0.9077889912727565,0.9079563375433459
0.924981871126265,0.9250097519567859
0.9330337904616766,0.9329999457850197
0.9087624940093284,0.9086692928032523
0.9119807202294453,0.9106910815468151
0.9076740970274103,0.9076802440936532
0.9078285313820806,0.9080938757341486
0.9076036686932633,0.9076070760705813
0.907601557252743,0.9076058626805161
0.9328311953247912,0.9328850243178495
0.9273807469896416,0.927448743233661
0.9092398194419999,0.9086981370187002
0.907832737420595,0.9081055478598588
0.9316993256341861,0.9306850894812179
0.9321408077546222,0.931865872390439
0.9286681247891767,0.9292684235810029
0.9314539234497285,0.9314526406066161
0.9079049475576637,0.9078945338566514
0.9076555288397488,0.9076520265053349
0.9206012651463577,0.9215510810834605
0.9075895242532513,0.9086500921556606
0.9184115861470223,0.9173909782001632
0.9074435898015463,0.9082750096469959
0.9091899437101889,0.9088377622879582
0.9265564212898705,0.9272648416585071
0.9076788804227781,0.9076780542462912
0.9078395044674741,0.9078399772623265
0.9327330148058143,0.9326529316660751
0.908144312567106,0.908394477908664
0.9104681564544922,0.9091019980150797
0.9303070935669623,0.9298289244612842
0.9127359889478341,0.9123465594024174
0.9326735986416007,0.9323153751306122
0.9161994322813608,0.9127784882787037
0.9323160321644701,0.9324289717312269
0.9244008185490162,0.9244434228724782
0.9329245757658858,0.9329428003866067
0.9313248269925986,0.9304483123018175
0.9076559990124394,0.9081108079112313
0.9077693449564271,0.9092599832275552
0.9078566003910415,0.9080234191789853
0.9312647434469183,0.9311944987873372
0.9214172641119822,0.9208694345592598
0.9090967162668954,0.9088787793488344
0.9226228904814393,0.9241411195547954
0.9291021752120523,0.9293646059153418
0.9315992797596013,0.931489256663086
0.9300212729192692,0.929882486629126
0.9278816153056085,0.9280934301756129
0.908623028275543,0.9081867571418346
0.9297666405537014,0.9300229120781315
0.9329813961194674,0.9327104705257594
0.9123132978952334,0.9109860432042598
0.9278420575900246,0.9278703940121272
0.9068731838114322,0.9069780949338684
0.9075780605552856,0.909356369888116
0.9077844728099864,0.9081383284807513
0.931562323058616,0.9308786951824685
0.9243294008791278,0.9210199053342245
0.9154960309414835,0.9150245363584744
0.9324221865742198,0.932434068030227
0.9076490932127308,0.9078539507941464
0.932901793372688,0.931818204906931
0.9248089473528351,0.9241464594551897
0.9146211184982151,0.9151574654414384
0.9203808386999695,0.9204022385158892
0.9078973002956388,0.9079241602084064
0.9329286617073387,0.9329407693415267
0.907641676649727,0.9096816869825224
0.9328195673099673,0.9327617198910295
0.9317644046930024,0.9317510562493176
0.9163904492267462,0.918581122892244
0.931378061111964,0.9309479718078078
0.9184392312686571,0.9205115484526643
0.9323921182812713,0.9323388738424486
0.931363208962304,0.9315194833806446
0.9087159542144999,0.908655791337866
0.916059813201645,0.915690521775433
0.9118031676563743,0.9127690624773863
0.9165893795132075,0.9139887662603472
0.9308281794059609,0.9309987802946985
0.933013844124598,0.9329967347733508
0.932601017207553,0.9326312500322632
0.9328283036518161,0.9328059375451149
0.9256184150932967,0.9254071828951557
0.9077798973896927,0.9077804024194285
0.9310117645015166,0.9310909165022704
0.9206116395830568,0.9207345511068845
0.9296672095261238,0.9290589406601012
0.9274014494420706,0.9256508379407655
0.9286932208452363,0.9278509114772144
0.9210001162739817,0.9209751947134701
0.9188571549355905,0.9189975419110199
0.9241991736723476,0.9247359924470672
0.9189563255651498,0.91910136755246
0.9091578868750796,0.908927491934044
0.9283739111015452,0.9272309956313524
0.9326673293432582,0.9327197643546998
0.9209853012420823,0.9199431293657487
0.9077764838535555,0.9077762647513106
0.9200743201917523,0.9203814842928933
0.9326498922984291,0.9323680699110249
0.9254356184060036,0.9255922091146954
0.9179925484857205,0.91743220259048
0.9291306486075995,0.9290624016610127
0.9219089204452695,0.9223373801462666
0.9316404141370798,0.931684716049849
0.9265355161026005,0.9261366776149588
0.9248110340975902,0.9249372675624005
0.9178169551441636,0.9176768193268658
0.932430515480205,0.9323208794246282
0.9328732069061407,0.9328198413701899
0.9306809540722752,0.9304827253918401
0.9303350455209985,0.9303147846214896
0.9312965577063858,0.9312175207919091
0.9074903633111028,0.9074898415859519
0.9074521135935584,0.9081826874729438
0.907446378247075,0.9076909640631834
0.9291249085048723,0.9292940866197157
0.9075924193041888,0.9079200832930228
0.9191778032568044,0.92157431758447
0.9329950485061442,0.9330083557356436
0.9072746640428431,0.9072901615385126
0.9074577880603393,0.9088065893700871
0.9076468315587277,0.9076492506234065
0.9075495691652066,0.9077634771216343
0.9141739325293182,0.9148595320308321
0.9221157689096797,0.9226498900770141
0.9021362635958348,0.9022739887558079
0.9184517409535634,0.918520597180531
0.9103432767626936,0.9104092821283293
0.930485431503807,0.9303803628191267
0.9318695349159035,0.9316443475492894
0.9327488943278115,0.932738718355207
0.9280974862895486,0.9280595990728143
0.9262992051916709,0.925961245729403
0.9077067557853918,0.9079762009244686
0.9106223499233231,0.9095299404502668
0.9079117673644302,0.9079156276515229
0.9145596169013784,0.9139059744265055
0.9076783093437587,0.9081572185783972
0.9076062416099971,0.9085029432606572
0.9326822319180708,0.9327130069418028
0.9308346893099515,0.9297124962989904
0.9077638147793113,0.9092505257041077
0.9124444973376156,0.9117978841881778
0.9329082524179462,0.9329041786605262
0.9082558241268284,0.9082649836174519
0.9316273390332903,0.9302089473999378
0.9107569758802223,0.9108691904341516
0.9084288379406068,0.9080683016146973
0.9065496872576948,0.906545813777836
0.9076643619652066,0.9076640294807876
0.9213046809780732,0.9215917831450058
0.9089230986264197,0.9085918441608857
0.9169458278050227,0.9227028596512952
0.9075643235572464,0.9078584957013688
0.9074833065423739,0.9077445550273431
0.9078553027185294,0.9078426639241663
0.919956388135872,0.919621276736152
0.9075497022875318,0.9083054294091798
0.9182281215631127,0.9186481548603225
0.9265809402624063,0.9269616068182311
0.9142019499959619,0.91285479902715
0.9083404193982428,0.9082553744842928
0.9078666495715594,0.9092643875704479
0.9279735872285506,0.9285195415262005
0.9294380174041348,0.9291973754446725
0.9137444814156807,0.9140099881476713
0.9201203248775365,0.9210763286604241
0.9103700725160683,0.9099115430229477
0.9098807848068508,0.9092798274407621
0.9107425766043804,0.9104000008038685
0.9072118423702487,0.9072130350170418
0.9329944851760203,0.9326698275938956
0.9076273044567408,0.9080716617859075
0.9093671956365238,0.9107036000607549
0.9076823193005681,0.9076830320185516
0.9078262453699362,0.9077877546647036
0.9276583472532882,0.9262942700537719
0.9165600640222039,0.9171370604599758
0.9116763056041421,0.9095510897253202
0.9328935449231557,0.9329247268447916
0.9177827648260966,0.9184042916589977
0.9075174342236135,0.907514714999611
0.9324483009971092,0.9323816114841538
0.9175998211607768,0.9159366880422607
0.932470729185018,0.9324611312068639
0.9161387383198291,0.9156914387793372
0.9077108860813958,0.9078405090767374
0.9164440560468945,0.9145597447565785
0.9215042682665417,0.9217756976587083
0.9075684700467963,0.9078414289738608
0.9120316408378074,0.9116202166427705
0.9212795186899895,0.9197443822995551
0.9274137342017401,0.9253000361546019
0.9074570688740465,0.9077125838588178
0.9076291785826461,0.9076307228349657
0.9075090097539446,0.9081008601215818
0.9100945114785184,0.9127700476203402
0.9299152064578418,0.9302297023488048
0.9071675166786345,0.9083640357182348
0.9328493933714483,0.9328187272368984
0.9328570838787907,0.9328625648986469
0.9259287247214102,0.9266153502308617
0.9217911205022176,0.9211495755090054
0.9074802340684631,0.9081777820712534
0.907241158906667,0.90789860500743
0.907482031195485,0.9077497222390077
0.9074881732352791,0.9076075712811286
0.9115461810760926,0.9114861709109444
0.9075367691607964,0.9075362813457205
0.9079581548232696,0.9079390487935376
0.9076500522152916,0.9085563350641087
0.9076510421880796,0.9077741801014596
0.9228826069944887,0.9214693329968309
0.9075790592451174,0.9081678815145925
0.9152269689403657,0.9140906741986317
0.9175193373063482,0.9123152891176416
0.9320843637831203,0.9320807382944338
0.9288578938282014,0.9267746035872543
0.9075020520942909,0.9082772994653293
0.9330027486299665,0.9329927738213171
0.9124080137836124,0.9136525354638565
0.930668481277151,0.9304870848397786
0.9308781937304323,0.9308168575451938
0.9315840774072236,0.931151276475439
0.928641959193827,0.9274825509367193
0.9319736503948838,0.931305946491873
0.9074244931353125,0.9084254086826656
0.9074989616355301,0.9074981519718573
0.908173413183869,0.9082072465479442
0.9322797364975476,0.9323272735365434
0.9291099433715473,0.928536062039797
0.9322498296920076,0.9319198820349435
0.9329392168372864,0.9329641093859413
0.9076267309461846,0.9084656478618023
0.9180385166611607,0.9190891737443136
0.932650064546736,0.9325803508707149
0.910678691189488,0.9123267898918449
0.9116870050805955,0.9116609921375083
0.932430308832289,0.9324669584401474
0.9317358122611596,0.9317699248915389
0.9283990734224327,0.9280028653267395
0.9272452043650009,0.9276279960861453
0.931812880864145,0.9318087546893702
0.9285256243233512,0.9286783941886161
0.9242181209715581,0.9243779962030666
0.9074545580398027,0.9081776662455695
0.9074251736000706,0.907427299726543
0.909701790898712,0.9091120983367829
0.9107017568240064,0.9102785364857495
0.9290736535247394,0.9289567126038879
0.9303731162460183,0.9301591426603184
0.9077927560089598,0.9081324128991125
0.9077284790683631,0.9079414997133022
0.9078271231974658,0.9078280367824602
0.9090763294907971,0.9105794075709694
0.9071659194338411,0.9076551353464377
0.9082630792973102,0.9083004162606914
0.9254834021317463,0.9214558877671236
0.9076743446321315,0.9080955198019293
0.9305848460951396,0.9300064895535187
0.9318050146301232,0.9318458434644407
0.9328820012146497,0.9328949217344124
0.9324060958998872,0.9324338912652612
0.9079261538548535,0.907929632161649
0.9078951517923524,0.9079414320022063
0.9327525122349615,0.9327572309679606
0.9269345867313925,0.9264389251280609
0.9164887319716826,0.9162177864768561
0.9240812541819913,0.9243179959788462
0.907548166199821,0.9075483689859465
0.9326298181110305,0.9326455420363787
0.9325860749275057,0.9325541573108742
0.908130111947227,0.9081168179465222
0.933006195468661,0.9329799261681292
0.9076591921590658,0.9076627640420226
0.9330642012604922,0.9330512112645348
0.9322253006982438,0.9322315817568841
0.9298114357539495,0.9299082216193293
0.9076231276808471,0.9076078325460449
0.9320116835939798,0.9318475431179003
0.9076576338982969,0.9079195667425463
0.9317473072157216,0.9311041973865164
0.9076810798851093,0.9077086733325734
0.9141715652931616,0.914808586731073
0.9073828403676018,0.9075316464830329
0.9076539925131168,0.9080595695135603
0.9279498213315139,0.9254715838727536
0.9076271232381399,0.90813903786072
0.9288927354111478,0.9287655678341947
0.9074677482100316,0.9074689144736426
0.9329915194967229,0.9329600437611433
0.9327533432557507,0.9326146994605287
0.9189136528229521,0.9193012567092996
0.9122669708921217,0.91256814968021
0.9101262117775036,0.909459260493075
0.9319419359269994,0.9314023500648615
0.9085415468834436,0.9086567071911855
0.9076750097201757,0.908057167494443
0.9300518644886694,0.929833178329032
0.914865500501684,0.9138255015378666
0.9078585616344139,0.9081079060099347
0.9078301362934663,0.9083761298454184
0.9076624046672546,0.9094399262884515
0.9322185618463915,0.9319691726071676
0.9288287761085815,0.9288606672051065
0.9326046839271711,0.9326366974206464
0.9155047625091773,0.9139051467402587
0.9142358409671233,0.91159307093284
0.9304257420243564,0.9305260618939295
0.9076348170306549,0.9076281784804193
0.9072260446512221,0.9074589705436307
0.9328279566968536,0.9328791945040708
0.9081908997968282,0.9081693139874399
0.9237778777576185,0.9240842370130257
0.9319565178804795,0.9320588478975769
0.9327875792160745,0.9328039309626351
0.9086010628668522,0.9084801349656412
0.908158838957908,0.9083598964652392
0.9143011976560501,0.9135115304906536
0.9276554632160362,0.9252040565125651
0.9165870066665166,0.92015085083721
0.9111684899731208,0.9103794698929493
0.9284709460836065,0.9285317811087234
0.9236005885006661,0.9242377217556615
0.9238459592825801,0.9203768066029556
0.9254490985061103,0.9253990671325549
0.9079330886063112,0.9078199331019242
0.9328266523341627,0.9328310824147763
0.9172809650046749,0.9122704658919182
0.9129156103510867,0.912509436844311
0.9075479657098033,0.9075451201301235
0.9294212722573797,0.929362763440825
0.9322245727565152,0.9322009121693731
0.9077168271373437,0.9080819512594283
0.9228304133366914,0.9233956190975314
0.9075547956666798,0.908000006323769
0.9213956091534745,0.923521148615758
0.9226258849324186,0.9230422562990078
0.9306207973036227,0.9303934098305453
0.9076347622081872,0.9079764347245876
0.9077020593895327,0.9078899668041406
0.9076492892295687,0.9077343546372131
0.9077741621716684,0.9077765751126067
0.9076731189452474,0.9086999461490322
0.9169166832925387,0.9170838171865914
0.9078310873467673,0.9083880953385279
0.9316632085466607,0.9316466666961487
0.9275448457766796,0.9275508003349675
0.9246774351282144,0.9224641756344119
0.9326634483484985,0.9326656577845391
0.9078999459763165,0.9084035466821742
0.9218055710103457,0.9218331371126277
0.9217603915584677,0.9220634242071797
0.9084717001179148,0.9113839113737169
0.9109704550004035,0.914818021164919
0.9292469556378169,0.9292874841409102
0.9324453220587469,0.9324911682115535
0.9287896460503289,0.9274446281165558
0.9270421541658516,0.9270058104020252
0.929694090311932,0.9292921637206955
0.932175554730491,0.9320737036265483
0.9072785352609801,0.9072823414538782
0.911559572636007,0.9144331592298945
0.9329358085468609,0.9329254275969376
0.9259778288589032,0.9261524877731483
0.9074757847876853,0.9074758372467358
0.9077157218195994,0.9077141512119096
0.9306941185910066,0.930612206349917
0.92782266900965,0.9252951832549624
0.9076113120777729,0.907612905250406
0.9278081303189425,0.9278504474033461
0.907766676061064,0.9077356807223501
0.907451371270045,0.9078047484770495
0.926557976165128,0.9264702475058658
0.9257836939608296,0.9258169060837698
0.9330309510065863,0.9329905770559427
0.9276742722241873,0.9275698582311268
0.9077462218224277,0.909247059099816
0.9073957846569866,0.9073941773341927
0.9239202135058431,0.9244716156695623
0.9309123254330359,0.9309768291988176
0.9038949167911124,0.9038875576391391
0.9078533710519379,0.9078522559154294
0.9319233043430779,0.9319684009902732
0.9135284781718301,0.9134148889028008
0.9319388861871353,0.9320121682723463
0.9122918370419889,0.9115331136057097
0.9313492659377697,0.9313092643754846
0.9076356959489362,0.9080793389742129
0.9072434269267515,0.9074764589958856
0.9077130311951469,0.9077133300120169
0.9323931350904402,0.9323658136834425
0.9076216382683918,0.9076220654508691
0.9074704804230533,0.90747121971292
0.9307386799230444,0.930639071420108
0.9072469477426114,0.9077561178623622
0.9166101799794276,0.9164885258800183
0.9237855040833732,0.9237833462222466
0.9075602382594886,0.9077861153766006
0.907578859990039,0.9086618255596192
0.9284942496917981,0.9285141121875892
0.9077601300395556,0.9081075660054755
0.9269082419691893,0.9268899299801052
0.9297145496530356,0.9293030099048539
0.9266420771514953,0.924167449071354
0.9136823007940702,0.9145482913264276
0.910383359200001,0.9102635813686024
0.9110226587228814,0.913117541801992
0.9082473421106768,0.9081913815719388
0.9137466254970275,0.912272503847268
0.907657645380415,0.9076783882732761
0.9329516069434339,0.9320876268192453
0.9077430818413992,0.9087297491803671
0.9088356166429943,0.9082375213675757
0.907447336955283,0.9076587002692993
0.9327334036691589,0.932687283670345
0.9313269736058063,0.9310645451046168
0.9328345140322916,0.9327970511807654
0.9074949637810729,0.9077806711090459
0.9076362868878342,0.9076365993927338
0.9077473455701274,0.9077832222119706
0.9324135698714979,0.9325340752143962
0.9323762689070092,0.9311200461133368
0.9257559551148506,0.9252443812845492
0.907564774295717,0.9076194796020716
0.9076496372077505,0.9076501021788722
0.9087242702726686,0.9086887980003631
0.9330666816630823,0.933043980515172
0.9327371626387234,0.9326281902736058
0.9330550763730123,0.9326913966276775
0.9283951517149185,0.9285964644828113
0.9255596681872641,0.9254615588014203
0.9275911260305195,0.9276853491987274
0.9165330970621256,0.9149077644707916
0.9160026786666039,0.9172925128501095
0.9277095310208311,0.9264305546479502
0.9079274346192558,0.9080466580761601
0.9327386475564218,0.9306124589093873
0.9324705648085848,0.9323951210552256
0.9317905169371729,0.9317410885670576
0.9320394388241109,0.9319762067725034
0.932762177624905,0.9327624119461086
0.9319941987568424,0.9304898038169556
0.9294765779214771,0.9296953825784628
0.9075379742678955,0.907538407388809
0.9213376103603363,0.9235100292653449
0.9209380064619018,0.9200132390518365
0.9076732944823094,0.9076733930610479
0.9163253849505314,0.9157321087727692
0.9161799882105597,0.9154120648270243
0.9075449452268283,0.9075431677965737
0.9298698306220275,0.9291115821326074
0.9155822314646851,0.913725166323979
0.908470206761699,0.9084202289790746
0.9075004357452042,0.9078222352296828
0.914964133682499,0.9134886781199018
0.928981873238457,0.9281431665483324
0.9074335386882664,0.9093154675606888
0.9075006660742634,0.9083597524447095
0.915303873789497,0.9171669853893374
0.9326784343149968,0.931435123159083
0.910368335130043,0.9101080386526245
0.9313249139625632,0.9313536377589215
0.9179020714990681,0.9165696258082449
0.9074575316761168,0.9075817922548637
0.9119373424639794,0.9111785429114236
0.9103756516872314,0.9112288697091011
0.9324862224133122,0.9323454259274491
0.9257100049801437,0.9257000845123567
0.9317901139222289,0.9318611904301339
0.9185053763783679,0.9182643869291265
0.9201671599263219,0.9202261802166796
0.9328438085358957,0.93206070576493
0.9054878616193631,0.9052963611574179
0.9316855888414188,0.9314920825207501
0.9134542486953718,0.9127513355188956
0.9077402969806595,0.9082531584558597
0.9139297378678778,0.9116386426572781
0.9075250080466355,0.9084461136866062
0.910102046363562,0.9096373038235838
0.911253379762977,0.9108415907431087
0.9328003102679301,0.9326737423925238
0.9314102147814569,0.9313774603109458
0.9075678962894762,0.907569259793539
0.9312111321421962,0.9312614722783046
0.9323885916878135,0.9324008087391182
0.9129314593781032,0.9123232874519787
0.9331188923771222,0.9331133177073341
0.9074958620916526,0.9086549049963435
0.912862662313052,0.9153753853425074
0.9248529565332223,0.9251286124897697
0.9079052596784246,0.908140268020322
0.9319189379040617,0.92997146307704
0.9075940761401742,0.9076008901133134
0.9164857641423575,0.9189515308086956
0.9325412354986892,0.9325368330711058
0.9323519234531336,0.9324026752254077
0.9103737152488778,0.9117465933899069
0.9080520088235167,0.9080820046815772
0.9254726876267396,0.9244782924502581
0.9076499594312856,0.9076500240874309
0.9201750802562397,0.9203249606041254
0.9076957643462131,0.9080121213481371
0.9075701548638413,0.9082486133551491
0.9319727189198184,0.9321353748868176
0.9291274642240156,0.9278982384748434
0.9213479871945767,0.9217563452010437
0.9092703871733787,0.9087197726471179
0.9065801960830256,0.906272380675764
0.9074324915498384,0.9074372994263888
0.9110850167001667,0.9111055605408547
0.9160942539610211,0.9161939834010202
0.9145801172738982,0.9141228789980805
0.9273510856595005,0.9278560104832776
0.9328290258178645,0.9328227283003778
0.9128711108415828,0.9130966996731061
0.9082588242363128,0.9088931960320871
0.932527978672416,0.932468905118632
0.9325487194687352,0.9325539418661009
0.9076069728267442,0.9076104827276903
0.9330384823118153,0.9329726851527954
0.9076538683526336,0.9079597776966841
0.9130258324373034,0.9117089287328966
0.9075904852924929,0.9089052221486589
0.9329505943856279,0.932925365796804
0.9283282338437644,0.9282762815138444
0.9327869290522735,0.9328243757021856
0.9233268905403663,0.9237159471294099
0.9072715531954674,0.9072724166359962
0.9117692705757011,0.9113266343652278
0.9223994839934707,0.9221292517921131
0.9217619920667827,0.9225858160101663
0.9310644596621658,0.9303007289460813
0.9326162465779766,0.9323350505480286
0.9105774206563826,0.9146553930236658
0.9185752471985865,0.9183049264993501
0.9082540421455134,0.9083876652645931
0.9080482361380154,0.9081067011395504
0.9264127018663287,0.9267044260846766
0.9246151095351837,0.9268697115548039
0.9074056835235753,0.9082754451149367
0.9075430455970808,0.9075418836230422
0.9302406304989734,0.9299176433502305
0.9104840127284988,0.9092032760392706
0.9327300826743858,0.932768890952792
0.9313039871895055,0.9305450956778762
0.9173141801178565,0.9185088723417665
0.9078944512262942,0.9083545450869073
0.907954085458015,0.9079857298739366
0.9080000889875282,0.908034921859992
0.9074473441852886,0.9074474174410142
0.9326218192252607,0.9325515207861153
0.9281097767634963,0.9279087894679274
0.9154750197020701,0.9143631631685938
0.9075520637448464,0.9078551815988536
0.9129701971934534,0.9154467874329534
0.9277275049964989,0.9270405213362648
0.9116764533651227,0.9113738399928698
0.9054294344829376,0.9054243882180618
0.9237336418758717,0.9214805049144291
0.9321278633897357,0.9309553069202967
0.9328823420207676,0.9329040540866278
0.9084378020751522,0.9083310820095831
0.9331251217367084,0.9331228870140876
0.9213165590964031,0.9204909952891072
0.9316335744041107,0.9311289406655612
0.9076144842592584,0.9083699721974752
0.9076541132860348,0.9085102371700269
0.9310519523323965,0.9312477942399588
0.9077423746502732,0.907739088901047
0.9214212645755359,0.9246512148707836
0.907404231317214,0.9076635486231663
0.9164046438723311,0.912985088648327
0.9289992059722384,0.9290696111700975
0.9039438575450619,0.9039313270835158
0.907540356539443,0.9078484706393791
0.9077873202219858,0.908795944520778
0.9280740385831651,0.9278424794528931
0.9119054587386343,0.9110022627270762
0.9042513486310544,0.9042425952340853
0.9074725066424134,0.908012637652066
0.9284651586802312,0.9283017361962732
0.9074643791243371,0.9074632298914552
0.9254123702440863,0.9254046649794233
0.9075805893777038,0.9080941545475002
0.9075645257991589,0.9081134474136435
0.9327421891344552,0.9310855145113273
0.9268919400442651,0.9250633196216533
0.9076071806431488,0.9076073547101123
0.9115866719761657,0.911015844440927
0.90733005898538,0.9075570107098677
0.9076707541922308,0.9078909711273196
0.9286249862996478,0.9287846214370465
0.9076085257463132,0.9087375713699263
0.9164962808562425,0.916576304509053
0.9112406850738053,0.9115314105917521
0.9323985698883933,0.9324291566814383
0.9082554821885528,0.9081300738066568
0.9074026839777517,0.9086665237671189
0.9072019551199068,0.9072043685626541
0.9078661260613544,0.9080929558587179
0.9075637556768409,0.9079832042311062
0.9077000199926561,0.9086289796094834
0.9077823683786626,0.9082724154787257
0.91474015134997,0.9122050697129893
0.9091482955575101,0.9097407391985639
0.9327889610609263,0.9327061390515623
0.9192950387675582,0.9194947983854505
0.9258687072042734,0.9256947339120043
0.9284694587224689,0.9284701989969061
0.9084582569181315,0.9082247539505609
0.9324735826056912,0.9323377031780258
0.9326821716229518,0.9327322983743132
0.907662397083271,0.907663563193842
0.9076881822426361,0.908068910001066
0.907755099744915,0.9077550921000018
0.9073175829885516,0.9077634059818099
0.9263594248371705,0.9268055342758765
0.9077271543314532,0.9079634221487853
0.9077744652621161,0.9081562465544428
0.9279435102769535,0.9279427610382155
0.9077464085142843,0.9085540970584577
0.9077071407762053,0.9077043380680884
0.907375919120798,0.9088915683872664
0.918025933584599,0.9129954985810526
0.905463366651824,0.9055078205964621
0.9212244100994504,0.9202638369249346
0.9076745281098964,0.9084481225940602
0.9328985352039754,0.9328611921017056
0.9110522666439875,0.9110766659435205
0.9080144294868656,0.9082062365568986
0.9293577987503393,0.9291807305591223
0.9303261311108907,0.9289596966383524
0.9076553687678366,0.9078287849457933
0.9300107181761772,0.929852772634121
0.9136413607054401,0.9142248948467665
0.9093264167235183,0.9093153179456261
0.9172091155286209,0.919480100195107
0.9134045694464958,0.9142767267496503
0.932438469746782,0.9324124312371618
0.9038142845084036,0.9038072473570825
0.9075111158533318,0.9084502792016115
0.9296640170414144,0.9295712955008563
0.9112475412571168,0.9112125336248879
0.9181030110076297,0.9153393094930122
0.9074995414192275,0.9074990078362029
0.9247981465758037,0.9249024431184439
0.9323500323417421,0.9323397005167962
0.9309717806815623,0.9288609616743249
0.9250483903744718,0.9254130915372777
0.9076597902761319,0.9078814614564823
0.9290316939700355,0.9247393740605169
0.9252960428739463,0.9256521576546067
0.9325309990430138,0.9324525487394065
0.9329221518148567,0.9324987945582843
0.9065227891450416,0.9065222497736588
0.9305164819952784,0.9303171841323913
0.9078053395876727,0.908182190475236
0.9214830939584566,0.9222039744581245
0.9121813826216756,0.9106135120552811
0.9320346637135705,0.9319530579556683
0.9076281037275182,0.9076286579374532
0.9079481055229642,0.9099820168924893
0.9077706351775894,0.907992187695611
0.9222185014839925,0.9185949740165128
0.9309362829975086,0.930659531147602
0.9076788811312928,0.9076774393464692
0.9328620967284583,0.9328489367827497
0.9324618649585431,0.9324936366872107
0.9330998066607884,0.9330435326515576
0.9242193976906316,0.9231765559141348
0.9328481620302649,0.9328334762461664
0.9309110348351031,0.930719733298125
0.9077307375161292,0.9077490907909413
0.9204170780338125,0.9193228239158663
0.9262802271444038,0.9274827398686853
0.91177225420331,0.9122103544034162
0.9302936912335446,0.930454240293671
0.9262608813540988,0.9247650746742916
0.9161226112102362,0.9161596718632193
0.9324988705534331,0.9322316268945915
0.9071737738533963,0.9081672508863237
0.9150900818252934,0.9135455283009175
0.9308145376688299,0.930870240193775
0.9200355434286106,0.9214161291926085
0.9072043468567995,0.9072045309104517
0.9234007773739438,0.9214440278981805
0.9075603907362576,0.9081411139678082
0.9076961998866857,0.9085868258326855
0.9076083562583831,0.9078904349304554
0.9324405738136106,0.9325634050836927
0.9330126246909451,0.9329627109367427
0.9075547348241466,0.9082675671889917
0.9322856792636237,0.9322868710096308
0.9074728337190322,0.9074797905044326
0.9292449744419674,0.9289559276442241
0.9077669716706132,0.907914931637994
0.9326955178443286,0.9327272518175218
0.9079478192705288,0.907946616543678
0.9251133374696766,0.9254650398237871
0.9076746151807012,0.9076746956519776
0.9095435252142897,0.9127326549274184
0.9327172416236694,0.9326550506094615
0.925389302875116,0.9245795616982991
0.9085127893791048,0.9082464728895695
0.9116013091104235,0.9136790327272108
0.9314156616121498,0.9307696647870715
0.9281140223575627,0.9282519881359086
0.9074550172439013,0.9074554894359721
0.9304966613752574,0.9306184551625815
0.9268351697373841,0.9273832498966484
0.9183000659139786,0.9182707868597655
0.9307810466560298,0.9309446900318854
0.9327778489559553,0.9327033416862781
0.9326949082420563,0.9327153533352963
0.9078549895807846,0.9082648520884414
0.9075677186813011,0.9077756148200096
0.92808649524151,0.9277748871039913
0.9327381804333477,0.9327314252801426
0.9252477365183823,0.9253452982474556
0.9238720412745215,0.9226763968815309
0.9072952550630399,0.9072950201626042
0.9075919108752512,0.9082761455148392
0.9260158030322521,0.9261065708123957
0.925377001428151,0.9250433389703839
0.9278080442746383,0.9281056655810533
0.9311830238371976,0.9312364518626266
0.9075616843312386,0.9075675375610659
0.9078881258806181,0.9081158762923605
0.9115910749524452,0.9156883387380101
0.9328776441324228,0.9327977874649072
0.9267319981959418,0.9258207531206808
0.9123971531904074,0.9114480096370788
0.9323384840480109,0.9309705811650925
0.9290524559460954,0.9292600397527727
0.9124076495561569,0.9116694362395001
0.9074490926711378,0.9074515060222165
0.9300318686992103,0.9298081924535723
0.9308578695995559,0.9305408587650096
0.9129299008685763,0.9160817156153168
0.9314431267241373,0.9315766766074246
0.9076871503974246,0.9084096818475821
0.9072825723606861,0.9072821027286447
0.9121911983738893,0.9122118219328114
0.9078671750978207,0.9078687993452336
0.9074275774113908,0.9074283958818288
0.9328074199166664,0.9328317402048506
0.9190587271225462,0.9188775109443147
0.9226419819360525,0.9197427143578548
0.9074469246608283,0.9074474948726404
0.9071846811303109,0.9071857707379397
0.9068120864946173,0.9073182658968177
0.9227545815486681,0.9229907600930247
0.922570665793374,0.9227996261059945
0.9307316958174121,0.9267335787760925
0.9165239322134647,0.9165140705168189
0.9288348675269282,0.9291149655756411
0.9328673959323064,0.9328400973507991
0.9079730912691936,0.908327957812071
0.9074222167572656,0.9081219825686324
0.9111574122711882,0.9108769067744155
0.9179755802839211,0.9182558514842997
0.9249365213766362,0.92549801887918
0.9128121334882248,0.9145694011584314
0.9087906798270233,0.9093242346429333
0.907813711789788,0.9078144636836305
0.9199037988255261,0.9199199698647404
0.9265346789107066,0.9260420731289504
0.9133470256431148,0.9132976769749552
0.9279956634411319,0.9282956641233349
0.9289217309760888,0.9291544833477154
0.918395520321099,0.9175322809497968
0.91282441202318,0.9106918326479803
0.9077098908759357,0.9085301214606608
0.9076367678674839,0.9083751162478327
0.9243775284082302,0.9248480879946425
0.932761981917764,0.9327822906027045
0.9076690089451953,0.9079583224149548
0.9078219254047893,0.9087055630694245
0.9072299894485065,0.907757689139008
0.9076099924219923,0.9079191622836266
0.9271867873822458,0.9277664840032531
0.9329303401446446,0.9322539378873231
0.9240162266283634,0.9244009425566755
0.918417045904291,0.9184212389172696
0.9075569198822994,0.9081146680206416
0.9306473157452215,0.9306477174278828
0.9267501745333313,0.9270470693939413
0.9229013029108438,0.9220889717598406
0.9323511947612431,0.9323797026010705
0.9077835159155433,0.9081536050750529
0.9107631021640197,0.9105985239545634
0.907558288449719,0.9090429533830608
0.9243308810210855,0.9248000035659872
0.91340675520971,0.9160030666450517
0.9296907789709754,0.9296569975434565
0.907702137105447,0.907726611102477
0.9076467999447099,0.9080103526145096
0.9077383586946124,0.9077385555734517
0.9326114600580303,0.932209156075055
0.9295155051561758,0.9295737176702271
0.9074467669588597,0.907448034050953
0.9074464093563789,0.9074552333249168
0.907674846846975,0.9084214917781291
0.9076796618204858,0.9076803724510885
0.9074631551954665,0.9074667724832827
0.907862063619979,0.9078647093388998
0.9326961500353206,0.9326223235748783
0.9273902781850044,0.9274440966644868
0.9327467491052153,0.9327298044225527
0.9305531586545672,0.9302642513112565
0.9072274626908394,0.9075173429072356
0.9330158718878035,0.9330202186555328
0.9094716465359449,0.9093086627817162
0.9330934108664446,0.9323604667641108
0.9316466197933654,0.9314982061154682
0.9077070663766817,0.9087157494096608
0.9073753498612536,0.9073756366767866
0.92068324387373,0.9200436175364918
0.9075030173553871,0.9080898944948784
0.9075460669720792,0.90771456455692
0.9189134423921399,0.9185750481739337
0.9327048702501195,0.9327013023096459
0.9281642471441289,0.9280997852832266
0.9078650771068212,0.9078629619837855
0.9111615272499938,0.9108282116469693
0.9282966528998463,0.928437171117215
0.9065387588186138,0.9065394269038578
0.9329592409527225,0.9329376493228956
0.907625033040981,0.9083876137230286
0.9078105870732248,0.907797510727065
0.921443529822831,0.9227438184868901
0.9075609299325385,0.9092035454208438
0.9315032791048624,0.9312882284333318
0.9280967371612273,0.9277071585561276
0.9329423825436639,0.9329469041642838
0.9274643033661691,0.9258931826660222
0.9137009330948388,0.9128212093357105
0.919015844676958,0.9185292579111991
0.90794970536557,0.9079165531071227
0.9268114807683383,0.9264803322595246
0.928224878889214,0.9268085430269103
0.931448388267532,0.9314555418916218
0.9079191862284961,0.9081588420854348
0.9170918510035649,0.9152531786837902
0.9227871392951678,0.925552683115816
0.9074528779277873,0.9074534438686248
0.9083378001975749,0.9082013078798871
0.9028543953948083,0.9030451385483589
0.9071331046885519,0.9071324060506111
0.9296311673749278,0.9296424422852546
0.9322232268940375,0.9323168937402655
0.9323145182200441,0.9323405546606139
0.9084351368699245,0.9083215462912589
0.9223014293214123,0.9209578665120465
0.9101761094367576,0.9105809542094023
0.906492677137168,0.9064935036758279
0.9222825650949846,0.9222315611194787
0.9076860206451706,0.9076904221933465
0.9288132876201267,0.9283322273776783
0.9284629132294914,0.9285234322583531
0.9220720101006665,0.9214259567565867
0.9327705565632785,0.9327542950951263
0.9074660392537344,0.907466607959998
0.9328985858470881,0.9329031868859697
0.9072625520567305,0.9086704124564675
0.9321605250802472,0.9321071601162549
0.9193583644565603,0.9194403896934175
0.9289214228557809,0.9283171884292907
0.9075534859260163,0.9078337849322891
0.917643473011774,0.9175743731228679
0.9310669480993422,0.9306954182924505
0.9075255640111254,0.9077230492118088
0.9263699645980776,0.9269720453613323
0.9279379090835568,0.9279572684449807
0.9321955697775058,0.93224966626054
0.9080229318414161,0.9083381877708185
0.9239809224397539,0.9238947533881319
0.9326514046844083,0.9326411498147493
0.919543516455867,0.9195928509634805
0.928683446439098,0.9286709138587957
0.9328966136898962,0.9328981926814762
0.9245010258191153,0.9243854189032424
0.9076320491036212,0.9079065350449667
0.9083674062871077,0.9084369605379385
0.9075682967397268,0.9078576833908107
0.9075500318368043,0.9076671632635399
0.9316302321844675,0.9305856952180921
0.9325060892725943,0.9325038102913743
0.9080717335761848,0.9083761889401296
0.9073125077510581,0.9078481549254742
0.9308077693568633,0.9302242896162579
0.9078160247446295,0.9078324003454071
0.9087446065742365,0.9086116433816467
0.9078519214013049,0.9097322934057057
0.9075720235554539,0.9075720720388746
0.9273966679744259,0.9261234140380901
0.9322867609910823,0.9320985652858031
0.9315071039628902,0.931497279798795
0.9269474826807755,0.923439168845607
0.9076960660218238,0.9079644872252137
0.9159709650806578,0.9137729094530923
0.9315138151068503,0.9313246001634019
0.9272685437773932,0.9278213915970348
0.9114051570384941,0.9108117182105155
0.906816974413257,0.9074840618430522
0.9294166418133131,0.9296133771988473
0.9183101229714332,0.9181868493254783
0.9312450757677837,0.9311960595820259
0.9071233679891758,0.9073450053764202
0.907481660174692,0.9076504208375334
0.9317152677093082,0.9315955790191833
0.9077486820520322,0.9080238618929312
0.9290605887435565,0.9288876173057361
0.9081531160047767,0.908158065225497
0.9152522075085465,0.9145016455658969
0.9077435149062831,0.9076611642138177
0.9320127217523939,0.9315878725390799
0.9076196193781508,0.9076079805864394
0.9245389871319354,0.9242173080513685
0.907550376139323,0.9080934812809796
0.9096322316272422,0.9100796234368221
0.9300331975688032,0.9300533623278807
0.9243106446988575,0.9253173399376564
0.9075715016341065,0.9086000579087984
0.9075788262921886,0.9077153293636475
0.9320165048594051,0.9320858701604905
0.9074781865331703,0.9082163505298717
0.9215042549835308,0.9204925128153859
0.9211438421045498,0.9208398875717001
0.9075275632521619,0.9078929837118612
0.9267588003724606,0.9277195344163941
0.9077065119579312,0.9079223474356357
0.9323381407872365,0.9323542801103839
0.910179568744301,0.9096088863692638
0.9068836269410473,0.9068849984480566
0.9297857985496292,0.9298499821421105
0.9307268081588121,0.9297855843474409
0.9089452736344801,0.9087431405054162
0.9172998823683169,0.9205896664730779
0.9072303310710697,0.9076315244620966
0.9074531682921193,0.9081761377878529
0.9152091069811722,0.9148451635334631
0.9173784720060361,0.9162840327580928
0.9208846154753062,0.9207817022161126
0.9286982210921485,0.9285852052978122
0.932812160260559,0.9327981824474462
0.9153445914745822,0.9156076122695288
0.9105428571923199,0.9103128652854318
0.9170233184317927,0.9171647548373475
0.9100843700849823,0.9148840442429882
0.9116154341938904,0.9109901979526372
0.9169114842758367,0.915659597226434
0.907598998196912,0.9079796265720654
0.9076388541536787,0.9086479182237782
0.9076844322860969,0.9080617622725872
0.9077183068002266,0.9077198479423942
0.9074615147847597,0.9078649754871888
0.9312109703448308,0.9309857250749299
0.9188230780239716,0.9190210827512364
0.9226908570838025,0.9232621452884243
0.9315513926830329,0.931737553236508
0.9106060059061883,0.9100211790395225
0.9244032000385939,0.9238316192284148
0.9218289146058426,0.9211967032800991
0.9077945354792409,0.9077727225373655
0.9304063355531919,0.9298335914301589
0.9311340577694676,0.9296889516753876
0.9221365702347992,0.9216084798037147
0.9158319726678965,0.9161332092806503
0.9100282520733906,0.9090144698970621
0.9072026575555006,0.9079073077346455
0.9078330533618325,0.907828451857707
0.9068497965552644,0.9069836534599399
0.927421398391663,0.9271719285017038
0.9275171404852375,0.9274835418455859
0.9323871776694957,0.9322569926264173
0.928779715296734,0.928420298145772
0.9294449637058521,0.929573610475951
0.918435415388207,0.923069969219371
0.907403297625193,0.9077300358293451
0.9329611731790559,0.9329726634440633
0.9088010550080045,0.9080871486772222
0.9324613821855758,0.9325121355712893
0.9075914152784756,0.9086815114027967
0.9224970278189301,0.9241409712973965
0.9307822263535951,0.9309301089879943
0.9076306142467614,0.9084939047274027
0.9076959875977865,0.9076942868045234
0.9160346048952768,0.9218573488620898
0.9329931164523004,0.9329065925189998
0.9214940437151232,0.9219530087102477
0.9248882116025733,0.9263280351328652
0.9298993646551638,0.9296913337119382
0.9151712495958424,0.9130724101517329
0.9072975371677693,0.9075770324276461
0.9074410606893151,0.9075634762663313
0.9086563108384336,0.9083821263535353
0.9158829832765243,0.9175166778205379
0.9084795830428932,0.9084361232310952
0.9079168830472423,0.907917575413973
0.9043985933711237,0.9043889440948872
0.9075981457451738,0.9078046772096435
0.9076516031244379,0.9084302666785703
0.9223439715339169,0.9240293641120023
0.922428188671825,0.922680067899756
0.9321970996615399,0.9322671309205617
0.9128370576138009,0.9109200457439012
0.9326948028922922,0.9326715808244801
0.9320525715493685,0.9320247740146322
0.9150882943786229,0.9122340319469842
0.9152549860251521,0.9174943020746147
0.912970671701477,0.9123737994959328
0.9078521364965242,0.9078515334978411
0.9248231976764963,0.9228971514552567
0.932770273502498,0.9327728442512657
0.9077166431920365,0.9083214921212823
0.922940802843484,0.9217731861395226
0.9086187706385013,0.9084451278214338
0.9298746999836353,0.9297390143070924
0.9253577810975577,0.9240821048074708
0.9076091150684455,0.9083085710979312
0.9325425762292271,0.9307811867735458
0.9259282903236152,0.9255639524572775
0.9191243602596665,0.9189878266106932
0.9329983101866158,0.9329879407483002
0.9073719054810294,0.9073776562114461
0.9071093271440646,0.9074204369916902
0.9078113523502566,0.9078074577649768
0.9260714293961448,0.9260299982872943
0.9325086775634054,0.9325948866424595
0.9141442076956552,0.9156082931353415
0.9075750230090442,0.908007947910056
0.9199097797127438,0.9196253391392334
0.929390136720918,0.9254781221813666
0.9248774894427837,0.923866498751857
0.9078530111537756,0.9080009969660721
0.9306985872256716,0.9305664953613951
0.9244810945443087,0.9243381949236422
0.932624579088417,0.9326816287676207
0.9071686795641324,0.9079531821853162
0.907589289534013,0.9075912145532022
0.9090864759909679,0.9087115717779137
0.9329105215529266,0.932610304885003
0.9077100727459887,0.9077039654540501
0.9065643830878901,0.9065833816721923
0.9068616154794436,0.9072039330235567
0.9201140666079081,0.9200881991270191
0.9305266822287915,0.9304236829987828
0.9276964149985785,0.9278723421554765
0.9076374265151369,0.9076371958652265
0.9079166774167424,0.9079129999152457
0.9320291975188314,0.9318825723569597
0.9291978796647465,0.9292646303820754
0.9196097745395325,0.9192579003617329
0.9077989923290548,0.9079098355569312
0.9079322179867061,0.9079029762205484
0.9329045876394321,0.932902233355785
0.9281520596920619,0.924286213961927
0.9280764416961202,0.9276252105901314
0.9079412792969176,0.9079416632619989
0.9074910875608811,0.9077142557618291
0.9301362875413088,0.9297715676503696
0.9327094217092464,0.9326844543727698
0.930475109737062,0.9300308196419951
0.9316489117149175,0.9315854962765876
0.9326756731862131,0.9326904378673949
0.9292549684866335,0.9292598141257825
0.932911276831609,0.9329580934898885
0.9075834044700054,0.9079735077825319
0.9020021796046613,0.9020098461828806
0.9281296709297152,0.927348951356829
0.933027510667894,0.9328940587883426
0.9076410647126433,0.9088985684263216
0.907506598114172,0.9083017053217981
0.9128709108106627,0.9128004839619317
0.9328152953987634,0.9327549666124126
0.9078527500159626,0.9093171124466457
0.9075502155939102,0.908981932070843
0.9272696401491454,0.9275432120767069
0.9234897604101632,0.9242668634563137
0.9262089597307059,0.9267357067211432
0.9076126621941758,0.9079322664446926
0.9077309023074743,0.9080185540376461
0.9076633050333287,0.9080571195750364
0.9076535926281462,0.9081063690254885
0.915062667973383,0.9149010643663054
0.9225416765949682,0.9228826664714558
0.9321441574028368,0.932158760384622
0.9328220082987378,0.9328113290172823
0.9320293726541116,0.9316490864686581
0.907620709882756,0.9079657057828505
0.9114683485071852,0.9121604555179421
0.9184538670745651,0.9186842719142746
0.9256120580971188,0.9255285549127364
0.9078863258936809,0.9084508259766924
0.9076154042730804,0.9079489450081699
0.9250138096813447,0.9213853416800474
0.9246589315384185,0.9244988432569334
0.9320053678955409,0.9319699841517299
0.910049325834453,0.9099562702323121
0.9077877809700302,0.9085187748962312
0.9124033121782366,0.9095791128701025
0.9078225746458003,0.9077176196733309
0.9118049193916812,0.9151905362183342
0.9079349926813974,0.9081908615936508
0.9110889373827924,0.9111702119447566
0.9188694884085598,0.918132146440096
0.9250610004258273,0.924748297387863
0.9081337798942929,0.9083304358339614
0.9167867530757385,0.919059053825305
0.9322273083780533,0.9323572754981408
0.9327309575039788,0.9327570774449968
0.9075803622570812,0.9078185009566622
0.9095804835257217,0.9084113637266442
0.9074080740756253,0.9078180944210136
0.90766413506231,0.9087622051562978
0.9073991999194749,0.908298363543619
0.9075056556043696,0.907506280583856
0.9209768776389214,0.9210141494180233
0.9312602645153268,0.9312843263118528
0.921516630353961,0.9208372689617024
0.9258602961699298,0.9262294018672764
0.9317906256915155,0.9318140507481448
0.928712762002243,0.9287498232656666
0.9079175335406358,0.9094486738216969
0.9329475163773057,0.9328898464346738
0.9080312664209113,0.9084066852035558
0.9086333567193222,0.9080166374474173
0.9078384597954979,0.907838270958662
0.9140846380506613,0.913271975494722
0.9261265500126866,0.9257098497156073
0.9072800676334892,0.9073048121617431
0.9074938125238415,0.9085378618904124
0.9074521815129946,0.9077282140634475
0.9074289201968644,0.9097608906349803
0.9074903735615465,0.907552045533846
0.9182906891755614,0.918278203979422
0.9320629465003532,0.9319112815158325
0.9078570194562346,0.9104707390285138
0.9178363269424563,0.9173494551326473
0.9075857392791189,0.908053993534454
0.9076254331008987,0.907621759443286
0.9186505134976676,0.9184550401940684
0.9323978153807907,0.9323687134451
0.9076611018011023,0.9076628834166933
0.9065531303399178,0.9065622631872696
0.9328500720260955,0.9328461590420889
0.9076215876809638,0.9079155881841281
0.9269084373262546,0.9271375472554396
0.9307946212522841,0.9299681515754388
0.9175949327641801,0.9190608039495481
0.9288460068683567,0.9284937780556249
0.9079169212656824,0.9079170364563012
0.9088633682263852,0.9084936345867192
0.9116798096995086,0.9113853951328388
0.9297544281894327,0.9294107447975728
0.9077060273471382,0.9080249925179212
0.9195666070976122,0.9192194088762392
0.90894263739678,0.9086558651102004
0.9314696336380851,0.9312883011856765
0.9079272513256967,0.9078899492595471
0.9273345398379282,0.9274579265011035
0.9178464500296791,0.9178880615424067
0.9069913946107336,0.9069935558108607
0.9306101371053963,0.9306125652422818
0.9329446482198167,0.9328358799422091
0.9171162688944955,0.9176200724508925
0.9115947978584141,0.9110045076602795
0.9264036494858173,0.9256096626870476
0.9108448742717137,0.9094422372641308
0.9238758084342277,0.9238522345057985
0.9071727084284505,0.9081689150779714
0.907450970663413,0.9076370431303039
0.932720357309671,0.9327227245715026
0.9304836600354424,0.9302229092682377
0.9237205562498374,0.9218020227263872
0.9141583664036964,0.9136768801449958
0.9325603538790721,0.9325744973882992
0.9322160921763359,0.932222877438052
0.9297030389755243,0.9287245314831927
0.9075604816322507,0.9079913676445877
0.9325437786749434,0.9325513100976767
0.9073098988294941,0.9073098906409568
0.9071086584969519,0.9079132799278444
0.9069596230383605,0.9070025481171803
0.9084702179110629,0.9082878835626679
0.9210138085477324,0.9205330187351239
0.9090106402270419,0.9087624277707951
0.9072134217616291,0.9072140418189236
0.9301885252925574,0.9291056284225145
0.9311981990147442,0.9306889514628506
0.9329667626115431,0.9329695024703086
0.9151181656761632,0.9151613331663363
0.9077971325906227,0.9079671741100553
0.9075793274124643,0.9082229146126167
0.9079080617009279,0.9083641182111001
0.929546126019035,0.9294290387846769
0.9310675639975913,0.9310518001446566
0.9154600814514228,0.9159266566926599
0.9157006366467993,0.915496648110351
0.9220125474506216,0.9217996435244818
0.9286228883163382,0.9282344665498319
0.9075930147080921,0.9075946626883141
0.9326831813791135,0.9326973556086289
0.9150134588711308,0.9139521963192709
0.9188032982277877,0.9196370994858785
0.9302361348178341,0.9304010859718107
0.9032689385524987,0.903274240300373
0.9328031156054652,0.9325090228769416
0.9074462565420722,0.9074461852773743
0.9193799927386915,0.9198528589064403
0.9328700112767017,0.9328307226638657
0.9065252071393033,0.9065277884240612
0.9201777534424922,0.9198651911958045
0.9103746209754314,0.9111131352744934
0.9321376169247791,0.9321745685118314
0.9210553201387167,0.920986144644961
0.9098671305155777,0.9096656626124624
0.9075566996421964,0.9076152285279026
0.9109433941848039,0.9108424457757338
0.9306478870447875,0.9309229301922513
0.9268261451198408,0.925103991222379
0.9096731656379822,0.9099380579712001
0.9147589874546611,0.9124917003982188
0.9151232034858604,0.9146638347417385
0.9117160840640891,0.9117666779127471
0.9117211499392818,0.9101466060747176
0.9324853353272329,0.932479462431627
0.9148601447939027,0.9158836709979606
0.9073728208012587,0.9073732710429528
0.9087588718579874,0.9083745333467098
0.9080428515474622,0.908223626910629
0.9098991045011423,0.9093933436564445
0.932326552351371,0.9322833629567904
0.9292619987293971,0.9292372480425354
0.9325932929969631,0.9326659918146656
0.9076389324655657,0.9080754503497688
0.9092109521106814,0.9090179343402188
0.90775179541032,0.9080912527607018
0.9073744406266449,0.9075779809349975
0.9094473201363927,0.9095558726760542
0.9079178436198371,0.9084557430464258
0.9240535718484091,0.9225775332559712
0.9318492891880463,0.9317965105089202
0.932715082325126,0.932668731036722
0.9075368879247795,0.9075368195710228
0.932865657392267,0.9328603521943726
0.9120636739577208,0.911493551792514
0.9277445056534838,0.9277900648235053
0.9079465317294558,0.9079466248578121
0.9325639953010775,0.9325859090680959
0.907722641251793,0.9077270984425462
0.918838250693546,0.9194128256831662
0.9072625683230077,0.9075306105487535
0.9330028101136779,0.9330152723428802
0.9086034693605066,0.9088170887189839
0.9131314677608058,0.9120614956340706
0.9072690936849501,0.9084303343305821
0.9076047371168717,0.9081077366737529
0.9077037323528425,0.9078703913546632
0.9254052936760185,0.924136412700879
0.9284665076807327,0.9279292354284834
0.9326337541405822,0.9325131244801187
0.9325531709413071,0.9326033345377027
0.9072630733346954,0.9089462204257724
0.9276895412158944,0.9276287859224334
0.9312064570792283,0.9307556652529447
0.912938590274053,0.914382413037914
0.932517196350172,0.932109521782645
0.9075435854773356,0.9080756506020835
0.9074712942751342,0.9074720195924629
0.9074590403223083,0.9074599466874506
0.9078592646903658,0.9081340547911669
0.9074956549228095,0.9074938118615832
0.9305293679438548,0.9308534632347736
0.90777631556121,0.9077773996284368
0.9258291637649723,0.9254283989177969
0.9314584022877663,0.9306856736723909
0.9285221453487182,0.9283061056374965
0.9299187063942697,0.9298252064552771
0.9291512668414924,0.928268334369278
0.9076810664582737,0.9108943241523119
0.9274188557830053,0.9251312052854307
0.9325292242301975,0.9325314627629184
0.9240443945724653,0.9240953544434428
0.907498457842067,0.9076376319814738
0.9322368071287435,0.9322555914478434
0.907598856043889,0.9091441236650799
0.9074360531694152,0.9074349395573236
0.9154847459032309,0.9152127685682853
0.9290919801622686,0.9281504950187669
0.9190513432099859,0.9194887615848202
0.9330844780217696,0.9330841929861188
0.9153074623781313,0.9146875977750413
0.9075775650004652,0.9077984644672032
0.9077323323267041,0.9080295353412429
0.9079001978666371,0.9079007715349008
0.9225359764815425,0.920878669458804
0.9074806755993117,0.9074806888631887
0.9315197588622814,0.9315093445968613
0.9262567138426584,0.923997400157885
0.9287753791580564,0.9284340042620279
0.9094088480377212,0.9090187453329854
0.9176915608971938,0.9236920467880064
0.9074404843849551,0.907777612190128
0.9214729929833174,0.9214931425082437
0.9328727843961789,0.9322529345033049
0.9321194670373208,0.9306740901899769
0.9272239388381435,0.9264267067362223
0.9072347538342074,0.9078561330813342
0.9225883807063467,0.9223203111046631
0.919594101782361,0.9196661213241797
0.9324523366236235,0.9325656842055579
0.9227234502559246,0.9225519158611399
0.932051873427736,0.9318346573603731
0.9090987369624831,0.9089875859085307
0.9277235845932545,0.9277431119548194
0.9209850680164352,0.9213528762811234
0.925508415251738,0.9258077537855814
0.9114247292218999,0.9106662781423364
0.9086610788893946,0.9082387525036288
0.9071354394608162,0.9071380684432296
0.9326865491181984,0.9327792270588304
0.9132229000533902,0.9135779725332561
0.9043352790262997,0.904334729108474
0.9329834299283445,0.9328939754331974
0.9322644730250084,0.9313915167247393
0.9077451867269012,0.9092504450610329
0.9308237450419657,0.9306036065135531
0.9078549874055811,0.90996644792637
0.9320343217006721,0.9318823786942367
0.9314088162182013,0.9312797375854517
0.9074892163389623,0.9075339409418277
0.9331308979643163,0.933136025349747
0.9306086442222584,0.9306270325613321
0.907567342282318,0.9080441303001195
0.9304689151778038,0.9297028969297458
0.9179445465846787,0.9174981653523651
0.9265133739814477,0.9254490247160037
0.9109272507840993,0.9111257044576745
0.9215781049321169,0.9227809928127462
0.9073140103765632,0.9076234938599258
0.907394276651462,0.9085931585372207
0.9206807197219995,0.9205088772200655
0.927088112442457,0.9271401817227201
0.9315542312664111,0.9315318350835855
0.9327683098610805,0.9328025788466288
0.907609100245114,0.9076091713547656
0.9108926243388172,0.9103708187647693
0.9074816993506529,0.9075020716723681
0.9074501444558849,0.9083937613571493
0.9195992383908471,0.9176456320423511
0.9089020312699813,0.9088418655378783
0.9123722624477453,0.9120773940560077
0.907690461395162,0.9082162509251485
0.9156755048169857,0.9141674367646978
0.9328666102025067,0.9324301419326652
0.9278563024698595,0.928033325925111
0.93074357554813,0.9307202392274813
0.9071084597018307,0.9076309076262281
0.9215733712901357,0.922779423456781
0.9206239009994743,0.9204120664717838
0.9296855716405587,0.9293561900702996
0.9299847683913511,0.9291992167459372
0.9089640976987009,0.9117403220930858
0.9092249501810168,0.9091838502276269
0.9278640604289288,0.9240230336909088
0.9303352314741685,0.9293849922980317
0.9169712393788295,0.9188804490182468
0.91402418845225,0.9131698285267755
0.9211128848647389,0.9214155073541567
0.9299506786224108,0.9253387014061448
0.9077778794603663,0.908435187171429
0.9328234223951293,0.9328243134578631
0.90751919560296,0.9084547517355556
0.9283501779956603,0.9268989972449933
0.9015180153814006,0.9015175645284992
0.9254724524706063,0.9246844860910506
0.9324971262368751,0.9322179628750358
0.9148517746354152,0.9131876410327336
0.907617878574092,0.9088045956252393
0.9305095427039419,0.9286921721966246
0.9318931438403183,0.9320054921450536
0.9088771528104145,0.908466891196486
0.9316062950674633,0.9308329835862361
0.9074477348936902,0.908633824221999
0.9195746951885622,0.9195180036264035
0.9074090066734388,0.9075736624143702
0.9091258984195476,0.9087711692389672
0.9291785308342343,0.9292755235221312
0.9029637119335283,0.9029724985460761
0.9272658046670105,0.9273372364257392
0.9076931528726297,0.9092032395608349
0.9323510793413582,0.9318743078259523
0.9309465963998002,0.9304316265820204
0.9329703283611379,0.932970669538443
0.9317759643927507,0.931792103432973
0.907501704549252,0.9080265140354611
0.9113949482739939,0.9100734697407001
0.9327628944799734,0.9327522437797559
0.9104348388077966,0.9122711358880923
0.9076232714318601,0.9078238337115334
0.9077707555477801,0.9096346354970197
0.9174007636309989,0.9191342119962599
0.90746508069444,0.9076431956300963
0.9288376093785111,0.9291242947331801
0.9077708356003255,0.9077664587520655
0.9304460420001424,0.9305631681170577
0.9078302664482684,0.9086070044810184
0.9106053347507309,0.9106163548118273
0.9259864771025368,0.9235535257582979
0.9287965608677341,0.9280314859893285
0.9327389404459016,0.9327011123962871
0.9330405856270373,0.9330179060705132
0.9082291946998508,0.9083817619027628
0.9272179780560732,0.9262346243787186
0.9329744801105397,0.9329391471455527
0.9213734200364914,0.9217746413638268
0.9121773658959762,0.9143590088817409
0.9108661353638047,0.9104547585622252
0.9159179876033262,0.9157920651255347
0.9327492793488041,0.9327196874540087
0.9325429555916858,0.9324945020849665
0.9076435157153244,0.907939972327964
0.9071719283406825,0.9071704686766231
0.9165349932747664,0.920105256524577
0.9165773321635076,0.9194291029062931
0.9074396697493115,0.9084683031357744
0.9301151192099466,0.9302052489766283
0.9168129688866892,0.9221787889074055
0.9074361954726823,0.9076452055025189
0.925850475260161,0.9257425690215446
0.9154301419713856,0.9173279023094303
0.9167013329195743,0.9174969361367706
0.9188202171823544,0.9190468657606776
0.9106252551427448,0.9100292665143971
0.9141500716947063,0.9170743287888873
0.9133015301863738,0.9115100450629617
0.9074403461179038,0.9074383966516157
0.9076840269112443,0.9082248982404377
0.9076545395104914,0.9085121918741009
0.9044172935829626,0.9044987463861114
0.9299406409709123,0.9301792700837181
0.9328444663255041,0.9328359742416675
0.9272979162734043,0.9274577689158358
0.9077508019572322,0.9088272171380644
0.9071662240305972,0.9075448537760045
0.9076508182525489,0.9077183277495823
0.9323495369112113,0.9324023535925964
0.9079745310284,0.9079953620979297
0.9218615612415427,0.9223524753719338
0.9162123904905739,0.9161426688362073
0.9081235451073971,0.9084488333389058
0.9078541170270465,0.9078527720495612
0.9300599580631393,0.929220141773855
0.9134206305051827,0.9107736328009033
0.9076668002050993,0.9105031768266333
0.9309465325092768,0.9311455747340572
0.930075731401021,0.9290120663328048
0.9166203748718507,0.9166939636719812
0.9322569148255117,0.9313887886482607
0.9167771456206972,0.9158223048869687
0.9300165697394603,0.929357036378018
0.9082917668558179,0.9083351662462291
0.9204552907276898,0.9210955501135694
0.9213211548890101,0.9210297315377396
0.91223972679979,0.9093845904455528
0.9075635420929878,0.90756834460024
0.9326724968720278,0.9326470805196793
0.9170666960642765,0.917645750183178
0.9120412115051175,0.9111624491986806
0.9078283422406616,0.9084695688501147
0.9088593492590746,0.9084715828298228
0.9304495859973607,0.9301029473698299
0.9238126107936891,0.9229966772311892
0.9229459766141815,0.921182568365894
0.9075883137470419,0.9084649237702728
0.9042337730891509,0.9042415872651659
0.9153917185837164,0.9159046692209748
0.9097436814872273,0.9093241809991671
0.9281764259691785,0.9258157550615994
0.9330574861053468,0.9330509081681663
0.9203293219953455,0.9201947896337269
0.9329936365569168,0.9329629251225668
0.9199459773332648,0.9202316332526445
0.9293433331203642,0.9293584710613122
0.9100455650946142,0.9098964447080529
0.9326723514802459,0.9325610984508923
0.9074289999895159,0.9074283877422282
0.9075726259489465,0.9086783659428684
0.9154544112344284,0.918036014943422
0.9307399483079962,0.9307683136040358
0.93259182529523,0.9325853882321288
0.9325561236196329,0.9326326311210202
0.9074723293532607,0.9074890450965412
0.9269964078920365,0.926837211288985
0.9074369664519488,0.9076208818742749
0.9075423635264567,0.9075422283886175
0.9072632301170265,0.907451248965222
0.9321750968431189,0.9323394499289376
0.9094032684043032,0.9089460257939278
0.9020155625953399,0.9020323620087005
0.9106179497234739,0.9109086078352994
0.9244461982560482,0.9224965273643565
0.9299455484321516,0.9298048028880692
0.9322275767040124,0.9322382340231418
0.9074470802899811,0.9074567944469706
0.932907129526266,0.9326764516462736
0.9309094811506969,0.930784647493672
0.9142381887564552,0.9139418802081571
0.9171539111228505,0.917101090455326
0.907575140709405,0.9075802488441483
0.9106495338796541,0.9103537582328325
0.9075521170297852,0.9083621721220624
0.9078872151792323,0.9084461863647217
0.9074639771481593,0.9080902428886805
0.9320852151152125,0.9311928398848259
0.9076771903908692,0.9077961466076419
0.9074623548423889,0.9076721562663402
0.9074749875158984,0.9083148595618659
0.9076982724108499,0.9079172143509969
0.9316245046635444,0.9317695391568076
0.932006833697717,0.9320138703821539
0.9271798015045459,0.9271293559940097
0.9303568778017304,0.9309299548616208
0.9318391922479646,0.9318460732795721
0.9323622766941795,0.9324055483287692
0.9104843114754844,0.9096800421462465
0.9325084804990392,0.9324375678614227
0.9241138878095456,0.9248550588425308
0.9159262058244849,0.9193752546289514
0.9077668388939072,0.9088072694242417
0.9075307429135381,0.9086728137584472
0.915111689367602,0.9141299730870364
0.9226094163010476,0.92132463921821
0.9161765847588936,0.9171668339605736
0.9231094514780465,0.922555230846915
0.9080114649422166,0.9091313866495934
0.9074540116014894,0.9088508344667965
0.9074676268869841,0.9077644510084368
0.9318077970983033,0.9312631577063173
0.919038786138348,0.920920143239005
0.9069862157089704,0.906987856491285
0.9123723123288939,0.911165498131614
0.9074063683519518,0.9077889273255161
0.9123671924056211,0.9121504178537362
0.9326836743135319,0.932521880837311
0.9079335915791331,0.9079334404109689
0.9076600538986326,0.9080654293241698
0.9327948673256762,0.9327997458071391
0.9314740292763114,0.9300418898738514
0.9327714726901543,0.9328349396767325
0.9315862678740657,0.931178697574373
0.9262141557617584,0.9257943317356679
0.9319593220994383,0.9319979402726041
0.9087518175584468,0.9083065656298491
0.9082756264048186,0.9084372613941493
0.93290908336283,0.9329589981306603
0.9161287333969746,0.9163025350395055
0.9074668311396746,0.9074674914970422
0.9254484286681485,0.9230922518305289
0.9312195458882029,0.9313214303770728
0.9164351727035241,0.9156049392586921
0.932710633093955,0.9327118949573828
0.9080492968209148,0.9092772361815139
0.9145151090440856,0.9154517211534491
0.929850052419788,0.929585970012508
0.9327965545059899,0.9328056962696318
0.9322232110162351,0.932187515659485
0.9072333114128778,0.9073649796671613
0.9241226889251863,0.9243888587674935
0.9079091492441758,0.9079088909086894
0.9088159583416073,0.9082640670263815
0.9205279944249991,0.9203226670455489
0.9074505331188462,0.9074512669931464
0.9252349601418762,0.9254866768592526
0.9325512718667424,0.932487032073835
0.9076576735677043,0.9076563060878488
0.9077021670980805,0.9077022952737711
0.9294185489773226,0.9296356688823963
0.9167207592240323,0.9189713592760588
0.9304224796650405,0.9306400001665104
0.9079912095148861,0.9083614253507846
0.9269529657108571,0.9271721554135762
0.9266128218503382,0.9266279508843165
0.9076530246845596,0.9075029467157515
0.9281433343466057,0.9280215760261769
0.9074448255251787,0.9082446237999625
0.9320607027495132,0.9306633790030022
0.9328992779838972,0.9328732857551703
0.921981995905617,0.9207246304245748
0.9205911929593139,0.9219217718962496
0.9303494726117176,0.9294410310698007
0.9075830491680803,0.9075849903261387
0.9298824289977903,0.930188645266984
0.924600230943237,0.926247954316148
0.9074418627934995,0.907829515965857
0.928738206118525,0.9285363849804625
0.9077785304294358,0.908253890377244
0.9074100325782346,0.907467890450344
0.9078508146855483,0.9081626436709692
0.9077075372248278,0.9078953091344006
0.9309543531917681,0.9308641511478212
0.9082373735494151,0.9082674322090473
0.907478470310793,0.9089414511372567
0.9083212134955447,0.9089275673913653
0.9270857224463088,0.9243495621851554
0.9074940271660435,0.9080639537449519
0.9289442100718116,0.9289174698926145
0.930763417993715,0.9306930138011711
0.9132483495196342,0.9140272264500774
0.9074672563866261,0.9082085037180597
0.9164760462828886,0.9159075133766147
0.9281248383495768,0.928539142641406
0.9074355392756187,0.90835995515848
0.9267803806629057,0.9241435315728236
0.9091502812971812,0.9091291563871338
0.9074532315669438,0.9092801589545167
0.9207604342427282,0.9229825330018118
0.9311892075345644,0.9305689232867925
0.9078210466719723,0.9078219793385215
0.9125134156841292,0.9114228813827342
0.9319149209149817,0.9314650266521473
0.9247954751261522,0.9256756504902656
0.9287003035659602,0.928355350969953
0.9199456179244582,0.9184669362574293
0.9318001040604973,0.931897641038557
0.9259147938309072,0.9257756194999768
0.9329923315549776,0.9329856475405695
0.9079528460086325,0.9079543446990254
0.9327720529640121,0.9327389207722743
0.9071639715682634,0.907580811639828
0.9328504947645301,0.9328285920312571
0.90740798262865,0.9071603847151117
0.9077757786693726,0.9077758849338667
0.9077717384674057,0.9077717047209479
0.9241254243420759,0.9244884763644887
0.9324373559154031,0.932497389527705
0.9299088012063011,0.9298619300640337
0.9115856054237049,0.9107538693433915
0.9317544084293579,0.931205383419125
0.923580514320838,0.9237855871967734
0.907425346837033,0.9084117937959042
0.907921710135304,0.9082575213514582
0.9316347250942159,0.9317789771350898
0.9313294423131991,0.9312807151404386
0.9079145129827416,0.9081315364566707
0.9079184382635244,0.9081961276095832
0.9259378529786562,0.9260076986626758
0.9176149960777584,0.9199881821741228
0.9322621307185035,0.9321322278732961
0.9302594404051016,0.9296543852527387
0.9294733884777415,0.9288985012333171
0.9079944098091263,0.9079775077797154
0.9072455194739749,0.9074798985083167
0.9318317367027534,0.9317162220445581
0.9161919206131233,0.9133279118952332
0.9041568614149075,0.9041504247130941
0.9318379732761535,0.9319875442670315
0.9170807721973542,0.918251735377724
0.9192525125906393,0.9187097258777307
0.9074604856809321,0.9077288884995256
0.9273921520204592,0.9273739755866436
0.9154875763255195,0.912387309490236
0.9191303590494286,0.918538319602206
0.9075665419578292,0.9077603585910086
0.907801712730182,0.9081318625768617
0.9171280679963835,0.9174882750716945
0.9293514288369067,0.9296086944041108
0.9149121944845132,0.9162642081009351
0.9079399462648013,0.9079397470015468
0.9084325657633661,0.9083693740849789
0.9134797850657749,0.9130397418209543
0.9321128647682362,0.9321443846250708
0.9074461661611312,0.9074479349153516
0.921420219745578,0.9201025594526723
0.9101312622755621,0.9097351420943326
0.9279041153494755,0.9279289151905563
0.9312420179127066,0.9313212622114806
0.9140003558990638,0.9137960806651929
0.9319303046317695,0.9318869126854754
0.9227059570108788,0.921614440128345
0.9091246587145791,0.9094953383232227
0.9078401575456263,0.9084325247733871
0.9301570607172257,0.9302018273274071
0.907151583680796,0.9071508865480808
0.9318294499749729,0.9309359835599064
0.9326409581402515,0.9326756729421457
0.9258498719170856,0.9255943135431499
0.9318575094404048,0.9317226762288674
0.9324450760719376,0.9322842305491331
0.9075529494796306,0.9080849939558342
0.9172939162430002,0.9172476380867022
0.926194901077311,0.926412947215441
0.9200525316447143,0.9194059005104492
0.9311548825299599,0.9306251392533469
0.9074385242419707,0.907608727349877
0.9153157206192843,0.9121818201483564
0.906778237677224,0.9069109218655297
0.9325751451128347,0.9325390232092833
0.9078135226995664,0.9079569816813567
0.9318913422476607,0.9319484910697152
0.9313844801608873,0.9315109390567089
0.9327453449998773,0.932705890372513
0.9329263564398882,0.932941130985122
0.9192396367350504,0.9192759081091464
0.907832309319682,0.9078333124099405
0.9282834011984987,0.9273535620240075
0.9902751956106853,0.9902801546750075
0.9882106810174939,0.9882094070299046
0.9903585302385016,0.9903557957655016
0.9838613625434645,0.9838690245685807
0.9904951975826491,0.9904956646449015
0.9903459060485672,0.9903484317963642
0.9903845254983011,0.9903812726884829
0.9894707805850589,0.9894695046878645
0.9902935663535157,0.990293029835042
0.9905002387899726,0.9905000148438761
0.9900656748535841,0.9900658927168225
0.9904074991329374,0.990405134369362
0.990244890954792,0.9902421490113699
0.9904843935177677,0.9904816516145144
0.9903298032219768,0.990334549447281
0.9901985209788687,0.9902019096021827
0.9902079001680593,0.9902093352692813
0.9902023584252919,0.9902007122047891
0.990467139296627,0.9904687811867349
0.9849635322603888,0.9843578640058275
0.9904975968229585,0.9904962962810288
0.9903053351457464,0.9903096565859077
0.9901955612597464,0.9901949412796404
0.9903868089847461,0.990388333305303
0.9905012674962432,0.990501573351876
0.990189038080437,0.9901880667561942
0.9903327533837833,0.990333269149981
0.9905011185129997,0.9904999227682966
0.9903125910742567,0.9903111257298369
0.9898662535407707,0.9898644150108267
0.990177765613612,0.9901790815494538
0.9904316878031684,0.9904291014872101
0.9904077358141024,0.9904048206768234
0.9902043894826618,0.9902036873917252
0.9902462496372353,0.9902479287762178
0.990375703753842,0.9903747870261497
0.9902200293949,0.9902183664741362
0.9897218746663254,0.9897250210045333
0.9904471901256353,0.990449738876086
0.9901844424054301,0.9901851802619888
0.9902396856509229,0.9902370738580644
0.9901873099747105,0.990187561244752
0.9904830788222443,0.9904829609599615
0.985175982144806,0.9852061067351435
0.9904573167520332,0.9904544197087821
0.9904764959215262,0.9904786377614131
0.9904611575406657,0.9904640624783887
0.989969049862069,0.9899698097361519
0.9902456471485148,0.9902480304138744
0.9900413713319722,0.9900443566411283
0.9902773533248348,0.9902796208340651
0.9904885711116017,0.9904897128959687
0.9902028974977133,0.9902011894611357
0.9901855156023746,0.9901852033928132
0.9844512026888899,0.9844948037263509
0.9904280539928849,0.9904294622702841
0.9903420488253566,0.990344778987037
0.9903398492613567,0.9903405625924789
0.9902499724445948,0.9902499706154251
0.990202044917196,0.9902002167520614
0.990390467908484,0.9903860092788679
0.990484285515715,0.9904865885121623
0.99032935295982,0.9903240463407709
0.9904834154068061,0.9904846498042468
0.9904256839471385,0.9904247130147468
0.9903912172189979,0.9903936038527297
0.9903445152822568,0.990344306609611
0.9894596536185768,0.9894607238831924
0.9904998413980434,0.9905000724675104
0.9904811340322306,0.9904799905977144
0.9903654668616014,0.9903640903900341
0.9864858928550454,0.9864859577477294
0.9901572479270001,0.9901581586631054
0.9904453480333048,0.9904483585159811
0.9904344930432831,0.9904383419254968
0.990184964812613,0.9901849019382248
0.9903165569291108,0.990313984629543
0.9854177249093972,0.9854108935640484
0.9893662756327883,0.9893629541783657
0.9904978493605827,0.990497570513526
0.9905028037961277,0.9905029827737839
0.9901967189720038,0.9901979661088586
0.9902348788344947,0.9902373693952289
0.990209823061447,0.9902082563629812
0.9903500080086713,0.9903502059333679
0.9904038015569476,0.9904070432411234
0.990230857645765,0.9902371952095917
0.9900708701517125,0.9900717983515201
0.9901857986698109,0.9901867894113378
0.9902661722701106,0.9902708417158642
0.9903259323779835,0.9903324930854474
0.9902003032659564,0.9902020242242274
0.9904925336847435,0.9904924763160636
0.9867785336492448,0.9867710936761831
0.9904950885735735,0.9904962404862582
0.9903920783091331,0.9903902032075309
0.9903068073600569,0.9903044793455128
0.9901936310251629,0.9901937832920124
0.9901900834538949,0.9901893728228863
0.9887305496269807,0.9887296176754324
0.9904988918888529,0.9904990552482625
0.9903018084249232,0.990301399323625
0.9902603937721454,0.9902628616152994
0.9901825129680789,0.9901826889040929
0.9902027655027789,0.9902012421325397
0.9895066186439884,0.9895047671467012
0.9902386535263972,0.9902434627006145
0.9901834181820378,0.9901838671134595
0.9904243928567694,0.9904194778678651
0.9892951730268659,0.98929718734906
0.9901852501105054,0.9901850064709982
0.9902781909507625,0.9902762987602549
0.9900087676622106,0.9900096054570326
0.9902751807299734,0.9902734859187143
0.9904354201278563,0.9904338756955088
0.9901858056041001,0.9901859830636062
0.9901831933429538,0.9901837307339543
0.9905028122430849,0.9905030240575106
0.9903059142877021,0.9903075275294355
0.9899215172041455,0.9899272758528945
0.9901925386423529,0.9901937600781939
0.9899717800618333,0.9899746482170251
0.9901323185649855,0.990129949968524
0.9902179961529318,0.9902162559734503
0.9904942761105326,0.9904945833131107
0.9889677578830115,0.9889660768791184
0.9903424588161557,0.9903440570266128
0.9901501274462505,0.9901510516458236
0.9901883674636697,0.9901878281607651
0.990458454774707,0.9904598585748221
0.9903788515141124,0.9903787124521363
0.9901826293552907,0.9901827016597399
0.9901057277328411,0.9901062620654558
0.9904192320425019,0.9904221211172889
0.9903301241057373,0.9903325531840185
0.9903706369912496,0.9903666319195047
0.99003130199126,0.9900305083308978
0.9904671008766525,0.9904672348682619
0.9902141252273133,0.9902150875695817
0.9902544312858097,0.9902510748276935
0.9903088391808261,0.9903148377358408
0.9902604717157087,0.9902621797369165
0.9895266576594971,0.9895263117877228
0.9899199580432597,0.9899179821565062
0.9903840642173338,0.9903894669143388
0.9901829178210111,0.9901828425427972
0.9903808340352047,0.9903826267792576
0.9904132268592495,0.9904133934448817
0.990475078592394,0.9904733208153671
0.9883002576477873,0.988303758045378
0.9903703103207423,0.9903675381034429
0.9887031756834228,0.9887027849041793
0.9846388130723787,0.9846660429969556
0.9904113320918971,0.9904091580480983
0.9902267605756964,0.9902241426271634
0.9903927163320037,0.9903976385550434
0.9904528704212736,0.9904524026680691
0.9904145589038469,0.9904142707492511
0.9904271409960493,0.9904267443015464
0.9901598916757516,0.9901597187211355
0.9902047538773051,0.9902077556002655
0.9902572684110418,0.9902531565037584
0.9904020333367178,0.9904033843512497
0.9900519102863451,0.9900506134816003
0.9903290080681971,0.9903316400259337
0.9902077296162394,0.9902043012407803
0.9903423620146093,0.9903454956410269
0.9863699873031532,0.9863988448300215
0.990031736051983,0.990028777220247
0.9903732505122221,0.9903742962156697
0.988570621525074,0.9885719070293731
0.990221207945193,0.9902212079801654
0.9902156150652099,0.9902137744810088
0.9845212119141858,0.984506513419127
0.9904135078926513,0.9904160179282155
0.9904430385619416,0.9904456448933436
0.9905044165210232,0.9905042297051225
0.9905015589568267,0.9905017863980566
0.9903436649495477,0.990345385318774
0.9903754338310801,0.9903739312869712
0.9901879556394678,0.990188426508574
0.99044226719837,0.9904434620574684
0.9904816465479486,0.990481066247855
0.990383682724593,0.9903855071699255
0.9902125079964795,0.9902120937005752
0.9893693582866059,0.9893676819457898
0.9902202449383509,0.9902218035501398
0.9904942002370006,0.9904952894372876
0.984155156155133,0.9841673336185641
0.990215425653408,0.9902160043718908
0.990391734739818,0.9903903326860424
0.9904999400131708,0.9905003777254185
0.9902021625196111,0.9902012338443719
0.9904120392976339,0.9904107079435265
0.9820100637928085,0.9824597398916473
0.9903357972110158,0.9903322697637584
0.987504084269677,0.9875010631092624
0.9901540966610962,0.9901543823169685
0.9903158610950972,0.990320877880767
0.9904897140985089,0.9904907541945874
0.9904448332798158,0.990446515277844
0.9901815263374383,0.9901838519177341
0.9903567615491032,0.9903550371651858
0.9885425301352468,0.9885423873553083
0.9903699561537473,0.9903590222702335
0.9903281270445277,0.9903277597784986
0.9905009603131473,0.9905003107771787
0.9904096412625766,0.990410732980114
0.9904255353659419,0.9904265191588347
0.9903177479178229,0.9903148549841754
0.9871684238757662,0.9871698649915007
0.9902043539630223,0.9902059783459687
0.9903492268059524,0.9903485142797009
0.9901791271005034,0.9901793469701073
0.9839055418506338,0.9839166072173916
0.9904427676891789,0.9904420136049811
0.9904768132680745,0.9904763241946841
0.9901814708752923,0.9901816132363994
0.9916099356844341,0.9914560356441625
0.9902513114978656,0.9902500062506515
0.9873349973821811,0.9873438619045761
0.9902194247378229,0.9902201618150832
0.9901832130029123,0.9901830691927495
0.9904521512270856,0.9904558076418654
0.963502625166034,0.9634952401774938
0.9901674494622874,0.990167655409513
0.9903204105398584,0.9903236279122362
0.9904826897229997,0.990482970865636
0.9902484764785089,0.9902496821115565
0.9864757735694445,0.9864776688905542
0.9904752238114355,0.9904747315567884
0.9903354406244059,0.9903360313149575
0.9892921502883782,0.989292339567617
0.9904375543751617,0.9904394374095502
0.9902096997950601,0.990213267228989
0.9861523108832791,0.9861527685240798
0.9902155237043612,0.9902152001529972
0.990157336159965,0.9901613147010551
0.9896419418827783,0.9896441526724038
0.9904269522120471,0.9904254240922884
0.9902004097010584,0.9901975529041875
0.9901878280822372,0.9901861733060929
0.985052211963485,0.9850462754628004
0.9890527221345574,0.9890528752625934
0.9902532187659868,0.9902476669786737
0.9904931931487081,0.9904940884924409
0.9904904114290275,0.9904899803293723
0.9904029049381267,0.9904011046382953
0.9904243783877478,0.9904257717556498
0.9902474766739577,0.9902482882524213
0.9903228933558519,0.9903201040939136
0.9904275382768408,0.9904233877884756
0.98500758722162,0.9850093516758076
0.9900990776765544,0.9900989657403118
0.9902906437483068,0.9902892596152094
0.9902909784862831,0.9902927827752797
0.9902506482547397,0.9902514336946504
0.9902459068954179,0.9902409818334593
0.9902767869676958,0.9902758281067524
0.9900413312035053,0.9900411541491292
0.9902445155319693,0.9902435246318778
0.9903790517603921,0.9903762713157426
0.9902625511166122,0.9902606887046537
0.9883276739041549,0.9883252138119373
0.9904079204997941,0.9904081058415625
0.987184501035047,0.9871824287829222
0.990396139575051,0.9903906541426118
0.9904016505650117,0.9903964183045211
0.9902924305028715,0.9902935842756122
0.9904881223397478,0.9904890140241811
0.9903806309426939,0.9903841969449185
0.9901901822595595,0.9901899544455255
0.9904337922523511,0.9904336400636808
0.9902851643480763,0.9902806656696516
0.9904979112788868,0.9904969116629903
0.9848133331005875,0.9848616332421168
0.9902069710046831,0.9902053522190546
0.9902260988914638,0.9902290424840244
0.9904989322678499,0.9904994049539663
0.9905015009900544,0.9905014996456181
0.9903136083723607,0.9903191086447714
0.9902751325287311,0.9902758187796826
0.9851120112550231,0.985105342897884
0.9902413795011853,0.990240352216039
0.9902133306196604,0.990214552263254
0.9901861786804569,0.9901854617851287
0.9902693954261019,0.990267019041785
0.988747946437354,0.9887479639632665
0.9902348710539249,0.9902350304330453
0.9902849690965246,0.9902857797155434
0.9901938414112592,0.9901928634630017
0.9853252788123894,0.985335941578535
0.9904443206690802,0.9904440929290059
0.9902593464179806,0.9902629018234986
0.9904276610977903,0.9904283656261584
0.9899340470485251,0.9896697871728242
0.9904177489374129,0.9904189079695047
0.9902178014806355,0.9902153989847042
0.9895904796697973,0.9895900568512075
0.9903127251149373,0.9903096446061055
0.9905044467756499,0.9905043385813562
0.9895913892222891,0.9895920724382441
0.9901826754676567,0.9901828077991286
0.9903340307152527,0.9903366619293678
0.9903005145008345,0.9902990922042292
0.9902706480950229,0.9902708417158642
0.9905037158589465,0.9905039184008474
0.9900501464003542,0.9900501695581743
0.9901861269853595,0.9901867832466139
0.9904255273469287,0.9904288672201074
0.9903316616398445,0.9903319762828076
0.989957946419496,0.9899595162885849
0.9904205597551387,0.9904196475367801
0.990384619065428,0.9903870221899785
0.9899243473894639,0.9899250598761974
0.9899670124717609,0.9899701537526007
0.9904156767431442,0.9904169781941391
0.9904983593607318,0.990497973686988
0.990421712092055,0.9904245570697157
0.9902415300775325,0.9902440955071381
0.9901897584263323,0.9901907537837745
0.9902824723385909,0.9902879181101689
0.9904998512185631,0.9904996942461425
0.9903470786952127,0.9903456531918386
0.9901827286259419,0.9901829411777541
0.9902846837890772,0.9902829400849578
0.9883112595464738,0.9883016946627811
0.9904706633053428,0.9904689769271969
0.989774772240049,0.9897760172734225
0.9900762469881877,0.9900814747445473
0.9905027697108963,0.9905027571373702
0.9902312379988923,0.9902297242056044
0.9879836545299002,0.9879821380072911
0.9830970722626823,0.983085021735099
0.9904506882631431,0.9904488501465196
0.9902005162546488,0.9902023064976591
0.9902931324239506,0.9902867578799834
0.9903203866525668,0.9903230030804031
0.9904411130549988,0.9904366930726747
0.9902234231397323,0.9902235321393532
0.9903911524579566,0.9903934358353749
0.9902472592811512,0.9902497683621542
0.9903391318684936,0.9903386973992303
0.9902753839872579,0.9902741659693626
0.9901835939040319,0.9901839037440446
0.9901816160007059,0.9901822750149738
0.9902734040047684,0.9902738728327531
0.9902221529345054,0.9902229355093124
0.9901883919274179,0.9901891868030056
0.9904871633718009,0.9904873373964243
0.9772243471208003,0.9772992755646268
0.9881999451717771,0.9881985391157526
0.9441593096198139,0.9436054024916879
0.9904902197278371,0.9904910267008361
0.9901832403384045,0.9901834998262392
0.9902273525190165,0.9902296769285875
0.9903852214910915,0.9903864572640402
0.99045770733888,0.9904574769515904
0.9897068995736903,0.9897079212467966
0.990463692224337,0.9904657489637094
0.9903669416107461,0.990366618643669
0.9901904402447762,0.9901892443252316
0.9899465667448726,0.9899452186150569
0.99018595647416,0.9901861257040554
0.9537721836831893,0.9531283164292232
0.9901959015221996,0.9901969849599456
0.9901835685485875,0.9901831979782226
0.9903961693362074,0.9903951742558208
0.9902531488586578,0.9902501129396497
0.990453354464759,0.9904506889543658
0.9901887662717472,0.9901880649730735
0.9896673970857828,0.9896654257483142
0.9889245412681038,0.9889266014959475
0.9891432297899938,0.9891402077576168
0.989837800806244,0.9898356954678862
0.9902093448311694,0.9902102673406094
0.9903003758007094,0.9902976935839924
0.9904453437899231,0.9904447239612394
0.9904226687808727,0.9904207968409172
0.9904858568209008,0.9904847764390733
0.9904488651772698,0.9904510142362871
0.9903060111476224,0.9903076134002284
0.9843421038754202,0.9843531273404187
0.9986440894585408,0.9987233840497244
0.9901835705210004,0.99018427214803
0.9904018363858321,0.9904000949437307
0.990459393185547,0.990458592617258
0.9903322339023314,0.9903348865571714
0.9904158464854875,0.9904167057854132
0.9904606958873293,0.9904567990840476
0.9904997095121595,0.9905005522434287
0.990081892389622,0.9900795631865605
1.0000589665395834,0.9999266288483802
0.9901873627253509,0.9901862897980378
0.9901826875543475,0.990182893460314
0.990492160274794,0.9904904161336612
0.9901943406625079,0.9901924532548589
0.9904711484676456,0.9904741335355571
0.9904972181153954,0.9904973040851546
0.9904981343058058,0.9904977700201314
0.9894350544256436,0.9894366248644875
0.9903560372897319,0.9903541138546557
0.990501600991607,0.9905009094562531
0.9904551821919267,0.9904561199368662
0.9899518795310495,0.9899498021766148
0.9855068623556874,0.9854932700755563
0.9904612622963533,0.9904638284661432
0.9901993407863677,0.9902008409360924
0.990191014099834,0.9901903470031705
0.9902278863073604,0.9902267894988614
0.9898663062680718,0.9898655273760526
0.9904856868867883,0.9904872855554983
0.9901795699011368,0.9901828227487769
0.9937783492439629,0.990607712519449
0.9896310914962253,0.9896274218407022
0.9902316535390219,0.990229389911694
0.9902316809011039,0.9902355720846958
0.9904975964132241,0.9904971333939453
0.9901996829636622,0.9902019871198072
0.9904019952518596,0.9904063575768075
0.9904576503181344,0.9904567151872081
0.9902281040862227,0.9902290334819831
0.9902196028469648,0.9902180156382624
0.9904901700003499,0.9904886328287965
0.9902120043885456,0.9902141796754225
0.9904844474675252,0.9904860971414945
0.9902341771957368,0.990233219163881
0.9904617754744659,0.9904598621905304
0.9904972084561123,0.9904961180376861
0.9903278158636439,0.990329945763957
0.9899081706282988,0.9899099843546766
0.9903791680736066,0.9903733274668606
0.9386809875305172,0.9357487991524062
0.9902028645203711,0.9902053931691513
0.9901917145266337,0.9901910832184619
0.9904191752701299,0.9904199204186199
0.9902557261518511,0.9902563065778061
0.9877547004722365,0.9877518829460166
0.9903696357882968,0.9903700016190572
0.9901399774377311,0.9901403998223414
0.9904193122034342,0.9904150492029338
0.9891235907128478,0.9891198626630117
0.9902744350496999,0.9902756150287378
0.9899378424032034,0.9899379329517586
0.9904211763490709,0.9904248779459834
0.9904793840215289,0.9904796970166356
0.9905034321205302,0.9905032658427382
0.990041062082929,0.9900406799848875
0.9904172431848103,0.9904170349029708
0.9904204444827515,0.9904141322003042
0.9902267054713517,0.9902225741939336
0.9904516407036286,0.9904537101840909
0.9903441524523241,0.9903491275115335
0.9922477100902328,0.9922546286588855
0.9842411794984521,0.9842320454832618
0.9904852078781902,0.9904865490829329
0.9904055365569595,0.9904040692927505
0.990490765772653,0.9904901325721066
0.990221085006524,0.9902190799306847
0.9784552488141657,0.9782629944548475
0.9904830476325882,0.990481224776194
0.9902786272998303,0.9902807131816068
0.9903426214492173,0.9903379704647348
0.9903829008453701,0.9903826255783876
0.9904601422625037,0.9904622106984802
0.9903414181129416,0.9903425357121316
0.9903924780414072,0.9903918091911117
0.9902015788173124,0.9902036408527367
0.9903841197432534,0.9903866251017512
0.9904521511537812,0.9904497546420878
0.9874382227678863,0.9873907565430611
0.9898922140167588,0.9898899720412512
0.9894775002788366,0.9894790439009118
0.9904457120068318,0.9904440487273714
0.9901723948768903,0.9901716466845758
0.9902572961524304,0.9902619525314579
0.990347514701847,0.9903516289735441
0.9905022058368259,0.9905026554849826
0.9902440912397473,0.9902521573848501
0.990494465967194,0.9904950922379657
0.990385855732391,0.9903858934045625
0.9904767852815602,0.9904754662178754
0.9902268988857728,0.9902258354946692
0.9904961147146205,0.9904964677730341
0.9882521814939194,0.9882471533541002
0.9904869463091336,0.990486932928478
0.9886395469717706,0.9886399449380842
0.9903083946483608,0.9903106076494764
0.9903532681131051,0.9903500544356486
0.990472827945836,0.9904741446076849
0.9903247477471709,0.9903233606613913
0.9900073073419664,0.9900079937388176
0.9854944662434764,0.9854986239212065
0.9910036805019964,0.9912439916918651
0.9900658573488624,0.9900659997614853
0.9904180433373538,0.9904146757895101
0.9903287903873162,0.990329606311097
0.9624529673951382,0.9624894323043953
0.9901836185499966,0.990184058351506
0.9879815828555129,0.9879822022288117
0.9885126649626146,0.9885231618145629
0.9904696965834137,0.9904718317889547
0.9904028978999381,0.990404641729565
0.9902048718700126,0.9902018659816566
0.9900224829638662,0.9900237301924377
0.9902449733052017,0.990248124417338
0.9842071164027479,0.9842775902395693
0.9903730553532236,0.9903750104733778
0.990189954376175,0.990188943658141
0.9904604593990107,0.9904576065848498
0.9902495738129834,0.9902505854495854
0.9902762976567809,0.9902692435165936
0.9902550407530053,0.9902600403207827
0.9904626855571222,0.9904636794500254
0.9903749617804403,0.9903819502442305
0.9904213330740884,0.9904245052975853
0.9902888850793314,0.9902868311838209
0.9901999822470406,0.9902001855408264
0.9903925974781995,0.9903893636434249
0.9905030241303481,0.9905027557140597
0.9903231220417681,0.9903204317794655
0.9903522774299637,0.9903549970415084
0.9902304373838169,0.9902311982032834
0.989957793231029,0.9899565588801239
0.9902358564534164,0.9902327477249726
0.9901878409909183,0.990187979037804
0.990486676625362,0.9904886336282818
0.9904695316857884,0.9904675656629398
0.9902641884577733,0.9902690129715269
0.988576556380335,0.9885757791169163
0.9901887159206636,0.9901895910226713
0.9623087666479679,0.9622984193964156
0.990205871780407,0.9902078803904502
0.9903634180210616,0.990362493762495
0.9904410363228993,0.9904421118580247
0.9895114099662127,0.9895126683481485
0.9904276922785313,0.9904230185303851
0.9904865423921407,0.9904853214298663
0.9904495550704523,0.9904531311701618
0.9904662530107723,0.9904641911359934
0.9873548364315462,0.9866740989083996
0.9901768601487673,0.990177003204369
0.9902145847128734,0.9902123004510844
0.9902374974544453,0.9902334369559601
0.9902785571827276,0.9902745449817644
0.990258171303668,0.9902544821855449
0.9897371169472738,0.989740985043808
0.9903555872770471,0.9903529579323753
0.9901833761084549,0.9901836629494521
0.9905025659780121,0.9905027336271476
0.9865665808960155,0.9865683818435358
0.9897299334839631,0.9897354774920936
0.9903274804523305,0.9903320248194862
0.9901834382066302,0.9901832456826318
0.9888816413034142,0.9888784940002303
0.9905031166379173,0.9905028737371169
0.9902635605713594,0.9902660654890234
0.9904616505149185,0.9904603970002454
0.9904867683442413,0.9904868227465746
0.9895101479331733,0.9895112779561227
0.9900954090806778,0.9900963104954829
0.9905026905360046,0.990502242694662
0.9901830083112414,0.9901832223342281
0.9902465383925297,0.990242258922142
0.9902651663474457,0.9902650685009402
0.9885547848900172,0.9885591848406026
0.9902327647102933,0.9902369211429073
0.9904811753149576,0.9904833093666104
0.9901886287128381,0.9901896269589403
0.9904412872119166,0.9904409551190105
0.9898785499433198,0.9898802328859575
0.9901848038138317,0.9901849646445051
0.988173911017335,0.9881743787856206
0.9866289501204718,0.986636340202569
0.9904269704815302,0.9904267342890443
0.9902271343948786,0.9902302616493885
0.9899343329991399,0.9899345777571988
0.9902830537890477,0.9902850642094024
0.9904303907476161,0.9904278420254243
0.9903948995725704,0.9903927443706887
0.990283852048924,0.9902856779318706
0.9900029117018391,0.9900026046493583
0.986992092685925,0.9869844434720756
0.9894978858046468,0.9894995675169905
0.9901827029151774,0.9901828495191846
0.9901346186547464,0.990135021890645
0.9902827846010224,0.9902813040812147
0.9890384875033462,0.989037032383563
0.9893036003524478,0.9893023274165064
0.978479166219904,0.9783411066090693
0.9626335045334744,0.9628421045767098
0.9904144996007411,0.9904177990832495
0.9903415130559523,0.9903373726313383
0.9889051371009769,0.9889052234634286
0.9901280974218237,0.9901293061784397
0.986526746268049,0.9865243402560216
0.9904981509558343,0.9904988895645279
0.9879515608665183,0.9879472928405093
0.9903202837094524,0.9903163032394598
0.9901463614299455,0.9901461994545089
0.990242729721017,0.9902415507096753
0.9904571538938469,0.9904604408161951
0.9904971791461344,0.9904966169907569
0.9904817505015104,0.9904824934199686
0.9904783181280261,0.9904762675970017
0.9905022934216487,0.9905012265380668
0.9904392723192557,0.9904342976118778
0.9901254249077095,0.9901322498062385
0.9902669678553785,0.9902689844561939
0.9901986507245214,0.9901952759885185
0.988737509935847,0.9887450830845075
0.9893064648730383,0.9893061798574623
0.9904763819435315,0.9904735956340684
0.9902739563911178,0.9902747285773755
0.9904662816765415,0.9904676829800263
0.9903335874550298,0.9903296587504261
0.9904797521008343,0.9904824583218591
0.9903475564884352,0.9903459305683784
0.9897013682933994,0.9897004747184323
0.99024449442149,0.9902436936467351
0.9904068271242236,0.9904051990771382
0.9904081588708596,0.9904112560708606
0.9896751977488066,0.9896770908349558
0.9905040251129047,0.990504094053015
0.9904683426464411,0.9904686833012246
0.99018466150228,0.9901851898267157
0.9902262534774154,0.9902277205957718
0.9904683201194076,0.9904684022558718
0.9904147905708706,0.9904176388171497
0.9903312409927365,0.9903282300081941
0.9903739083905914,0.9903687201203104
0.9904378694095526,0.9904416509880716
0.9891786283160027,0.9891778977334326
0.9900672993455556,0.9900682724419241
0.99019251107503,0.9901907109110646
0.9904049826390469,0.9904067150657632
0.9900852581824897,0.9900846172991229
0.9902228144259035,0.9902219467259036
0.9904786265617824,0.9904783077616898
0.9902137171245008,0.9902160265215137
0.9890984226180044,0.9890983755783437
0.9904819802919079,0.9904834334976766
0.9903841548069261,0.9903862300515428
0.9904346085767204,0.990432473260546
0.9903287938924935,0.9903368799877486
0.990393911050571,0.9903922380095581
0.9903239919767902,0.9903271146343359
0.9905008834639897,0.9905010681768154
0.9904836080321239,0.9904841992553544
0.9904706091743122,0.9904678993553465
0.9877221964102961,0.9877226371364073
0.9901829532568308,0.9901832763153655
0.990203655553793,0.9902029871630006
0.9904297506508265,0.9904274633624951
0.9904981601448932,0.9904948265538188
0.9905031542229217,0.9905027213324533
0.9902892810096778,0.9902907916641136
0.9902847252403033,0.9902814622328677
0.9904171271802846,0.9904126407406548
0.985592542930284,0.9855615310564997
0.9903621970898627,0.9903668550434347
0.9904750292032352,0.9904745375046727
0.9901563251030128,0.9901574211566527
0.9904260050695596,0.9904225319041552
0.9904565206828285,0.9904562432894614
0.9902139114568472,0.9902162852943244
0.9904358465526986,0.9904308462794158
0.9904948478679593,0.990493430793951
0.9876405102970847,0.9876434309152061
0.9903598829342852,0.9903637494350416
0.9901846266242701,0.9901845612038749
0.9902230209907258,0.9902248158733344
0.9904976892908987,0.9904981868772603
0.9902102253274734,0.9902123514016751
0.9904524854259468,0.9904512256375828
0.988628305271016,0.9886301779282902
0.9902620909290214,0.990259583280815
0.9901676209853412,0.9901681939083269
0.9903481319980346,0.990351736439186
0.990500353059779,0.9904991607194151
0.987163892644937,0.9871649989546392
0.9896042311703043,0.9896004452960143
0.9901901122455226,0.9901907072100236
0.9899810911193232,0.989980371509799
0.9899837885590461,0.9899840406113007
0.9905012611149158,0.9905006961172824
0.9904587030791233,0.9904619712197585
0.9901979339669043,0.9901975263436026
0.9893017011964612,0.989301094711227
0.9904136251427794,0.9904079006695394
0.9904666022591284,0.9904675765168345
0.9902317628327113,0.9902300789260958
0.9904953928572274,0.9904948710185681
0.9904901691842437,0.9904899609022726
0.9902269763073678,0.9902259261123727
0.9899354551535997,0.9899357850590647
0.9900862912533218,0.9900887740108871
0.99033479703256,0.990334098533329
0.9902720131279172,0.9902677516723084
0.9900634554004388,0.9900643657714895
0.9902271927962604,0.9902287999050812
0.9903099845972282,0.990310709396403
0.9904397016483375,0.990439332082317
0.9890428580147634,0.9890440512438987
0.9902498352990117,0.9902521087773011
0.9904808633513303,0.9904823372544647
0.9900534551717861,0.9900543707167165
0.9904523558958637,0.9904550157623996
0.9903382535814937,0.9903362334909044
0.990153974675838,0.9901557304643092
0.9901863125386821,0.9901870599483767
0.9900456143999523,0.9900457173066671
0.9900881987434036,0.9900896529955909
0.9904302780771991,0.9904288579714098
0.9852619781674944,0.9852648541513467
0.990484136543875,0.9904840688540006
0.9903391167808762,0.9903351801888131
0.9891824730404932,0.9891864343147289
0.9904962745303046,0.9904959394028421
0.9904425783157406,0.9904391182362116
0.9904026435078117,0.9903997327817339
0.9903249773076819,0.9903271003132916
0.9902753835684963,0.9902717202885511
0.9903704909830858,0.9903698301876507
0.9905008099039188,0.9904995670848311
0.9885591268074868,0.9885583349525963
0.9893900880277287,0.9893918078878673
0.9904778905322591,0.9904796987321101
0.9853680165115101,0.9853710176598511
0.9903514923713326,0.9903551100737289
0.9885474247472033,0.9885470213875288
0.9897775783601866,0.9897748087980054
0.9902777983384189,0.9902771219545399
0.9905012252585123,0.9905006138881756
0.9894826014308046,0.9894812979327137
0.9903431875041918,0.9903422779480584
0.9901847493690373,0.9901859959122897
0.9904586781581713,0.9904603508149402
0.9902571016122996,0.9902594540085772
0.9894803110334243,0.989482061319911
0.9903585387036495,0.9903596768091656
0.988723276926149,0.9887164740543554
0.9904584243385204,0.9904572614841214
0.9904029830481902,0.9904010033576691
0.9903314326087985,0.9903327235969479
0.9901993747787999,0.9901989809614526
0.9901907559322143,0.9901906128072185
0.9904455301951407,0.9904472443779868
0.99019316529073,0.9901937869156692
0.9902055918991517,0.9902045090570026
0.9898222714048712,0.9898227753007651
0.9634749098813149,0.9634909429156622
0.9903707345624619,0.9903704046947545
0.9901929391042504,0.990191779347969
0.9895412373394531,0.989543977448697
0.9902265851964823,0.9902219848313627
0.9904408332218004,0.9904430861364381
0.9902599552865455,0.9902581169084295
0.9633234945814375,0.9633446586296363
0.9902355407430901,0.99023306206862
0.9883020900041962,0.9882994988179761
0.9961203549081045,0.9961539071688901
0.9901080232114295,0.9901092854748537
0.9905020950123423,0.9905026566598645
0.9903649890738692,0.9903629997317435
0.9904212339339238,0.9904229396871039
0.990438466420086,0.9904341907410509
0.9614797713975882,0.9615219937562481
0.9904874020603868,0.9904889593786348
0.990442500964176,0.9904364642268387
0.9901967863252262,0.990197766877736
0.9902521500354091,0.9902503873995551
0.99021193715705,0.9902119769830213
0.9903434605089775,0.9903426393870046
0.9888455706033066,0.9888454681806429
0.9901954808742316,0.9901951175969249
0.9901897228716536,0.990190206116592
0.9902187060570797,0.9902205387206666
0.9904590162140263,0.9904573076907339
0.9961550410564473,0.9957433981287377
0.9903160690984447,0.9903139006711791
0.9217771574859831,0.922210865248715
0.9899815882731459,0.9899799068453986
0.9904144094821683,0.9904155193405135
0.9904261379214904,0.9904235637737715
0.9873089839468776,0.9873123407469981
0.9904240270326041,0.9904200408277088
0.9902027870369465,0.9901997950184164
0.9902161804998764,0.9902147891053137
0.990216293948497,0.99021880637477
0.9894563704587171,0.9894536824536867
0.9902056109144812,0.9902035498585202
0.9901914734887833,0.9901900115670841
0.989988601500674,0.9899898467614296
0.9902375030887299,0.9902359417838079
0.9904957394844651,0.9904963596573316
0.990373062404578,0.9903767330704283
0.9895726174601406,0.9895765675355328
0.990228466374148,0.9902279705909749
0.9903262492148243,0.9903292769572906
0.9902166462092693,0.9902181493875244
0.9904675865027502,0.9904655914602084
0.9904403925444137,0.9904379824982115
0.99040348047967,0.9904004258885926
0.9901963961958508,0.9901986583870374
0.990104036196802,0.9901043159305429
0.9902085485586057,0.990207025328574
0.9903370073764325,0.9903380241033151
0.9903367088079285,0.9903419672347998
0.9901727447509135,0.9901728876167462
0.9898196778642361,0.9898206749435768
0.9904456706680094,0.9904502637418142
0.9902986569983033,0.9902963112992709
0.9901405145945326,0.9901394040679137
0.9901835559493355,0.990183626556227
0.9902428242526217,0.9902412461613058
0.9903825504289073,0.9903845851801037
0.9904007748035992,0.990402900598444
0.9904887656104243,0.9904890483231072
0.9902037190701728,0.9902058978916825
0.9905026303503253,0.99050237232308
0.9854199306638842,0.9854169510526194
0.9903330398179075,0.9903290161301304
0.9902702563099072,0.9902642371059527
0.9624867472767706,0.962421954774365
0.9864681102714279,0.9864707045301436
0.9903680646270479,0.990370124122449
0.9901976363692974,0.9901962588338239
0.9902830935342339,0.9902820085086581
0.9902777217440349,0.9902776218089068
0.9904640390386537,0.9904651252929753
0.9904269330809206,0.9904277470394608
0.9903378960051394,0.9903389089576224
0.9858277085198294,0.9858330723771584
0.9903192845863438,0.9903212007540683
0.9898409207130708,0.9898382584881976
0.9902253557157045,0.990224414643507
0.9904976012948965,0.9904972568490571
0.9903831637857763,0.9903825299727316
0.9898485826755326,0.9898485109773302
0.9902327299272605,0.9902355323978462
0.9901891578918864,0.9901887516734194
0.9904201853191111,0.990418613649732
0.9894572817674814,0.9894577307206204
0.9903631302391432,0.990361071995379
0.990502627081631,0.9905019008814403
0.9890927977560166,0.9890921633215143
0.9873898711298396,0.9873980155806302
0.990263673152531,0.9902663912073768
0.989889340069165,0.9898872064117339
0.9903213605073249,0.9903163788940154
0.9905011038910736,0.990501224148139
0.9904291945485014,0.9904274070456044
0.9903273892470371,0.9903254904870198
0.9904121133027598,0.9904149552021689
0.9903421991753133,0.9903394707157804
0.9904056020486203,0.9904034453761144
0.9901845108888185,0.9901846221763997
0.989908842717169,0.9899079057463501
0.99029872244601,0.9903006150775
0.990368196243041,0.9903695798312883
0.9903820547951201,0.990382608838129
0.9897028464544232,0.9897025378898195
0.9840830075111134,0.9840301826659297
0.9902556318706977,0.9902550257279787
0.9904556926923906,0.990459177106033
0.9903174536738143,0.9903168181808668
0.9902145873712089,0.9902114832842621
0.9904240113488948,0.9904286046578306
0.990192378561836,0.9901941164948062
0.990186319600905,0.9901859062833706
0.9901639899577734,0.9901627440617498
0.9902386053418002,0.9902377766945334
0.99043704524266,0.9904329560645095
0.9903829241475385,0.9903808230829351
0.9901397480997037,0.9901425347811699
0.9901894376092326,0.9901889123760474
0.9904977818708101,0.9904983122045757
0.9903982210915926,0.9903934915014737
0.9902363453648326,0.9902346404690283
0.9879456372007662,0.9879388651979824
0.9905036885270868,0.9905040119452856
0.990249362482391,0.9902504959439972
0.990464329040711,0.990463004132735
0.9899551802002862,0.9899541063943852
0.9903048884904786,0.990307370945409
0.9896971839386853,0.989697447065361
0.9902788004282772,0.9902769160265025
0.9902283511755979,0.9902277902276373
0.9902835187381099,0.99028763069964
0.9901835654143394,0.9901846818400144
0.9902889242491263,0.9902887320203958
0.9901872157292553,0.9901869577307264
0.9902213779713931,0.9902231190725074
0.9894796667703261,0.9894754262296043
0.9902492864427337,0.9902538353794644
0.9902192756181342,0.990222650371163
0.990209526087575,0.9902117776625668
0.9902266726203885,0.9902252229700068
0.9901991368861499,0.9901971474743013
0.9903577735346845,0.9903606838313599
0.9902851094956062,0.9902874558030611
0.9905022628172496,0.9905014243740352
0.9901710992411878,0.9901723190389139
0.99034666430306,0.9903497918082315
0.9904673746717546,0.9904646224794114
0.9904705414654424,0.9904729804919018
0.985386331981554,0.9853899696350475
0.990380143614597,0.990378402692085
0.9902481637976478,0.9902508469340516
0.9903596795449737,0.9903601642810343
0.990464372215081,0.9904625461630835
0.989919849075621,0.9899198656713942
0.9904426495291355,0.9904416388079763
0.9901763512923227,0.9901755273026711
0.9903455855791646,0.9903487174762498
0.990440352637647,0.9904377920570981
0.9902805252382921,0.9902809006074343
0.9904803931936851,0.990481773500793
0.9904110814256497,0.9904137833611335
0.990216140623014,0.9902170046738002
0.9901830978427997,0.9901828686593237
0.9904033710752439,0.9904015464606708
0.9902574532998084,0.9902536977157917
0.990212861880308,0.9902140415338238
0.9902191852259091,0.9902206343902145
0.9905022029927631,0.9905018974852225
0.9904616029208159,0.9904600761363637
0.9903053738423416,0.990308062503965
0.9904184389035201,0.9904170430761431
0.9903542311768715,0.9903568427526389
0.9903230397859009,0.9903202345861365
0.9901731017859818,0.9901741460723646
0.9901449176572276,0.9901452369014564
0.9901208373986379,0.9901212745696226
0.9901860153416939,0.9901871627927606
0.9904417143094703,0.9904413447058702
0.990478609841258,0.990477008799584
0.990466498408919,0.9904625320061323
0.9902788775964502,0.9902804474594809
0.9902526060653629,0.9902512525469614
0.9902518954468063,0.9902502443385518
0.9898805491259824,0.9898814880854168
0.9903197620774665,0.9903171869616232
0.9814085977720836,0.9815259876418381
0.9904690315499077,0.9904695835605295
0.9899175180897234,0.9899185025645609
0.9904317653556156,0.9904339699874631
0.9903593002641304,0.9903592873288689
0.990259885233627,0.9902611069072549
0.9901934500450077,0.9901944464235695
0.9903971863620754,0.9903945662465133
0.9904995630837438,0.990499446955686
0.9877140883222414,0.9877143221543807
0.9903425552150511,0.9903396244341609
0.9904871109190884,0.9904857374515161
0.9902637125157692,0.9902617534837893
0.9902262892172005,0.9902306338978302
0.9903059454515278,0.990297931976641
0.9901636230225402,0.9901627800560547
0.9903582070335091,0.9903575885369219
0.9901884110356445,0.99018908662729
0.9902736635230838,0.9902758185001413
0.9904257501121436,0.9904246638645283
0.9904984574295101,0.9904974469725011
0.9904571068368486,0.9904549340285578
0.9904440733631775,0.9904495529511435
0.9901848683812433,0.9901850194895363
0.9904524691866294,0.9904538558034496
0.9903323356778836,0.9903289089528342
0.990183828197767,0.9901837077615236
0.9887500125894378,0.9887494562288368
0.9903491014648604,0.9903479841003996
0.9902686072361552,0.9902717238472214
0.9895160394078825,0.9895167269769399
0.9903851302735014,0.9903811865660824
0.990180800720462,0.9901810261332575
0.99029594791294,0.9902991724833519
0.9902696391057211,0.9902744024093805
0.9868419145669453,0.9868342995370765
0.9903096889213622,0.9903058752019844
0.9904794571915629,0.9904793127086642
0.9904989080796979,0.9905001377439117
0.9871970855751857,0.987195654498029
0.9903535827950681,0.9903479904055051
0.9903474580201916,0.9903438175510649
0.9893194777259843,0.9893198458698766
0.9902168277303953,0.9902143480673185
0.9894980926726674,0.989500134160063
0.9904022935538592,0.9904036594027484
0.9903260801052527,0.9903245860134237
0.9903614006319873,0.9903631915732926
0.9903886259839885,0.990390625218105
0.9904032080447638,0.9904046582903518
0.9902954510459472,0.9902886411282863
0.9904236717452658,0.9904228701427387
0.9901896945137304,0.9901902939556861
0.9903278051821542,0.9903234998840159
0.990339256652547,0.9903423922694268
0.9092943453519576,0.9089177400935543
0.9901997786774709,0.9902014982252099
0.9903040585089978,0.9903061543221802
0.9904966829088876,0.9904958141925541
0.990279397066401,0.9902854061863221
0.9903521687862742,0.9903529705952152
0.9902178641812674,0.9902195369687015
0.9905014297245163,0.9905011402009226
0.9864961527832365,0.986495751898013
0.9901825599474549,0.9901829953380344
0.9903670395603841,0.990369317252878
0.9902747927442109,0.9902806144739179
0.9902117499809868,0.9902133181139366
0.9904262959692193,0.9904215325207326
0.9904099273794791,0.9904048841408809
0.9889732496507923,0.9889743386140453
0.9904735292061038,0.9904727877514855
0.9903063658270352,0.9903037365659396
0.9889945763114117,0.9889916113247536
0.9902760400133935,0.9902791812444469
0.9902372560777054,0.9902357629256666
0.9901927242088222,0.9901933780417513
0.9901961703250743,0.9901972145510729
0.9903404436285475,0.9903383215631152
0.9903982594309763,0.9903938238276239
0.9903146590048443,0.9903228931263206
0.990487641886143,0.990485876272349
0.9902856104494508,0.9902856806594308
0.990209892352848,0.99021191007429
0.9903637843938232,0.9903665770347827
0.990244179337497,0.9902437080978395
0.9901802278199615,0.9901799702726509
0.9904902634901791,0.9904891822569601
0.9902176398546492,0.9902204444206535
0.9904576181973346,0.9904596194774433
0.9901835779731264,0.9901838036349211
0.9900905460593378,0.9900920011401179
0.9902261753891966,0.9902254347877981
0.9902212720095435,0.9902184509457997
0.9900524192740788,0.9900540831158214
0.9902111503304756,0.9902086759881142
0.9904523599481972,0.9904560809696228
0.9900793049615292,0.990080355123892
0.990431209534014,0.9904282751554273
0.9903940028455156,0.9903909823837549
0.9902790927095235,0.9902813645929643
0.9898029104699028,0.9898058047483445
0.9904693675701902,0.9904698519688602
0.9902193739132075,0.9902170735694287
0.9904414640989652,0.9904423989394495
0.9621037101553149,0.9620860750907902
0.9902897530870292,0.9902934105324351
0.9904552065722946,0.9904526137753281
0.9902560793724277,0.9902542769549207
0.9903933430241534,0.9903977094924009
0.9903453853590688,0.9903437633487902
0.9904963917916165,0.9904954449556027
0.9878837223339709,0.9878913357420567
0.9904648922039766,0.9904628809920066
0.9902146669168816,0.9902137897088966
0.9904519899861807,0.9904512362787896
0.9901915506844798,0.9901924787154105
0.990503281405056,0.9905029847038231
0.990194884259285,0.990196672768549
0.9902790054794667,0.9902828628359357
0.990442059592988,0.990440386720649
0.9922047046733817,0.992115995327283
0.9903463210801546,0.9903496560977193
0.9901836648478894,0.9901839215743905
0.9900878088343837,0.9900881032926654
0.9902601889250865,0.9902622464302817
0.9903476768759782,0.9903476713378013
0.9904617746307025,0.9904609466923269
0.9895389858791866,0.9895424392194723
0.9888451637901078,0.9888453030488562
0.990200904877243,0.9901992278414159
0.9902043439582798,0.9902051301912771
0.9904012048700545,0.990403430702498
0.9901824281931155,0.9901826354868674
0.990357351266001,0.9903542289601792
0.9900624067497272,0.9900609579731536
0.9904965663824034,0.9904973030188725
0.9902395905881699,0.9902416600615085
0.990267251356211,0.9902652638380874
0.9904603162523935,0.9904636349416964
0.9903976961005037,0.9904005041273846
0.9883464817711854,0.988336737238597
0.9876727708060069,0.9868562567027911
0.9904486643576048,0.9904500290214081
0.9885040999758434,0.9884956515229001
0.9901826922096413,0.9901828121425459
0.9222623132067813,0.9234737365494864
0.9904811886936933,0.990483454730998
0.9902085616225436,0.9902119533482542
0.9901862792144905,0.9901867139001994
0.9877713851161456,0.9877745582411986
0.9903058197323686,0.9903100903825652
0.990192820205881,0.9901949421360107
0.9900387066863909,0.9900386219478174
0.9902460239144913,0.9902433633452443
0.9904853366380747,0.9904847872492648
0.9900201614293096,0.9900232936325328
0.9899402482788089,0.9899382269340713
0.9903402207642763,0.9903432554716073
0.9904790469587548,0.9904770651472904
0.9904955917215026,0.9904945586950649
0.9904780705200452,0.9904799025739073
0.9902113650785974,0.9902110665111201
0.9901963174587232,0.9901978577030082
0.9904774057053783,0.9904774440243084
0.9904482294675143,0.9904472220690631
0.9901062736121649,0.9901020474023642
0.9903234125593269,0.9903208617228905
0.9902013598158839,0.9902007212117327
0.9230016492394785,0.9229853244237332
0.9904924039780728,0.9904927683248033
0.9904968132410799,0.9904962236368892
0.9904453671451875,0.990445588209701
0.9865736277325949,0.986565845107788
0.990192801141341,0.990191772554483
0.9902207860166886,0.9902196265757762
0.9904465137818369,0.9904505073728193
0.9890364246028529,0.9890347294947608
0.9904461003268342,0.9904431048915798
0.9902713759144158,0.990271345359689
0.9881749429105412,0.9881753473207294
0.9892932296993616,0.9892938443987195
0.9902698965081789,0.9902653987770926
0.9902148880211333,0.9902156589117854
0.9901811952370507,0.9901811326546545
0.9902462767108704,0.9902509195600372
0.9902894881523848,0.9902878181697145
0.990272330129529,0.990272424562317
0.9904891235426718,0.9904900764678629
0.9903313657434581,0.9903341963028335
0.9901856283964123,0.9901860997448187
0.9902178038742769,0.990217357622648
0.9867249880112928,0.9867889406886043
0.9902934460084558,0.9902992918078689
0.987287234018564,0.9872891888339811
0.9904772605160002,0.9904723189654085
0.9903453336486682,0.9903496023891464
0.9888969229245836,0.9888977539706206
0.9904240925467876,0.9904223776344948
0.9904385046835523,0.9904357211945743
0.9904885481490465,0.9904884422130713
0.9904567651995984,0.9904547528991452
0.9902764595026953,0.9902779776282782
0.9903670672793072,0.990367631696213
0.9904385870855034,0.9904368208726585
0.9901832135151345,0.9901836757428996
0.9902953427851395,0.9902917861419277
0.9904450845394184,0.9904489976392271
0.9902170579615469,0.9902143851880102
0.990454784760366,0.9904570221790304
0.9902011888286903,0.9902030196327718
0.9901422429983541,0.990140934750066
0.9897031530488923,0.9897022536951822
0.9813062475999399,0.9813285570597191
0.9905024557962853,0.9905020184365089
0.990493266790504,0.9904940615304209
0.9902550807055268,0.9902530793811007
0.9903154294347216,0.9903123654510881
0.9903071266619643,0.9903085297756508
0.9901594388587931,0.9901538589148483
0.9899996763098016,0.9900025073296742
0.9904150646822225,0.9904172224242385
0.9882434248098241,0.9882451595377598
0.9903650577543428,0.9903673652192831
0.9901877820538076,0.9901887602025277
0.9903222472308172,0.9903234609051368
0.9904974569469842,0.9904964071040651
0.9901663430770212,0.9901665325139392
0.9903938751559569,0.9903910165000993
0.9902552532940752,0.9902552386862871
0.9899320394885726,0.9899332600284936
0.9901995208582289,0.9901980607627316
0.9904906258265197,0.990491240381825
0.9874018829933867,0.9874058846080769
0.9902565956074119,0.9902536744682002
0.9902132408319648,0.9902109996987649
0.9901207179388547,0.9901202347523221
0.9902187189365107,0.9902206287734184
0.9904372551104109,0.9904373444414507
0.9901811456314386,0.990177826704595
0.9891011352716427,0.9891025657969695
0.9904264465426934,0.9904280937005264
0.9901834150724641,0.9901837751693279
0.9902159521675152,0.9902178481756998
0.9904598840629399,0.9904613911283061
0.9903442655621987,0.9903436343119106
0.9904797469142702,0.9904809858428636
0.9903334880320759,0.990330166020849
0.9904625983816802,0.9904596477121882
0.9904947536789792,0.9904957944023005
0.9903143297564418,0.9903110779609072
0.9902356638618696,0.9902369314660033
0.9900647767186059,0.9900648969181143
0.9904198344447162,0.9904175671341846
0.9902589339857483,0.9902621876449251
0.9895875972964888,0.9895874199018615
0.9903612404475473,0.9903633293700292
0.9889237784107636,0.9889205656382462
0.9904968737489862,0.99049618376746
0.9903516492878542,0.9903480084297024
0.9326525296585741,0.9326541732742278
0.9904071323740006,0.9904057838722519
0.9904181402307538,0.9904193097304963
0.9903546422092191,0.9903496891209546
0.990499584680116,0.9904988516045752
0.9905012174416425,0.9905008263739424
0.990236361587311,0.9902358971141407
0.9904965438385643,0.9904950421153687
0.9923264849685949,0.9921879990186734
0.9902098010057718,0.9902104862415441
0.990245932830667,0.9902432767807231
0.9904318069936172,0.990430576448575
0.9904192058547551,0.9904168616689639
0.9904741704916504,0.9904753625860044
0.9899635790523815,0.9899648247409403
0.990226514013159,0.9902277752940631
0.9901805465983792,0.9901781071174155
0.9902040863483553,0.9902048000935905
0.9905025257075188,0.9905023610678202
0.9295836431840746,0.9293429093646794
0.9904964912837363,0.9904972529492779
0.9903177746885914,0.9903204963032564
0.9844285225181361,0.9844246029829019
0.9901931784495829,0.990192511348675
0.9905018640424418,0.990502244483799
0.9892855308373503,0.9892841925020028
0.9901928723006846,0.9901918435193011
0.990183357197722,0.9901841276393328
0.9904792535542817,0.9904797979671761
0.9903350516508381,0.9903321317521128
0.9898024243212707,0.9898002442435617
0.9901840208592727,0.9901837683374218
0.9902671894064239,0.9902625639286508
0.9901907524007004,0.9901914301947548
0.9282683312913766,0.9286665927841276
0.9902053034163512,0.9902071090471918
0.9902492775438003,0.9902515704720574
0.9902985200552722,0.9902980343893729
0.9903139743753278,0.9903156828651977
0.9899797122015466,0.9899786019369772
0.9903969303102372,0.9903966165060342
0.9902010730151819,0.9902009574237117
0.9905040730530303,0.990503814930911
0.9904560918272496,0.9904579416881633
0.9904750420211662,0.9904718898021231
0.9901827015145619,0.9901828620920243
0.990318943179532,0.990314574274598
0.9903332611853894,0.9903307494157277
0.9902368359953352,0.9902375856087323
0.9904254980730073,0.9904235423072177
0.9902321749977826,0.9902288043874805
0.9904841500391552,0.9904829631233981
0.99020335876476,0.9902027609863349
0.988587394286588,0.9885888584232337
0.9904989499538647,0.990498928641153
0.9904371757713905,0.9904390918199012
0.9891067420049894,0.9891054717908897
0.9903838589369814,0.9903795097322291
0.9904210285651783,0.9904223039021012
0.9903974796422942,0.9903987712617688
0.990307921347421,0.990311205588575
0.9904721516607863,0.9904707071325537
0.9904719194028504,0.9904725509080798
0.9904971192906733,0.9904964515470286
0.9901636798223739,0.9901650633931729
0.9902658127618394,0.9902686136751861
0.9903403973247272,0.9903469684850821
0.9901826861142364,0.9901829368861343
0.9901854820199177,0.9901841040476751
0.9904251796968012,0.9904223806982013
0.9904422433861645,0.9904419966277125
0.9902882675041231,0.9902850816486751
0.9902223052882458,0.9902228572243899
0.9905042865730861,0.9905042513641972
0.9892543217307112,0.989252452652637
0.9902135996524146,0.9902157226905356
0.9900540237133969,0.9900541754982488
0.9869496848776793,0.9869307042259448
0.9904093920368391,0.9904072405123125
0.9902476074566333,0.9902502157833325
0.9904775960099056,0.9904794345347652
0.9902210966112192,0.9902194151732647
0.9904930550604225,0.9904906554690639
0.9903894916668262,0.9903850883655783
0.9904309432794643,0.990427477916464
0.9904823163431241,0.9904810100980761
0.988214801586883,0.9882071317212657
0.9809473297835344,0.980395349511558
0.990493380469384,0.9904934687509551
0.990135842498799,0.9901372631551502
0.9892151897560862,0.9892165633643498
0.9866079112006634,0.9865214834980275
0.9900907751924778,0.99009607087061
0.9896609678870457,0.9896643703503404
0.990451226982088,0.9904496600559181
0.9902753954246865,0.9902740809258134
0.9902443300549438,0.9902466230308998
0.9892097785477548,0.9892112558018
0.9903221266382316,0.9903251476150235
0.9904780854552072,0.9904783712253888
0.9904991282712686,0.9905000543144543
0.9904864208366512,0.990487261320081
0.9904104270674411,0.9904109887883074
0.9902203820167407,0.9902247969471171
0.9902654005687145,0.9902678243828693
0.9904680058247541,0.9904707436989594
0.9902963545029674,0.9902930082336752
0.990285163014955,0.9902888595951564
0.9864967114100884,0.9864971147814657
0.9901827237629831,0.9901827126947582
0.9902992187962002,0.990301306590721
0.9904134850932671,0.990414684245522
0.9901982277414078,0.9901981623140559
0.9901921503699441,0.9901912629129659
0.9902259111652447,0.9902240691967478
0.9887593147251803,0.9887546742300871
0.9904458105106568,0.9904439002513715
0.99004911446557,0.9900471137194699
0.990450438916512,0.9904483038022898
0.9904231402684391,0.9904242238553651
0.9903625409768582,0.990364435957116
0.9904743592950589,0.9904754071293174
0.9902487901264866,0.990247171967258
0.989716634574148,0.9897172584769592
0.990127104153102,0.9901268202540707
0.9904887222868494,0.9904877806168437
0.9904859532562325,0.9904845465558745
0.9902753870753548,0.9902769124742793
0.9903757036433275,0.9903807269854878
0.9904989620104168,0.9904981862256812
0.9902483749691887,0.9902457464927208
0.9904735161652521,0.9904755997734002
0.9903347559249162,0.9903371771690468
0.9904727701648578,0.9904763002734992
0.9903785917111044,0.9903811357896136
0.9902120605724175,0.9902133108865092
0.9904773600129392,0.990473497133468
0.9904888902292289,0.9904877970372986
0.9902663393674633,0.990269591974642
0.9901986738186189,0.9902001583191573
0.9904517511935714,0.990450251649483
0.990322458495408,0.9903181781315524
0.9902039581043924,0.9902055779884718
0.9901539561192336,0.990150669776921
0.9902807066257003,0.9902820138443036
0.9904938526424958,0.9904921060874732
0.9904031833264473,0.9904047277264449
0.9901584160677336,0.9901590088217229
0.9903987381017189,0.9903997904475658
0.9901871246441413,0.9901867704365138
0.9904396735970564,0.9904375155217333
0.9901925250804022,0.9901943161375384
0.9904736996624665,0.990472801478315
0.9903982307914768,0.9903933802537531
0.9888113763215066,0.9888145078268161
0.990171998831043,0.9901719541363734
0.9902507058414483,0.9902475658390825
0.9901911407740519,0.9901908180539485
0.9901388734016696,0.9901424618121386
0.9903611424655593,0.9903632569323881
0.9903388838081354,0.9903424240993399
0.990441357741906,0.9904398708028885
0.9904902352953027,0.9904900195546343
0.9901820939506802,0.9901811978859426
0.9861395230999201,0.986127326088967
0.9894551552177524,0.9894540155856592
0.990220170941734,0.9902180098532104
0.9901828903230213,0.9901829497877239
0.9903591360864352,0.9903570066181665
0.9903998577827322,0.9904062660640771
0.9904231929444903,0.9904245954685318
0.990449817254165,0.9904511059519215
0.990182706529415,0.9901828647749826
0.990193574708084,0.9901935986765067
0.9903243585748055,0.9903215620143875
0.9904955823523691,0.990496548516825
0.9902921064130009,0.9902901248586131
0.990228593115755,0.9902303021751137
0.9904064092670337,0.9904042067742203
0.9868923460077395,0.9868872764677302
0.9905025861961075,0.990501745442063
0.9901808012279915,0.9901807596274701
0.9903230625369511,0.9903293175933986
0.9903518534148853,0.9903450741213069
0.9904992705267819,0.9904986542443273
0.9904163170493542,0.9904178693673038
0.9901827604970189,0.9901831385256896
0.9902305232481947,0.9902299316939552
0.9901931283981991,0.9901959549607589
0.9901840137109207,0.9901818892446262
0.9903375715320312,0.9903392930138675
0.9901399648424506,0.9901403756529477
0.9901557824161294,0.9901557793911102
0.9740772052349448,0.9743068429968171
0.9904723090128345,0.9904707101824474
0.9903630326213092,0.9903646229395026
0.9902204475762802,0.9902222867562664
0.9902274168183858,0.9902275303125261
0.9902529222378603,0.990256124880237
0.9892546926308662,0.9892533246908636
0.9901922282554608,0.9901949979533287
0.9902065280670791,0.9902080982039364
0.9841844859491954,0.9841950625083378
0.9904031601868719,0.9904004475157155
0.9901863305349691,0.9901856803515215
0.9901840586451427,0.9901845790099606
0.990448371318034,0.9904488344600361
0.9901828732506515,0.9901834256737593
0.9624111244416657,0.961971686787903
0.9902125968342702,0.9902144736252064
0.9903590821307552,0.9903567746955578
0.9902345151079415,0.9902364796385126
0.9902087229665526,0.9902092253058109
0.990194649963286,0.9901960192203956
0.990176131468648,0.9901773628835479
0.9904638017158639,0.9904593238403113
0.9896420486794524,0.9896406622918217
0.9901834150115303,0.9901829952262275
0.9902499585295118,0.9902490315095761
0.9903150938207584,0.990311849431486
0.9843106402168723,0.9843928906736882
0.9902071784784298,0.9902061005927072
0.9904964706022372,0.990495894481939
0.9904848067715393,0.9904856540583631
0.9904306929460405,0.9904324107750565
0.999990403213975,0.9998536109920728
0.9904262437549,0.9904249220208523
0.9904474560694806,0.990444570213902
0.9903987776342419,0.9903972830305184
0.9902067835587839,0.9902105252021975
0.9904887516042998,0.990487774988366
0.990388295559682,0.9903863863302637
0.9902265858094753,0.9902267438262565
0.9900175215688656,0.9900167962237952
0.9901618980104464,0.9901611353200807
0.9898088411990911,0.9898100386949167
0.9901839026624849,0.9901847704259862
0.9904928974091689,0.99049281705047
0.9901599236130595,0.990161967177492
0.9904686517792718,0.9904687328236215
0.9904551156868403,0.9904548340610527
0.9901962637048499,0.990198061132536
0.9890935965018788,0.989094158506064
0.9904879379367593,0.9904871259998267
0.9904519049829498,0.9904528151626448
0.9904774186150291,0.9904792715534847
0.9901290572430819,0.9901264242217473
0.990480860041574,0.9904812811594584
0.9905041844641084,0.9905039257595314
0.9903820161578206,0.9903818870845669
0.9901933127285731,0.9901915844763133
0.9901878641912794,0.9901884805327366
0.9903091244778277,0.9903108604242128
0.9905033333421576,0.9905023783140614
0.9858667729109892,0.9858697567201155
0.9904845471222092,0.9904845255585047
0.9904927524984866,0.9904927996428111
0.9903260535846488,0.990331700534207
0.9903077384148993,0.9903194783566556
0.9902028481388316,0.9902045776833046
0.9904957008365003,0.9904951562331883
0.9901953022863352,0.9901965086958637
0.9903854454507044,0.9903822695013809
0.9901594031294014,0.9901576828128968
0.9902991542308996,0.9902940813391855
0.9903204111087278,0.9903228293180724
0.9899229124304674,0.9899226761122161
0.99018986012874,0.9901882332564229
0.9902360718695616,0.9902403543210795
0.9903396175801186,0.9903407078610635
0.9901149470947291,0.9901122680104004
0.9901906856541806,0.9901894724906328
0.9903575524636259,0.9903597438718722
0.9901944267887904,0.9901913221520955
0.9903386617193717,0.9903396773010009
0.9903495569203017,0.9903556850187192
0.9853953814772272,0.9853890237641331
0.9965021350504368,0.9963259673613635
0.9903086190956861,0.9903133833384343
0.9904937591114302,0.9904946476419049
0.9901856347418718,0.990186936037661
0.9904817869762828,0.9904809300113192
0.9903831934172341,0.9903786324929316
0.99029325534206,0.9902901571861297
0.9904775498131491,0.9904762310754447
0.9904787866299383,0.9904775123344162
0.9771077685545995,0.9772232960856613
0.9904657862137991,0.9904670122408556
0.9904975131851653,0.9904968731762893
0.9902149131090606,0.9902182525213864
0.9904627128497588,0.9904605804445207
0.9905008506696783,0.9905015548907673
0.9907175805112104,0.9904249147641822
0.9904287187664348,0.9904310785060241
0.9901700333452778,0.9901702408637155
0.9889730504161041,0.9889704071590599
0.9903174424824379,0.9903143136352156
0.9901933409232204,0.9901922840013515
0.990218069794711,0.990219303081658
0.9888845452425143,0.9888884647799787
0.9902583767141345,0.9902622536551218
0.9904977919973199,0.9904980249558
0.990469262226984,0.9904675009834351
0.9900962713643584,0.9900984698835511
0.9854333975087303,0.9854363115489313
0.9903915253255118,0.9903940986272761
0.9903278143800684,0.9903251101787443
0.9901194383904177,0.9901192652051111
0.9902518377276288,0.9902538158483364
0.9887515345444898,0.9887511948358619
0.9896950811493005,0.989695236616547
0.9901922944543038,0.9901928631132797
0.9903594311801489,0.990357104530288
0.9902122089840715,0.9902115132329206
0.9298666633525153,0.9299073561658651
0.9898465324826253,0.9898425978640417
0.9904599837981243,0.9904575673417678
0.9905005097062929,0.9905006117038596
0.9902031108550683,0.9902054985605602
0.9878722696916814,0.9878751750294411
0.9902009728695922,0.990199749710056
0.9889339045751958,0.9889318972304528
0.9896500529375063,0.9896468143217128
0.9904977539182364,0.990497270414034
0.9904871042001061,0.9904884680945549
0.9842222949223844,0.9841863206229375
0.9890552284190975,0.989055252743932
0.9901833166761567,0.9901835156887434
0.9904768864399592,0.9904774080866923
0.9901908589568031,0.9901912327616192
0.9903249457509272,0.9903239634801234
0.9888500491857586,0.9888506849910152
0.9901850203136383,0.9901846096234328
0.9903108876726968,0.9903177960239546
0.9901841154790912,0.9901836462505651
0.986796274729154,0.9868131659287847
0.9904591174024302,0.9904583609647355
0.9903884158702713,0.9903858740125322
0.9903808850612184,0.9903814671830763
0.9902625303715931,0.990266841994265
0.9901316413739225,0.9901359561425305
0.9904146027440264,0.9904112720093298
0.9904119274856625,0.990412212672997
0.990480447730758,0.9904788856339368
0.990470943820146,0.9904728419057446
0.9312209884850242,0.930934925688559
0.9904041697855321,0.9904006191036266
0.9902176597131832,0.9902188128100309
0.990190135350565,0.9901907435847622
0.9901793625613278,0.9901774257898457
0.9904535180465796,0.990452785448364
0.9901721806932939,0.9901706263071743
0.9890325025071359,0.9890300796423775
0.9903259207643945,0.9903272400117874
0.9894608563907714,0.9894591531709661
0.9830203065819514,0.9830219364457988
0.9882556907751836,0.9882535640542259
0.9901828584964071,0.9901829670454574
0.9855970535383153,0.9858931596946279
0.9904836026902004,0.9904866217767949
0.9904507795967523,0.990454088699388
0.9890071856914195,0.9890062148432756
0.989971611148762,0.9899722267511909
0.9901830196083226,0.9901830065454854
0.9900867718774126,0.9900865927898203
0.9904961431104917,0.9904970289675095
0.9857588593430494,0.985756387777239
0.9901134535303159,0.9901152900341945
0.9904916662568626,0.9904913778610528
0.9904117257089805,0.9904098558384389
0.9902566316199796,0.9902545682151335
0.9902190130603351,0.9902207110302298
0.9903638859244481,0.9903588462635065
0.9903586291267154,0.9903604288279243
0.9901825478974416,0.9901826422551491
0.9904178574318397,0.9904152926076121
0.9904852271892313,0.9904833792990284
0.9902274851318947,0.990224979474938
0.9899168780836193,0.9899163438853762
0.9901825815805115,0.9901826499732684
0.9895104157117467,0.9895107596929035
0.9902621297915722,0.990258227893154
0.9902847088144777,0.9902836519162349
0.9905030084372962,0.9905034576852736
0.9903436665193001,0.9903374322407075
0.99032223066105,0.9903263974872003
0.9904400219429602,0.9904400777142556
0.9901961759999909,0.9901981298403174
0.9901701026113165,0.9901684701681518
0.9902125743363005,0.9902143948808098
0.9902218743991912,0.9902242419982907
0.9900775827843824,0.9900727679238611
0.9856515343071,0.9856573741176712
0.9903480142516324,0.9903508403594433
0.9903770622034946,0.9903741834174137
0.9904835724200222,0.9904850841130733
0.9901766158366748,0.9901760304214234
0.9902899035910031,0.9902939387673784
0.9904464377969522,0.9904475820958425
0.9904856963726695,0.9904855490506214
0.9902031363670806,0.9902019302343134
0.9894146953492894,0.9894172370779185
0.9904190583431247,0.9904156620318137
0.990399360077944,0.9904022671107938
0.9903586599918013,0.9903579438281441
0.9902577404265158,0.9902567784664459
0.9904551896281643,0.9904520899752168
0.9886291835382514,0.9886298564209055
0.9902678083298158,0.9902657346196407
0.990194331899179,0.990194259590741
0.9896645892631732,0.9896630546249338
0.9904481145722701,0.9904434494373118
0.9894829377151267,0.9894798180217844
0.990491667121484,0.990490869431514
0.9903051620942795,0.990302457577455
0.9904805146251814,0.9904791164942813
0.9902592998776418,0.9902577766846415
0.9902565901129685,0.9902574571577226
0.9902508616177499,0.9902495745734641
0.9903472636584231,0.9903462211354914
0.9904927201906126,0.9904916278163541
0.9903944691225123,0.9903970060379835
0.9876411827834616,0.9876445919440363
0.9902677251028628,0.990266093021249
0.9904524437822946,0.9904491644033206
0.9904951092225911,0.9904946341326312
0.9904541409684254,0.9904536562298751
0.9903394468213957,0.9903300808683777
0.9900571428060354,0.9900548300967269
0.9898266254778081,0.9898287632655118
0.990491611467779,0.9904902514777149
0.9902651291365396,0.9902634246225958
0.9902655000610611,0.9902638758156163
0.9901836374682211,0.9901824639326656
0.9877930415535432,0.9877993790824822
0.9318413942896739,0.9316904650694408
0.9903044777470794,0.9903058028190961
0.990332259587829,0.9903349900551582
0.9864990887956384,0.9864985293799071
0.9904840976179735,0.9904828573512039
0.9886401169628755,0.9886365294243091
0.9904624337666651,0.9904625371724027
0.990205521239557,0.9902054864341011
0.990502074894196,0.9905023332773183
0.9854106974961883,0.9853885449825617
0.9903769755873931,0.9903782201861742
0.9902571001359411,0.9902554650893326
0.9903269048237268,0.9903243033315908
0.990187989925128,0.9901889686162986
0.9903263781747506,0.9903300191056067
0.9860407116697997,0.9860263508792418
0.9904140874846797,0.9904141850643852
0.9903421152326763,0.9903405390145634
0.9901863888182635,0.9901868444507802
0.9901671876059676,0.9901672200039813
0.9901806814425372,0.990180938695874
0.9902044950154234,0.9902030494562648
0.9903570240363585,0.9903554992945622
0.9898043730933487,0.9898045912779829
0.9905032738293665,0.9905035111840921
0.9903877829554996,0.9903906916924755
0.9900698753969054,0.9900698571818429
0.9893112812676215,0.9893106389720252
0.9904735387011339,0.9904713978681485
0.9904734977835232,0.9904746322511505
0.9871567605472816,0.9871565267696377
0.9864957100347461,0.9864956942234356
0.9895908301573364,0.989589951138777
0.9904887384152176,0.9904910579794035
0.9635017784745843,0.9634947885291062
0.9878432523900377,0.9878391608137248
0.9902969330469468,0.9902985211104771
0.9617207580432373,0.9617592556879138
0.9865730638440906,0.9865827932454962
0.9902141832793192,0.9902155414254513
0.9904529929560929,0.9904496341645499
0.9902120082969493,0.9902110570817787
0.9904982583386392,0.9904988052949399
0.9903440841541687,0.9903485273778171
0.9895442328030124,0.9895484875387183
0.9901833460386573,0.9901831045851207
0.9902530221282225,0.9902532133264913
0.9904478680375548,0.9904507942622252
0.9902130097058954,0.990210694166696
0.9894264044995104,0.9894237464122633
0.9903588078811717,0.9903523582630315
0.9902059100683496,0.9902067557428912
0.9902364271597395,0.9902370260527471
0.9901856950861416,0.9901861634446019
0.9904847684586308,0.990486090611158
0.9904520344846185,0.9904548325519135
0.9903408823551628,0.9903432108090895
0.9904553011099819,0.9904558698978133
0.9904812889239695,0.9904798960494398
0.9902489784075924,0.9902506232216853
0.9903995767808206,0.9903983084545404
0.9904332307270055,0.9904312714642984
0.9871628359997651,0.9871625050145115
0.9903511617305418,0.9903537821862096
0.9905032157940683,0.9905030846127145
0.9898760914067087,0.9898720052977811
0.9902760604713678,0.9902739467396411
0.9901819746667756,0.9901829703032928
0.9901907839167726,0.9901915191584902
0.9903064587244074,0.9903078617723041
0.9902162975044608,0.9902148932382856
0.9903545762284224,0.9903542461900819
0.9905001882679731,0.9905003608967473
0.9863361960752912,0.9863517079032077
0.9901372197032424,0.990136757057794
0.9902880771435314,0.9902868858998146
0.9901904596397324,0.9901917836270699
0.9900896726957338,0.9900869834415245
0.9851279749740299,0.9851321900105239
0.9882182407753918,0.9882159859214871
0.9904996593938498,0.9904996891661032
0.9903275504816444,0.9903308820646582
0.9903442713467366,0.9903480121240369
0.9891393893221081,0.9891381475379817
0.990453120442842,0.9904536442793231
0.9902297164125318,0.9902313168215718
0.9904261063018246,0.9904245336709815
0.9874900514223746,0.9874909842787021
0.9871566934267664,0.9871574382113723
0.9903722565732084,0.990370635362603
0.9861586455004775,0.9861558996949056
0.9901992826227894,0.9901980813106972
0.9905044295722798,0.9905042759494331
0.9904836643616045,0.9904845726542141
0.989165077298989,0.9891621086136277
0.9903314406722029,0.9903307440419524
0.9901888911749601,0.9901892464004983
0.9903084091892923,0.9903109020949783
0.990206868586379,0.9902065920559764
0.9903836297010336,0.990385729509689
0.9901834599691658,0.9901839721417744
0.9900664817751157,0.990066340474498
0.9903613740532985,0.9903616623403272
0.990400615826945,0.9904029420144133
0.9901799820843796,0.9901799791968894
0.988180614239026,0.9881803616264035
0.9903641079746407,0.9903649959127323
0.9902668978700879,0.9902643177315743
0.9903978183644387,0.9903954936965351
0.9328334690687161,0.9328044229350355
0.9881700024767694,0.9881699548042161
0.9904604503240294,0.9904590158762919
0.9862826679594451,0.9862850012735613
0.9864947924328946,0.9864933545046474
0.9902016494049067,0.9901985321880883
0.9902111957066292,0.9902083657463598
0.9818268529032574,0.98123792204983
0.9601902663621769,0.960179010693547
0.9903452548245923,0.9903435355772584
0.9903930306774341,0.9903965323879393
0.9901958576796798,0.9901947568915948
0.9904961143353185,0.9904968347822483
0.9903335596918776,0.9903356855942684
0.9609421037292546,0.9611183878545282
0.9903622410913147,0.9903587788281282
0.9901803232571781,0.9901803647243118
0.986548364264048,0.9866244623220788
0.9903786220041327,0.9903748274283908
0.9904000730851246,0.9903993586093914
0.9901122437393461,0.9901100684007718
0.9901995002307072,0.9902009497563836
0.9901751315782927,0.9901773031922562
0.9903890241645003,0.9903914872269471
0.9901833594942369,0.9901836223661741
0.9888543135445051,0.9888535046415656
0.9901837384289737,0.9901846173646643
0.9904966737298183,0.9904966501667741
0.9902800261500379,0.9902798264752758
0.9902615891352654,0.990262980151872
0.9901901255524199,0.9901910574250994
0.9901931807610953,0.9901923794534256
0.9902162699304893,0.990213294882284
0.9902665404329728,0.99026501976847
0.9903610757950022,0.9903589442966825
0.9899291729202897,0.9899283267755143
0.990181790122298,0.9901818734527
0.9902511993750608,0.990250931240665
0.9898218893353992,0.9898196349794419
0.9885612211942792,0.9885623903700145
0.9903521139645015,0.9903583303988251
0.986493517770455,0.9864925337146028
0.9904961328184464,0.9904958290708831
0.9905015970873465,0.9905017476631354
0.9904998024783725,0.99049966007205
0.9898597668052401,0.9898594385872705
0.9904644711663992,0.9904649489998113
0.9905035505205025,0.9905032036196502
0.990308652313115,0.9903088993776907
0.9902953216432439,0.9902979620397798
0.9902152815864604,0.9902175266300378
0.9901838743189956,0.9901835281304426
0.9902370337057083,0.9902332518562947
0.9898552435702545,0.989857382231929
0.9903157769093026,0.9903123118686658
0.9904466981735677,0.9904500802931588
0.9902090763011541,0.9902076347467187
0.9905033849752536,0.9905024341760236
0.9902130494054009,0.9902102699865643
0.9902533144843426,0.9902569730961368
0.9904436798466646,0.9904441559440904
0.9903299761530686,0.9903322089683998
0.9903040675155177,0.990302975143405
0.9901918714958836,0.9901904575004083
0.9902218036652577,0.9902243577360685
0.9902856962759405,0.9902839173195264
0.9903362245696241,0.9903399774310502
0.9901640189337718,0.9901657480334078
0.9900661299960474,0.9900680731161815
0.9897033566030083,0.9897037065948736
0.9902846711651818,0.9902899373917833
0.9876867718720987,0.9868895483109441
0.9904801010891675,0.9904765419018773
0.9901956494041918,0.9901972054361137
0.9904624024346652,0.9904611606100225
0.9901914905874898,0.9901922131446865
0.9904631360623342,0.990464745286457
0.9900872111880193,0.9900871253189131
0.9991190455406666,0.9992172427806665
0.9904742999792959,0.9904728849042579
0.9904032450849475,0.9904022488636639
0.9903730249230599,0.9903697193811273
0.9900578242664893,0.9900581617728724
0.9885670877701962,0.9885653427024699
0.9902047766374257,0.990204528073111
0.9902601595361512,0.9902584010726888
0.9903537696895338,0.990355577921284
0.9902747889663607,0.9902767566556776
0.9905010304627362,0.990501432023612
0.9904496830233392,0.9904508355861914
0.99035382166081,0.9903518940322893
0.990276876089816,0.9902723459781381
0.990395119307599,0.9903942689467169
0.9902070635279594,0.9902055452609742
0.9901917826598222,0.9901906487629225
0.9892990178897313,0.9892999770975617
0.9900639092872907,0.990062521211815
0.9902310385335938,0.9902346314834491
0.9903690923243611,0.9903719223338247
0.9896384881670174,0.9896359553648351
0.9904319594774025,0.9904332048365638
0.9898348756313288,0.989833789726804
0.9895891224359691,0.9895894328905598
0.9851295464816959,0.9851536258734391
0.9904643069662029,0.9904666707490609
0.9881895610309,0.9881880275850196
0.9904070525117772,0.9904096961493402
0.9903753788773352,0.9903768269617508
0.9903525601481148,0.9903581759726967
0.9899122490939901,0.989907380729683
0.9901843009406104,0.990183826183014
0.9905041324558443,0.990503996069437
0.9905028193785456,0.990502415456965
0.9904612845173847,0.9904628788094442
0.9902269657841843,0.9902238746138764
0.9901889127165862,0.9901884639524375
0.9902845217168178,0.9902818407634697
0.9903732000578888,0.9903757495545892
0.9904542393575518,0.990453424560521
0.9903089320654788,0.9903071905519942
0.9902451270066766,0.9902415301124434
0.9901897417060775,0.9901905160989513
0.9903720565510958,0.9903774954402386
0.9904941220547431,0.9904943183551294
0.9898496489534218,0.9898528884139003
0.9903363644859343,0.990332031745262
0.9903646651976387,0.9903677342971896
0.9901833842599513,0.9901833517698152
0.9904850701319847,0.9904839292921476
0.9903236720935833,0.9903265168758497
0.9902276315715968,0.9902250169054833
0.9904734508505278,0.9904719146927643
0.9770278628354334,0.9770747950855343
0.9904755981149798,0.990476849498592
0.9904788023823454,0.9904769279451867
0.9903835381935996,0.9903884819744034
0.9902119386083662,0.9902106386275326
0.9896694504665906,0.9896675334331989
0.9902584874785632,0.9902545519001197
0.9902348861793707,0.9902326646292248
0.9903510395725718,0.9903554501359858
0.9887238774002531,0.9887237846014189
0.9902527960121891,0.9902496911273778
0.990489737833357,0.9904907263603016
0.9902758634953255,0.9902766432333782
0.9902258769021527,0.9902225656237827
0.9904416117379942,0.9904441163212501
0.9899926661052834,0.9899958277637964
0.9901008617799146,0.9901030920178129
0.9903325241761137,0.9903329915834531
0.990243242685917,0.9902420525604796
0.9904648503312544,0.9904674099071394
0.9902158225924272,0.990214555455976
0.9904421561350989,0.990440310614925
0.9904809675057222,0.9904794754597058
0.990104580974257,0.9901035642126707
0.9904291690865381,0.9904364315684017
0.9896395008157263,0.9896424390109282
0.9904248284543787,0.9904261438431383
0.9903633610461234,0.9903639398151661
0.9903485111340719,0.9903523270125772
0.9903503231649063,0.9903470869825785
0.9901197487905878,0.9901227013690301
0.9903920559534238,0.9903944900109701
0.9864982927640042,0.9864988306442473
0.9889035162286809,0.9889057124380224
0.9902124841552485,0.9902112553974582
0.9903101094273109,0.9903135958582903
0.9901096174954603,0.9901119341656434
0.9903661380548038,0.9903691927535483
0.9902874338373809,0.9902904998589677
0.989883634712528,0.9898848427072053
0.9885416306741351,0.9885418710663163
0.9902614139701522,0.9902678754711657
0.9898604626889037,0.989860769322075
0.9901840857246192,0.9901847163480673
0.9901860423942271,0.9901862672193081
0.9901853989035032,0.9901838549979104
0.9901959185250477,0.9901944253971078
0.9902091702646393,0.9902099883875731
0.990125885006683,0.9901237917754301
0.9901935685148839,0.9901944563688377
0.9902572656654547,0.9902604252918548
0.9903365545484718,0.9903326241820883
0.9902260980909476,0.9902283937886609
0.9902761944410127,0.9902768072991163
0.9902773136944855,0.9902824007028846
0.990328903292234,0.9903287199019805
0.9901617067129099,0.9901624686291587
0.990480175402624,0.99048078916439
0.9903251514189356,0.9903203372825508
0.9902322593607716,0.9902318558473013
0.9887375694476803,0.9887386244972448
0.989328060155018,0.9893273530108203
0.9811500790677093,0.9812126989028397
0.9841232019240266,0.9841188921558793
0.990243913442683,0.9902418804567692
0.9877375545343449,0.9877373849713825
0.9901847019127147,0.9901866424774981
0.9904835020500323,0.9904821716905094
0.9902650299525593,0.9902628752923646
0.9853711132180643,0.9853567730168534
0.9902935745968106,0.9902893289456077
0.9901875458146697,0.9901871312265925
0.990233145033454,0.9902342773721584
0.9904096478274438,0.9904083074223874
0.9861079336618881,0.985929288291926
0.9901947353967869,0.990197702283731
0.9903086811061732,0.9903068537441958
0.9905006697185251,0.9905008879297619
0.9869110910043041,0.9869110077141465
0.9902396376801954,0.9902437262380914
0.9900655875785893,0.9900655515901636
0.9899671049690418,0.9899669405877869
0.990396405653025,0.9903920783530235
0.990288720265108,0.9902936491855973
0.9899091748350513,0.9899069733964007
0.9902290229542411,0.990228409433302
0.9904171938630071,0.990416891365117
0.9902880876441419,0.9902870823349355
0.9904964386172809,0.9904959056988538
0.9902237713335031,0.9902229366812696
0.9901567539210068,0.9901573312912162
0.9853653189927747,0.9853673556184401
0.9902180090029883,0.9902195279156308
0.990429623307883,0.9904246136544027
0.9901990601616184,0.9901968197418008
0.9903033459088936,0.9903039716878189
0.9901926046834172,0.9901902102482641
0.9902785158031034,0.9902810618109309
0.9901829129062364,0.9901828874996049
0.9903645010727719,0.9903649485589591
0.990366061338349,0.9903683478703682
0.9901971077159452,0.9901978952647343
0.9904009753546462,0.9904000481304241
0.9903257863326074,0.9903242889408413
0.9895119195277068,0.9895126189529934
0.990399999107656,0.9903976768919549
0.99036388083102,0.990368128520995
0.9897411628540572,0.989742515787779
0.987889464501485,0.9880677611558153
0.9901653115622501,0.990166622007364
0.9901817722292081,0.9901818707426451
0.990344502336915,0.9903452213674571
0.9904978088987405,0.9904978826439271
0.9904788590724191,0.9904813222593826
0.9877195073126447,0.9877185621780643
0.9900894769988785,0.9900896869104203
0.9901821713473977,0.9901824262243372
0.9904887836461304,0.99048947528921
0.9903640941077889,0.9903590630940589
0.9904944783244417,0.9904948035557141
0.9903832220891122,0.9903805508149423
0.9867220932636758,0.9867279731845023
0.9898981935483251,0.9898965287886752
0.9904951227661194,0.9904955253911758
0.9887250995584125,0.9887261684237179
0.9904302031427562,0.9904281764221143
0.990469535695049,0.9904707136425628
0.9901837017716671,0.9901844837833071
0.9905027921058335,0.9905026158896587
0.9894861201140204,0.9894907669164222
0.987780509701215,0.9877743209018568
0.9903039202540806,0.9902988943008136
0.9904622621653729,0.990462991381488
0.9902593247744805,0.9902600452382719
0.9904098863681691,0.9904130741332391
0.9903136835709628,0.9903127340605161
0.9904167106226934,0.9904166972447501
0.9904839828970197,0.9904845998597761
0.9904882193658051,0.9904882595086225
0.9904029484169631,0.9904032415994364
0.9903406539411171,0.9903415501529598
0.9627298193408214,0.9626634138452913
0.990233580361803,0.9902352997065251
0.9904667922138356,0.9904654650786019
0.9895383920474405,0.9895393883136755
0.9902969855041539,0.990300747683209
0.9904582429610828,0.9904603964193963
0.9903858476728985,0.9903829893728096
0.9904063325278389,0.9904076590496936
0.99022935936398,0.9902305750422937
0.9903137923762949,0.9903184987969104
0.990441329349925,0.9904398954771442
0.9904907301902839,0.9904904341990484
0.9904316657651537,0.9904332774256784
0.9904400786198034,0.9904392673823119
0.9904755244460614,0.9904737689606875
0.9899687919104035,0.9899686683960682
0.9902037105954533,0.9902050039676648
0.9898871523803242,0.9898871456428406
0.9902002263602233,0.9902023768592965
0.99024180537052,0.9902465739060122
0.9902979576598193,0.9902875316061845
0.9902612282812514,0.9902627785735433
0.9902685964198775,0.9902674470130122
0.99027783378526,0.9902796394292325
0.9617101678348843,0.9621730414322844
0.990185089034978,0.9901842146021634
0.9901875330025921,0.9901882516558276
0.9902358096823621,0.9902324763920295
0.9901108790680839,0.9901095147056558
0.990504296608834,0.9905043016135852
0.9904075936152623,0.990408559083111
0.9903369849293234,0.9903374913622578
0.9902581699175079,0.9902529298631176
0.9887464575578286,0.988747977912613
0.9894752950573369,0.989475790922944
0.9903417150176141,0.9903441090695766
0.9903135581021618,0.9903165620411657
0.9904196904759794,0.9904247359899162
0.9900538221796695,0.9900538074969566
0.9903756274887424,0.9903735411158381
0.9903440667104448,0.9903421344822102
0.9904022236635218,0.990406022806701
0.9902284632419703,0.9902275999815753
0.9865641151291717,0.9865531518316137
0.9903921885345276,0.9903935999184711
0.9887450020511777,0.9887447395190982
0.9905042334111948,0.990503785588178
0.9903473990023421,0.9903461837527281
0.990243018787878,0.9902445979067926
0.9901889790482657,0.9901897715917726
0.9901826097813154,0.9901827731294266
0.9902772206072857,0.990274226816623
0.9900386196047247,0.9900388911794181
0.9902412006434124,0.9902386240969976
0.990403255713167,0.9904027897349876
0.9904854871203569,0.990484927652159
0.9905013305877596,0.9905013099756808
0.9901974099419982,0.9901962445365146
0.9902357611683757,0.9902384184534891
0.9904980623641556,0.990498358465941
0.9890227575823068,0.9890200628375067
0.9899939466886799,0.9899957041365244
0.9902332369264779,0.9902352196812291
0.990356897644987,0.9903608994607208
0.990076489869058,0.9900764724349773
0.9901255117560261,0.9901232373259728
0.9901976939055132,0.9901991390548877
0.9904457323451116,0.9904466129675993
0.9901614182822979,0.9901607331645663
0.9900634300110539,0.9900608002321593
0.9902995913045115,0.9902957567334895
0.9902971115913405,0.9902943450910391
0.9903876639871185,0.99038510679528
0.9904093506647089,0.990410766654746
0.9901841834697279,0.9901851412732673
0.9904387978649394,0.9904367387055146
0.9902081844412612,0.9902081963707328
0.9793552930144374,0.9791802231317999
0.9902995236194135,0.9902985997886
0.9902130213577378,0.9902112815150517
0.9904684145112833,0.9904689828021499
0.990491734862293,0.9904920701295336
0.9902520458464057,0.9902496172478977
0.9893335974925174,0.9893268228362609
0.9904820264123436,0.990482232877159
0.9903995471300093,0.9904019722382036
0.9328397505774487,0.9328057620861792
0.9896830682182002,0.9896858854616485
0.9901512677195509,0.9901500700828776
0.9904101691222309,0.990411102910262
0.9904207305982735,0.9904255269987244
0.9902654049266298,0.9902644353584432
0.9892711650453915,0.9892702424840164
0.9902864440937085,0.9902900925159419
0.9901827168301984,0.990182866068485
0.9905044516451903,0.9905043438905895
0.9904755142095408,0.9904749960740529
0.9905020817591378,0.9905017827397073
0.9902361001068923,0.990238488232066
0.9901840635622913,0.9901838633771731
0.9904690025782225,0.990469371299942
0.9902365898508836,0.9902377999107458
0.9849653174761567,0.9849611372633382
0.990265881204703,0.9902632992607378
0.9904408552958119,0.9904364840535554
0.9901981290881365,0.9901998223412339
0.9886138888797409,0.9886115641955388
0.9904281778778962,0.9904243528835339
0.9905006600441776,0.9904991764697774
0.9904284907726217,0.9904293696539013
0.9903029537029456,0.9903012225175628
0.9902456527059792,0.9902463414992971
0.9901982459679063,0.990196531542132
0.9903107621434848,0.9903082058632138
0.9903975361022017,0.9903942977199865
0.9903853899452562,0.9903912256976879
0.9902113712355786,0.9902110314667308
0.9904090457920844,0.9904087085365612
0.9905044421596412,0.9905043287864516
0.9901828840861203,0.990183052510518
0.990298846128768,0.9903000511023798
0.9886983617592604,0.9886963360833181
0.9895266068902514,0.989521851128259
0.9904957587032827,0.9904940416110822
0.9904865652324413,0.9904879644028917
0.989599973354664,0.9895992351567962
0.9903546968428,0.9903565418106148
0.9901547705945337,0.9901625784792495
0.990493537393106,0.9904937382188832
0.9903984800513793,0.9904034467456319
0.9726181859123194,0.9727147784156318
0.9904522774823008,0.9904521455065356
0.9897859993443497,0.9897863878224794
0.9904121798763815,0.9904097232952443
0.9904495666915759,0.990451016497543
0.9904016399418193,0.9904004380686457
0.9901231070798909,0.9901244407227517
0.9905040130268015,0.9905036927367294
0.9904476724259187,0.9904456656476195
0.9904807454588539,0.990480370192044
0.9901040094135839,0.9901043052593046
0.9901647230650312,0.9901645570793566
0.9893222331738522,0.9893233339828328
0.9904839079805836,0.9904824052865608
0.9904636342189647,0.990462646668426
0.9901833522963951,0.9901842462999434
0.9901854499157848,0.990184477444646
0.9901834924710732,0.9901837998197007
0.9901943038103035,0.9901935736514652
0.9904308960112261,0.9904303935065312
0.9904922929703479,0.9904917909973829
0.9900575136234886,0.9900612276109395
0.9904405670111475,0.9904397982889911
0.9901947115309698,0.9901959792459911
0.9903196560350476,0.9903238915458555
0.9904046769960112,0.9904051055012347
0.9890260721269784,0.9890247463808803
0.990323767454288,0.9903162819820599
0.9904011446013794,0.990399851878319
0.9903171822785173,0.9903193941742806
0.9904718706645204,0.9904721127652465
0.9895257520644499,0.989525626314785
0.9902114556324771,0.9902098064043989
0.9902597074861791,0.9902530684953836
0.9878962242269231,0.9878889216932641
0.9904951603250497,0.9904945575437609
0.9902198512160859,0.990217511065898
0.9902799959805944,0.9902839517478959
0.990476489194195,0.9904746794159164
0.9901628807158898,0.9901619249415896
0.9903433049387311,0.9903476436295144
0.9858690105998157,0.9858610680322836
0.9897431169371965,0.9897445828570259
0.9904304044287694,0.9904304622857555
0.990194591653089,0.9901939193311418
0.9902537053811964,0.9902503449942843
0.990465322832428,0.9904644933469652
0.9791201790609684,0.9788843287085753
0.9898136608476218,0.9898133748578541
0.9902622850448451,0.9902668349661427
0.9905031818386095,0.9905030033920021
0.9904934336932432,0.990493090793906
0.9901188536623324,0.9901163140435831
0.9897587778389612,0.9896728768168082
0.9898422164997361,0.9898409624160146
0.9904244807959619,0.9904201115785731
0.9903812452718953,0.9903799223507948
0.9902700521242517,0.9902678350606275
0.9904184118319268,0.99041663144099
0.989985698603108,0.9899877448186015
0.9904514940818818,0.9904495810145107
0.9900295235861797,0.9900270117865958
0.9898398565792625,0.9898381932846353
0.9894584140629258,0.9894597166060813
0.9903032797424149,0.9903002545393914
0.990206377766844,0.9902091209569192
0.990171856798942,0.9901722477514222
0.9860100640377147,0.9860159614279724
0.9900700976276618,0.990070038437299
0.9902574623896226,0.9902567638844405
0.9939990507506887,0.9939036284258398
0.9904047050768101,0.9904052036548339
0.9904362222057995,0.9904376462080857
0.9902036637150117,0.9902009781162452
0.962870921778516,0.9628316320439245
0.9904869600756946,0.990485739915264
0.9903742998984034,0.9903740415931709
0.9904470609017504,0.990448962909443
0.9902783731987967,0.990281473984329
0.9901919788216691,0.9901934270027541
0.9903913397646785,0.9903944023891547
0.9903290283208445,0.9903293154111459
0.9902348839080508,0.9902326559508421
0.9903054974366062,0.9903061505982597
0.9902067704061308,0.9902083106966788
0.9902962591736312,0.9902974552211953
0.9903121531861555,0.9903094032211368
0.9893996926172376,0.9894037115381024
0.9905043169937878,0.9905041191536023
0.9902972366992235,0.9902975826620972
0.9902232579064583,0.9902265368439798
0.9900377548580245,0.9900345205141974
0.9902734891656465,0.9902760128357712
0.9902298395015261,0.9902311304421345
0.9888263038527687,0.988821816995083
0.9902553026833963,0.9902496467414452
0.9901920702377773,0.990193718041519
0.9902823794835227,0.9902829298840325
0.9901859836054834,0.9901864011665983
0.9901942926086843,0.9901941039099144
0.9904998205032339,0.9904992048684937
0.9901940960966423,0.9901934033319348
0.9904793375558488,0.9904790635244914
0.9904816336514589,0.9904802276356661
0.963192099459691,0.9631731422327143
0.9901882624732761,0.9901879004021888
0.9903331791206014,0.9903379294202788
0.9897035278530165,0.9897018271253398
0.990300297546081,0.9902982158728778
0.9901862254843126,0.9901861122565134
0.9904997862211107,0.9905006268692331
0.9905037933075684,0.990504029423738
0.9904870683531454,0.990488412767869
0.9897001361041633,0.989700630885286
0.9904768144418339,0.9904795707362791
0.9890912163971022,0.9890913509896001
0.990395169074787,0.990394684348109
0.9902071843875461,0.9902087972562481
0.9904288098892078,0.9904311148393097
0.990338638560875,0.9903365511013233
0.990503387575134,0.990503291910667
0.9902886671007448,0.990286664816248
0.990169184149806,0.9901698397855349
0.990116556151933,0.990117205222393
0.9903635614195798,0.9903598371116845
0.9903132159265174,0.9903166179444075
0.9898719802131328,0.9898693812222286
0.9901962505387131,0.9901975233315602
0.990476865806854,0.9904744948257722
0.9901314427276604,0.9901316124974073
0.9893740606160599,0.9893764564437108
0.9902145603721417,0.990221419763721
0.9903326449661691,0.9903310199802372
0.990493178361378,0.9904937969313488
0.9901953403086379,0.9901958069193479
0.9901495937059613,0.9901534763956673
0.9895318883577494,0.9895333950925008
0.9903740643655473,0.9903818428686695
0.9901879229025655,0.9901874058790185
0.9904749284073995,0.9904752272965215
0.9902081119737978,0.9902069409941494
0.990416083536901,0.9904106533469771
0.9904573677655927,0.9904552991185867
0.9903486806992041,0.9903511017861244
0.9904573083602091,0.9904550560039246
0.9901822778274472,0.9901824585990786
0.990230832496001,0.9902304018387182
0.9901866468900773,0.9901855984365876
0.9902267479124226,0.9902291421372981
0.99042747801555,0.9904291301256565
0.9903042263535152,0.9903022872180322
0.9903766173885385,0.990380137079962
0.9902894512177005,0.9902936922963147
0.9902206099893397,0.9902204308180883
0.9899818125100145,0.9899829391216716
0.9904437073199177,0.9904442972170073
0.9902965744438696,0.990299038148617
0.9901898192984452,0.990189561363172
0.988349285761669,0.9883480285624833
0.9999199502058478,0.9997964015484487
0.9904159661263411,0.9904117218393719
0.9904758901222516,0.9904744720116034
0.9892871744780776,0.9892862417801764
0.9902737631057005,0.9902747442746034
0.9902227513913208,0.9902216013987823
0.990483171653505,0.9904824739705995
0.9904575532501027,0.9904572727324988
0.9905043981299492,0.990504348561722
0.9902198358112586,0.9902207631906191
0.9904607944362857,0.9904613547449163
0.9903089910127606,0.9903072283629142
0.9902022234990481,0.9902036141183506
0.990344597804208,0.990342978480426
0.9903559165775663,0.9903545971192319
0.9902359991207704,0.9902341102519765
0.9904760566884774,0.9904705692678019
0.9849472783282374,0.9849459575177082
0.9903545747834659,0.9903562818571773
0.9901854703695607,0.9901872215898438
0.9901409516855493,0.9901401154795968
0.9904567952005618,0.9904533002254569
0.9904910124388677,0.9904900299001743
0.9902022772990821,0.9902039844352225
0.9902906658001729,0.9902882224580423
0.9904377706354023,0.9904388345793648
0.9904958150527163,0.9904972755939946
0.9904513919013309,0.9904551469640575
0.9903501820301113,0.990354318986364
0.9598901132372284,0.9594281658763789
0.9904879693910569,0.9904861174687466
0.9903542256397088,0.9903519936872365
0.9903188747109549,0.9903134858649294
0.989975840517828,0.9899762240948153
0.9903412628826833,0.9903376277706962
0.9902489324136862,0.990250527718525
0.9904903465831898,0.9904893620221377
0.9902516100021878,0.9902471678632147
0.9901828826128187,0.990182830834417
0.9903297774991905,0.9903313043913968
0.9902733166263564,0.9902725110840648
0.990492851156448,0.9904932385444384
0.9902038147178795,0.990206282936358
0.9904323357766369,0.9904339696182592
1.0000459875965706,0.9999224705165274
0.9902203644520396,0.9902187084308675
0.984966137722461,0.9850105088819681
0.9903101185991585,0.9903107453853838
0.9903274732736871,0.9903225781576039
0.9902865856170693,0.9902932860650233
0.990334536016278,0.9903361654038183
0.9904753149704536,0.9904742245232826
0.9904733126081605,0.9904770270039214
0.9885463299346621,0.9885455979278086
0.9902412834268169,0.9902363340094077
0.9903369750256981,0.9903402426993358
0.9904295388090101,0.9904306788150419
0.9902476579986456,0.9902463746712682
0.990241309163567,0.9902416924078004
0.990160945200565,0.990161217381677
0.9902620780369116,0.9902603679317626
0.9902544015445802,0.9902519095301456
0.9904731913524161,0.9904738690651708
0.9904250565134913,0.9904276045945246
0.990457415850343,0.9904570367450549
0.9903525249640382,0.9903577382301707
0.99008352637622,0.9900886152560128
0.9903244586903355,0.990323373124688
0.9902478715176504,0.9902458171112487
0.9905039274313522,0.9905038753132506
0.9902740811630177,0.9902772330009924
0.9904525708918049,0.9904543299211365
0.9899667471335817,0.9899599401310093
0.9903131278822433,0.9903127417512941
0.9904257097731508,0.9904224412110372
0.9901555587757732,0.9901549597157759
0.9904402819987025,0.990441191295129
0.9901827662422168,0.9901829849294664
0.9901854493557707,0.9901852415362236
0.9829561352685322,0.9829507690549072
0.9900513599632158,0.9900534920993942
0.9904534256901331,0.9904539398983954
0.9902723594879007,0.990270707633243
0.9894098491361335,0.9894054788762982
0.9903019828850991,0.990304046254488
0.9901834889637393,0.9901833697952093
0.9886663245439407,0.9886700579707779
0.9888462281311032,0.9888469410989303
0.990236282533886,0.9902391424690972
0.990208916853932,0.9902071577409205
0.9903952288583787,0.9903953787597202
0.9902654159782129,0.9902628125831342
0.9904249599154471,0.9904285639459809
0.9902214350935638,0.9902234315840868
0.9902604825027719,0.9902634023783705
0.9774864727247385,0.9776712769910257
0.9875262558164305,0.9875463931513968
0.990359757986736,0.9903610480736248
0.9904739157393894,0.990471387859655
0.9901837916866756,0.9901846922844382
0.9902299708318689,0.9902295422215762
0.9904813836643733,0.9904810764765388
0.9896031598767359,0.989603090114133
0.9898193102219761,0.9898162155397325
0.9895936625260259,0.9895936372810268
0.9884269471226046,0.9884244490301539
0.9904043810183174,0.990402369658797
0.9897522867084916,0.9897518582942291
0.9903998822376345,0.990403025596191
0.9893398248112364,0.989346210477759
0.9902829134152183,0.9902811774400817
0.9903097897230225,0.9903101133116023
0.9902818679213996,0.9902852350998721
0.9901940036101746,0.990192789642214
0.9905012145842849,0.9905014160748317
0.9609614918704177,0.9608254636256451
0.9861100403591991,0.9861037870107721
0.9890956826317063,0.9890961237797502
0.9905037977311988,0.9905035302962437
0.9892975687028074,0.9892965186321467
0.9121975982079094,0.9128536465359504
0.990298712574066,0.9903013672795958
0.987484887570596,0.9874773804063294
0.9904164939260285,0.9904198668446665
0.9898240364678693,0.9898227339434185
0.990257871638234,0.9902591802829693
0.9903739665913963,0.9903747366099828
0.9901832973594628,0.9901835581102327
0.9904902632032633,0.9904900600777224
0.9904099888262838,0.9904070543573263
0.990236518669337,0.990234502720298
0.9901831188058461,0.9901831378115393
0.9903685470712537,0.9903736976838104
0.9904011146808516,0.9903982420747544
0.9901200806540023,0.9901194493872184
0.9902638025642113,0.9902576148696531
0.990240597055861,0.9902422219041326
0.9902716793907163,0.990272127983704
0.9901964372338034,0.9901969607723076
0.9902024788070365,0.9902018238016826
0.9903272628243952,0.9903236594209172
0.9889563315347326,0.9889565842391232
0.9904904208227089,0.9904913329286918
0.9901827612266282,0.9901829801780413
0.9904168861020981,0.9904179676031006
0.9903688904231889,0.9903711463639218
0.990416493417465,0.9904133148628703
0.9891563020730839,0.9891558509230276
0.9903172837132027,0.9903132493425869
0.9904257259331501,0.9904281935598369
0.9904964103503535,0.990496456875452
0.9847844902003947,0.9848109359872603
0.9900637396440132,0.9900638454886475
0.9901666315504196,0.9901679511204275
0.9901887659610737,0.9901896079583831
0.9904814441510349,0.9904830127503566
0.9901978725480602,0.9901926571279944
0.9904906443374362,0.9904898869336326
0.9905003129735682,0.9905000394115733
0.990366739304561,0.9903644250495371
0.9902074547090329,0.9902077074771697
0.9904705213538614,0.9904718068865804
0.9898081761697907,0.989806650134032
0.9903019362848652,0.9903037370543563
0.9903624672896942,0.9903596447012103
0.9904544735574705,0.9904554045435884
0.9901881141054042,0.9901882180082074
0.9901841015071293,0.9901847439081201
0.9902272051466542,0.9902298977679378
0.9901878724233356,0.9901874718991571
0.9902966490111876,0.9902992940152813
0.9879570145091835,0.9879644396659042
0.9902236102151777,0.9902232412478442
0.990503777147889,0.9905033415067891
0.9842353889178371,0.9841488170461787
0.9850705346080217,0.9850860445718772
0.9905041135573842,0.9905040911997359
0.9903101244622217,0.9903109747788429
0.9901853839868924,0.9901848980343543
0.9902346420462541,0.9902327963202292
0.9901998547298309,0.9902023138548592
0.9904938539199181,0.9904918754151069
0.9903040559704429,0.9903057546453313
0.9850347202754769,0.9850457572969955
0.9901867517967278,0.9901879467962665
0.9902200260908274,0.9902225402783739
0.9896980307756935,0.9896988156517428
0.9901813200511327,0.9901814148392648
0.9903512644336866,0.9903544862601694
0.9905043415432424,0.9905041467426736
0.9904941130891991,0.9904919443587764
0.9904955775481924,0.9904964672644713
0.9903381029431882,0.9903395216321349
0.9901875188666305,0.9901890898962868
0.9904802792076925,0.9904785588278885
0.9905042769719546,0.9905039956040652
0.9905036809139295,0.9905036974197595
0.9886389315953202,0.9886417106875822
0.9903368178733217,0.990331170858431
0.9198380509077217,0.9207790031310165
0.9904982064269932,0.9904969419705091
0.9904236400045537,0.9904216682484921
0.9901850065703571,0.9901856144132184
0.9901569058432329,0.9901575109159885
0.9904618018254603,0.9904575143186669
0.9904964261860025,0.9904964691525205
0.9904099167681057,0.9904074116285322
0.9902939283752876,0.9902917559296907
0.9899257222911044,0.9899234833724861
0.9872322335991571,0.987228708756756
0.9901827684020286,0.9901828674487578
0.9901920863921669,0.9901920337790314
0.9864657219640675,0.9864705651136275
0.9904641229337852,0.9904662471404557
0.9901796978851557,0.9901797749099004
0.9904603633140343,0.9904616522137498
0.9837068008736656,0.9836930946596039
0.9840977750280251,0.9841035423410599
0.9904311372398188,0.9904289433713679
0.9902906467876995,0.9902917708219567
0.9901876515418729,0.9901879557328637
0.990189682630129,0.9901900593018825
0.9905029033171657,0.9905023579802265
0.990412633706541,0.9904147722549478
0.990243782574282,0.9902454975047879
0.9812361663967224,0.9808860568146465
0.9904721026620917,0.9904749801719483
0.9901711571834673,0.9901711581119186
0.9905018015014082,0.990502689061658
0.9902450508217164,0.9902440988213498
0.9775282037538527,0.9775256109303629
0.9898849677842494,0.9898861698421478
0.9904390408985014,0.9904360597381461
0.9845831559322753,0.9845760277097972
0.9904946564288861,0.9904956993461697
0.9901873270190934,0.9901900461883442
0.9901975460141557,0.9901988081516179
0.9903797991654453,0.9903769823963319
0.9903076588466989,0.9903086157066865
0.990330300431709,0.9903309241291188
0.9904775287544091,0.9904783841735281
0.9904922559596032,0.9904918519279324
0.9902745041695139,0.9902784418330879
0.9904118848041327,0.9904095398815648
0.9903209001482928,0.9903246510123636
0.9896103286163779,0.989608831336667
0.9860404519902142,0.9860579689865929
0.9904697131890414,0.990471304169979
0.9903628691422012,0.9903633548832587
0.9899186495355368,0.9899190641452595
0.9901826486437157,0.9901829232536123
0.9902039313420133,0.990205632556957
0.9492526888171678,0.9494868046319804
0.9857840992103754,0.9857809071542727
0.984096548088133,0.9840975679721568
0.9902963865099069,0.9902942262931836
0.9903138283061941,0.9903162367153584
0.9899430442405116,0.9899422189829515
0.9903534774881524,0.9903552864243602
0.9903550526663448,0.9903518173268185
0.9900079122535927,0.9900080324065574
0.9901923094759338,0.9901923781674924
0.9903907120422908,0.9903945226784969
0.9901850968645171,0.9901848456341404
0.9902221254089085,0.990219993702503
0.9905040893044724,0.990503845703977
0.9904194930165373,0.9904181074040114
0.9900721508001838,0.9900702059467333
0.9896804338287811,0.9896779936865231
0.9902170014934433,0.9902130181381865
0.990245044848275,0.9902465771328487
0.9902245295615494,0.9902224448390733
0.990190725062013,0.9901906624234756
0.9902418002644775,0.9902422915567489
0.990187741939204,0.9901898849618368
0.9904717421096356,0.9904717607874015
0.9846935986768384,0.9846138654093685
0.9903750332951518,0.9903733176189689
0.9883408614738416,0.9883413031840459
0.9904417173555189,0.9904442008301596
0.9902815094694692,0.9902832522979753
0.9902226923079543,0.9902251920190362
0.9903951920014648,0.9904009670170868
0.9901884989452859,0.9901875480512717
0.9901504290287446,0.9901487287744984
0.9903338349085802,0.990341412747332
0.990233761339016,0.9902353227675076
0.9815320933811568,0.981577682238302
0.9901466534950705,0.990148116293363
0.9903511335347387,0.9903501148581029
0.9903239564122797,0.9903248886865593
0.9904084415097741,0.9904083838503575
0.990399850177291,0.9903960826303201
0.9887192807339279,0.988719633119601
0.990186482233544,0.9901875685282318
0.990501104361706,0.9905005429105601
0.98135459540545,0.9814352781399022
0.9902103735199586,0.9902103096486541
0.9900359724944582,0.9900388254776015
0.9902003173094224,0.9901996884038583
0.9902396187828243,0.9902382300137148
0.9894310254651326,0.9894277618416709
0.990153567460122,0.9901530694916765
0.9902558034676865,0.990258816564361
0.9904072690339608,0.9904072187348035
0.9904547270161941,0.9904530460063209
0.9904999586287843,0.9904996261994953
0.9904282184212343,0.9904294588693121
0.990504417407033,0.99050436300981
0.9904832042692869,0.9904844159488221
0.990228075212557,0.99022376296916
0.9904682095426766,0.990469468986243
0.9904777035807905,0.9904792014427092
0.9904825960799889,0.9904841207411873
0.9901216582728207,0.9901183295034056
0.990068488550548,0.9900676405063673
0.9901910188588361,0.9901905402479717
0.9904827073517892,0.9904844095426895
0.9903045627940567,0.9903025253654677
0.989578239475742,0.9895757740416699
0.990338123584449,0.9903374225737562
0.9894552115565945,0.9894554725332718
0.9902128803237827,0.9902147566860674
0.9903337391512116,0.9903381927730055
0.9901800322206816,0.9901799437460553
0.990489179777438,0.9904880017388485
0.9900420632021696,0.9900433352027802
0.990109924849226,0.9901108290472351
0.9901586994278199,0.9901594484614445
0.9904830174785462,0.9904845664234027
0.9904366761547581,0.9904382680677668
0.9903180321426645,0.990317650081473
0.9901826837831028,0.9901828488267204
0.9901665225065627,0.9901695395595922
0.9904724783697334,0.9904707624713707
0.990184620972103,0.990183975679983
0.9902391221397909,0.9902431818728594
0.990448498999363,0.9904455473660103
0.9902415566310764,0.990242657298053
0.9903563678639143,0.9903521206598381
0.9901938993568342,0.9901965015738887
0.9904074027511556,0.9904121549545915
0.9901860449050914,0.9901854596609618
0.9897859497874513,0.9897863920737625
0.9904970815123044,0.9904954556131002
0.9902241543082719,0.9902236804006214
0.9904942262967112,0.9904953488899081
0.9902116317987908,0.9902115310987648
0.990433514764773,0.9904316205693354
0.9904228481017506,0.990422218425693
0.9904689779464456,0.990467397794859
0.9904576067860085,0.9904546432099716
0.990189897147368,0.9901886920028126
0.9893460241457601,0.9893531417322997
0.9874812452462911,0.9874793353609854
0.9901835256081116,0.9901839272677168
0.9903310568787391,0.990327243199534
0.9904970223412354,0.9904958866310938
0.9903137466724189,0.9903177525403031
0.9902066238859667,0.9902042474047819
0.9904908202487063,0.9904925608581796
0.9904429126398725,0.990445508372843
0.9905022998853867,0.9905023021557406
0.9903044503632246,0.9903012495745412
0.9902186725985684,0.9902197946776659
0.9904790606206163,0.9904805658045568
0.9903464394562191,0.9903435049784656
0.9901950945532535,0.9901978111390171
0.9898953151357357,0.9898983514441824
0.9904806818520633,0.9904795615973847
0.9902777731150398,0.99028235616858
0.9904295558840666,0.9904312776511038
0.9904993236006743,0.9904987619878601
0.9901959881237332,0.9901945696527642
0.9904953021920929,0.9904940721449215
0.9902025304667986,0.9902051530878337
0.990249717605708,0.9902510542942082
0.9902587526887392,0.9902553761189513
0.9875735230925647,0.9875623037499733
0.9904838313066333,0.9904851853616878
0.9902238920180256,0.9902257484486525
0.990478502382065,0.990477383275492
0.9902128467859727,0.9902107309765512
0.9902733674889673,0.9902749157616539
0.9902145166966666,0.990213228607133
0.9849752054198341,0.9849355037478764
0.9903387168806237,0.990335790245756
0.9903357839585541,0.990332033058905
0.9904934217212511,0.9904923573269911
0.9904460779340678,0.9904470254322746
0.9902047809868081,0.9902052345157013
0.9770681377801075,0.9771728252068143
0.9888851068094855,0.9888825273539554
0.9904496815423238,0.9904514869698942
0.9892308522607267,0.9892304137742552
0.9904399417700132,0.9904414573670997
0.9904486875389681,0.9904450187929669
0.9887505039686263,0.9887503582928635
0.9875876820809403,0.9875948186022804
0.9899729911772003,0.9899706121477684
0.990344606153609,0.9903443956131355
0.9882038097171643,0.9882032079864832
0.9903359682223536,0.9903315314346786
0.9889980293682841,0.9889991318751477
0.99020535170853,0.9902069099977533
0.9903017140177369,0.9903023353885619
0.9902542577850535,0.9902559069153744
0.9905040031491953,0.9905041731438589
0.9902932656188975,0.9902919222088867
0.9902050785441339,0.9902048935960128
0.9904336951178616,0.9904317265807073
0.9902957820452581,0.9903008581060349
0.9901881987090314,0.9901886151154567
0.9904341865699082,0.9904298346185264
0.9902586266047481,0.9902583249299848
0.9905030400101326,0.9905035722417356
0.9899809541824272,0.9899783644543914
0.9904898839897158,0.9904893244328467
0.9857352127384647,0.9857351456806726
0.990244133064828,0.9902464087081225
0.990437446843204,0.9904323391612709
0.9902293821532551,0.9902306583248681
0.9904771503568819,0.9904760662926795
0.9904149642701905,0.9904179164207427
0.9904743630201619,0.990473017934296
0.9900583548280749,0.990059306587221
0.9903384286599549,0.9903414640932456
0.9903198333969054,0.9903171933413288
0.9901845911228642,0.9901851831058299
0.9904609235091791,0.9904600795691068
0.9902083796731177,0.9902067764156404
0.9904415054216079,0.9904456485210017
0.9902017337002105,0.9901983018421409
0.9904114162705059,0.9904055046625386
0.9904248469182916,0.9904309263712879
0.9898494936499687,0.9898493550061123
0.9882308897624236,0.988234238784189
0.9904149722998334,0.9904110159465561
0.9901566626313565,0.9901594662122446
0.9903214537725835,0.99032277541926
0.9905004588261028,0.990500033060098
0.9901898245870722,0.9901904431897853
0.990432214730074,0.9904305902750653
0.9904558927876908,0.9904588202114588
0.9904107947410673,0.9904134292091307
0.9901843703457596,0.990184670450492
0.9904530243438971,0.9904510638705871
0.9901701274324959,0.9901717995779616
0.990137117261059,0.990133567281951
0.9901038098236066,0.9901016079519419
0.9903654340341806,0.9903625121949559
0.9904665461072912,0.9904668027722806
0.9902417087153415,0.9902403979535924
0.9895940385424664,0.989596924427092
0.9901493188217744,0.9901500099531964
0.9901242462519075,0.990123544361189
0.9903156233553156,0.9903131564268999
0.9905038648734225,0.9905035088404749
0.9901902179161097,0.9901891807343002
0.9903507115130411,0.9903479795111749
0.9904617302603037,0.990461822906392
0.9901892460344022,0.990188438668806
0.9849953509407928,0.9849881839185706
0.9904533624446351,0.9904561062795624
0.9903890459423272,0.9903917220485253
0.9902595224821742,0.9902613937683954
0.9903200832215625,0.9903235068634573
0.9904565281693011,0.9904552116408251
0.990391097840312,0.9903881657190337
0.9899980947324661,0.9899972613500654
0.9903990487087038,0.9904006226118064
0.9904259601624527,0.9904256184822928
0.9903050882629878,0.9903036484908532
0.9903724649482849,0.9903757179395416
0.9901905116224454,0.9901912829617465
0.990229881191334,0.9902284283003798
0.9902429857620537,0.9902416578320774
0.9901832057938033,0.9901832086648961
0.9903380896007025,0.9903381986617551
0.9902331275726571,0.9902308667831392
0.990284274770355,0.9902861166828447
0.9902686256851276,0.9902698414467521
0.9902032079012915,0.9902050564726252
0.9903616038513978,0.9903589798524196
0.9902691470092486,0.9902703044347895
0.983362650613254,0.9832994627229484
0.9904150887913217,0.9904173052356231
0.9904397831275057,0.9904415789229474
0.9840392638819245,0.9840268559190999
0.9889054510801305,0.9889000544192446
0.9901837779678849,0.990183528561081
0.9902579620669884,0.99025921526747
0.9903903118076312,0.9903886149638796
0.9901895515440495,0.9901887862902509
0.9886034450054735,0.988605719809718
0.9899622117201378,0.9899604168416068
0.9904973045547252,0.9904987959607467
0.9901831995869931,0.9901830489157172
0.9902657041143313,0.9902651344975149
0.9607999105346696,0.9608512079966441
0.9904904122083845,0.9904903183504743
0.9904754180812789,0.9904765351843346
0.9877237621677659,0.9877254275582483
0.9902478557443898,0.9902440903246795
0.9903455884385618,0.9903427574266762
0.9905020469916663,0.9905024671083271
0.9904422867842405,0.9904393712229358
0.990346186624469,0.9903484700065566
0.9901894288487768,0.990188848407525
0.9902287247489286,0.9902310693741336
0.9905037739612279,0.9905036801827845
0.9878344286697889,0.9878373647067695
0.9901851232700285,0.9901852682825957
0.9903062127985129,0.9903084064712622
0.9894694444345902,0.9894695031790115
0.9903339459678749,0.9903398087457724
0.9903403359645627,0.9903406131920596
0.9902759965890406,0.9902754950439677
0.990503666590182,0.9905031340093455
0.9903294218863172,0.9903290091333106
0.96070285675074,0.9604873311219052
0.9901469332972632,0.9901417753200065
0.990142757747998,0.990145671232099
0.9903171974106691,0.9903205647855213
0.9902668604099104,0.9902679877875288
0.9905028810600993,0.9905025673822958
0.9903111713574656,0.9903094703709313
0.9903704079949441,0.9903657870119469
0.9710094049727664,0.9711011319841144
0.9904445728414376,0.9904437693088195
0.9904919004267978,0.9904899101534488
0.9902731924690495,0.9902751053966478
0.9904062534828846,0.9904049687057843
0.9905000176429394,0.9905012831870151
0.9903662911769421,0.9903680748291195
0.9904655283124331,0.9904653179885762
0.9894585111495087,0.9894580509961185
0.9902298077171034,0.9902340984827874
0.990136645024028,0.9901362405644334
0.9903009243468489,0.9903002916202344
0.9902236829954376,0.9902249249774249
0.9903903987041315,0.9903919142903845
0.9902567740303437,0.990253651008249
0.9905038727419194,0.9905039249571207
0.9883617804807804,0.9883704428202452
0.9902080805854395,0.9902078784765554
0.9897255066612629,0.9897256655623222
0.9904241993143955,0.9904217856900432
0.9903410235446969,0.990342743643385
0.9901872243893655,0.9901865555217768
0.9902503635518933,0.9902479652655368
0.9902013793736816,0.9902004465890909
0.9901817205308628,0.9901814497550423
0.9905043552240611,0.9905043662404495
0.9901829824398899,0.990183473101158
0.9901829746350087,0.9901830292589727
0.990262583737801,0.990265254104926
0.9869074754343418,0.9869053826102805
0.9903639121309064,0.9903623183665172
0.9902387609982256,0.9902385196159607
0.989733927627417,0.9897324681545249
0.9903103362531678,0.9903136215238559
0.9886575558566663,0.9886617661852057
0.9900357000154759,0.9900351046249023
0.9903249814787858,0.9903271223193901
0.9902026712471931,0.9902049403065553
0.9902136382038239,0.9902119231823717
0.9904289776201897,0.9904257826423124
0.990364202053025,0.9903656843859143
0.9902091560924444,0.9902068915899491
0.9901978624421386,0.9901963792648578
0.9901932098440285,0.9901945065944523
0.990455975765869,0.9904560573267274
0.990476532310972,0.9904768919048186
0.9904741035523537,0.9904724567585226
0.9903765873443852,0.9903730145223575
0.9901849031377413,0.9901846844670239
0.9901847572691201,0.9901843607376553
0.9902297840842775,0.9902251565761433
0.990255498704263,0.9902566193071054
0.9902191404412622,0.9902188952124262
0.9902113551141241,0.9902137225766248
0.9902580139898542,0.9902559731864261
0.9903088756011891,0.9903087357093142
0.9270779352006944,0.927373255741585
0.9904655748440194,0.990462808212117
0.990308146894277,0.990311144206927
0.9901696820855747,0.9901692177375402
0.9901829946312632,0.9901821549123099
0.9901517268326986,0.9901544206526289
0.9902839642774526,0.9902858378857191
0.990481226580826,0.9904805153259997
0.9855178705448557,0.9855135992348873
0.9902305064239953,0.9902337382809856
0.9904599107307047,0.9904603959499966
0.9902453860835573,0.9902423521511463
0.9904413557794589,0.9904431392493784
0.9902907913992958,0.9902928593697494
0.9905041600776386,0.9905039835782082
0.9904325776626903,0.9904357101744865
0.9902883851788662,0.9902852044956368
0.9904837521894037,0.9904825654663579
0.9876483103562932,0.9876573346511792
0.9901941813867821,0.9901941164948062
0.9901859141796456,0.9901854163497695
0.9903121836230682,0.9903044259011342
0.9903880731933735,0.9903858671434331
0.99050359077612,0.9905037013932302
0.990129253053604,0.9901311902953297
0.9902809231270854,0.9902737553504686
0.9903964833090275,0.9903966194586785
0.990401420667252,0.9904030546921393
0.9904415960916835,0.9904464752814885
0.9903297993346056,0.990327089333653
0.9902430618211865,0.9902451834961967
0.990460283609076,0.9904588965901897
0.9904889030104612,0.990490610410424
0.9901114411325281,0.990114116443574
0.9904631797984066,0.990465863328537
0.9902008902679146,0.9901994969177019
0.9904048657032938,0.9904062150698567
0.9903213873181215,0.9903192979339239
0.9246854398345332,0.9253639550372248
0.9902727768158597,0.9902706242542024
0.9904937844017374,0.9904939343951742
0.9903029532712235,0.99030702247069
0.9903957075761538,0.9903985298809647
0.9869368660469531,0.986927366705561
0.9901395688584996,0.9901414234905884
0.9903933533824127,0.9903921688800369
0.9896903040967415,0.9896867658542093
0.9903349339007678,0.9903361994105063
0.9901984070080027,0.9901998457911277
0.990453761436374,0.9904511773572304
0.9897099602368337,0.9897091410001179
0.9902876156566593,0.9902907982393272
0.9900434562514658,0.9900415818323459
0.9902009657271269,0.9902018134140618
0.9904305868583014,0.990431846773625
0.9878914449883278,0.9878976336088274
0.9902027913185817,0.9902011565354754
0.988047923876839,0.987994545975835
0.9904820422955314,0.9904797333839369
0.9904973546105318,0.9904959522017949
0.9902794456399504,0.99027746456138
0.9904331574043992,0.9904342041433509
0.9903625814421823,0.9903668736799282
0.9901431084412414,0.9901438763393622
0.9903354770944092,0.9903370982822918
0.9902259769662871,0.9902279584398336
0.9901366558499276,0.9901353921278713
0.9902878257662211,0.9902899261413088
0.9904575319645281,0.990457357027303
0.9901842335270463,0.9901849254435972
0.9903463185964819,0.9903468182231927
0.9904008818969473,0.9904010068088708
0.9901880641881229,0.9901885184586788
0.990429366538806,0.9904242025727057
0.9901702317023194,0.990170516818943
0.9903919552104501,0.9903857943843698
0.9902201695496703,0.9902182883192401
0.9901832750942409,0.9901834630733504
0.9904101378876607,0.9904071343455331
0.983109324135411,0.9831062575986133
0.9903550457330228,0.990354480525242
0.9904021200951465,0.9904036785515647
0.9327702010524969,0.9327769158880617
0.9905030976459298,0.9905026244993296
0.9905021527266383,0.9905020790812461
0.9904315618992159,0.9904344881198682
0.9903408561290716,0.9903391395272567
0.9901842787427656,0.9901846573809948
0.990223322115708,0.9902253539153552
0.9895273690921084,0.9895230135733791
0.9903596433307736,0.9903597103693547
0.9891685888949634,0.9891662847527916
0.9901806960489091,0.9901820928530068
0.9901828885356598,0.9901831627560506
0.9902346569784667,0.9902381892321227
0.9901970505718869,0.9901980158893963
0.9902688872787331,0.9902640642578474
0.9905042274165416,0.9905039939328364
0.9903659751561644,0.9903695917360689
0.9903407281960495,0.9903441670904889
0.9902318922089706,0.9902334554829156
0.9900130212306888,0.9900095091824335
0.9902422972527959,0.990240949676136
0.9902407375106009,0.9902423139255554
0.9901825460403101,0.9901826920914609
0.9901864144062239,0.9901870106703687
0.9901878092069923,0.9901888501547134
0.9902030553184477,0.9902027126133425
0.9904344125233604,0.9904348970366088
0.9896349686025584,0.9896361932816076
0.9901967094870923,0.9901981524085655
0.9904746369387774,0.9904706444217315
0.9902951520753438,0.9903004246687981
0.9903823147806601,0.990381679914398
0.9903210371000957,0.9903194581610824
0.9901846778112983,0.9901845655431228
0.990473992181232,0.9904712922023471
0.9903771804718889,0.9903787356307504
0.9905013441468253,0.9905011070303407
0.9901837026197936,0.9901842046017586
0.9904608351928007,0.9904628626664427
0.9903411561279571,0.990345708262839
0.9903943133555578,0.9903951190337443
0.988235656545281,0.9882333022056173
0.9901821036497834,0.9901816625338288
0.9902644461767387,0.9902637985839432
0.9902638449376184,0.9902636791834294
0.990277760705255,0.9902749830712214
0.9904434284494179,0.9904455808679836
0.9901522057277493,0.9901517091403755
0.990213382702705,0.9902135058793342
0.9871218699688815,0.9869946509497772
0.9905041125951753,0.9905038655671115
0.9789512178510993,0.9789470218311024
0.9884782875847519,0.9884748453092496
0.9901836530204409,0.9901833878650327
0.990286873147414,0.9902835791705006
0.989944457515383,0.9899460308017075
0.9902258316804511,0.9902272168663667
0.9849662094227708,0.984930509984113
0.9903697992257602,0.9903734650435131
0.9904559118195989,0.9904576351111785
0.9903483989394576,0.9903517296259328
0.9904122487156989,0.9904131291291333
0.9904806064108265,0.990483334042645
0.9902265757823439,0.99022427229264
0.9903594134731732,0.9903622201214778
0.9900571883428525,0.9900561729263484
0.9903096934115314,0.9903132741394666
0.9903061096091935,0.9903097761880761
0.9715184499261709,0.9717441211747007
0.9901838821895155,0.9901842260733816
0.9903866030323198,0.990384177063672
0.9905019144505379,0.9905023477614624
0.9902363666852505,0.9902339564199178
0.9904849397254158,0.9904836920518253
0.9783715088452654,0.978842121754666
0.9903726491038098,0.9903697616237577
0.9901444414500348,0.9901378188622981
0.9902393125961336,0.9902410829390489
0.9278914963121213,0.9282180417429291
0.9903239552831573,0.9903189673041125
0.9902722220345864,0.9902756107832702
0.9904029185760159,0.9904040854767001
0.9904882841749656,0.9904873604931751
0.9901589646279608,0.9901609686346924
0.9902219372908783,0.9902218515556841
0.9857356626687651,0.985735387927631
0.9904999036259245,0.9905004866885398
0.9883909710623688,0.9883917145494557
0.9902133485278221,0.9902120822167617
0.9864831493333575,0.9864827971831792
0.990416263423128,0.9904172037483927
0.9901124200245018,0.9901109616433134
0.9902863892051389,0.9902888129554326
0.9901542236639991,0.9901517978796737
0.9888577798011466,0.9888585242925911
0.9903437726076194,0.9903491294265355
0.990319104147974,0.990321920717152
0.9902192947838819,0.9902185427708587
0.9902598032328058,0.9902576123457445
0.9904990232260356,0.9904996476152665
0.9902671173984999,0.9902665533384538
0.9901243216891156,0.9901247886878243
0.9886624939827967,0.9886612596960482
0.9902409472098409,0.9902372937898896
0.9901929213255345,0.9901922877982925
0.9902655932570917,0.9902633558601885
0.9902763454518116,0.9902784218294126
0.9904507690598393,0.9904487416797909
0.9901842677182738,0.9901850453883033
0.9901826947366376,0.9901828344212033
0.9904926772735098,0.9904937477482225
0.9903709301218834,0.9903716663623758
0.9857403251644441,0.9857425798635902
0.9904909428792453,0.9904901206866404
0.990349096853676,0.9903502786475539
0.9901888629802199,0.9901884315094758
0.9903012427576046,0.9903042233543897
0.9902698312432666,0.9902657844152237
0.9902469888154456,0.9902470335606418
0.9903428570150277,0.9903408386922429
0.9895950227473164,0.9895967729162867
0.9903847374143391,0.9903853058192221
0.9899050174846871,0.9899013926847756
0.9778420494667934,0.977892889733681
0.9904908006098853,0.9904918019693908
0.9902513132371652,0.9902524144412718
0.9901926339072947,0.9901940490147456
0.9902389136778521,0.9902415185194724
0.9904589995741977,0.9904582295582093
0.9902481134763038,0.990254898898202
0.9900692476349361,0.9900669542400238
0.9900232694207033,0.9900220106837807
0.9904684213508342,0.9904713686627094
0.9897896383022416,0.9897896695304976
0.9902230390654353,0.9902211281179234
0.9771101784589292,0.9771405263236478
0.9902825460516735,0.9902786664387557
0.9871704282941078,0.9871698967476502
0.9904987627456998,0.9905000760578215
0.9904895974259599,0.9904884665803112
0.990256249592262,0.9902590081306712
0.9711465454210955,0.9711194890621572
0.9904322368623303,0.9904318173915106
0.9905038493067401,0.9905039882746132
0.9901912763190133,0.9901934057579891
0.9645640704222292,0.9644616342776388
0.9899517114822917,0.989957223410902
0.9902709321583725,0.9902689952290419
0.962697462994921,0.96272331166247
0.9904834682425749,0.9904852444550878
0.9901849553409342,0.9901853048832497
0.9903021006288122,0.990304195108428
0.9902322626233858,0.9902338097378433
0.9904864195780739,0.9904848112151649
0.9883684735487246,0.9883708143580396
0.9901141123310858,0.9901158243231258
0.9903261288130621,0.9903298705093397
0.9872078735454913,0.987204489712525
0.9903919666481247,0.9903945371675453
0.9902116882380669,0.990211595289707
0.9902520022158828,0.9902565589759859
0.9902007438320884,0.9901987567134101
0.9904422372595274,0.9904435255278905
0.9902309897613971,0.9902271323805283
0.9901850724079119,0.99018399291186
0.9904576236682736,0.9904587200741429
0.9902522536321249,0.9902505852728882
0.988452489903805,0.9884482342515448
0.9904982352404176,0.9904985584722453
0.9904050703942816,0.9904029741502655
0.9904432882520834,0.9904460297551063
0.990264081783041,0.990261797616009
0.9904706824197714,0.9904688011171374
0.9323225029235361,0.9324023220980534
0.9901624247148542,0.990161931319658
0.9903642220238814,0.9903641053087938
0.9902161080051711,0.9902156368175123
0.9903901025376942,0.9903915270123
0.9887396576273928,0.988740082027277
0.9904236300167768,0.9904246480420775
0.9904152895156609,0.9904110144659455
0.99037492961283,0.9903763150658424
0.9903876249411427,0.9903825230740715
0.9883540714270382,0.9883499052827303
0.9902047353039503,0.9902035464569677
0.9904456105415924,0.9904431460768603
0.9900386673649384,0.990041057263646
0.9887666780876667,0.9887751416339731
0.9904839026377884,0.9904846462936606
0.9902927591806493,0.990293361845488
0.9897691336659382,0.9897657587963693
0.990317690337997,0.9903144254676798
0.9904382711789299,0.9904343743175309
0.9902916448299506,0.9902887197206708
0.990420816446992,0.9904197862465866
0.9901849243186907,0.9901852206568585
0.9904462582282573,0.9904442391721353
0.9905039045843959,0.9905039637684964
0.9904856171222426,0.99048429028918
0.9901751084788505,0.9901747310932124
0.9903035811833149,0.9903012112647661
0.9902319655472338,0.9902292161371321
0.9900678233000084,0.9900687360953245
0.9904046822678731,0.9904077171315494
0.9903187393723568,0.9903162124118368
0.9896988548754118,0.9896985505779519
0.9903749816901573,0.9903705858044322
0.9901980333694418,0.9901967811878785
0.9904336002038145,0.9904395179547961
0.9904913868847702,0.9904904628285798
0.9900603444282386,0.990056098642456
0.9902001678407469,0.9901981305051839
0.9901885815374681,0.9901899192854517
0.9904607877454337,0.9904615755770259
0.9903647990024741,0.9903606703220728
0.990451177737444,0.9904498310966408
0.990358334568124,0.9903523783550433
0.989957777081048,0.9899581974960451
0.9901644050260788,0.9901641025643388
0.9902738836943886,0.9902717524679158
0.9903584168458143,0.9903600102032085
0.9898999039811622,0.9898981371922106
0.9901838307573496,0.9901817008696041
0.9902678291414361,0.9902659214332623
0.9903224053839594,0.9903171122930745
0.9904794534092516,0.9904782634341099
0.9903879741714062,0.9903845223542868
0.9903733424715223,0.9903733341621311
0.9862244554734584,0.9862263566295557
0.9905020557653764,0.9905022780122222
0.9902688535022502,0.9902643711711302
0.9901868177176485,0.9901877986518481
0.9902968856414753,0.9902977958797837
0.9903218311676254,0.9903221564460383
0.9902546016931411,0.9902505914988338
0.9902930029061809,0.9902966149648605
0.9903634561270813,0.99036635030718
0.990377998383659,0.9903820055685284
0.9904970365868351,0.9904940416110822
0.9903087311043153,0.9903044252974337
0.9903990668447746,0.9903952287185596
0.9904322355521329,0.9904361356893132
0.9902494649602153,0.9902471647041162
0.9902938365649155,0.9902954139090221
0.9902532428386118,0.9902546494772075
0.9902175252386193,0.9902200901065581
0.9902882286880197,0.9902859066627114
0.9900475956119815,0.9900489961723558
0.9902409698681349,0.9902395406566843
0.9902131042953197,0.9902200824177663
0.9862026603707454,0.9861997442747975
0.9902266818533539,0.9902271534389016
0.990315883084969,0.990314410007997
0.989977230331334,0.989973932654484
0.9904915987877833,0.9904920255368644
0.9903733611175873,0.990368770157817
0.9901678698183243,0.9901687192597746
0.9902349642944948,0.9902329802522475
0.9877952298095029,0.9877979525067612
0.9864875756198008,0.9864873548168824
0.9846050960052862,0.9846126585828004
0.9898195691760242,0.9898172302279193
0.9902011527913431,0.9902010598294732
0.9901855810622345,0.9901871338287989
0.9904645238547829,0.990463861790081
0.9901998513346831,0.990197868633517
0.9905042660270221,0.9905042275486147
0.9905028378245472,0.9905022484037268
0.9871551897036699,0.9871555333876995
0.9904074133585336,0.9904083560904148
0.9901862449199871,0.990186449102962
0.9904633170104736,0.9904633928514582
0.9904732325984706,0.9904722282640526
0.9903562425822521,0.9903541135728294
0.9903790206194497,0.9903766364798554
0.9903630584580252,0.9903640238882082
0.9901150713931549,0.990115067238792
0.990200452702308,0.9902011871271809
0.9902658106364053,0.9902679177813137
0.9901829879110583,0.9901831728125273
0.9901829699568839,0.9901828951582377
0.9902040709178531,0.9902032151569987
0.9904921285875911,0.990493088163316
0.9904547160709463,0.9904573320221689
0.9904816819432531,0.990480346507312
0.9904842288367581,0.990483887654921
0.9902421684207628,0.9902393989233832
0.9904521250156052,0.9904544394777455
0.9904372568468377,0.990436516586511
0.9900946811580019,0.9900938749388993
0.9903930818268082,0.9903963098777473
0.9902491741358329,0.9902545752098578
0.9900256040757899,0.9900283514603637
0.9902630200499288,0.9902628147656413
0.9904228795844124,0.990422287084498
0.9902767563095296,0.990278452741603
0.9904788743801604,0.9904819791964126
0.9902818718192191,0.9902781761692191
0.9904320291319855,0.9904313826466911
0.990432667076966,0.9904309292163181
0.9904929041201005,0.9904927828394573
0.9904607534764714,0.990461349498796
0.9903937017171041,0.9903882491987679
0.9902661381611624,0.9902680536396367
0.9904760727715709,0.9904729244325474
0.990411627617419,0.9904103032832553
0.990244942434377,0.9902477510874627
0.9904087929420266,0.9904064634618469
0.9902132189666571,0.9902128371034666
0.9903048848477243,0.9903032476873017
0.9902051356682676,0.9902066628635441
0.9904902821471843,0.9904904869189882
0.9904867987097432,0.9904883390176158
0.9901389107280482,0.9901401297924264
0.9903693240777931,0.9903665856196002
0.9903795642422196,0.9903823442035291
0.990187147281909,0.9901884519641686
0.9901742416468441,0.9901737785087924
1.000040048951268,0.9998602196360656
0.9904647403099713,0.9904616573417697
0.9858396182140812,0.9858195362684781
0.9894551548642712,0.9894552081164839
0.9902334411646158,0.9902311268633762
0.9902765761452944,0.9902799780972548
0.9904794168078016,0.9904786674908531
0.9903144622480565,0.9903167708634549
0.9904858864814774,0.990484366946051
0.9899743083911992,0.9899734074534904
0.9901882343500803,0.9901888030783791
0.9904107355575533,0.9904095696330004
0.9901867415464084,0.9901874184344511
0.9891560460767582,0.9891599042620984
0.9902153059654933,0.990214435448172
0.9903433888070509,0.9903444998358666
0.9902228865435276,0.9902196770460369
0.9901822586576132,0.9901823001589608
0.9815408107676739,0.9815860623177859
0.9873440212833408,0.9873473966487866
0.9902832045300441,0.9902862540429185
0.990440062044264,0.9904379607941313
0.990363313350106,0.9903607928919531
0.9866211804332156,0.9866298188818504
0.9905010526694028,0.9905012663966117
0.9903173670382852,0.9903146926523724
0.990437593779235,0.9904363424413184
0.9901911094666762,0.9901888645166603
0.9902157037764636,0.9902155866062761
0.9904522605433337,0.990452206451662
0.9903622412616168,0.99035961377803
0.9882146137312113,0.9882131502461111
0.9904923568199717,0.9904933307617101
0.9903105025598341,0.9903072001758398
0.9902746742500901,0.9902767302065437
0.9902141056033206,0.9902154132557095
0.9904733301163385,0.9904721884220331
0.9903628102944818,0.9903595106782227
0.9903064858376285,0.9903068307805306
0.9901552813559831,0.990150043307965
0.9901836277137628,0.9901836266908106
0.9467668279539605,0.9465582933441017
0.9890955084200234,0.9890955724429357
0.9903677179661513,0.990365603672132
0.9905044551077676,0.9905043172458307
0.9903649566224978,0.9903583237174673
0.9901546227959587,0.9901547887200205
0.9902981041342046,0.9902946848316936
0.9903134674827295,0.990312298299755
0.9837835360136156,0.9838111309845577
0.9903236420431825,0.9903275706402378
0.9904708883309183,0.9904654838336435
0.9900061400327235,0.9900094773061799
0.990463669672125,0.990462141838213
0.9904785170368355,0.9904770035259213
0.9903782822641852,0.9903806826708579
0.9900669205143263,0.9900665065698395
0.9904945179012745,0.9904953645598285
0.9903361028758457,0.9903399557205529
0.9893045309114505,0.9893053107334225
0.9904244150233914,0.9904237980740516
0.9855225524346242,0.9855335758518006
0.9901679498107621,0.9901663935689864
0.9904673160412694,0.9904677134343081
0.9874906056020057,0.9874763029265645
0.9903788194508577,0.9903772061269573
0.9902867269248364,0.9902888489117858
0.9903542441874005,0.9903574585612732
0.9895269160691711,0.9895267049864411
0.9901954941015818,0.9901964582241175
0.9901844284115784,0.9901842441179484
0.9902086206986906,0.9902080981868583
0.9903329106630476,0.990336245581455
0.9903697796252335,0.9903691562250201
0.9895683355227319,0.9895647583982934
0.990314621335803,0.9903123324327662
0.9902929059514245,0.9902982763229747
0.990240167243857,0.990239239593248
0.9882264978558963,0.988226476968844
0.9901906325671319,0.9901954049900701
0.9904902410465449,0.9904906061802289
0.9902079006207757,0.9902090452067033
0.990422459735628,0.9904254973688057
0.989522019567129,0.9895222908506619
0.9902396647796416,0.9902417428775482
0.9857668377333842,0.9857740625085138
0.9903343953661864,0.9903258556367887
0.9904891679084569,0.9904902954475205
0.9902455607754374,0.9902510596162993
0.9902242139275034,0.9902244636716766
0.9901835607530656,0.9901834430966143
0.9901997047063953,0.9902002610284903
0.9905002141428518,0.9904997216008478
0.9903681419026713,0.9903664257274418
0.9839712662307661,0.9839871513179486
0.9898478473608645,0.9898476173063178
0.9903294876241329,0.9903336315173021
0.9904208761296863,0.9904222989055743
0.9904364253188892,0.9904373880581003
0.9873771594182297,0.9873714602413063
0.9903302108148384,0.9903276918785031
0.9864907184384607,0.9864918216573916
0.99022608819255,0.9902280500597042
0.9904963263793762,0.9904965021334113
0.9896085147687909,0.9896097612905165
0.9902759021878583,0.990273512830421
0.9890916876879607,0.9890921543987354
0.9905014944460241,0.9905019757637687
0.9904702597659492,0.990468996298497
0.9892929317077226,0.989291873162541
0.9902112399659332,0.9902123569635448
0.9904641163419797,0.9904655493586543
0.990198073844992,0.9902008218341272
0.9904322543333247,0.9904320631161718
0.9892586744270956,0.9892562591606194
0.9904936752777961,0.9904944036259493
0.9901866177075962,0.9901865203698509
0.990363125348059,0.9903611049839708
0.9864656106424381,0.986468099381877
0.9898435723591874,0.9898448775793613
0.9904850338490676,0.9904825661198919
0.9903838297129127,0.9903822319500043
0.9903731015277368,0.9903764648424911
0.9904965057252463,0.9904981496967504
0.9902430613680162,0.9902457021279757
0.9904794062827745,0.9904802927167811
0.9901839796579318,0.9901839233214729
0.9902431040109272,0.9902402701572018
0.9904471118536952,0.9904443180826275
0.9904788875559979,0.9904802584364014
0.9902628200347349,0.9902682304330228
0.98966327848275,0.9896643986159027
0.9903087770995994,0.9903082999844218
0.9866026134464311,0.9866108783673926
0.9904343695910115,0.9904324606904972
0.9904762373378484,0.9904789975232826
0.9904973666179857,0.9904985216388077
0.9902412541944162,0.9902372031511768
0.9903901547163273,0.9903894425448602
0.9894554528094701,0.9894560059172349
0.9902478484919164,0.9902497918140749
0.9902135420129589,0.990211726899132
0.9904103069011446,0.9904078672648237
0.9902186278421425,0.990217974341483
0.9902535855192732,0.9902525562873363
0.9901828254659782,0.9901806347275673
0.9903227926147073,0.9903205068178242
0.9904154083720561,0.9904149718095309
0.990501675286455,0.9905017926375307
0.9878899107262152,0.9878972556080028
0.9904820936842755,0.9904848980093951
0.9903699884784628,0.9903758799377121
0.9904170548716529,0.9904163760744931
0.9901903682532469,0.9901900655449769
0.9902658085377375,0.9902701471529862
0.9904696722180482,0.9904674460202031
0.9904991532829706,0.9904982860122142
0.9902698675056741,0.9902697886899787
0.9903465687016645,0.9903491933943385
0.9903136537946536,0.9903148720624183
0.990229649057375,0.9902323743469843
0.9904994940057775,0.9904987067067161
0.9902825312472203,0.9902796659895978
0.9904974021963955,0.9904979343824891
0.9902578205716551,0.9902601789473567
0.9905006031344312,0.990501080349161
0.9903717026516154,0.9903680798231597
0.9904974984542079,0.9904967995890331
0.9903458167581319,0.9903434901515646
0.9905023670132481,0.9905018251657467
0.9903089363100139,0.9903061662636276
0.989991429916657,0.9899944008677564
0.9902052500362776,0.990204979056085
0.9851310028313486,0.9851155161234485
0.9851242062140244,0.9851144992305856
0.9901834396524369,0.9901836390028972
0.9904990981298478,0.9904982424738903
0.9902212317366811,0.9902244583735039
0.9902022846616855,0.9902016750447555
0.9904499852691041,0.9904463040161866
0.9902419524434644,0.9902434579773646
0.9904691606986803,0.9904675729334842
0.9902047732631483,0.9902075185764755
0.9902506215364844,0.9902559803476388
0.99022844325892,0.99022769956324
0.9902402021312405,0.990241360670295
0.9902595074661921,0.9902579456485782
0.9901279250214196,0.990131759184439
0.9901901196571645,0.9901899596807907
0.9902036791381106,0.9902028799784062
0.9904413905497486,0.9904377800885704
0.9904861401211613,0.9904867524690004
0.9901998752006413,0.9901981792573458
0.9887353378243446,0.9887325113808203
0.9904321509452674,0.990432885263962
0.9904893669383962,0.9904887167134317
0.9892465356531388,0.9892430804118229
0.9901872663073551,0.9901870418482539
0.9904250481449421,0.990419624194518
0.9902159035493143,0.9902134410509893
0.990183991850449,0.9901843122756686
0.9903638169975331,0.9903578569393179
0.9810495028771493,0.9811834443530266
0.9904973815808765,0.9904967508949728
0.9901919241895354,0.9901927023532093
0.989625112308628,0.9896227281616241
0.9901985109588302,0.9902006974063888
0.9896532905716467,0.9896535289302244
0.9887303587953958,0.9887357948702017
0.9902466935966521,0.9902463573562966
0.9902524682906907,0.9902564363395525
0.9904968840059161,0.9904977214250382
0.9902087551265707,0.9902060870298035
0.990427105981845,0.9904289063089594
0.9904407295859189,0.9904421905418813
0.9903382864102686,0.9903370780566031
0.9902949892591436,0.9902925186902617
0.9903885114172454,0.9903844856842677
0.9899850933041459,0.9899896811156141
0.9904464670065365,0.9904480810694889
0.9854018719115957,0.9854062655589229
0.9901041415164681,0.9901045801117044
0.9903615697023093,0.9903649693181359
0.9903965130227598,0.9903961697491925
0.9903966181893639,0.9903988557138916
0.9901906674309133,0.990190891513494
0.9901837811552888,0.9901837156170029
0.9901828038564617,0.9901830860343972
0.9904252924988729,0.990427048483787
0.9891284174441757,0.9891260722982778
0.9900263844792513,0.9900265558510377
0.9903516603002261,0.9903498348202848
0.9903706031807116,0.9903680913791991
0.9903114231864151,0.9903131473693298
0.9902518563075273,0.9902550397433433
0.9904828283559505,0.9904817782270873
0.9904916458595164,0.9904915772888475
0.9904577419428701,0.9904592125791406
0.9901973260973739,0.9901962214705696
0.9901826866908149,0.9901828748650098
0.9904624635632521,0.9904637685216364
0.9903937854396195,0.9903901008643965
0.9888966728275115,0.9888981763486203
0.990352459139174,0.9903457965576123
0.990229572847086,0.9902285824191235
0.9904893447317368,0.990488591177034
0.9902245507570379,0.9902248170281169
0.9873963902650712,0.9874052822989509
0.9865556447448476,0.9865460486664936
0.988841150399864,0.9888402382122335
0.9902746262993634,0.9902723735017536
0.9902544768724224,0.990256430163022
0.9905018426013501,0.9905012070214311
0.9881704899738502,0.988171086915083
0.9905030009200738,0.9905026329257582
0.990473123485037,0.9904690379577993
0.990160666942134,0.9901574159061254
0.9904392556354229,0.990441239056009
0.990392621391386,0.9903944599427451
0.9902196693441152,0.9902209894575144
0.990303838758709,0.9903037485714461
0.9902890457238458,0.9902892854236621
0.9881823033536997,0.9881841211186747
0.9903772164626911,0.9903811369914538
0.9892647999190314,0.9892666057505562
0.9901806420086763,0.9901807500865857
0.9889936432793112,0.9889910684798502
0.9903550068991085,0.9903538878996592
0.9903531205993136,0.9903555368733786
0.990413333218544,0.9904162810477292
0.9902917958584075,0.9902922188997184
0.9819530975813618,0.98197982653489
0.9904494521275576,0.9904478428093553
0.990471005812643,0.9904719114479461
0.961434423101855,0.9614293867451251
0.9850703328712171,0.9850863273653729
0.9904826928632897,0.9904842500609083
0.990399686669752,0.9903958312528403
0.9904509442082401,0.9904495771201924
0.9901930013578069,0.9901875998245735
0.987790530964394,0.9877880126794206
0.9903288452778608,0.9903307678273333
0.9902011056611597,0.9902033675723979
0.9904482712821825,0.9904452155095297
0.9903286982849652,0.9903265168758497
0.9904992404158486,0.9904982188662774
0.9903464207418481,0.9903443955950239
0.9902452363893942,0.9902405860305302
0.9904437949242256,0.990441852875071
0.9902014353720533,0.9902018885833699
0.9903166904790413,0.9903185024200869
0.990190653472755,0.9901913107241458
0.9902467955466236,0.9902472917391087
0.9883835973763084,0.9883822343542064
0.9903966856361378,0.9904016005376135
0.9903887330158511,0.9903885813571732
0.9902489075812896,0.9902493084575766
0.990400552242966,0.9903992737602499
0.9902451076301378,0.9902472702142485
0.9266407161278497,0.9269702940653249
0.990486454306277,0.9904858251721212
0.9901826794759837,0.9901828982002036
0.9892257557436626,0.9892217351100225
0.9901894991944885,0.9901902555990962
0.9903025399240153,0.9903002213797437
0.990436371599181,0.9904355768767992
0.9903758219089014,0.9903715755931769
0.9904832042672093,0.9904843094537212
0.9889790541768726,0.988985434958837
0.9903798720888063,0.9903860832362613
0.9904604558856183,0.9904627953660057
0.9902355468497693,0.9902338798989624
0.9901823539497969,0.9901825605517028
0.9902270908235536,0.9902303477902993
0.9904846454461269,0.9904834792678492
0.9903683521977119,0.9903687735338674
0.9901540718265383,0.9901543311677966
0.9902019584211306,0.9902022441992405
0.990392464925073,0.9903908479068071
0.9903009155337104,0.9903026000631227
0.9905043339164152,0.990504115319311
0.9903662220766727,0.9903642073590371
0.990189400928183,0.9901917862557781
0.9905006079087534,0.9905006868947166
0.9902014178254234,0.990202513628044
0.9837791633242987,0.9837852225253623
0.9903688028725596,0.9903736187657286
0.9904779650082037,0.9904766169156525
0.9903711174121175,0.9903753770504692
0.990196129702583,0.9901965522262072
0.9900937670823649,0.9900925950302276
0.9903716546649564,0.990371319895451
0.9903831784493329,0.9903769416295596
0.9629767603156544,0.962953850518863
0.9901908815329636,0.9901933144704559
0.9903788691399242,0.9903757899638874
0.9901866744098232,0.9901843336105363
0.9885211951168846,0.9885303075943345
0.9899636073207251,0.9899607792299326
0.9901929347963218,0.9901941586127747
0.9904653502940531,0.9904676356094813
0.9902731062564731,0.9902774715658238
0.9904929847851878,0.9904920483247506
0.99047289402561,0.990474333611448
0.9904651716251885,0.9904672370258164
0.9902570968895522,0.9902594590933059
0.9903028279268384,0.9903114288799219
0.9903976445854855,0.9903975919386981
0.9902346069840262,0.9902387242813063
0.9901823534138697,0.9901824817531794
0.9877634009151345,0.9877555098243904
0.9893118924417285,0.9893117728302072
0.9885552226112576,0.9885544803073282
0.9873792559635347,0.9873765734711378
0.990298947827462,0.9903018253077562
0.9901887006500463,0.9901902008101449
0.9902704585418205,0.9902668192962968
0.9902782970581825,0.9902807479016955
0.985431690033618,0.9854381332746084
0.990383380071286,0.9903799301617756
0.9901877898736722,0.990188390495636
0.9904926589696442,0.9904943724537754
0.9902052496615418,0.9902027152966061
0.9904663865980344,0.9904644737289848
0.9902022449495466,0.9902055506178127
0.9902112426324267,0.9902111914756635
0.9904745581901507,0.9904726364653569
0.9905037300668443,0.9905037927372115
0.9901942179920172,0.9901959518853726
0.9903468009904409,0.9903401276636649
0.9902163571533986,0.9902143544686686
0.9903615995724924,0.9903621178783795
0.9902891936410622,0.9902862792232026
0.9868518402219584,0.9868579362440556
0.9840024433044849,0.9839280413446738
0.9904107036686415,0.99040827021376
0.9851886569630108,0.9851986933423694
0.990384928168261,0.9903820709817335
0.9864506327772082,0.9864504612303014
0.9903293445436987,0.9903270172664952
0.9638959774475293,0.9640898956750605
0.9889095877550188,0.9889113550118188
0.9903701102179386,0.9903702706368241
0.9904960504177135,0.9904944923209995
0.9904984208557438,0.9904979772598999
0.9902221439536605,0.9902240245213535
0.9904536386679138,0.9904544561095088
0.9904769936998529,0.9904747080505507
0.9902010860410835,0.9902020559232408
0.9902653898455155,0.9902629742870578
0.9885949073588848,0.9885991620140024
0.9903212661541948,0.990318986205161
0.9904174283667498,0.9904150616114934
0.9901793182753026,0.990178115992305
0.9899254474622463,0.9899218735990272
0.9904635647913884,0.9904643906603795
0.9859498027796353,0.9859465688469503
0.9891218452029332,0.9891233775252013
0.9849912128845398,0.9849999063193067
0.9902892230613516,0.9902873511246587
0.9898802104225588,0.9898821077663089
0.9902980818505605,0.990303129182399
0.9902568685334027,0.9902584610485473
0.9897191982418563,0.9897194112933009
0.9904230624799655,0.9904245681445805
0.9905037087681182,0.9905033950861063
0.99048144255502,0.9904825472846029
0.9902991031023002,0.9902993300441539
0.9901827509905495,0.9901828869373035
0.9901869479634441,0.9901823168689871
0.9904862307392588,0.9904860721276282
0.9904925588409175,0.9904915104676806
0.9821490886481957,0.9822234218664272
0.9901826676552289,0.9901828186150097
0.9818348187309675,0.9822313229288478
0.9903161993508555,0.9903168081467234
0.9902838097213457,0.9902872220069918
0.9902545116282231,0.9902564288086174
0.9903663565796008,0.9903674409007455
0.9902982477733706,0.9903009004393541
0.9902386764350921,0.9902402278394775
0.9904587749543492,0.9904620633198518
0.9899339208423078,0.9899319591003689
0.9867179760854173,0.9867287699143772
0.9904872102626883,0.9904860042092372
0.9901696889570624,0.9898864449432524
0.990498530555521,0.9904983337235188
0.9905015173413979,0.9905009941247956
0.9902060963761565,0.9902078879829566
0.9903126842742375,0.9903203656831673
0.9843638533994733,0.9843053237128061
0.9904068835812175,0.9904026229203615
0.9856426448090433,0.9856748803195532
0.9896497825406516,0.9896469976911948
0.9901686682432965,0.9901701803008084
0.9882554888891188,0.988254137948409
0.9903976025491936,0.990394228527444
0.9882723384230372,0.9882695019202932
0.9901829181504626,0.9901827554999088
0.9892453503980373,0.9892482608384319
0.9903118195513853,0.9903111499622324
0.9903799145811866,0.9903800602969638
0.9904734822656501,0.990471311827157
0.9902938895221295,0.9902940447830221
0.9901849964591553,0.9901843074050083
0.989050184574772,0.9890498988488684
0.9634566076757259,0.9634519175048798
0.9905035314018302,0.9905031239160204
0.9902062671391877,0.9902050571668662
0.9902687702423311,0.9902711117859999
0.9902796522218742,0.990278251251518
0.9904522079424476,0.9904537260670611
0.9897806441527908,0.9897786321750782
0.9883599218981345,0.9883075682450426
0.9904305592252708,0.9904327889136401
0.9902490731375003,0.9902438625031769
0.9902024394505997,0.9902011943586992
0.9904167816182644,0.9904209945184062
0.9904780637170092,0.9904808930315191
0.9904796293762851,0.9904775462871679
0.990356416615253,0.9903573091049642
0.9902485649250254,0.9902467644614231
0.9904747442550054,0.9904763569416563
0.9897912060503866,0.9897927935350945
0.9901826900037451,0.9901828097800801
0.9901781710203704,0.9901784396197161
0.9905044194870969,0.9905043074682751
0.9903318449582095,0.9903353818848345
0.9901955167344301,0.9901978882663347
0.9899135778757966,0.9899128181612226
0.990267832536082,0.9902675650786043
0.9904246088294468,0.99042215726095
0.9903207773108506,0.9903183968012016
0.9904036822486121,0.9904015009281008
0.9902287920535423,0.9902304974621101
0.9903526369572613,0.9903511178405712
0.9904086057549301,0.9904112073390862
0.9902787215155865,0.9902815267517834
0.9902511724459501,0.9902494189898694
0.9903123012978541,0.9903061988995424
0.9904382981148183,0.9904389599163638
0.9903284796381523,0.99032627554014
0.9904206071176208,0.9904233901811844
0.9852223052724298,0.9852091567128667
0.9904988258848839,0.9904996604059296
0.9903304355410125,0.990332259313403
0.9904832327450468,0.9904830601277652
0.9888788209301589,0.9888756209760827
0.9936406053913164,0.9931053835346235
0.9901882947292266,0.9901883628892035
0.9902528712958862,0.9902484946442013
0.9902400604641174,0.9902425383549557
0.9902894550744746,0.9902931529725184
0.9904133176036135,0.9904139108386713
0.9903422872543469,0.9903411752038219
0.9904112270269092,0.9904123562366428
0.9903226924050458,0.9903209238401156
0.9902914252668005,0.9902928633805398
0.9903791061849875,0.9903811436829186
0.9903366307860263,0.9903355432167015
0.9887030973126344,0.9887037327940159
0.9904309536130111,0.990433522613068
0.9904455729147713,0.9904474434105786
0.9902860258159613,0.9902807945614839
0.9903212255304352,0.9903203182482201
0.9900486963889512,0.9900502427479054
0.990458750014077,0.9904607813294366
0.9902767056483339,0.9902717133207739
0.9903441403334794,0.9903394926641576
0.9904073288853691,0.9904048417185901
0.9902262904500788,0.9902286090461397
0.9904947584956627,0.99049236731447
0.9895031377817247,0.9895020860864043
0.9903748653895929,0.9903708364383228
0.9903202558727976,0.9903169760723738
0.9210310614729905,0.9209205121042919
0.9903856667592441,0.9903835412522183
0.9872180205810686,0.9872164444482732
0.9902815318310749,0.9902777379705127
0.9893823359250501,0.9893786435170913
0.9901819832067564,0.9901820395048957
0.990444646110812,0.990445798930936
0.9904924731184894,0.9904911033491619
0.9904948614069167,0.9904943858416222
0.9905038643149463,0.9905038693649775
0.9903857332120083,0.9903885004721675
0.9875315082287601,0.9875242228079901
0.9901997144692601,0.9902007406763544
0.9850087211421982,0.9850057905828836
0.9904869603694145,0.9904878527668142
0.9901840502382995,0.9901841126650698
0.9904807720738213,0.9904822768487737
0.9901846409142442,0.9901850838597142
0.9904998207154577,0.9904988727539247
0.9904045578220096,0.9904061746481774
0.9901893796368768,0.9901865850748308
0.9899361057032129,0.989931606204718
0.9903785670766935,0.9903791918877052
0.9904445518457642,0.9904454546299122
0.9781104962000123,0.9779187853604082
0.9900787765337244,0.9900776123149523
0.9313950658112689,0.9315016163825889
0.9903515744547315,0.9903543968690803
0.9902847169855691,0.9902796094610562
0.9890047655670261,0.9890069719387482
0.9905038183542785,0.9905038281367676
0.9903609181081745,0.9903568833016239
0.9902663538087753,0.9902687369935836
0.9896195030430502,0.9896143565289391
0.989096708451338,0.9890976493585422
0.9904360635304335,0.9904401442547612
0.9821027075099241,0.9825185420264682
0.9866080570833817,0.9866439787722152
0.9904485826113616,0.9904450740885171
0.9902171912163102,0.9902221759111828
0.9901841508546052,0.9901839889143147
0.9904623797938046,0.9904639981183577
0.9904801421874114,0.9904800701826485
0.9887513911907211,0.9887510140753056
0.9902815335434864,0.9902837196953009
0.9904725470814657,0.9904719745504609
0.9903353448256433,0.9903405098286929
0.9904925234392817,0.9904925698275031
0.9902034727789759,0.9902048922287198
0.9902651812093675,0.9902616403019726
0.9902400929657094,0.9902425797162315
0.9898470396303507,0.9898463896325463
0.9905004545819165,0.9905007283373982
0.9903468365075346,0.9903446992618015
0.985753593012594,0.9857508259718704
0.9902472769704019,0.9902459509606409
0.9903599685033024,0.9903516941152972
0.9904069205068817,0.9904052929509577
0.984164622862493,0.9842492372809921
0.9904453207359492,0.9904448590865417
0.9904123976882602,0.9904135053275606
0.9902189756790098,0.9902200381133303
0.990235097262404,0.9902411002400892
0.9904892239126293,0.9904898075208821
0.9904160356104164,0.9904159790839566
0.9903211117537029,0.9903170315202839
0.9902485577070896,0.9902516265846006
0.9902003114202279,0.9901999265195185
0.9902041898004393,0.9902018089811503
0.9905020361419424,0.9905021185894587
0.990183594187282,0.9901832778590332
0.9897911777817494,0.9897923381449861
0.9891187882785579,0.9891161543190412
0.990416411079808,0.9904112943257161
0.9864631844151337,0.986460572022207
0.9904952787616207,0.9904934072866328
0.9859383136895096,0.9859186189909878
0.9878775050873858,0.9878703935401352
0.9901903298666038,0.990190941029702
0.9903177178614587,0.9903198300612331
0.9904854916438482,0.9904880011128399
0.9901895729655533,0.990188043569843
0.990387346076556,0.9903839284756287
0.9891635726930944,0.9891654601573759
0.9901968028067889,0.9901978106829732
0.9897900085209208,0.9897889413931098
0.9899595343107028,0.9899610152221929
0.9903130377564225,0.9903099843748567
0.9899583913190192,0.9899547521342257
0.9905032247509337,0.990503392084608
0.9864618530299336,0.9864608102955497
0.9566963025550734,0.957104518534057
0.9903592590047644,0.9903584336104205
0.9905040215489405,0.9905038218823318
0.9903271869012586,0.9903350833490855
0.9901953523466436,0.9901943132655046
0.9905034424587673,0.9905030837441937
0.9902857764722032,0.9902867717590295
0.9903389373694298,0.9903413660972484
0.9894892099831946,0.9894913207527791
0.9904080258361679,0.9904067675345795
0.990220319109497,0.9902195464060098
0.9902600901193168,0.9902631710867458
0.9902693310260549,0.9902705149639853
0.9877174537066716,0.9877170790717403
0.9902946958227464,0.9903016122779751
0.9905031642716015,0.9905030325370427
0.9899208044631277,0.9899203058059558
0.9920176012105042,0.9920190394389394
0.9903879335889116,0.9903894522610046
0.9900060818159608,0.9900060945205285
0.9905011289586969,0.9904997255172772
0.990499708893621,0.9905000374299938
0.9902542556002042,0.9902512270089237
0.990500100089814,0.9905005371667763
0.9904592889507721,0.9904560784312012
0.9902588908274149,0.9902596533901632
0.9904378820746844,0.9904370283904902
0.9903756061752264,0.9903712182811941
0.9903418719101253,0.9903456163213602
0.988541171264263,0.9885413618953056
0.9901972712619314,0.9901987082664792
0.9894887165893801,0.9894894227920651
0.9904999485981543,0.9905006893125226
0.9902017543859866,0.9902030842070363
0.9903427323528756,0.9903404078543248
0.9905042509500798,0.9905041392804604
0.9904709623890782,0.9904696543023186
0.9901892504791033,0.9901887165609601
0.9904717354664178,0.990474220338677
0.9902772178740409,0.9902716814149481
0.9903340660831651,0.9903323085983797
0.9905043651192587,0.9905042486697654
0.9904062903100562,0.9904102791192093
0.9903746112107291,0.9903792451097818
0.9902102597190747,0.9902108657489262
0.9901892790637968,0.9901876963448177
0.9867968009001208,0.9867636052505163
0.9903344908498384,0.9903362142260295
0.9901852106367764,0.9901849187396228
0.9891424527384877,0.9891440306260264
0.9901911286421725,0.9901909390301572
0.9902371418681571,0.990239543860505
0.99018683485479,0.9901860317938669
0.989916235268243,0.989918250106317
0.9904752360500563,0.9904723887506494
0.9901797420874138,0.9901798256781172
0.9904111275956756,0.9904064539111388
0.9895918185105192,0.9895923682629005
0.9904373827233192,0.9904411242315001
0.990468619046704,0.9904677944060968
0.9903386382415827,0.9903404597231525
0.9904129492465485,0.9904118868168499
0.9897860589709725,0.9897864464149191
0.9902356120969256,0.9902383980371713
0.990443614957847,0.9899676556013337
0.9903358293236171,0.9903338162619515
0.9902479969911873,0.9902462956882335
0.9901840367406023,0.9901836471008475
0.9901852694157287,0.9901858943826073
0.9901647162267199,0.9901655450541316
0.99047556694446,0.9904743708571258
0.9904073177318977,0.9904035298404039
0.9904037004874169,0.9904004718506819
0.9901398101843025,0.9901400691764661
0.9728068666428437,0.9723071029463836
0.9902109723134163,0.9902131349141687
0.9901869962925915,0.9901868997107112
0.990126930702626,0.9901259468238692
0.9901855243962049,0.990187179694546
0.9888502418130898,0.9888500217875634
0.9877331653499816,0.9877315553103365
0.9903928713186027,0.9903963862973167
0.9903286935897962,0.9903284265264047
0.9903383118906065,0.9903376142860233
0.990325420213325,0.9903238100261949
0.9904896922122404,0.9904889665917647
0.9898486156757772,0.9898464595330951
0.990217672947748,0.9902183431897695
0.9893583174679856,0.9893554856156495
0.9905019747888755,0.9905011583419459
0.9902813385701504,0.990284890923688
0.9881019391050594,0.9880966534129871
0.9851742548218324,0.9851635413949481
0.990187302162555,0.9901868118889366
0.9903750824611394,0.9903772288316381
0.9901201994883333,0.9901273521005356
0.9902289113239278,0.9902269001768588
0.9901998736635997,0.9902002696084159
0.9879046079453001,0.9879131513870696
0.9902036342493495,0.9902044430671515
