T,W,L,V,Unnamed: 4,Unnamed: 5,Unnamed: 6,Unnamed: 7,Unnamed: 8
5.2947,0.0,0.332614055967296,414.724541688137,,,,,
5.1864,0.0,0.332484147883994,414.604535558376,,,,,
5.4479,0.0,0.332676499618485,414.701699875275,,,,,
5.38355,0.0,0.332584523851089,414.698914961924,,,,,
5.29995,0.0,0.332558859477986,414.615569670112,,,,,
5.28755,0.0,0.332670867796139,414.699830095206,,,,,
5.0844,0.0,0.330716220623727,413.477779179253,,,,,
5.3418,0.0,0.332566810651771,414.628922411446,,,,,
5.3268,0.0,0.33271176687473,414.733878282508,,,,,
5.2421,0.0,0.3324989228306,414.593830870576,,,,,
5.7922,0.0,0.332576459884494,414.652384040186,,,,,
5.0098,1584.06192351457,0.317348314436945,402.85047531963,,,,,
5.0259,624.117664275658,0.323789229259177,411.497951729329,,,,,
5.52905,0.0,0.332607706666007,414.654292759409,,,,,
5.666,0.0,0.332719595213084,414.754609294105,,,,,
5.5395,0.0,0.332590451376293,414.639432297022,,,,,
5.84695,0.0,0.332718416518425,414.733186279032,,,,,
5.04205,0.0,0.3243689405963,412.390629066231,,,,,
5.47535,0.0,0.332685886506211,414.754044201131,,,,,
5.5241,0.0,0.332611920953067,414.724871149667,,,,,
5.2587,0.0,0.332578518555431,414.638125646657,,,,,
5.9973,0.0,0.332701759629396,414.719223417258,,,,,
5.72345,0.0,0.332589385435881,414.702188530017,,,,,
5.3804,0.0,0.332572561282509,414.620155466904,,,,,
5.5632,0.0,0.332582368410906,414.689418450368,,,,,
5.701,0.0,0.332576772733289,414.623201197429,,,,,
5.93005,0.0,0.332578252197821,414.625001508024,,,,,
5.96315,0.0,0.332584013022326,414.692877501715,,,,,
5.35485,0.0,0.332644407890451,414.740667028034,,,,,
5.6298,0.0,0.332582738681629,414.63114965001,,,,,
5.0227,864.647585391363,0.333091984333739,415.352503012126,,,,,
5.9043,0.0,0.332629719246364,414.735765182699,,,,,
5.911,0.0,0.332576888684167,414.623913272442,,,,,
5.1431,0.0,0.331991020453837,414.311975625277,,,,,
5.8696,0.0,0.332585245791899,414.634002917877,,,,,
5.1926,0.0,0.332362488792186,414.5251669109,,,,,
5.7002,0.0,0.332577669163786,414.624053709021,,,,,
5.0091,1613.30921419808,0.316843246464436,402.569952880885,,,,,
5.75635,0.0,0.332726598956874,414.749308534652,,,,,
5.9386,0.0,0.332624210222384,414.666568185332,,,,,
5.6709,0.0,0.33257662287219,414.622313099331,,,,,
5.1261,0.0,0.331898627283554,414.255279249045,,,,,
5.813,0.0,0.332580619874314,414.684468195425,,,,,
5.2491,0.0,0.33254581677843,414.615342599387,,,,,
5.8284,0.0,0.332638112211737,414.676196626678,,,,,
5.9723,0.0,0.332576463166126,414.658198363233,,,,,
5.00495,1715.27221824744,0.29147444299382,384.220975900704,,,,,
5.5516,0.0,0.332577056047155,414.632140992797,,,,,
5.5242,0.0,0.332617017839343,414.728369415951,,,,,
5.75245,0.0,0.332576569819156,414.661193230356,,,,,
5.5464,0.0,0.332726303196419,414.749542379746,,,,,
5.925,0.0,0.332674103098357,414.751988015627,,,,,
5.6004,0.0,0.332576809925085,414.622447808798,,,,,
5.92085,0.0,0.332576683582351,414.622540899214,,,,,
5.98105,0.0,0.332576970724858,414.624799236476,,,,,
5.82405,0.0,0.332614570031175,414.726715556862,,,,,
5.4594,0.0,0.332593748714719,414.642753799851,,,,,
5.7503,0.0,0.332577049483902,414.622885170027,,,,,
5.23705,0.0,0.332636849015084,414.684066851031,,,,,
5.08535,0.0,0.330891755933717,413.587950618911,,,,,
5.0127,1495.39011297007,0.317728726961207,402.907250164854,,,,,
5.6772,0.0,0.332711212503958,414.726656207563,,,,,
5.42205,0.0,0.332574732100617,414.642043411887,,,,,
5.0651,0.0,0.328915842313632,412.659960331642,,,,,
5.72205,0.0,0.332576627247697,414.646458757969,,,,,
5.7538,0.0,0.332601938048435,414.716655573553,,,,,
5.9691,0.0,0.332599621385462,414.647680509525,,,,,
5.3459,0.0,0.332702735545883,414.750058063752,,,,,
5.4227,0.0,0.33257492571787,414.665526102414,,,,,
5.23125,0.0,0.332481604450228,414.56381629111,,,,,
5.1965,0.0,0.332530702031848,414.63025424891,,,,,
5.359,0.0,0.332606056702843,414.653945945411,,,,,
5.99225,0.0,0.332576445117148,414.656569880504,,,,,
5.44125,0.0,0.332575637834595,414.624263806787,,,,,
5.04665,0.0,0.323931700644239,411.091615199471,,,,,
5.01295,1481.36826676355,0.317711663211401,402.832176315766,,,,,
5.954,0.0,0.332614174092684,414.726445063591,,,,,
5.7937,0.0,0.332598463594826,414.713260964099,,,,,
5.4545,0.0,0.332631792899414,414.736704537242,,,,,
5.1259,0.0,0.331883698458111,414.25261941864,,,,,
5.99265,0.0,0.332577665882165,414.672293790653,,,,,
5.06865,0.0,0.330140866834807,413.222573135601,,,,,
5.9939,0.0,0.332609895301898,414.723333278021,,,,,
5.2024,0.0,0.332401625443945,414.542343996552,,,,,
5.3175,0.0,0.332686475911689,414.709830671878,,,,,
5.40215,0.0,0.332573572582504,414.644395724918,,,,,
5.72975,0.0,0.332583082152478,414.631552031866,,,,,
5.10045,0.0,0.331307580294818,413.779938684927,,,,,
5.3903,0.0,0.332573955442705,414.621689294559,,,,,
5.9918,0.0,0.332576862431142,414.641351780999,,,,,
5.56705,0.0,0.332718021250218,414.732831807469,,,,,
5.1975,0.0,0.332519468910188,414.60602730014,,,,,
5.49075,0.0,0.332575959435196,414.621200825564,,,,,
5.82225,0.0,0.332576440741638,414.654536421973,,,,,
5.1456,0.0,0.332130323010478,414.414301450115,,,,,
5.80955,0.0,0.332586884919875,414.635762471184,,,,,
5.1437,0.0,0.332004015367457,414.341792098368,,,,,
5.4153,0.0,0.332680015905041,414.752286232982,,,,,
5.05185,0.0,0.326832042941435,412.518014413679,,,,,
5.1352,0.0,0.331972150131556,414.327808140073,,,,,
5.4054,0.0,0.332685245704265,414.752940244533,,,,,
5.4284,0.0,0.332644503038334,414.680562184283,,,,,
5.47875,0.0,0.332623587348039,414.666158455618,,,,,
5.6786,0.0,0.332629038962853,414.669967125798,,,,,
5.46745,0.0,0.332702086575406,414.719567185682,,,,,
5.5922,0.0,0.3325764571498,414.650060907183,,,,,
5.74925,0.0,0.332596644592046,414.645098837202,,,,,
5.48275,0.0,0.332576681941536,414.669229807751,,,,,
5.7777,0.0,0.33268333367952,414.706249289203,,,,,
5.75265,0.0,0.332577220675371,414.66911281061,,,,,
5.53055,0.0,0.332576334635505,414.621634941664,,,,,
5.65815,0.0,0.332657376186562,414.68903645832,,,,,
5.59295,0.0,0.332579066584176,414.679312529313,,,,,
5.66725,0.0,0.332709202765485,414.724997506944,,,,,
5.7753,0.0,0.332689367701359,414.754901745218,,,,,
5.077,0.0,0.330782253253681,413.477652183458,,,,,
5.7839,0.0,0.332606698751133,414.720818097391,,,,,
5.13485,0.0,0.331943098477629,414.315430183982,,,,,
5.1143,0.0,0.331572876840585,414.074985569149,,,,,
5.2394,0.0,0.33251908762835,414.59605285963,,,,,
5.8015,0.0,0.332577211377434,414.63180719453,,,,,
5.94655,0.0,0.332726173630295,414.743622256229,,,,,
5.6846,0.0,0.332643587648955,414.742196047702,,,,,
5.87565,0.0,0.332709161214724,414.756168716107,,,,,
5.3404,0.0,0.332566898711447,414.61665127595,,,,,
5.9514,0.0,0.332577209189684,414.630683306719,,,,,
5.4355,0.0,0.332692867996238,414.754578893251,,,,,
5.6952,0.0,0.33268185522906,414.753639266121,,,,,
5.97575,0.0,0.332714567690457,414.755701676673,,,,,
5.5916,0.0,0.332577134806178,414.63249283462,,,,,
5.764,0.0,0.332611106100273,414.724245376449,,,,,
5.5173,0.0,0.332708874733025,414.724785087852,,,,,
5.25815,0.0,0.332612236502908,414.660851670732,,,,,
5.06665,0.0,0.329806840291105,413.057208994552,,,,,
5.2858,0.0,0.332674431165103,414.736303381226,,,,,
5.70845,0.0,0.332637428117522,414.675735613849,,,,,
5.5004,0.0,0.332576565990587,414.62247357586,,,,,
5.7597,0.0,0.33258387246224,414.632467623384,,,,,
5.0992,0.0,0.331328194761074,413.804637658778,,,,,
5.23655,0.0,0.332639950126958,414.69557105004,,,,,
5.12175,0.0,0.331705573864554,414.072615746262,,,,,
5.47415,0.0,0.332613147056664,414.725783592296,,,,,
5.5128,0.0,0.33257729232417,414.671841589007,,,,,
5.96745,0.0,0.332694288442793,414.71381018479,,,,,
5.6423,0.0,0.332576405190618,414.654212960718,,,,,
5.39005,0.0,0.332576366357961,414.625373151385,,,,,
5.196,0.0,0.332513492526945,414.633657824839,,,,,
5.70295,0.0,0.332579500849825,414.680848938443,,,,,
5.48025,0.0,0.332577233254932,414.623927654359,,,,,
5.26815,0.0,0.332621818247292,414.666881976338,,,,,
5.3781,0.0,0.332661730918436,414.692032005221,,,,,
5.49385,0.0,0.332600043592475,414.715016770632,,,,,
5.95705,0.0,0.332713611490354,414.728704569576,,,,,
5.14065,0.0,0.331988188330149,414.248789763194,,,,,
5.37485,0.0,0.332647577831409,414.742482274499,,,,,
5.0268,554.43460652318,0.316807817496195,407.205631554736,,,,,
5.89755,0.0,0.332689919921523,414.710744867802,,,,,
5.05695,0.0,0.328155039742866,412.51232313929,,,,,
5.2058,0.0,0.332540322227428,414.655714389165,,,,,
5.30475,0.0,0.332622512217146,414.729045616538,,,,,
5.8058,0.0,0.332714381261722,414.755726179537,,,,,
5.89365,0.0,0.332597796373073,414.712569076718,,,,,
5.03085,335.255924164333,0.323694710258861,411.627592809306,,,,,
5.0655,0.0,0.329091495572543,412.739640262001,,,,,
5.7552,0.0,0.332683058110849,414.75386419982,,,,,
5.85115,0.0,0.33257704018596,414.625597934733,,,,,
5.16255,0.0,0.332183410773925,414.410393039669,,,,,
5.17735,0.0,0.332431741778274,414.553220455497,,,,,
5.93205,0.0,0.332576553411,414.648745484343,,,,,
5.5879,0.0,0.332674744468543,414.700491275784,,,,,
5.33135,0.0,0.332564470224886,414.618065191335,,,,,
5.7733,0.0,0.332585938744218,414.696599631928,,,,,
5.25,0.0,0.332517832185064,414.58920007895,,,,,
5.3858,0.0,0.332704406352,414.753548239229,,,,,
5.38595,0.0,0.332710583778591,414.753037368364,,,,,
5.39,0.0,0.332577049483902,414.626294108273,,,,,
5.5052,0.0,0.332677669713301,414.752637449671,,,,,
5.91695,0.0,0.332717692133039,414.732458683774,,,,,
5.05605,0.0,0.327141345471224,412.085679477798,,,,,
5.1328,0.0,0.331859565053878,414.214855294769,,,,,
5.1739,0.0,0.332278431805603,414.516018827714,,,,,
5.43365,0.0,0.332590920629635,414.705519693146,,,,,
5.8563,0.0,0.332726466657405,414.749633038882,,,,,
5.82635,0.0,0.332726737816591,414.748875760083,,,,,
5.35165,0.0,0.332568791168409,414.626560054697,,,,,
5.57335,0.0,0.332585493548498,414.695909166334,,,,,
5.99935,0.0,0.332590642796734,414.639562242694,,,,,
5.1763,0.0,0.332426389798804,414.572251165792,,,,,
5.09175,0.0,0.331035317489721,413.594961010862,,,,,
5.41725,0.0,0.332710464047278,414.726506555659,,,,,
5.8232,0.0,0.332584109828265,414.693067635525,,,,,
5.48355,0.0,0.332589422079349,414.702727881497,,,,,
5.0521,0.0,0.326833364749131,412.546301725323,,,,,
5.46585,0.0,0.332711129402934,414.755467645016,,,,,
5.7851,0.0,0.33267750240093,414.752755298956,,,,,
5.0491,0.0,0.327035637391652,412.63212910445,,,,,
5.47725,0.0,0.332711209770372,414.726784394378,,,,,
5.2202,0.0,0.332462281596344,414.552159719589,,,,,
5.92325,0.0,0.332585919054985,414.696546833319,,,,,
5.9427,0.0,0.332577890673085,414.673682394254,,,,,
5.59,0.0,0.332579847605617,414.627445294113,,,,,
5.95815,0.0,0.332651138715776,414.684921174841,,,,,
5.01885,1143.58637133797,0.332268851107775,413.259508973551,,,,,
5.01785,1207.65760585484,0.333549563447746,414.782599990539,,,,,
5.6311,0.0,0.33257686297808,414.62399730894,,,,,
5.9871,0.0,0.332711188448401,414.726635681081,,,,,
5.66475,0.0,0.332652682920366,414.745681501596,,,,,
5.3956,0.0,0.332695594614046,414.753803438306,,,,,
5.6607,0.0,0.332576428162047,414.621511394955,,,,,
5.49355,0.0,0.332589633736313,414.702933008323,,,,,
5.89805,0.0,0.332658804986716,414.68997856679,,,,,
5.83105,0.0,0.332576925875949,414.624190440058,,,,,
5.1117,0.0,0.331523554009467,413.943807718857,,,,,
5.95935,0.0,0.332591031653347,414.639938971075,,,,,
5.7232,0.0,0.332583453516261,414.691691115759,,,,,
5.6111,0.0,0.332576853133195,414.623914002059,,,,,
5.99495,0.0,0.332672385116882,414.751577772176,,,,,
5.78655,0.0,0.332726596770106,414.744873583824,,,,,
5.4307,0.0,0.332574778590646,414.620444739937,,,,,
5.3892,0.0,0.33259951309912,414.648317931662,,,,,
5.89235,0.0,0.332576495982447,414.659106849398,,,,,
5.27425,0.0,0.332573514059549,414.701650631463,,,,,
5.36115,0.0,0.332569969299472,414.619240856164,,,,,
5.2274,0.0,0.332607447441312,414.661635519427,,,,,
5.9466,0.0,0.332725600695946,414.742362572148,,,,,
5.1359,0.0,0.332029406524021,414.343619477456,,,,,
5.29235,0.0,0.332548152413728,414.634064703276,,,,,
5.0628,0.0,0.328783713953905,412.749960964881,,,,,
5.132,0.0,0.331859503116286,414.183037818202,,,,,
5.1326,0.0,0.331859052561069,414.205769250462,,,,,
5.35625,0.0,0.332715628856136,414.748221839122,,,,,
5.22065,0.0,0.332459852345598,414.547788724177,,,,,
5.43765,0.0,0.332691313043172,414.711821682378,,,,,
5.45815,0.0,0.332660623649601,414.691208668149,,,,,
5.0668,0.0,0.329891820935315,413.095299465207,,,,,
5.00565,1705.25114026381,0.30165508572284,391.878378094687,,,,,
5.77475,0.0,0.332654983903142,414.746490654873,,,,,
5.8333,0.0,0.332586414566995,414.697419746069,,,,,
5.45795,0.0,0.332673375882584,414.699620853208,,,,,
5.67415,0.0,0.332617203228906,414.728485129382,,,,,
5.88785,0.0,0.332671818651281,414.698549620122,,,,,
5.6552,0.0,0.332681066792364,414.753479961948,,,,,
5.9163,0.0,0.332726617544399,414.749272318093,,,,,
5.6381,0.0,0.332660984537626,414.691422978899,,,,,
5.21725,0.0,0.33258995860488,414.652422639833,,,,,
5.35245,0.0,0.332568031452153,414.650967983152,,,,,
5.019,1143.58637133797,0.332275557789491,413.137470588963,,,,,
5.24215,0.0,0.332498852259046,414.595421870705,,,,,
5.75705,0.0,0.332716037248208,414.730888376247,,,,,
5.81835,0.0,0.332641393219594,414.678418618668,,,,,
5.96415,0.0,0.332622293471879,414.731646137129,,,,,
5.55515,0.0,0.332675835287119,414.752333383725,,,,,
5.00675,1682.55117503265,0.316686116607954,402.214718108952,,,,,
5.52095,0.0,0.332576363076328,414.622158222625,,,,,
5.5479,0.0,0.332675482070067,414.700979527586,,,,,
5.6038,0.0,0.332599907961265,414.71473002251,,,,,
5.7377,0.0,0.33268411773675,414.706779293345,,,,,
5.5807,0.0,0.332576345027344,414.621447334116,,,,,
5.2839,0.0,0.332565235418849,414.693309863441,,,,,
5.58325,0.0,0.332583462814023,414.691834678093,,,,,
5.36445,0.0,0.332621436535912,414.730833207883,,,,,
5.10435,0.0,0.331366616992875,413.929325624717,,,,,
5.49055,0.0,0.332576079761872,414.621513027422,,,,,
5.32365,0.0,0.332576038741419,414.695541802209,,,,,
5.9483,0.0,0.332641876071852,414.678742870811,,,,,
5.19985,0.0,0.332409499938374,414.522214327631,,,,,
5.50435,0.0,0.332624710599086,414.733030805245,,,,,
5.72485,0.0,0.332660366653344,414.748241973922,,,,,
5.2178,0.0,0.332566353944383,414.63322689071,,,,,
5.99525,0.0,0.332690621403836,414.755075754369,,,,,
5.1644,0.0,0.33223206350063,414.49342366791,,,,,
5.46245,0.0,0.332575537744548,414.657033587145,,,,,
5.02125,1003.54071103356,0.333093311881274,413.55786684315,,,,,
5.90045,0.0,0.332576516766115,414.621702038709,,,,,
5.93055,0.0,0.332576441288577,414.621495943391,,,,,
5.9649,0.0,0.332668581139697,414.750608643722,,,,,
5.54475,0.0,0.332650039067132,414.744679686667,,,,,
5.2754,0.0,0.33264479723104,414.729561543006,,,,,
5.8245,0.0,0.332640212060494,414.740761878934,,,,,
5.37125,0.0,0.332571377691158,414.621261321299,,,,,
5.35435,0.0,0.332614060342312,414.726609148625,,,,,
5.50745,0.0,0.332701862415133,414.719350623581,,,,,
5.34885,0.0,0.332612495176992,414.658867104524,,,,,
5.37675,0.0,0.332720991490687,414.740155871337,,,,,
5.1607,0.0,0.332183354372576,414.372761505102,,,,,
5.45125,0.0,0.332575899818782,414.624466855782,,,,,
5.09165,0.0,0.33103529331238,413.593439892301,,,,,
5.1829,0.0,0.332315507669217,414.507366122558,,,,,
5.70305,0.0,0.332580802002577,414.685066125008,,,,,
5.81875,0.0,0.33261816025303,414.662190067288,,,,,
5.92465,0.0,0.332651710137928,414.745336059084,,,,,
5.759,0.0,0.332606778050026,414.653536937682,,,,,
5.47705,0.0,0.332718408317844,414.73342508317,,,,,
5.6362,0.0,0.332724171635934,414.752391640272,,,,,
5.3744,0.0,0.332620011403308,414.730129984647,,,,,
5.72585,0.0,0.332715262560277,414.755592791081,,,,,
5.42065,0.0,0.33257442690709,414.620285133729,,,,,
5.3255,0.0,0.332677642374684,414.746339894514,,,,,
5.03265,154.927367258453,0.323724179050354,413.061264874739,,,,,
5.4015,0.0,0.332574133199077,414.627133852242,,,,,
5.6019,0.0,0.332576852039318,414.640522255705,,,,,
5.1617,0.0,0.332184111683093,414.382952188006,,,,,
5.7784,0.0,0.332639092142806,414.67687325435,,,,,
5.1363,0.0,0.332055608670187,414.346804323858,,,,,
5.05565,0.0,0.326813189764215,411.96288621492,,,,,
5.60685,0.0,0.332723143846055,414.738541908194,,,,,
5.67815,0.0,0.332656954599121,414.688764691808,,,,,
5.01865,1168.87826688431,0.332334987385057,413.483500195827,,,,,
5.10495,0.0,0.331424951638329,413.969176024006,,,,,
5.3567,0.0,0.332718957209583,414.739975678052,,,,,
5.14965,0.0,0.332107809037309,414.333479598002,,,,,
5.4085,0.0,0.332637808170037,414.676107312098,,,,,
5.06375,0.0,0.32876040368179,412.641930473648,,,,,
5.5127,0.0,0.332576751402699,414.667776837802,,,,,
5.2152,0.0,0.33253346061187,414.667457279795,,,,,
5.4875,0.0,0.332699479199376,414.717591618434,,,,,
5.413,0.0,0.33257653426815,414.677432823639,,,,,
5.4716,0.0,0.332576469182452,414.631174680947,,,,,
5.1066,0.0,0.33157920700805,414.022196617572,,,,,
5.83005,0.0,0.332578538792037,414.625452774255,,,,,
5.84225,0.0,0.332576436913067,414.654773621494,,,,,
5.6964,0.0,0.332726754764032,414.748724165093,,,,,
5.8851,0.0,0.332679529280755,414.75317864675,,,,,
5.4533,0.0,0.332582583353931,414.691521157262,,,,,
5.4834,0.0,0.332585480969249,414.696465124718,,,,,
5.3057,0.0,0.332680775365567,414.742822368,,,,,
5.5382,0.0,0.332656502389949,414.688464197204,,,,,
5.67625,0.0,0.332725236051148,414.751465661769,,,,,
5.2819,0.0,0.332542343926437,414.615642738684,,,,,
5.0431,0.0,0.324357466316298,412.674417592985,,,,,
5.3647,0.0,0.3326365870789,414.737982742126,,,,,
5.60555,0.0,0.332700066940567,414.755997670391,,,,,
5.50195,0.0,0.332576460978371,414.640819449034,,,,,
5.35885,0.0,0.332613873857242,414.659727103074,,,,,
5.086,0.0,0.331032424438571,413.653980583461,,,,,
5.5843,0.0,0.332623686329905,414.732458303425,,,,,
5.4159,0.0,0.332711004204642,414.754430628616,,,,,
5.795,0.0,0.33267143426336,414.751343098421,,,,,
5.9269,0.0,0.332719172611073,414.733946875581,,,,,
5.3195,0.0,0.332577359597457,414.631839594041,,,,,
5.0319,253.187688045331,0.323727298113492,412.052399940368,,,,,
5.6318,0.0,0.332576980569739,414.637953012628,,,,,
5.2066,0.0,0.332568006292334,414.650569659146,,,,,
5.0283,508.302462258431,0.319382410384477,408.286681875602,,,,,
5.4765,0.0,0.332726217912394,414.747752637115,,,,,
5.8037,0.0,0.332598595945211,414.713388029137,,,,,
5.5725,0.0,0.332576450039597,414.660805689748,,,,,
5.06525,0.0,0.328973789886674,412.686202138013,,,,,
5.9552,0.0,0.332686944482832,414.75453301402,,,,,
5.21515,0.0,0.332530051084583,414.666488031216,,,,,
5.41865,0.0,0.332629007245421,414.670069135333,,,,,
5.66215,0.0,0.332576520047746,414.649153869814,,,,,
5.72785,0.0,0.332675081829858,414.700719754394,,,,,
5.74,0.0,0.332579320361652,414.626662872443,,,,,
5.54095,0.0,0.332576470276329,414.622259070321,,,,,
5.54785,0.0,0.332678594304005,414.703054931543,,,,,
5.4152,0.0,0.332673839551171,414.751014942624,,,,,
5.66875,0.0,0.332620767172779,414.66408880007,,,,,
5.66685,0.0,0.332722737649499,414.738002045202,,,,,
5.08975,0.0,0.331043010190293,413.600799383943,,,,,
5.40155,0.0,0.332574143590985,414.62813926016,,,,,
5.5235,0.0,0.332588704522952,414.701401197697,,,,,
5.0982,0.0,0.331369838131455,413.840950816329,,,,,
5.13145,0.0,0.331859556283954,414.169710376604,,,,,
5.40435,0.0,0.332620257493411,414.730378294092,,,,,
5.716,0.0,0.332720088339203,414.754465639275,,,,,
5.55495,0.0,0.33266311595619,414.749031843439,,,,,
5.8819,0.0,0.332576774921042,414.643318963223,,,,,
5.41165,0.0,0.332574699284122,414.630753306557,,,,,
5.94245,0.0,0.332576690145611,414.663598300178,,,,,
5.2805,0.0,0.332542173264009,414.600522552398,,,,,
5.3122,0.0,0.332557710843922,414.63507261299,,,,,
5.6263,0.0,0.332725672312794,414.750907944532,,,,,
5.32075,0.0,0.332560987722332,414.611703738227,,,,,
5.55045,0.0,0.332576607010974,414.622159267563,,,,,
5.3003,0.0,0.332554742426944,414.609741495463,,,,,
5.12715,0.0,0.331942035938262,414.251588160316,,,,,
5.1942,0.0,0.332399116948724,414.594312805373,,,,,
5.30065,0.0,0.332553358578759,414.607012786131,,,,,
5.11375,0.0,0.331542440537431,414.041019820741,,,,,
5.42315,0.0,0.33257890852009,414.684176319817,,,,,
5.52875,0.0,0.332623070016924,414.665756739118,,,,,
5.021,1003.54071103356,0.333094237502608,413.561076525007,,,,,
5.0142,1435.37504994762,0.316890575552499,402.187452381648,,,,,
5.0499,0.0,0.326903668866683,412.543025846912,,,,,
5.89835,0.0,0.332639783342449,414.677332947903,,,,,
5.15905,0.0,0.332217563591408,414.408157795686,,,,,
5.31845,0.0,0.332629551909874,414.671094061133,,,,,
5.8124,0.0,0.33257653043958,414.660021802047,,,,,
5.90035,0.0,0.332576713117021,414.622168088647,,,,,
5.1917,0.0,0.332363149918843,414.496247778673,,,,,
5.9143,0.0,0.332629917206417,414.735865335285,,,,,
5.16225,0.0,0.332183560264832,414.399083986455,,,,,
5.21405,0.0,0.332462986841716,414.632079902516,,,,,
5.59045,0.0,0.332576651312987,414.622130905584,,,,,
5.91585,0.0,0.332717448301831,414.755191473191,,,,,
5.4461,0.0,0.332719162770399,414.753572741567,,,,,
5.6249,0.0,0.332661463533855,414.748569616477,,,,,
5.41875,0.0,0.332623225325715,414.66601900339,,,,,
5.8875,0.0,0.332692957116043,414.712863081729,,,,,
5.4521,0.0,0.332575566732379,414.644528220407,,,,,
5.2709,0.0,0.332534037706323,414.594767994328,,,,,
5.895,0.0,0.332673487972337,414.751844665297,,,,,
5.8114,0.0,0.332577221222308,414.629735495801,,,,,
5.62985,0.0,0.332581868517429,414.630085090768,,,,,
5.67775,0.0,0.332682270770533,414.705526264152,,,,,
5.0341,0.0,0.323447285288863,413.59291158502,,,,,
5.30145,0.0,0.332554011121328,414.61287841783,,,,,
5.6235,0.0,0.33258985086231,414.702894958844,,,,,
5.0075,1662.57848389697,0.318028248212465,404.047765673429,,,,,
5.9704,0.0,0.332576549035492,414.621802889331,,,,,
5.2782,0.0,0.332626464919325,414.669702148725,,,,,
5.17055,0.0,0.332255784432211,414.419055585629,,,,,
5.4147,0.0,0.332641922552496,414.741025299105,,,,,
5.74385,0.0,0.332603902495991,414.718444537665,,,,,
5.7418,0.0,0.332576957051411,414.638973953305,,,,,
5.4264,0.0,0.332724236692739,414.749192496892,,,,,
5.45735,0.0,0.332706820695756,414.723265287657,,,,,
5.8415,0.0,0.332577200985622,414.632102097313,,,,,
5.2729,0.0,0.332535329737856,414.646332961487,,,,,
5.3069,0.0,0.332703498234925,414.72718131952,,,,,
5.2218,0.0,0.332460470602539,414.560559093011,,,,,
5.74095,0.0,0.332576720774157,414.62287038411,,,,,
5.21575,0.0,0.332568146859126,414.673941712656,,,,,
5.7556,0.0,0.332705052584315,414.756219515999,,,,,
5.13305,0.0,0.33186130478292,414.226986871382,,,,,
5.87755,0.0,0.332690298820571,414.711004905126,,,,,
5.6512,0.0,0.332577009557444,414.62537045211,,,,,
5.69315,0.0,0.332582348174532,414.689160565235,,,,,
5.1894,0.0,0.332383008828178,414.509910641236,,,,,
5.8067,0.0,0.332724805802573,414.740928342014,,,,,
5.0638,0.0,0.328759139971277,412.636880888003,,,,,
5.8165,0.0,0.332726829660781,414.745805133557,,,,,
5.29525,0.0,0.332649508106689,414.736012732774,,,,,
5.25575,0.0,0.332644063936096,414.719600905008,,,,,
5.6346,0.0,0.332642553594959,414.741764763218,,,,,
5.0058,1697.79164680134,0.30424453210243,393.63953283201,,,,,
5.8134,0.0,0.332588821563507,414.701329464963,,,,,
5.88145,0.0,0.332577213018246,414.631273630442,,,,,
5.93845,0.0,0.332632906279526,414.672651946346,,,,,
5.5862,0.0,0.332723818470195,414.75258400106,,,,,
5.0556,0.0,0.326781611010927,411.952373187613,,,,,
5.8699,0.0,0.332580031375101,414.627645294134,,,,,
5.9837,0.0,0.332600886911097,414.715678041535,,,,,
5.79045,0.0,0.332576567084464,414.621837585371,,,,,
5.978,0.0,0.332660342047309,414.690994693537,,,,,
5.9292,0.0,0.332596345434593,414.644827866897,,,,,
5.18255,0.0,0.332314377899337,414.492852282924,,,,,
5.4168,0.0,0.332722988037206,414.740264459088,,,,,
5.06275,0.0,0.328784094035079,412.754430708801,,,,,
5.1842,0.0,0.33235117390909,414.564926602518,,,,,
5.7012,0.0,0.332577035810458,414.625612008907,,,,,
5.77155,0.0,0.332577185671372,414.632731286186,,,,,
5.9492,0.0,0.33259610643658,414.644619992924,,,,,
5.68455,0.0,0.332640473446989,414.740877079638,,,,,
5.12405,0.0,0.331736920222432,414.180775819922,,,,,
5.3929,0.0,0.332574325722795,414.67221307925,,,,,
5.38555,0.0,0.332691931963477,414.753071144586,,,,,
5.5078,0.0,0.332682250540237,414.705529498796,,,,,
5.87025,0.0,0.332577107459297,414.622982584165,,,,,
5.04145,0.0,0.32435970669561,412.147500139871,,,,,
5.8772,0.0,0.332708415487039,414.724354326308,,,,,
5.0801,0.0,0.330640483111848,413.361663098779,,,,,
5.8431,0.0,0.332582336689023,414.689111570471,,,,,
5.1529,0.0,0.332096430156348,414.370031977608,,,,,
5.73685,0.0,0.332722208445166,414.73734797686,,,,,
5.54115,0.0,0.332576750308823,414.624145211123,,,,,
5.80245,0.0,0.332576604823221,414.661822644864,,,,,
5.79745,0.0,0.332697319036552,414.715968121497,,,,,
5.26295,0.0,0.332526160143815,414.642317848517,,,,,
5.52305,0.0,0.332579751892304,414.682432019443,,,,,
5.5953,0.0,0.33268589142704,414.754331803872,,,,,
5.46815,0.0,0.332660595762782,414.691176691413,,,,,
5.8935,0.0,0.332592564651854,414.706527783481,,,,,
5.69815,0.0,0.332656536291988,414.688491787307,,,,,
5.8478,0.0,0.332675781156357,414.701180758195,,,,,
5.09605,0.0,0.331329755013354,413.859971422656,,,,,
5.55375,0.0,0.332597264782326,414.712063261462,,,,,
5.5389,0.0,0.332614908000399,414.659799316087,,,,,
5.476,0.0,0.332716992347924,414.754717994381,,,,,
5.5659,0.0,0.332715082692461,414.755537711191,,,,,
5.61155,0.0,0.332577173091808,414.631517328693,,,,,
5.3798,0.0,0.332579770488035,414.63010567054,,,,,
5.76725,0.0,0.332707757780076,414.723836870351,,,,,
5.19255,0.0,0.332362437346844,414.523197081174,,,,,
5.1969,0.0,0.332533477022153,414.623053526534,,,,,
5.6932,0.0,0.332583261544755,414.691277150129,,,,,
5.2248,0.0,0.332532135205368,414.673782718936,,,,,
5.7078,0.0,0.332678612347441,414.703065268275,,,,,
5.39445,0.0,0.332625104884459,414.733026188771,,,,,
5.7359,0.0,0.332717143785922,414.755251620807,,,,,
5.7168,0.0,0.33272349318563,414.738976676182,,,,,
5.32675,0.0,0.332712296642386,414.735120470101,,,,,
5.18035,0.0,0.33231563575335,414.458131215528,,,,,
5.69475,0.0,0.332653311755167,414.74590911893,,,,,
5.066,0.0,0.329389115310627,412.872700504657,,,,,
5.6376,0.0,0.332691855418625,414.712105330809,,,,,
5.864,0.0,0.33261270299112,414.725409809972,,,,,
5.67695,0.0,0.332720081232069,414.734915893968,,,,,
5.0084,1642.01491493257,0.317026000205804,403.195110890185,,,,,
5.91945,0.0,0.33258854482269,414.637480530501,,,,,
5.62495,0.0,0.332664675962199,414.749518806472,,,,,
5.88225,0.0,0.332576442929393,414.655249605123,,,,,
5.66745,0.0,0.332699540980592,414.717585595382,,,,,
5.639,0.0,0.332608543949454,414.654939491739,,,,,
5.7032,0.0,0.33258332115985,414.691414691421,,,,,
5.0199,1075.72314131441,0.332810300081134,413.176937877098,,,,,
5.30135,0.0,0.332553924152191,414.61124426402,,,,,
5.29325,0.0,0.332553547285669,414.670239276065,,,,,
5.00745,1667.60462943836,0.318044211743804,404.027803079795,,,,,
5.15345,0.0,0.33210405281733,414.396038836602,,,,,
5.8127,0.0,0.332577618845603,414.671945278048,,,,,
5.0047,1720.17823089774,0.289348924766943,382.23961753897,,,,,
5.87175,0.0,0.33257699041462,414.638755649693,,,,,
5.67885,0.0,0.332615299016144,414.66008026813,,,,,
5.5979,0.0,0.332674560751379,414.700365769565,,,,,
5.6667,0.0,0.332725466755999,414.742120229874,,,,,
5.30335,0.0,0.332560598830588,414.677870023831,,,,,
5.6409,0.0,0.332576587321189,414.622242901737,,,,,
5.0748,0.0,0.330106453977801,413.153419185889,,,,,
5.333,0.0,0.332566160869095,414.670014280777,,,,,
5.66255,0.0,0.332576707647638,414.663942672223,,,,,
5.34355,0.0,0.332578448000767,414.694833945495,,,,,
5.61075,0.0,0.332576429802863,414.621550693516,,,,,
5.39305,0.0,0.332575771287943,414.678479806043,,,,,
5.3572,0.0,0.332707938198574,414.72564795188,,,,,
5.8893,0.0,0.332593333609557,414.642106832104,,,,,
5.9301,0.0,0.332577864420138,414.624358759008,,,,,
5.1873,0.0,0.332484420882073,414.586458454374,,,,,
5.61215,0.0,0.332576520047746,414.648582715138,,,,,
5.8483,0.0,0.332643900434617,414.680104822503,,,,,
5.4597,0.0,0.332585079526882,414.634253792714,,,,,
5.96545,0.0,0.33270098490822,414.756080543581,,,,,
5.97395,0.0,0.332611995328793,414.724902642719,,,,,
5.09645,0.0,0.331368612916789,413.871469388746,,,,,
5.6415,0.0,0.332577175279559,414.630652635664,,,,,
5.52195,0.0,0.33257659771302,414.641099117288,,,,,
5.7499,0.0,0.332580540569183,414.628351467542,,,,,
5.09835,0.0,0.331362951180507,413.835187026918,,,,,
5.48905,0.0,0.332608030423149,414.654591346603,,,,,
5.6626,0.0,0.332576864618894,414.665921765346,,,,,
5.0817,0.0,0.33063683565581,413.357718777479,,,,,
5.4392,0.0,0.332601198096222,414.649273737218,,,,,
5.33065,0.0,0.332563883884933,414.613656974748,,,,,
5.53695,0.0,0.332721154954284,414.736189013379,,,,,
5.3854,0.0,0.332683407492518,414.751991785227,,,,,
5.975,0.0,0.332675114636451,414.752226645882,,,,,
5.79395,0.0,0.332609181070979,414.722786175449,,,,,
5.55695,0.0,0.332721051081105,414.736033467224,,,,,
5.4676,0.0,0.332694206431032,414.713810461741,,,,,
5.07395,0.0,0.329986201485168,413.071443995789,,,,,
5.39565,0.0,0.332698183431408,414.753960094672,,,,,
5.3668,0.0,0.332719292339252,414.738270193525,,,,,
5.0749,0.0,0.330130917201506,413.167869015086,,,,,
5.91915,0.0,0.332598327962972,414.646558933425,,,,,
5.445,0.0,0.332662835449602,414.748575849975,,,,,
5.79475,0.0,0.33265541041436,414.746632950037,,,,,
5.6308,0.0,0.3325764741049,414.62172302588,,,,,
5.28595,0.0,0.332681048749061,414.736026300367,,,,,
5.6144,0.0,0.332630017826951,414.735915987616,,,,,
5.0666,0.0,0.329776957499192,413.043910457273,,,,,
5.3635,0.0,0.332580719962831,414.695137679198,,,,,
5.69225,0.0,0.332576444023271,414.653004750345,,,,,
5.65825,0.0,0.332650966468715,414.684804683142,,,,,
5.1344,0.0,0.331910112140464,414.295986767734,,,,,
5.0857,0.0,0.330969541447222,413.626003524086,,,,,
5.8794,0.0,0.332590317928835,414.63924563771,,,,,
5.53065,0.0,0.332576238374242,414.621380407642,,,,,
5.75375,0.0,0.332599906867465,414.714713746347,,,,,
5.55975,0.0,0.332584061698762,414.632742211186,,,,,
5.76765,0.0,0.332686529493954,414.70841543261,,,,,
5.8694,0.0,0.332590417467518,414.639338608709,,,,,
5.19275,0.0,0.332362845078321,414.531262013282,,,,,
5.8213,0.0,0.332577172544871,414.62788233056,,,,,
5.20565,0.0,0.33253166805712,414.65479977765,,,,,
5.41125,0.0,0.332574502932027,414.623409841009,,,,,
5.74315,0.0,0.332582632577505,414.689851019523,,,,,
5.13575,0.0,0.332017950995136,414.341310793625,,,,,
5.5685,0.0,0.332637051892446,414.675488704039,,,,,
5.0158,1329.46205143757,0.327748951928577,410.672726423424,,,,,
5.3489,0.0,0.332609811628676,414.656912304163,,,,,
5.77595,0.0,0.332719174251185,414.754748894745,,,,,
5.92425,0.0,0.332627199893633,414.734425895844,,,,,
5.9815,0.0,0.332577170904058,414.633163048749,,,,,
5.78045,0.0,0.332576565990587,414.62185147288,,,,,
5.35035,0.0,0.332569049329333,414.618316928184,,,,,
5.1409,0.0,0.331988061763408,414.248478375793,,,,,
5.275,0.0,0.332619146805302,414.723169632568,,,,,
5.0475,0.0,0.325596623116288,411.809495400521,,,,,
5.56665,0.0,0.332726277501875,414.744127408345,,,,,
5.2301,0.0,0.332484773207921,414.567316010644,,,,,
5.61515,0.0,0.332677145905009,414.752662849865,,,,,
5.0015,1734.66044859812,0.291811460946277,390.244675790025,,,,,
5.34515,0.0,0.332661658741024,414.745332377624,,,,,
5.08195,0.0,0.330636942934503,413.359721898387,,,,,
5.32085,0.0,0.332561014523574,414.611799704525,,,,,
5.3988,0.0,0.33261975711001,414.663630556383,,,,,
5.72025,0.0,0.332577337719967,414.623442251543,,,,,
5.2228,0.0,0.332460449811616,414.594917308699,,,,,
5.5914,0.0,0.332577124414364,414.628303614406,,,,,
5.77405,0.0,0.332613737684794,414.726145529616,,,,,
5.84455,0.0,0.332643724902839,414.742253899433,,,,,
5.30565,0.0,0.332678184225654,414.742670776453,,,,,
5.31785,0.0,0.332667235493541,414.69614735489,,,,,
5.09825,0.0,0.331367556220395,413.839036758148,,,,,
5.8693,0.0,0.33259355237387,414.642305288449,,,,,
5.0792,0.0,0.330680963321577,413.404252304875,,,,,
5.10125,0.0,0.331307276130153,413.780297030939,,,,,
5.9391,0.0,0.332600006950178,414.648008191603,,,,,
5.48085,0.0,0.332575910210635,414.621361070078,,,,,
5.6923,0.0,0.332576430349802,414.65481467056,,,,,
5.9847,0.0,0.332656153526831,414.746885744123,,,,,
5.7941,0.0,0.332616645419289,414.728114266009,,,,,
5.7288,0.0,0.332617052292278,414.661382567844,,,,,
5.90225,0.0,0.332576435272251,414.655488405828,,,,,
5.1464,0.0,0.332181667803544,414.420930352764,,,,,
5.92285,0.0,0.332579199489214,414.679655962196,,,,,
5.5661,0.0,0.332721367620849,414.753870474197,,,,,
5.42415,0.0,0.332611031177467,414.724414165682,,,,,
5.9199,0.0,0.332579825728291,414.627361389173,,,,,
5.70315,0.0,0.332582402320502,414.689298249699,,,,,
5.9248,0.0,0.332661340504067,414.748542069794,,,,,
5.98755,0.0,0.332688210223051,414.709569001549,,,,,
5.07965,0.0,0.330653458486753,413.378172575692,,,,,
5.48295,0.0,0.332578155390177,414.677476798086,,,,,
5.3266,0.0,0.332712937938947,414.73851666944,,,,,
5.035,0.0,0.32151362183722,411.755897107975,,,,,
5.6822,0.0,0.332576467541636,414.651114747943,,,,,
5.77125,0.0,0.33257711839805,414.626742358161,,,,,
5.4564,0.0,0.332725182475117,414.74954830925,,,,,
5.7404,0.0,0.332576705459884,414.622178110569,,,,,
5.3099,0.0,0.332563926547763,414.61925790305,,,,,
5.19975,0.0,0.332411727089546,414.524664492466,,,,,
5.37355,0.0,0.332583413043645,414.69814515582,,,,,
5.0657,0.0,0.329202460194997,412.789619126756,,,,,
5.43695,0.0,0.332720682604408,414.736362209525,,,,,
5.0382,0.0,0.322642641472003,410.958938327876,,,,,
5.88665,0.0,0.332725181381728,414.741567841881,,,,,
5.2171,0.0,0.33259387723861,414.656855271604,,,,,
5.2976,0.0,0.332673620292875,414.701234848226,,,,,
5.36595,0.0,0.332708190784308,414.751767430937,,,,,
5.6274,0.0,0.332702742106656,414.719964062103,,,,,
5.49175,0.0,0.332576632717082,414.635101009131,,,,,
5.6994,0.0,0.332592078446528,414.640949778079,,,,,
5.0019,1734.64199934972,0.291812721968583,389.678150671494,,,,,
5.18065,0.0,0.332314409099429,414.455701507245,,,,,
5.07275,0.0,0.329967547819668,413.067144869709,,,,,
5.7555,0.0,0.332700052178708,414.756026434537,,,,,
5.66715,0.0,0.332713369296296,414.728496521265,,,,,
5.40695,0.0,0.332719675031774,414.735879403752,,,,,
5.1447,0.0,0.332058733835202,414.387650715756,,,,,
5.66265,0.0,0.332577063704283,414.667923495801,,,,,
5.38905,0.0,0.33260630389705,414.653710643244,,,,,
5.28125,0.0,0.332542250937304,414.602464347869,,,,,
5.91345,0.0,0.332591211041337,414.704743991376,,,,,
5.8459,0.0,0.332718329592262,414.754977708434,,,,,
5.05265,0.0,0.326834111081137,412.558218655998,,,,,
5.68475,0.0,0.33265310232597,414.745831967012,,,,,
5.51665,0.0,0.332726223379319,414.744404369032,,,,,
5.74335,0.0,0.3325869007806,414.698288151351,,,,,
5.69805,0.0,0.332662965587191,414.692723855702,,,,,
5.6275,0.0,0.332697566162951,414.716150201027,,,,,
5.30725,0.0,0.332693791997958,414.716514422511,,,,,
5.2974,0.0,0.332683282283793,414.708628454685,,,,,
5.14035,0.0,0.331989452351193,414.251280302862,,,,,
5.70785,0.0,0.332675498473344,414.700989217363,,,,,
5.3778,0.0,0.332680377318798,414.704475458525,,,,,
5.6949,0.0,0.332662949183296,414.749027860503,,,,,
5.0152,1381.95521363818,0.321958926048111,406.746620577813,,,,,
5.9445,0.0,0.332642627417006,414.741799122123,,,,,
5.2612,0.0,0.332524893239737,414.590842971463,,,,,
5.75595,0.0,0.332718987825031,414.754805230039,,,,,
5.3864,0.0,0.33272176671198,414.74798965072,,,,,
5.8601,0.0,0.332578020296976,414.624643165934,,,,,
5.33475,0.0,0.332633494138347,414.735591681873,,,,,
5.77015,0.0,0.332577870983375,414.62438206,,,,,
5.0126,1498.53294255254,0.317730541773484,402.93548391029,,,,,
5.02555,668.822672720909,0.32728972893452,413.74206886722,,,,,
5.8866,0.0,0.332725850534806,414.742859906975,,,,,
5.65,0.0,0.332579646881094,414.627138767182,,,,,
5.7654,0.0,0.332694854870136,414.755584660959,,,,,
5.34845,0.0,0.332636111874734,414.675206814445,,,,,
5.92655,0.0,0.332726241966864,414.743781981774,,,,,
5.4679,0.0,0.332676480481386,414.701671788698,,,,,
5.61785,0.0,0.332677296267599,414.70218746575,,,,,
5.9062,0.0,0.332725590855462,414.751076148228,,,,,
5.0375,0.0,0.320453911719838,409.844398353002,,,,,
5.77725,0.0,0.332707604150914,414.723721553053,,,,,
5.4927,0.0,0.332576573647726,414.667411690472,,,,,
5.0371,0.0,0.31929821314167,409.350744102168,,,,,
5.9684,0.0,0.332635326610665,414.67431065896,,,,,
5.0088,1615.89459579866,0.3167956456068,402.730365203144,,,,,
5.5603,0.0,0.332577234348807,414.623389062973,,,,,
5.41425,0.0,0.332615566437836,414.727504213265,,,,,
5.87795,0.0,0.332665654174644,414.694481399272,,,,,
5.64325,0.0,0.332583897620859,414.692694285789,,,,,
5.47885,0.0,0.332618112675325,414.662210318487,,,,,
5.43845,0.0,0.332641462120412,414.678524824311,,,,,
5.3443,0.0,0.332609269666322,414.723688164895,,,,,
5.40955,0.0,0.332587890707117,414.63773342291,,,,,
5.87075,0.0,0.332576541378352,414.621853553961,,,,,
5.7161,0.0,0.332722675325892,414.753375571163,,,,,
5.01905,1143.58637133797,0.332286858824972,413.105875929873,,,,,
5.7376,0.0,0.332690019430406,414.710822764835,,,,,
5.49655,0.0,0.332726507659312,414.746719005621,,,,,
5.7943,0.0,0.332627646127241,414.734668298417,,,,,
5.36005,0.0,0.332573353258104,414.623563744542,,,,,
5.48725,0.0,0.332711186808249,414.726741063241,,,,,
5.74025,0.0,0.332577298340481,414.623378023781,,,,,
5.43225,0.0,0.332574852974678,414.648979477704,,,,,
5.4935,0.0,0.332588223781177,414.700857594568,,,,,
5.37575,0.0,0.332700995296166,414.75300089333,,,,,
5.30075,0.0,0.332553290753641,414.606825450344,,,,,
5.79035,0.0,0.33257681430059,414.622398046845,,,,,
5.4889,0.0,0.332615424797334,414.660219249903,,,,,
5.6633,0.0,0.332585115076975,414.695084615644,,,,,
5.43715,0.0,0.332714714209155,414.730113867552,,,,,
5.0492,0.0,0.327029138068656,412.632844361619,,,,,
5.02195,925.492360482822,0.333109510156302,413.890634195072,,,,,
5.4199,0.0,0.332580165373619,414.629188505553,,,,,
5.18905,0.0,0.332397555696395,414.52184621797,,,,,
5.7827,0.0,0.332577539539757,414.671545241964,,,,,
5.63655,0.0,0.332726816540184,414.745981055895,,,,,
5.9765,0.0,0.332726517499769,414.744598945345,,,,,
5.2736,0.0,0.332547113687081,414.676081024658,,,,,
5.6098,0.0,0.332582855724283,414.631282966206,,,,,
5.94545,0.0,0.332700649213374,414.756061902561,,,,,
5.68995,0.0,0.332580126541401,414.627790841252,,,,,
5.6594,0.0,0.332592494647081,414.64133270892,,,,,
5.62545,0.0,0.332695069740488,414.755590654485,,,,,
5.0613,0.0,0.328780391682731,412.767417658183,,,,,
5.39925,0.0,0.332597966460057,414.646920511406,,,,,
5.70915,0.0,0.332601010510145,414.64884187173,,,,,
5.58165,0.0,0.332577080112414,414.633593629207,,,,,
5.89785,0.0,0.33267161306121,414.698414634076,,,,,
5.04515,0.0,0.323162913595771,411.137029231956,,,,,
5.699,0.0,0.332607656899257,414.654239376928,,,,,
5.7635,0.0,0.332591237293229,414.704793633525,,,,,
5.414,0.0,0.332603318960025,414.718534510149,,,,,
5.35535,0.0,0.332676152963436,414.749167789905,,,,,
5.6671,0.0,0.332715268574093,414.730188155346,,,,,
5.5504,0.0,0.332576771092475,414.622509250672,,,,,
5.0183,1207.65760585484,0.332690968043809,414.01225614208,,,,,
5.5067,0.0,0.332725730808986,414.743223155925,,,,,
5.15395,0.0,0.332120601117823,414.420034848186,,,,,
5.83835,0.0,0.332640995125699,414.678146980716,,,,,
5.1508,0.0,0.332095203240483,414.316792648654,,,,,
5.3468,0.0,0.332716297481717,414.73654658085,,,,,
5.89965,0.0,0.332583968721294,414.632573572798,,,,,
5.5373,0.0,0.332708689941264,414.724612023695,,,,,
5.08265,0.0,0.330636896172,413.368963668236,,,,,
5.79615,0.0,0.332724242706393,414.75237893382,,,,,
5.1711,0.0,0.332255654135138,414.41924668394,,,,,
5.66565,0.0,0.332706018103354,414.756215406557,,,,,
5.7934,0.0,0.332588639439635,414.701058739105,,,,,
5.44625,0.0,0.332722723982042,414.751799390181,,,,,
5.6593,0.0,0.3325958838456,414.64442620515,,,,,
5.0603,0.0,0.328789119695917,412.77947736169,,,,,
5.63575,0.0,0.332710073690095,414.756107479502,,,,,
5.4464,0.0,0.332724923341947,414.74946019377,,,,,
5.72385,0.0,0.332603630142874,414.718196105795,,,,,
5.0743,0.0,0.330017980131123,413.095706259961,,,,,
5.6163,0.0,0.332725630217397,414.750960538533,,,,,
5.59795,0.0,0.332671403643534,414.69827466128,,,,,
5.00425,1725.16107644743,0.287918021299979,380.406681688673,,,,,
5.28325,0.0,0.332547130643677,414.666140539762,,,,,
5.00835,1644.56801254043,0.317077924702562,403.265772129755,,,,,
5.26885,0.0,0.332579520539438,414.638110579523,,,,,
5.797,0.0,0.332717319278966,414.732101987573,,,,,
5.78155,0.0,0.332577175826496,414.632807665328,,,,,
5.2447,0.0,0.332564231750925,414.694405676182,,,,,
5.36015,0.0,0.332572171857354,414.621880135946,,,,,
5.94435,0.0,0.332633443281764,414.737642459236,,,,,
5.0709,0.0,0.329965209904488,413.073369580944,,,,,
5.3874,0.0,0.332702568246117,414.720393926482,,,,,
5.1127,0.0,0.331523092024149,413.980380857928,,,,,
5.20315,0.0,0.332405178565882,414.573169321658,,,,,
5.443,0.0,0.332577757220586,414.6785523025,,,,,
5.9823,0.0,0.332576464260003,414.65832077093,,,,,
5.4507,0.0,0.332575326078613,414.620792574049,,,,,
5.4197,0.0,0.332584262967547,414.633864457522,,,,,
5.5141,0.0,0.332611699466432,414.724720773903,,,,,
5.2122,0.0,0.332433853874055,414.555672625958,,,,,
5.6765,0.0,0.332726926971859,414.746804380723,,,,,
5.1219,0.0,0.33170549599534,414.076669301839,,,,,
5.257,0.0,0.332665887654774,414.702659331439,,,,,
5.10345,0.0,0.331317161338835,413.865615646494,,,,,
5.7612,0.0,0.332577067532847,414.625904315888,,,,,
5.65525,0.0,0.332684102427421,414.754045233091,,,,,
5.86265,0.0,0.332577401164684,414.670565680629,,,,,
5.33335,0.0,0.332571324090341,414.684833827102,,,,,
5.0539,0.0,0.326717485630962,412.231788109122,,,,,
5.6416,0.0,0.332577149026556,414.632899582984,,,,,
5.10875,0.0,0.331559574811418,413.973749374632,,,,,
5.20625,0.0,0.332560299093745,414.654865009499,,,,,
5.0312,335.255924164333,0.32369601509479,411.637107745414,,,,,
5.5268,0.0,0.33272441491552,414.740535988862,,,,,
5.81715,0.0,0.332711418616276,414.726820420634,,,,,
5.20525,0.0,0.332505563601549,414.649487010561,,,,,
5.1775,0.0,0.332427178839532,414.548669425596,,,,,
5.3768,0.0,0.33272038574529,414.738886151465,,,,,
5.68305,0.0,0.332580705742606,414.684789208236,,,,,
5.00735,1675.11817469073,0.318045717059293,403.951592883443,,,,,
5.3399,0.0,0.332572350161625,414.624502561834,,,,,
5.2893,0.0,0.332572025275857,414.630345968649,,,,,
5.89425,0.0,0.332626638819643,414.734122474855,,,,,
5.0677,0.0,0.330192556244385,413.240566676897,,,,,
5.4378,0.0,0.332682557821906,414.705788515794,,,,,
5.5505,0.0,0.33257648230898,414.621875069472,,,,,
5.9338,0.0,0.332604424232061,414.718893358186,,,,,
5.95315,0.0,0.332583947391165,414.692740730661,,,,,
5.65975,0.0,0.332583512037467,414.632056699559,,,,,
5.82705,0.0,0.332715218276721,414.730130348591,,,,,
5.81595,0.0,0.332719582638906,414.754632501679,,,,,
5.74845,0.0,0.332636632466605,414.675198378701,,,,,
5.3153,0.0,0.332662160154993,414.742297671434,,,,,
5.3792,0.0,0.332598798299005,414.647896805391,,,,,
5.81445,0.0,0.332636945805647,414.739297689539,,,,,
5.52275,0.0,0.332577080112414,414.669969391731,,,,,
5.41115,0.0,0.332574370572054,414.622189003832,,,,,
5.99835,0.0,0.332637785749685,414.675979901432,,,,,
5.80735,0.0,0.332702356114267,414.719664107787,,,,,
5.12235,0.0,0.331704953652203,414.092308933572,,,,,
5.09435,0.0,0.331102821982142,413.736940374658,,,,,
5.4409,0.0,0.332575171841334,414.621035368081,,,,,
5.7387,0.0,0.332622258472623,414.665172753146,,,,,
5.5936,0.0,0.332592595825849,414.70659070115,,,,,
5.04525,0.0,0.323101182171334,411.065797510032,,,,,
5.75,0.0,0.332579294108819,414.626610454575,,,,,
5.89385,0.0,0.332606064906193,414.720287506896,,,,,
5.2448,0.0,0.332570684708499,414.697140928955,,,,,
5.9712,0.0,0.33257712769599,414.62699179761,,,,,
5.49295,0.0,0.332578302515907,414.6776831538,,,,,
5.60425,0.0,0.332621315131914,414.731055462712,,,,,
5.7075,0.0,0.332696186189293,414.715156115453,,,,,
5.4797,0.0,0.332585249073445,414.634282130946,,,,,
5.1551,0.0,0.332194919186698,414.465262499334,,,,,
5.60415,0.0,0.332615985890241,414.727675426643,,,,,
5.02585,624.117664275658,0.324295433909161,411.814107803621,,,,,
5.75905,0.0,0.332604546189117,414.651751836851,,,,,
5.3101,0.0,0.332560889815733,414.615338986714,,,,,
5.49415,0.0,0.332613721278472,414.726162747976,,,,,
5.5151,0.0,0.332671682502552,414.751291556946,,,,,
5.62835,0.0,0.332645225395797,414.680988708191,,,,,
5.45975,0.0,0.332583950125797,414.633016105697,,,,,
5.54515,0.0,0.332675595799438,414.752264229912,,,,,
5.5306,0.0,0.332576272284463,414.621474466733,,,,,
5.2375,0.0,0.332621636141488,414.669593052888,,,,,
5.88555,0.0,0.332704678622621,414.756212869155,,,,,
5.9075,0.0,0.332692589154978,414.712605854057,,,,,
5.50795,0.0,0.332672952128299,414.699316222428,,,,,
5.7549,0.0,0.332664217201991,414.749397956123,,,,,
5.4103,0.0,0.332575148869819,414.62240538319,,,,,
5.733,0.0,0.332580244131907,414.683368625258,,,,,
5.9633,0.0,0.332587453717819,414.699190097358,,,,,
5.49045,0.0,0.332576322602849,414.622066829405,,,,,
5.34625,0.0,0.332713802293224,414.747193770428,,,,,
5.61495,0.0,0.33266446435298,414.749457506242,,,,,
5.15535,0.0,0.332214571328823,414.471754462686,,,,,
5.1003,0.0,0.331308335214937,413.781329409946,,,,,
5.7177,0.0,0.332684522886937,414.707043394373,,,,,
5.5933,0.0,0.332584587294435,414.694095352361,,,,,
5.13665,0.0,0.332071716786914,414.346102130949,,,,,
5.60835,0.0,0.332645628406054,414.681252636647,,,,,
5.88485,0.0,0.332663721259075,414.749252306074,,,,,
5.08465,0.0,0.330753112484046,413.505586688179,,,,,
5.82155,0.0,0.332577181295871,414.63311533206,,,,,
5.57525,0.0,0.332682436440213,414.753713522109,,,,,
5.21925,0.0,0.332486226274554,414.576531459529,,,,,
5.8426,0.0,0.332577116757237,414.668275214484,,,,,
5.5489,0.0,0.332614775656505,414.659695309128,,,,,
5.4692,0.0,0.332601423965032,414.649331178787,,,,,
5.16445,0.0,0.332235155798294,414.495421194619,,,,,
5.8687,0.0,0.33261997093514,414.663508107804,,,,,
5.12495,0.0,0.33180127063639,414.225008430677,,,,,
5.7983,0.0,0.332644928469338,414.680787907484,,,,,
5.77875,0.0,0.332618840011922,414.662695859347,,,,,
5.9619,0.0,0.332576731712922,414.644136208064,,,,,
5.80625,0.0,0.332725816639829,414.750787487585,,,,,
5.39915,0.0,0.332602218606383,414.650403146666,,,,,
5.66005,0.0,0.332579054551618,414.626271256223,,,,,
5.7506,0.0,0.332576436366128,414.621498863198,,,,,
5.7897,0.0,0.332583678303268,414.63224335129,,,,,
5.5031,0.0,0.332580188344789,414.684184002616,,,,,
5.8596,0.0,0.33258530431279,414.634082980454,,,,,
5.1287,0.0,0.331903933516595,414.209188235911,,,,,
5.78065,0.0,0.332576433084496,414.621508588602,,,,,
5.71675,0.0,0.332724453184203,414.74036628465,,,,,
5.211,0.0,0.332433734043074,414.531454651068,,,,,
5.6347,0.0,0.332648855751452,414.744278490367,,,,,
5.8548,0.0,0.332659871251489,414.748091112226,,,,,
5.72925,0.0,0.332596872651569,414.645307592097,,,,,
5.84965,0.0,0.332584293595395,414.63295427081,,,,,
5.6551,0.0,0.332674862572381,414.752158595051,,,,,
5.46195,0.0,0.332575971467866,414.640113727353,,,,,
5.65715,0.0,0.332713499960832,414.728608520659,,,,,
5.7375,0.0,0.332695649288327,414.714779480938,,,,,
5.20445,0.0,0.332452154129696,414.627621987906,,,,,
5.47575,0.0,0.332707114833359,414.755784560702,,,,,
5.8917,0.0,0.332577037451271,414.637543245659,,,,,
5.41705,0.0,0.332717442834761,414.733076012081,,,,,
5.62345,0.0,0.332588455127988,414.700817929061,,,,,
5.3658,0.0,0.332701949892331,414.752244519362,,,,,
5.18005,0.0,0.332318786388544,414.462794593284,,,,,
5.39985,0.0,0.332580163185889,414.629772408862,,,,,
5.91495,0.0,0.332670741489127,414.751167736812,,,,,
5.8193,0.0,0.332594091080378,414.642804939355,,,,,
5.4134,0.0,0.332583062463076,414.694333264062,,,,,
5.61425,0.0,0.332621498878488,414.731171030763,,,,,
5.14615,0.0,0.332168643150059,414.420689606331,,,,,
5.71485,0.0,0.332660167617809,414.748178932515,,,,,
5.0532,0.0,0.326815593084402,412.468275177587,,,,,
5.82175,0.0,0.332577001353377,414.638298098609,,,,,
5.66575,0.0,0.332710509424904,414.756087320868,,,,,
5.4261,0.0,0.332718348726954,414.75325144663,,,,,
5.08855,0.0,0.33109927905691,413.65102139746,,,,,
5.0166,1297.59726229605,0.334184845381748,414.606371147103,,,,,
5.19945,0.0,0.332420469197667,414.533173552476,,,,,
5.45575,0.0,0.33270645110985,414.755577525512,,,,,
5.69625,0.0,0.332725327895752,414.751365967712,,,,,
5.19325,0.0,0.332367382083422,414.553001792088,,,,,
5.43435,0.0,0.332622193395872,414.731540534455,,,,,
5.27945,0.0,0.332560167822049,414.621540108618,,,,,
5.98285,0.0,0.332579402948677,414.680474440716,,,,,
5.28155,0.0,0.3325425124008,414.607315652176,,,,,
5.991,0.0,0.33257692040657,414.624214396061,,,,,
5.73885,0.0,0.332614305343065,414.659340746188,,,,,
5.3917,0.0,0.332573440769104,414.630986892317,,,,,
5.7638,0.0,0.332602066569162,414.71677968162,,,,,
5.11495,0.0,0.331626929805031,414.110400437804,,,,,
5.22335,0.0,0.332466628488348,414.618535504684,,,,,
5.41275,0.0,0.332574672483982,414.667119766109,,,,,
5.59215,0.0,0.332576509108974,414.648348595395,,,,,
5.2123,0.0,0.332433734590247,414.559086415077,,,,,
5.72425,0.0,0.332623511334321,414.732358790054,,,,,
5.4177,0.0,0.332688130943567,414.709646273791,,,,,
5.66015,0.0,0.332578127496443,414.624827881916,,,,,
5.53775,0.0,0.332684847116084,414.707274738818,,,,,
5.08415,0.0,0.330687476131458,413.452351961376,,,,,
5.78445,0.0,0.332636336079316,414.739020804795,,,,,
5.988,0.0,0.33266013371614,414.690856330239,,,,,
5.8894,0.0,0.332590223312367,414.639152513106,,,,,
5.7805,0.0,0.332576492153876,414.621666103212,,,,,
5.61,0.0,0.332579796740831,414.627346190416,,,,,
5.0289,457.743965937541,0.321826673688564,409.931638347522,,,,,
5.4828,0.0,0.332576967990168,414.67126808738,,,,,
5.0167,1284.66019959872,0.334645343321269,414.897757712821,,,,,
5.7355,0.0,0.332699698987366,414.756004010232,,,,,
5.87595,0.0,0.332720155583617,414.75444919405,,,,,
5.4874,0.0,0.332704479613595,414.72135043661,,,,,
5.22925,0.0,0.332507566912127,414.590033448611,,,,,
5.83515,0.0,0.3326816015298,414.753591044438,,,,,
5.73285,0.0,0.332578561216384,414.67707211995,,,,,
5.5328,0.0,0.332577461874703,414.67217728481,,,,,
5.45545,0.0,0.332690947267291,414.754613525197,,,,,
5.0338,0.0,0.323676016586132,413.853269108887,,,,,
5.71905,0.0,0.332605118785098,414.652210753409,,,,,
5.62095,0.0,0.33257663654565,414.622537096359,,,,,
5.4931,0.0,0.33258007403586,414.683991154295,,,,,
5.0391,0.0,0.324255515206678,412.00616094377,,,,,
5.6628,0.0,0.332577951383015,414.674044640586,,,,,
5.3149,0.0,0.332636510521313,414.735266754312,,,,,
5.3031,0.0,0.332556615262115,414.667232084828,,,,,
5.0898,0.0,0.331042001907219,413.599522210324,,,,,
5.6778,0.0,0.332679206139965,414.703467168852,,,,,
5.26095,0.0,0.332524559008193,414.588913079029,,,,,
5.484,0.0,0.332606226238713,414.720540995926,,,,,
5.5868,0.0,0.332724230679085,414.74010967654,,,,,
5.78485,0.0,0.332661618824721,414.748629311242,,,,,
5.68405,0.0,0.332612271503219,414.725100827779,,,,,
5.7775,0.0,0.332694935241505,414.714271751717,,,,,
5.8896,0.0,0.33258509866924,414.633843698457,,,,,
5.1583,0.0,0.332254883300987,414.435599096911,,,,,
5.20305,0.0,0.332404033231325,414.568786036306,,,,,
5.4709,0.0,0.332575819965586,414.621475302909,,,,,
5.5002,0.0,0.332577753938967,414.624607228972,,,,,
5.3515,0.0,0.332568781870236,414.623425615362,,,,,
5.5092,0.0,0.332601293803364,414.649146823661,,,,,
5.1418,0.0,0.331988869926837,414.261234127366,,,,,
5.98525,0.0,0.332690422386401,414.755048540568,,,,,
5.3653,0.0,0.332674786570379,414.749531179155,,,,,
5.09775,0.0,0.331388209221056,413.857153524476,,,,,
5.6848,0.0,0.332656309366984,414.74693295721,,,,,
5.826,0.0,0.33272108114966,414.754105647846,,,,,
5.7186,0.0,0.332628295242954,414.669443235597,,,,,
5.68645,0.0,0.332726908931043,414.74778661225,,,,,
5.65865,0.0,0.332626528901528,414.668202910947,,,,,
5.9549,0.0,0.332668375547626,414.750555227795,,,,,
5.4906,0.0,0.33257600920669,414.621335312408,,,,,
5.02665,576.181839288769,0.317527689214598,407.666128318185,,,,,
5.68235,0.0,0.332576427068169,414.656535911631,,,,,
5.02345,835.144480095417,0.333357253856748,417.54840350247,,,,,
5.9468,0.0,0.332721769445479,414.736808736303,,,,,
5.47445,0.0,0.332629599485944,414.735631016655,,,,,
5.2958,0.0,0.332680609148293,414.739956324017,,,,,
5.18805,0.0,0.332452162883987,414.560525107749,,,,,
5.2739,0.0,0.332557362971108,414.688410593071,,,,,
5.29025,0.0,0.332549985903293,414.60714419016,,,,,
5.5042,0.0,0.332616535497872,414.728064717438,,,,,
5.6747,0.0,0.332649700586783,414.74459888833,,,,,
5.2757,0.0,0.332661909174704,414.731672203953,,,,,
5.0633,0.0,0.328774331286773,412.694499378051,,,,,
5.2932,0.0,0.332552757997794,414.668106611533,,,,,
5.79325,0.0,0.332584961938086,414.694767581648,,,,,
5.6446,0.0,0.332642752641034,414.741850166504,,,,,
5.2871,0.0,0.332688799077658,414.715260043182,,,,,
5.68265,0.0,0.332577092691981,414.668188564276,,,,,
5.189,0.0,0.332399935057339,414.523669728289,,,,,
5.6287,0.0,0.332624232643651,414.666577841431,,,,,
5.78665,0.0,0.332725620376914,414.742412603825,,,,,
5.44925,0.0,0.332599266993669,414.647609248379,,,,,
5.72675,0.0,0.332724376100137,414.740275287876,,,,,
5.70535,0.0,0.33269093469203,414.755113768487,,,,,
5.5103,0.0,0.332577114022549,414.623424154287,,,,,
5.9986,0.0,0.332623132906056,414.665790866221,,,,,
5.59055,0.0,0.332576454415106,414.621662934711,,,,,
5.0783,0.0,0.330774563837392,413.468223328726,,,,,
5.5638,0.0,0.332599314027169,414.71418005157,,,,,
5.3876,0.0,0.332692476524913,414.71285072909,,,,,
5.29285,0.0,0.332549180744442,414.653394080058,,,,,
5.2257,0.0,0.332590400513129,414.688779269923,,,,,
5.38275,0.0,0.332572541045539,414.665414115095,,,,,
5.60125,0.0,0.33257702541864,414.625841720874,,,,,
5.2954,0.0,0.332658810454749,414.737870537969,,,,,
5.9572,0.0,0.332707226911745,414.723414150727,,,,,
5.0772,0.0,0.330807089347648,413.488446953701,,,,,
5.5708,0.0,0.332576389329392,414.621613328024,,,,,
5.44225,0.0,0.33257513683712,414.649284706444,,,,,
5.1302,0.0,0.33186150374946,414.169341233545,,,,,
5.4575,0.0,0.332699534419755,414.717694307461,,,,,
5.782,0.0,0.332576662798694,414.645464954423,,,,,
5.7328,0.0,0.332578129137251,414.674993797703,,,,,
5.2882,0.0,0.332632797457174,414.6736741052,,,,,
5.06405,0.0,0.328756241828737,412.61615896004,,,,,
5.8002,0.0,0.332577484299122,414.623695059852,,,,,
5.38875,0.0,0.332622065429786,414.665316333196,,,,,
5.44445,0.0,0.332628399691952,414.734957835054,,,,,
5.12355,0.0,0.331716690878299,414.152713806421,,,,,
5.9652,0.0,0.332687131473699,414.754561705023,,,,,
5.6907,0.0,0.332576441288577,414.621529344207,,,,,
5.94065,0.0,0.332576453868168,414.621594558589,,,,,
5.66135,0.0,0.332577152308181,414.627836870863,,,,,
5.8645,0.0,0.332641012077509,414.741111220024,,,,,
5.8521,0.0,0.332576517859992,414.649566489594,,,,,
5.30905,0.0,0.332592282445025,414.645001668737,,,,,
5.98625,0.0,0.33272639777419,414.749772185128,,,,,
5.58875,0.0,0.332622137068925,414.665081903637,,,,,
5.31645,0.0,0.332708957287891,414.739521897785,,,,,
5.2063,0.0,0.332561855206353,414.654441410762,,,,,
5.74255,0.0,0.332576786953682,414.664976699563,,,,,
5.8595,0.0,0.332587722255741,414.636654471764,,,,,
5.17995,0.0,0.332320379757826,414.464812565405,,,,,
5.2756,0.0,0.332656518247355,414.731231932189,,,,,
5.7082,0.0,0.332653132947479,414.686237233933,,,,,
5.48455,0.0,0.332635904622071,414.738727140081,,,,,
5.2147,0.0,0.332499641674882,414.655181732419,,,,,
5.71105,0.0,0.332576860243389,414.623743965613,,,,,
5.29715,0.0,0.332692805667036,414.717068933313,,,,,
5.55605,0.0,0.332719900273453,414.754405075465,,,,,
5.20465,0.0,0.332464605234672,414.634318619322,,,,,
5.9451,0.0,0.332680718501772,414.753419419951,,,,,
5.8208,0.0,0.332576571459972,414.6220161299,,,,,
5.4811,0.0,0.332576231810973,414.623101737947,,,,,
5.96185,0.0,0.332576803361827,414.642575229823,,,,,
5.1701,0.0,0.332259247140331,414.424691740415,,,,,
5.96235,0.0,0.332576515125299,414.659973812788,,,,,
5.3897,0.0,0.332582804859957,414.633031398128,,,,,
5.9417,0.0,0.332577004088066,414.637991637729,,,,,
5.65105,0.0,0.332576811565899,414.623528360695,,,,,
5.3957,0.0,0.332700676550101,414.754050339225,,,,,
5.5114,0.0,0.332576836725052,414.627659805588,,,,,
5.41965,0.0,0.332585502846203,414.635168990943,,,,,
5.31995,0.0,0.332566454037193,414.620319767865,,,,,
5.8428,0.0,0.332578445266089,414.676479851041,,,,,
5.8805,0.0,0.332576471370206,414.621581983139,,,,,
5.6563,0.0,0.332725818826602,414.750759103863,,,,,
5.2877,0.0,0.332662977069917,414.694085461171,,,,,
5.793,0.0,0.332580524161223,414.684193426644,,,,,
5.1993,0.0,0.332426014429256,414.538004013138,,,,,
5.38195,0.0,0.332572346879952,414.637022811595,,,,,
5.8867,0.0,0.332724358059183,414.740223730282,,,,,
5.59465,0.0,0.332644858475586,414.742698160851,,,,,
5.1912,0.0,0.33236275532271,414.48783816862,,,,,
5.94505,0.0,0.332677631439237,414.752783058955,,,,,
5.3935,0.0,0.332584105999782,414.69748668428,,,,,
5.9134,0.0,0.332589733822118,414.702679117389,,,,,
5.95535,0.0,0.332695506588434,414.755654660853,,,,,
5.94915,0.0,0.332597951146763,414.646238260207,,,,,
5.00785,1644.56801254043,0.317716281764184,403.91456074107,,,,,
5.5921,0.0,0.332576569819156,414.646676250473,,,,,
5.0094,1610.70807620805,0.317025896354026,402.59409634443,,,,,
5.17885,0.0,0.332359038652924,414.498696874327,,,,,
5.12465,0.0,0.331776523219452,414.211749112986,,,,,
5.5688,0.0,0.332619727579163,414.663346223834,,,,,
5.74905,0.0,0.332604686193574,414.651865988342,,,,,
5.3054,0.0,0.332663987548252,414.740923069765,,,,,
5.5432,0.0,0.332582208160672,414.689105863598,,,,,
5.4004,0.0,0.332574048969916,414.621064987411,,,,,
5.88535,0.0,0.332694255091346,414.755520430771,,,,,
5.99125,0.0,0.332577175279559,414.627977346615,,,,,
5.45745,0.0,0.332702064706118,414.71958286404,,,,,
5.76205,0.0,0.33257661576199,414.646889518196,,,,,
5.68355,0.0,0.332591969063905,414.705773971998,,,,,
5.9352,0.0,0.33268655464481,414.754471172437,,,,,
5.9362,0.0,0.332725709487945,414.750918826183,,,,,
5.15065,0.0,0.332095346198323,414.317166465439,,,,,
5.51935,0.0,0.332595462727121,414.644120960262,,,,,
5.5553,0.0,0.332685027547007,414.754153664597,,,,,
5.42215,0.0,0.332574593724375,414.645253347182,,,,,
5.9661,0.0,0.332724335097967,414.752303051142,,,,,
5.39425,0.0,0.332613982138908,414.726525342549,,,,,
5.6488,0.0,0.332618407985112,414.662381098904,,,,,
5.8364,0.0,0.332726928065242,414.747820883635,,,,,
5.30525,0.0,0.332654723074858,414.739095752339,,,,,
5.7806,0.0,0.332576429255924,414.621494576375,,,,,
5.7813,0.0,0.332577152308181,414.627649912645,,,,,
5.18195,0.0,0.332314909942608,414.472249870783,,,,,
5.0214,999.356496309411,0.333095281076142,413.571187389948,,,,,
5.6855,0.0,0.332698840063823,414.755937721559,,,,,
5.97315,0.0,0.332584078106548,414.693015399933,,,,,
5.77355,0.0,0.332592911940937,414.706976302405,,,,,
5.71965,0.0,0.332585204772577,414.633969224917,,,,,
5.7472,0.0,0.3327102530139,414.725858135442,,,,,
5.49945,0.0,0.33259216376495,414.641144958147,,,,,
5.5994,0.0,0.332593093515557,414.641897507071,,,,,
5.4837,0.0,0.332594189524112,414.708864167447,,,,,
5.11795,0.0,0.331771975941256,414.126860940323,,,,,
5.03365,0.0,0.323730009780425,413.900061114192,,,,,
5.68845,0.0,0.332637818013118,414.676003735501,,,,,
5.4971,0.0,0.3327168026403,414.731751370017,,,,,
5.69095,0.0,0.332576701631316,414.622731814607,,,,,
5.49565,0.0,0.33270290667268,414.755899626609,,,,,
5.3256,0.0,0.332683203003135,414.746938821947,,,,,
5.141,0.0,0.331988148332872,414.248820318967,,,,,
5.99825,0.0,0.332643985739747,414.680158733415,,,,,
5.70235,0.0,0.332576434725312,414.656779857853,,,,,
5.13955,0.0,0.33200314697375,414.267598746814,,,,,
5.8176,0.0,0.332688525700532,414.709780912634,,,,,
5.49595,0.0,0.33271572835733,414.755162857266,,,,,
5.99745,0.0,0.332693756459478,414.713427575542,,,,,
5.7774,0.0,0.332700286181434,414.718140264771,,,,,
5.0663,0.0,0.329586415913205,412.959722196505,,,,,
5.6921,0.0,0.332576576382419,414.647794376972,,,,,
5.52635,0.0,0.332725675046261,414.750484326574,,,,,
5.42925,0.0,0.33259897932351,414.647475598629,,,,,
5.04575,0.0,0.323000223270676,410.846656931817,,,,,
5.89905,0.0,0.332602596511548,414.650160748196,,,,,
5.4389,0.0,0.33261538214111,414.660291388594,,,,,
5.0825,0.0,0.330636838956693,413.366189208546,,,,,
5.5811,0.0,0.3325767814843,414.623781741701,,,,,
5.655,0.0,0.332668526460967,414.750587246217,,,,,
5.38015,0.0,0.332574394637508,414.623230252383,,,,,
5.2611,0.0,0.332524749919542,414.58987448373,,,,,
5.7822,0.0,0.332576451680413,414.652268099936,,,,,
5.02175,938.923450721491,0.333105759225098,413.711240061509,,,,,
5.33445,0.0,0.332615206594282,414.727070127781,,,,,
5.8749,0.0,0.332666729166109,414.750105037101,,,,,
5.70475,0.0,0.332653518450173,414.745980429296,,,,,
5.6749,0.0,0.332662529790106,414.748901128874,,,,,
5.90865,0.0,0.33262198230649,414.664966556018,,,,,
5.1281,0.0,0.33192753925172,414.228441026957,,,,,
5.93745,0.0,0.332694826439443,414.714194379597,,,,,
5.95175,0.0,0.332576945018777,414.639498202781,,,,,
5.1599,0.0,0.33219032342596,414.383183967073,,,,,
5.7508,0.0,0.332576540831413,414.621901860247,,,,,
5.8538,0.0,0.332603296537348,414.717904129002,,,,,
5.949,0.0,0.332604038672465,414.651339000663,,,,,
5.79445,0.0,0.33263654442539,414.739114680395,,,,,
5.9994,0.0,0.332589199483894,414.638143841616,,,,,
5.2831,0.0,0.332545001216667,414.65974578768,,,,,
5.38135,0.0,0.332572515339116,414.623405203765,,,,,
5.02655,604.017862855568,0.318127908938144,408.039028828613,,,,,
5.9911,0.0,0.332577045655338,414.625532745407,,,,,
5.89095,0.0,0.332576807190394,414.623318760411,,,,,
5.32995,0.0,0.332569236933439,414.622046614789,,,,,
5.55655,0.0,0.332726800139437,414.74649112491,,,,,
5.31575,0.0,0.332687454606791,414.745354626407,,,,,
5.6257,0.0,0.332707711308629,414.756187470203,,,,,
5.84175,0.0,0.332576994243185,414.638480499292,,,,,
5.6981,0.0,0.332659750955122,414.690608689742,,,,,
5.75025,0.0,0.332577287948672,414.623346181008,,,,,
5.7768,0.0,0.332723062388104,414.738423436589,,,,,
5.5503,0.0,0.332577231067182,414.62340512359,,,,,
5.2514,0.0,0.332513500732579,414.586114308145,,,,,
5.014,1435.37504994762,0.31687088920517,402.022405675824,,,,,
5.59085,0.0,0.332576481215103,414.621852635716,,,,,
5.2964,0.0,0.332699627911664,414.735175698806,,,,,
5.3918,0.0,0.332573364743924,414.633496098369,,,,,
5.91615,0.0,0.332724921155168,414.75181026376,,,,,
5.9039,0.0,0.332608507308094,414.722262568445,,,,,
5.08215,0.0,0.330636935232444,413.361608770649,,,,,
5.09445,0.0,0.331113337363164,413.745787272679,,,,,
5.63405,0.0,0.332611454463759,414.724509845938,,,,,
5.6067,0.0,0.332725693633837,414.742600462806,,,,,
5.62945,0.0,0.332591220885797,414.640131063829,,,,,
5.1797,0.0,0.332325728518386,414.470783670996,,,,,
5.1498,0.0,0.332104225895767,414.329684227228,,,,,
5.22505,0.0,0.332548930772854,414.679915799515,,,,,
5.54965,0.0,0.332586352764765,414.635267389458,,,,,
5.92915,0.0,0.332598202722218,414.64645169555,,,,,
5.15965,0.0,0.332195996249034,414.389343427729,,,,,
5.2996,0.0,0.332566788226632,414.624211089298,,,,,
5.9478,0.0,0.332673744958457,414.699826032936,,,,,
5.6368,0.0,0.332723967171604,414.739692741684,,,,,
5.9141,0.0,0.332618706575853,414.729444476773,,,,,
5.5063,0.0,0.332724786668252,414.751322990142,,,,,
5.8469,0.0,0.332719937995952,414.734758208702,,,,,
5.02875,457.743965937541,0.321294122717853,409.543379338579,,,,,
5.41155,0.0,0.332574713504604,414.628561969179,,,,,
5.0676,0.0,0.330178875772557,413.232660280389,,,,,
5.1951,0.0,0.332456747365253,414.623223865026,,,,,
5.84815,0.0,0.332653421664432,414.686431738442,,,,,
5.608,0.0,0.332668026696958,414.696041820691,,,,,
5.2077,0.0,0.332544251291913,414.61995209532,,,,,
5.3823,0.0,0.33257190275993,414.648313134434,,,,,
5.58405,0.0,0.332610616093874,414.723891015968,,,,,
5.02525,687.142064711925,0.329936386751621,415.573421993507,,,,,
5.14285,0.0,0.331989000328616,414.30016207684,,,,,
5.3926,0.0,0.33257289765359,414.660116827329,,,,,
5.0716,0.0,0.329966487738983,413.078770639194,,,,,
5.2277,0.0,0.332593771138039,414.650887878009,,,,,
5.6481,0.0,0.33266078222166,414.69128663344,,,,,
5.4907,0.0,0.332575952871922,414.621179133958,,,,,
5.47975,0.0,0.332584130611458,414.633051430805,,,,,
5.81725,0.0,0.332707022437003,414.723249942041,,,,,
5.42115,0.0,0.332574828909258,414.622515050092,,,,,
5.16855,0.0,0.332315316090292,414.472525389949,,,,,
5.21835,0.0,0.332534324885654,414.611282493432,,,,,
5.35545,0.0,0.332682080496344,414.750117569744,,,,,
5.72745,0.0,0.332698517488527,414.716843038302,,,,,
5.9694,0.0,0.332589463098151,414.638416338492,,,,,
5.0305,401.087873986186,0.323709948189269,411.657557510697,,,,,
5.6769,0.0,0.332721446345713,414.73643769032,,,,,
5.42035,0.0,0.332575288886651,414.622123909238,,,,,
5.9832,0.0,0.332585208601047,414.695262434812,,,,,
5.9344,0.0,0.332636268817957,414.738987727188,,,,,
5.50055,0.0,0.3325761497701,414.621557047768,,,,,
5.46255,0.0,0.332575657524436,414.66084450598,,,,,
5.71295,0.0,0.332579554449325,414.680987061921,,,,,
5.93235,0.0,0.332576507468158,414.659601643501,,,,,
5.8756,0.0,0.332706898877338,414.756223779963,,,,,
5.5295,0.0,0.332590511537015,414.639500062764,,,,,
5.1724,0.0,0.332255510698805,414.449972117242,,,,,
5.70085,0.0,0.332576568725279,414.622071644464,,,,,
5.24,0.0,0.332503605684763,414.580218380477,,,,,
5.4968,0.0,0.33272437828692,414.740678674242,,,,,
5.6906,0.0,0.332576437460006,414.621512615715,,,,,
5.5147,0.0,0.332646094847438,414.743143929106,,,,,
5.30825,0.0,0.332638884345165,414.67740025602,,,,,
5.86885,0.0,0.332612210799553,414.657744883954,,,,,
5.9801,0.0,0.332577735890059,414.624163631293,,,,,
5.6295,0.0,0.332589740932037,414.638692826933,,,,,
5.8534,0.0,0.332589167215745,414.701870078992,,,,,
5.1972,0.0,0.332528988232655,414.615359886239,,,,,
5.4234,0.0,0.332583589701108,414.694752779346,,,,,
5.2154,0.0,0.332546838552518,414.670716024558,,,,,
5.14595,0.0,0.332156002970695,414.41929851503,,,,,
5.17505,0.0,0.332348263851969,414.558644257138,,,,,
5.6936,0.0,0.332593695664417,414.707948987115,,,,,
5.233,0.0,0.332483177891007,414.616855503554,,,,,
5.671,0.0,0.332576761247587,414.623106195569,,,,,
5.8555,0.0,0.33270171097018,414.756119350027,,,,,
5.8745,0.0,0.332641231904131,414.741199733877,,,,,
5.54005,0.0,0.332579331847266,414.626797009246,,,,,
5.4265,0.0,0.332724964344044,414.747345757301,,,,,
5.0224,920.947249413598,0.333097398794069,414.621338588238,,,,,
5.51585,0.0,0.33271233873947,414.755742736822,,,,,
5.43115,0.0,0.332575211768013,414.622788233181,,,,,
5.56275,0.0,0.332577296152732,414.670592874034,,,,,
5.7464,0.0,0.33272683294093,414.748405717752,,,,,
5.5548,0.0,0.332653475252021,414.745928307157,,,,,
5.8332,0.0,0.332584181475581,414.693205763671,,,,,
5.7039,0.0,0.332605527312861,414.719841421457,,,,,
5.66375,0.0,0.3325987430619,414.713556347774,,,,,
5.4107,0.0,0.332573946144677,414.619922476486,,,,,
5.27735,0.0,0.332673393379524,414.702973479497,,,,,
5.05635,0.0,0.327458539376442,412.214107405908,,,,,
5.85565,0.0,0.332708857784673,414.756179613591,,,,,
5.22035,0.0,0.332461021014389,414.55012890118,,,,,
5.08995,0.0,0.331039482010316,413.596126618397,,,,,
5.3217,0.0,0.332561738703271,414.623039236625,,,,,
5.94775,0.0,0.332676879626365,414.701909062375,,,,,
5.3762,0.0,0.332717237819589,414.750336334721,,,,,
5.96945,0.0,0.332588094161262,414.637038166165,,,,,
5.533,0.0,0.332579245431685,414.680495882075,,,,,
5.25075,0.0,0.332512834434426,414.581176807082,,,,,
5.3012,0.0,0.332553737086423,414.609262079507,,,,,
5.6293,0.0,0.332596218552374,414.644728476755,,,,,
5.17205,0.0,0.332255923488695,414.437993325073,,,,,
5.45425,0.0,0.332617616663665,414.728787365694,,,,,
5.6976,0.0,0.33269076082532,414.711339769353,,,,,
5.6761,0.0,0.332722356053897,414.753527809637,,,,,
5.2192,0.0,0.332488347871734,414.578263228026,,,,,
5.2144,0.0,0.332481144343225,414.645355395836,,,,,
5.696,0.0,0.33271988113885,414.754525981369,,,,,
5.55125,0.0,0.332576910014748,414.625541467146,,,,,
5.7484,0.0,0.332639697489407,414.677277893602,,,,,
5.58705,0.0,0.332717847944369,414.732645159394,,,,,
5.60565,0.0,0.332705061331952,414.756187487016,,,,,
5.163,0.0,0.332185253942833,414.429734321694,,,,,
5.7487,0.0,0.332622084570015,414.66504362166,,,,,
5.7382,0.0,0.332652499191017,414.68582786013,,,,,
5.324,0.0,0.332589127290742,414.709504550378,,,,,
5.37875,0.0,0.332621394427323,414.664910241724,,,,,
5.4344,0.0,0.332625025043076,414.733131802941,,,,,
5.78305,0.0,0.332581192511489,414.686169087746,,,,,
5.2535,0.0,0.332523165734947,414.658445374856,,,,,
5.51235,0.0,0.332576103827202,414.654301749715,,,,,
5.14735,0.0,0.33219668782306,414.407810096267,,,,,
5.142,0.0,0.331988695692447,414.266907236095,,,,,
5.4061,0.0,0.332717211030931,414.752736891163,,,,,
5.57485,0.0,0.332657136685591,414.747187499768,,,,,
5.4205,0.0,0.332574685610582,414.620908490854,,,,,
5.00885,1613.30921419808,0.316791543610889,402.690876375732,,,,,
5.3908,0.0,0.332572717161833,414.619161705778,,,,,
5.6188,0.0,0.332618922589134,414.662751614939,,,,,
5.70965,0.0,0.332585278607353,414.634048283965,,,,,
5.5833,0.0,0.332584482284752,414.693947787385,,,,,
5.44705,0.0,0.332718144805752,414.733388286885,,,,,
5.20405,0.0,0.332430945635061,414.612343873239,,,,,
5.07555,0.0,0.330336975067421,413.276603306234,,,,,
5.3707,0.0,0.332570842776494,414.617960964896,,,,,
5.46725,0.0,0.332711185168097,414.72680303842,,,,,
5.1971,0.0,0.332531081659328,414.618122640863,,,,,
5.88155,0.0,0.332577174732621,414.633583338243,,,,,
5.7173,0.0,0.332706205630226,414.722607976231,,,,,
5.42425,0.0,0.332616185499087,414.727889281432,,,,,
5.96365,0.0,0.33259866102658,414.713467159019,,,,,
5.9172,0.0,0.332707827760596,414.723885423295,,,,,
5.37775,0.0,0.33268332821189,414.706496531441,,,,,
5.02365,794.029383226171,0.333514501499456,418.053629587477,,,,,
5.50445,0.0,0.332630489211875,414.736124975243,,,,,
5.9424,0.0,0.332576578023234,414.661648440344,,,,,
5.0923,0.0,0.331034948235597,413.60743677272,,,,,
5.6586,0.0,0.332629418478103,414.670228038296,,,,,
5.7421,0.0,0.332576549035492,414.64834523334,,,,,
5.3828,0.0,0.33257279428105,414.667441971663,,,,,
5.95955,0.0,0.332585710677198,414.634517968666,,,,,
5.828,0.0,0.332663488871015,414.693054683514,,,,,
5.31535,0.0,0.332665240252792,414.742898034034,,,,,
5.9722,0.0,0.332576433084496,414.654491046679,,,,,
5.06635,0.0,0.329619119920133,412.974130731066,,,,,
5.3395,0.0,0.332582304420207,414.63491040214,,,,,
5.1709,0.0,0.332255432958476,414.41824622613,,,,,
5.56285,0.0,0.332577975448209,414.674703123277,,,,,
5.3519,0.0,0.332568594812826,414.632894626242,,,,,
5.31615,0.0,0.332703075612468,414.743575389862,,,,,
5.08405,0.0,0.330678217341671,413.443007400121,,,,,
5.0726,0.0,0.329967660828588,413.070344287949,,,,,
5.03875,0.0,0.323845372249223,411.700005993633,,,,,
5.10545,0.0,0.331480531196985,413.995653737398,,,,,
5.57075,0.0,0.332576356513061,414.621490572412,,,,,
5.7648,0.0,0.33265799079557,414.747488027051,,,,,
5.50085,0.0,0.332576101639445,414.621513585581,,,,,
5.06825,0.0,0.330192966655292,413.247973351912,,,,,
5.4955,0.0,0.332695071380719,414.755371509601,,,,,
5.5079,0.0,0.332676090084327,414.701400607256,,,,,
5.4072,0.0,0.332712026564863,414.728010908971,,,,,
5.40285,0.0,0.332574654981849,414.670712953525,,,,,
5.4057,0.0,0.33270147259459,414.754443135922,,,,,
5.63435,0.0,0.332627496289062,414.73458990676,,,,,
5.01495,1381.95521363818,0.319958115192305,405.197186286039,,,,,
5.05535,0.0,0.326657439416228,411.917779247706,,,,,
5.0425,0.0,0.32436869048925,412.584104320695,,,,,
5.27245,0.0,0.332533992304616,414.628549007039,,,,,
5.4465,0.0,0.332725605616188,414.747596435381,,,,,
5.3736,0.0,0.332584844896173,414.700221333792,,,,,
5.3733,0.0,0.332577595874257,414.687618008126,,,,,
5.1123,0.0,0.331522994359712,413.962579426739,,,,,
5.80935,0.0,0.332592560276556,414.64137992714,,,,,
5.8933,0.0,0.332586884372954,414.698238049245,,,,,
5.15155,0.0,0.332096000736311,414.323946057943,,,,,
5.0804,0.0,0.330637186649558,413.355940930726,,,,,
5.4956,0.0,0.332700386780686,414.75578989621,,,,,
5.2868,0.0,0.3326946591357,414.723589338054,,,,,
5.0004,1734.75340470862,0.291850175524305,390.636410967172,,,,,
5.659,0.0,0.332608263943729,414.654707048266,,,,,
5.29855,0.0,0.332615934484107,414.662244411807,,,,,
5.95415,0.0,0.332622114100653,414.731541040403,,,,,
5.202,0.0,0.332402100983335,414.529037390232,,,,,
5.89505,0.0,0.332676625376536,414.752564529935,,,,,
5.62765,0.0,0.332689174697462,414.710231983485,,,,,
5.57595,0.0,0.332716986880847,414.755212671496,,,,,
5.65945,0.0,0.332590939771657,414.639855598737,,,,,
5.7814,0.0,0.332577195516247,414.629538330714,,,,,
5.8129,0.0,0.332579359193964,414.680254423685,,,,,
5.25505,0.0,0.332601370915955,414.711534443535,,,,,
5.81385,0.0,0.332604914247583,414.719309570019,,,,,
5.7523,0.0,0.332576440194699,414.655533431792,,,,,
5.15485,0.0,0.332175666176755,414.457365650754,,,,,
5.48525,0.0,0.332680173921089,414.753068953496,,,,,
5.903,0.0,0.332581033354551,414.685704289896,,,,,
5.23935,0.0,0.332520955741068,414.597677618359,,,,,
5.6813,0.0,0.332577122773551,414.627082160866,,,,,
5.8393,0.0,0.332593875597879,414.642604620114,,,,,
5.74555,0.0,0.33270242172207,414.756146543619,,,,,
5.8169,0.0,0.332720230481851,414.735061384759,,,,,
5.44865,0.0,0.332629373636266,414.670265630607,,,,,
5.44675,0.0,0.332724534095118,414.741927366333,,,,,
5.18285,0.0,0.332315215374471,414.505212348171,,,,,
5.1853,0.0,0.332424033061982,414.599102496068,,,,,
5.0595,0.0,0.328881688986421,412.878541851478,,,,,
5.56955,0.0,0.332588813906649,414.637795665609,,,,,
5.9109,0.0,0.332576745933317,414.622917352165,,,,,
5.7656,0.0,0.332705196920295,414.756218737866,,,,,
5.7071,0.0,0.33271479566915,414.729757197749,,,,,
5.65345,0.0,0.332588743354169,414.701235272605,,,,,
5.47025,0.0,0.332577120038863,414.623880827317,,,,,
5.2923,0.0,0.332548191796665,414.632304689065,,,,,
5.7912,0.0,0.332577079018538,414.626053055045,,,,,
5.6698,0.0,0.332582523738704,414.630877697395,,,,,
5.4599,0.0,0.332581068358145,414.629635097561,,,,,
5.9771,0.0,0.33271132348753,414.726750951113,,,,,
5.3863,0.0,0.332720317407517,414.749555885832,,,,,
5.28675,0.0,0.332695099811391,414.724797651675,,,,,
5.92165,0.0,0.332577082847102,414.636455516623,,,,,
5.3222,0.0,0.332561158922069,414.637367351969,,,,,
5.5302,0.0,0.33257787481193,414.624596360712,,,,,
5.54295,0.0,0.332578775068,414.678559285493,,,,,
5.6753,0.0,0.332687461714622,414.75461019704,,,,,
5.297,0.0,0.332696919369354,414.72162456133,,,,,
5.6148,0.0,0.332654823687889,414.746422416526,,,,,
5.3753,0.0,0.332676215295758,414.750312466217,,,,,
5.97735,0.0,0.332699510363354,414.717568118603,,,,,
5.33035,0.0,0.332564881537371,414.615725359656,,,,,
5.5596,0.0,0.332587545053552,414.63651080102,,,,,
5.5791,0.0,0.33260482838554,414.652002530693,,,,,
5.80745,0.0,0.332697149000361,414.715840424407,,,,,
5.1239,0.0,0.331729596193001,414.17244484504,,,,,
5.4468,0.0,0.332723847445107,414.74062931464,,,,,
5.6574,0.0,0.332702274104494,414.719608840862,,,,,
5.92965,0.0,0.332583777297012,414.632347774193,,,,,
5.635,0.0,0.332668088484015,414.750470947704,,,,,
5.329,0.0,0.332600760030611,414.650647831562,,,,,
5.0904,0.0,0.331035462553728,413.589605980962,,,,,
5.37925,0.0,0.332596706392364,414.646169790806,,,,,
5.77855,0.0,0.332630065402954,414.670685654926,,,,,
5.80505,0.0,0.332674799146251,414.752148430966,,,,,
5.01315,1481.36826676355,0.31767406877444,402.753918461986,,,,,
5.7909,0.0,0.33257668412929,414.622598756529,,,,,
5.9635,0.0,0.332593301341808,414.707454501951,,,,,
5.43635,0.0,0.332724028401577,414.750188217545,,,,,
5.7726,0.0,0.332577012292133,414.667359859906,,,,,
5.7147,0.0,0.332650546513601,414.744910203868,,,,,
5.07855,0.0,0.330746455775925,413.451219824671,,,,,
5.6189,0.0,0.332613728387878,414.658901689374,,,,,
5.67355,0.0,0.332591871166426,414.705640655459,,,,,
5.3242,0.0,0.332598595398309,414.716877758904,,,,,
5.6285,0.0,0.332635940713573,414.674725022048,,,,,
5.549,0.0,0.332609826394541,414.655935585767,,,,,
5.992,0.0,0.332576587868127,414.647715239225,,,,,
5.71555,0.0,0.332701944971739,414.756127119445,,,,,
5.0685,0.0,0.33016328739791,413.234376763288,,,,,
5.1545,0.0,0.332150895724267,414.444255629871,,,,,
5.2519,0.0,0.332513447122432,414.597059401855,,,,,
5.7253,0.0,0.332688421270411,414.754757988685,,,,,
5.64165,0.0,0.332577119491925,414.634106503737,,,,,
5.7862,0.0,0.332725026120528,414.75168938547,,,,,
5.7672,0.0,0.332709976920806,414.725628515182,,,,,
5.92455,0.0,0.332645362649006,414.742918127732,,,,,
5.8295,0.0,0.332587994074964,414.63691603071,,,,,
5.7479,0.0,0.332671524482471,414.698358850975,,,,,
5.91865,0.0,0.332621810591194,414.664838508553,,,,,
5.90685,0.0,0.332720801785343,414.735695333193,,,,,
5.8273,0.0,0.332704503669637,414.721290566575,,,,,
5.89455,0.0,0.332644748016665,414.742672475726,,,,,
5.27745,0.0,0.332669073247863,414.699441492092,,,,,
5.45715,0.0,0.332714961322634,414.730201176681,,,,,
5.7101,0.0,0.332578427764155,414.625293464077,,,,,
5.65415,0.0,0.33261686416827,414.728258398355,,,,,
5.70515,0.0,0.332678986338436,414.753066393178,,,,,
5.5005,0.0,0.33257625095384,414.621796675772,,,,,
5.57255,0.0,0.332576547941615,414.662744976964,,,,,
5.73345,0.0,0.332589472395745,414.702325036885,,,,,
5.7593,0.0,0.332594750652843,414.643409951318,,,,,
5.6485,0.0,0.332635546441044,414.674462359916,,,,,
5.9838,0.0,0.332605128629147,414.719506529602,,,,,
5.0988,0.0,0.331342933965904,413.818170893241,,,,,
5.55745,0.0,0.332701282331383,414.718878935372,,,,,
5.0721,0.0,0.329967338339615,413.078310793329,,,,,
5.4337,0.0,0.332592572855537,414.707554690667,,,,,
5.3755,0.0,0.332688003549599,414.752164457006,,,,,
5.11545,0.0,0.331674963273847,414.131015735697,,,,,
5.61225,0.0,0.332576429802863,414.652055521592,,,,,
5.0883,0.0,0.331117336647214,413.664005497709,,,,,
5.9788,0.0,0.332612904242573,414.658282140585,,,,,
5.46975,0.0,0.332584058964131,414.633043097005,,,,,
5.58235,0.0,0.332576351590611,414.655291526459,,,,,
5.0744,0.0,0.330031285872211,413.105135690229,,,,,
5.24535,0.0,0.33260689945933,414.708136876383,,,,,
5.4823,0.0,0.332575861533005,414.65197534713,,,,,
5.3941,0.0,0.332606414915628,414.721230647351,,,,,
5.5948,0.0,0.332654399909971,414.746266229919,,,,,
5.3673,0.0,0.332705266354627,414.722958622156,,,,,
5.9894,0.0,0.332589288631477,414.638234377659,,,,,
5.36935,0.0,0.332591893042961,414.642285387243,,,,,
5.75865,0.0,0.332624695833883,414.666906438085,,,,,
5.46065,0.0,0.332575537744548,414.620977968689,,,,,
5.72015,0.0,0.332577987480806,414.624582880949,,,,,
5.2319,0.0,0.332481748336116,414.57680682984,,,,,
5.5026,0.0,0.332576304553863,414.663619466584,,,,,
5.98045,0.0,0.332576476839593,414.621624342807,,,,,
5.74135,0.0,0.332577170904058,414.628319768337,,,,,
5.7055,0.0,0.332699186695233,414.755964368791,,,,,
5.08275,0.0,0.330637037559783,413.371185278336,,,,,
5.4519,0.0,0.332575847312573,414.638435601785,,,,,
5.14305,0.0,0.331990488987314,414.309565750044,,,,,
5.27155,0.0,0.332534752098638,414.602325840865,,,,,
5.37815,0.0,0.332658531584942,414.689924410744,,,,,
5.10915,0.0,0.331546112046173,413.96163688138,,,,,
5.73875,0.0,0.332619533441121,414.663202778176,,,,,
5.39535,0.0,0.332681440233833,414.752031600723,,,,,
5.9378,0.0,0.332673938518085,414.699962824672,,,,,
5.32735,0.0,0.332696229381899,414.717020606168,,,,,
5.9851,0.0,0.332681511313422,414.75357451237,,,,,
5.82535,0.0,0.332693164333164,414.755395960087,,,,,
5.67785,0.0,0.332676098832725,414.701393637372,,,,,
5.2406,0.0,0.332498746128153,414.572597239735,,,,,
5.1063,0.0,0.331560969939375,414.020146898841,,,,,
5.76975,0.0,0.332582850255001,414.631265965503,,,,,
5.77135,0.0,0.332577184577496,414.628502917774,,,,,
5.05055,0.0,0.326828390828549,412.442748034496,,,,,
5.41845,0.0,0.332641184329725,414.678359660639,,,,,
5.1044,0.0,0.33137081742164,413.932856818222,,,,,
5.7053,0.0,0.332688035261406,414.754698953513,,,,,
5.04905,0.0,0.327036491721809,412.629865729353,,,,,
5.35795,0.0,0.332669241658046,414.697090017033,,,,,
5.32255,0.0,0.33256106101552,414.649943888933,,,,,
5.63195,0.0,0.332576779843486,414.64233497638,,,,,
5.2417,0.0,0.332499330941776,414.582888260351,,,,,
5.4836,0.0,0.332590918441975,414.704790080941,,,,,
5.26335,0.0,0.332531536774122,414.659381120814,,,,,
5.3055,0.0,0.332669887411885,414.741818969208,,,,,
5.4171,0.0,0.332715898930735,414.731497263127,,,,,
5.0623,0.0,0.328784544378142,412.781407714171,,,,,
5.92415,0.0,0.332621580908176,414.731219593536,,,,,
5.1037,0.0,0.331325958130458,413.882782836359,,,,,
5.523,0.0,0.332579148624329,414.680327399011,,,,,
5.35235,0.0,0.332568046219873,414.647323674965,,,,,
5.9895,0.0,0.332586663963489,414.635542535722,,,,,
5.44135,0.0,0.33257574284707,414.625761156868,,,,,
5.1645,0.0,0.332238332381471,414.497380408418,,,,,
5.0457,0.0,0.322991743746209,410.857225418302,,,,,
5.7172,0.0,0.33271068164114,414.726203266547,,,,,
5.7473,0.0,0.332705733805853,414.722249314688,,,,,
5.8196,0.0,0.332585606214793,414.634404962564,,,,,
5.31945,0.0,0.33257902173555,414.63337003077,,,,,
5.94145,0.0,0.332577193328497,414.631706435429,,,,,
5.58715,0.0,0.332714316202989,414.729345726742,,,,,
5.3247,0.0,0.332627336060569,414.732513284655,,,,,
5.7259,0.0,0.332717033350999,414.755271222344,,,,,
5.4204,0.0,0.332575042763274,414.621653546576,,,,,
5.7596,0.0,0.332586054144977,414.634894134574,,,,,
5.39725,0.0,0.332709627567039,414.726053698662,,,,,
5.99305,0.0,0.332582314264931,414.689059021802,,,,,
5.7694,0.0,0.332591388241572,414.640280702393,,,,,
5.85155,0.0,0.332577169263246,414.63334836236,,,,,
5.53075,0.0,0.332576240561998,414.621391843777,,,,,
5.16935,0.0,0.332277727263382,414.443817276311,,,,,
5.84045,0.0,0.33257654575386,414.621771939118,,,,,
5.9028,0.0,0.332578621379256,414.677292402527,,,,,
5.76065,0.0,0.332576437460006,414.621502560189,,,,,
5.86365,0.0,0.332597424478401,414.712181188048,,,,,
5.19065,0.0,0.332362475657206,414.486098420647,,,,,
5.0398,0.0,0.324454456929074,412.212128393831,,,,,
5.5108,0.0,0.332576142112951,414.621410025972,,,,,
5.6989,0.0,0.332612445410957,414.657937943575,,,,,
5.87205,0.0,0.332576583492619,414.648085200737,,,,,
5.13095,0.0,0.331858889220949,414.164655022915,,,,,
5.56445,0.0,0.332631923595996,414.736878475152,,,,,
5.4643,0.0,0.332620699361406,414.730684727356,,,,,
5.0874,0.0,0.331165219378195,413.698955221715,,,,,
5.87655,0.0,0.332726397227498,414.744179366976,,,,,
5.433,0.0,0.332577435621723,414.678225938382,,,,,
5.26545,0.0,0.332638478592553,414.724496362067,,,,,
5.0561,0.0,0.327190756284739,412.105285742612,,,,,
5.15505,0.0,0.33219100898849,414.463790958944,,,,,
5.0042,1725.16107644743,0.287923995918806,380.35178359057,,,,,
5.8008,0.0,0.332576567631402,414.621982238442,,,,,
5.86515,0.0,0.332682186021986,414.753702038945,,,,,
5.6783,0.0,0.332647370039068,414.682423163321,,,,,
5.57915,0.0,0.332602670342463,414.650247746701,,,,,
5.15495,0.0,0.332183264568467,414.460683635066,,,,,
5.4546,0.0,0.33263785957279,414.739546794093,,,,,
5.4985,0.0,0.332638136819416,414.67623836659,,,,,
5.5784,0.0,0.332643040273337,414.679539694253,,,,,
5.6309,0.0,0.332576585680373,414.622218980323,,,,,
5.73,0.0,0.332579357553162,414.626715378375,,,,,
5.60715,0.0,0.332714100251642,414.729140213674,,,,,
5.89635,0.0,0.332726837861154,414.748434825798,,,,,
5.85665,0.0,0.332725316961872,414.741825890653,,,,,
5.2829,0.0,0.33254311792321,414.651340753036,,,,,
5.8641,0.0,0.332617832130784,414.728891838289,,,,,
5.54055,0.0,0.332576366357961,414.621648132809,,,,,
5.67025,0.0,0.332577422495232,414.623604829702,,,,,
5.9928,0.0,0.332578907973155,414.678514593929,,,,,
5.2559,0.0,0.332651281981518,414.719662879049,,,,,
5.11155,0.0,0.331523494203803,413.94068391413,,,,,
5.6777,0.0,0.332685285617733,414.707568890088,,,,,
5.15265,0.0,0.332095462865022,414.35906834159,,,,,
5.4864,0.0,0.332725747209786,414.749654637584,,,,,
5.3049,0.0,0.332632147803401,414.73266895961,,,,,
5.7991,0.0,0.332601868045635,414.64955582287,,,,,
5.72315,0.0,0.332582524285633,414.689574885727,,,,,
5.0796,0.0,0.330655718370248,413.380625197724,,,,,
5.2425,0.0,0.332498587478817,414.607722026828,,,,,
5.97825,0.0,0.33264438437689,414.680431674499,,,,,
5.64075,0.0,0.332576434725312,414.621585399376,,,,,
5.28445,0.0,0.332592421360819,414.713226701002,,,,,
5.5299,0.0,0.332581404173691,414.629604362118,,,,,
5.4783,0.0,0.332650910693457,414.684782160534,,,,,
5.16105,0.0,0.332183467175264,414.373316038069,,,,,
5.7084,0.0,0.332640504069661,414.67781829396,,,,,
5.4458,0.0,0.332708307236107,414.755364014902,,,,,
5.1773,0.0,0.332433004112781,414.554654205183,,,,,
5.6979,0.0,0.332672542589774,414.699038068364,,,,,
5.1202,0.0,0.331707290272885,414.065960094503,,,,,
5.9732,0.0,0.332585143517046,414.695126049439,,,,,
5.28555,0.0,0.332661321366096,414.735436051158,,,,,
5.16845,0.0,0.332320707626407,414.476337301511,,,,,
5.4005,0.0,0.332573680330348,414.620302940204,,,,,
5.869,0.0,0.332605184412082,414.652257989995,,,,,
5.5837,0.0,0.332595848296658,414.710496109803,,,,,
5.85585,0.0,0.332716775851606,414.755330682102,,,,,
5.7619,0.0,0.332576824692414,414.642114881739,,,,,
5.7047,0.0,0.332650323412232,414.744830428963,,,,,
5.4305,0.0,0.332575055889858,414.621125961888,,,,,
5.6872,0.0,0.332711075824632,414.726540921365,,,,,
5.7134,0.0,0.332587945399104,414.699971917644,,,,,
5.0217,947.777850612171,0.333104234595188,413.678954158217,,,,,
5.1264,0.0,0.331917562616508,414.257163285469,,,,,
5.3112,0.0,0.332557983781613,414.611985312375,,,,,
5.2428,0.0,0.332499284441198,414.619569282026,,,,,
5.9264,0.0,0.332726953759735,414.747210085833,,,,,
5.9798,0.0,0.332580894433999,414.628831144645,,,,,
5.55285,0.0,0.332577937162672,414.674552447402,,,,,
5.1417,0.0,0.331988895678453,414.258763804839,,,,,
5.11015,0.0,0.33152556819209,413.939272736955,,,,,
5.17225,0.0,0.332255653587671,414.444560182831,,,,,
5.2913,0.0,0.332548689005843,414.607187253229,,,,,
5.9366,0.0,0.332725637324412,414.742447891062,,,,,
5.02545,687.142064711925,0.328227368956452,414.37330785447,,,,,
5.214,0.0,0.332460751826998,414.630056763052,,,,,
5.79645,0.0,0.332726950479587,414.747046905621,,,,,
5.8946,0.0,0.332647904830672,414.743919278974,,,,,
5.6479,0.0,0.332673555226171,414.699707605727,,,,,
5.4166,0.0,0.332724661475099,414.745085842927,,,,,
5.3872,0.0,0.332710936958378,414.727399165125,,,,,
5.9083,0.0,0.332642685927802,414.679287219676,,,,,
5.96775,0.0,0.332676464078157,414.701639043209,,,,,
5.4457,0.0,0.332703713646425,414.755431839768,,,,,
5.6478,0.0,0.332679789542821,414.703862005339,,,,,
5.8743,0.0,0.332629165285701,414.735469554662,,,,,
5.3651,0.0,0.332662215381567,414.746636380493,,,,,
5.47075,0.0,0.332575707842915,414.621037424577,,,,,
5.6548,0.0,0.332655686005934,414.746720375754,,,,,
5.4182,0.0,0.33265709622194,414.688909980117,,,,,
5.3836,0.0,0.332585961714988,414.70098940586,,,,,
5.65075,0.0,0.332576446211026,414.621596112124,,,,,
5.90615,0.0,0.332724859378665,414.751856999814,,,,,
5.0466,0.0,0.323845854735887,411.058966200116,,,,,
5.69495,0.0,0.332666157222964,414.749949923189,,,,,
5.90945,0.0,0.332588628501262,414.637569470566,,,,,
5.87635,0.0,0.332726820913716,414.748562785274,,,,,
5.70285,0.0,0.332578473159796,414.676663344804,,,,,
5.18425,0.0,0.332353831633184,414.566941453026,,,,,
5.1742,0.0,0.332292474711999,414.529002617978,,,,,
5.9289,0.0,0.332608859502499,414.655165529154,,,,,
5.62795,0.0,0.332670802182113,414.697879660634,,,,,
5.79235,0.0,0.332576462072249,414.657878127982,,,,,
5.3233,0.0,0.33256745769841,414.680810194941,,,,,
5.5673,0.0,0.332708329104985,414.724313052662,,,,,
5.16685,0.0,0.332372922180694,414.525687056739,,,,,
5.0684,0.0,0.330176602708874,413.240836035102,,,,,
5.96125,0.0,0.332577167622433,414.627801771254,,,,,
5.47555,0.0,0.332697191099362,414.755443051153,,,,,
5.07735,0.0,0.330818176071587,413.493235544853,,,,,
5.30255,0.0,0.332553358031782,414.64484662023,,,,,
5.1292,0.0,0.331884393423293,414.193223685018,,,,,
5.87375,0.0,0.332601493421028,414.716231625797,,,,,
5.97175,0.0,0.33257693353308,414.639685888146,,,,,
5.48065,0.0,0.332575858798307,414.621158664895,,,,,
5.36815,0.0,0.332657680210377,414.689392140991,,,,,
5.0909,0.0,0.331034647666832,413.587776625822,,,,,
5.54625,0.0,0.332724416008911,414.752005506626,,,,,
5.9304,0.0,0.332576580757927,414.621857859388,,,,,
5.01765,1231.58262529612,0.334036121395217,415.087060271492,,,,,
5.4534,0.0,0.332584736058096,414.695742165021,,,,,
5.94735,0.0,0.332700023748459,414.717939593908,,,,,
5.0541,0.0,0.326675689082779,412.155998521493,,,,,
5.39845,0.0,0.332640548363165,414.677976357456,,,,,
5.93405,0.0,0.332616406982736,414.727959386119,,,,,
5.09675,0.0,0.33138719155916,413.87458214978,,,,,
5.59575,0.0,0.332709496900981,414.756115072174,,,,,
5.24495,0.0,0.332580572291238,414.700840968069,,,,,
5.58955,0.0,0.332588672254755,414.63763711253,,,,,
5.28285,0.0,0.332542795196859,414.649274893189,,,,,
5.4383,0.0,0.332650952798309,414.684843504771,,,,,
5.73545,0.0,0.332697047306649,414.755799318113,,,,,
5.19955,0.0,0.332417207350086,414.530155899415,,,,,
5.17235,0.0,0.332255547379094,414.448124867939,,,,,
5.98025,0.0,0.332576942831025,414.622682802054,,,,,
5.3893,0.0,0.332595431553394,414.644907867035,,,,,
5.8737,0.0,0.332599483019575,414.714284018626,,,,,
5.43035,0.0,0.332575650414216,414.622328643428,,,,,
5.58505,0.0,0.33267019306462,414.751000688841,,,,,
5.78835,0.0,0.332641995281021,414.678825287587,,,,,
5.75935,0.0,0.332593070545279,414.641869836497,,,,,
5.9435,0.0,0.332593083671153,414.707189857816,,,,,
5.1282,0.0,0.331923975536694,414.225353122291,,,,,
5.1459,0.0,0.332152579163731,414.418783518693,,,,,
5.22975,0.0,0.332491147287008,414.574925384651,,,,,
5.25785,0.0,0.33263035796788,414.673081271473,,,,,
5.2931,0.0,0.332551404225249,414.663854059473,,,,,
5.88955,0.0,0.332586246114871,414.635092550748,,,,,
5.26605,0.0,0.332668442802493,414.725722900444,,,,,
5.41,0.0,0.332578192034881,414.626962262584,,,,,
5.59565,0.0,0.332704903874452,414.756182523376,,,,,
5.64795,0.0,0.332670389360236,414.697613279777,,,,,
5.53885,0.0,0.332617506742569,414.661725013694,,,,,
5.75015,0.0,0.332577917472965,414.624461794527,,,,,
5.2571,0.0,0.332663533708254,414.699760372009,,,,,
5.3246,0.0,0.332621138494487,414.729757124107,,,,,
5.24965,0.0,0.332525307883313,414.597551555038,,,,,
5.25775,0.0,0.332636008521839,414.67702705316,,,,,
5.7223,0.0,0.332576431443679,414.655173746431,,,,,
5.7746,0.0,0.332645431549002,414.742950881878,,,,,
5.11455,0.0,0.331591746296624,414.089501364923,,,,,
5.69,0.0,0.332579511788499,414.626926910199,,,,,
5.5643,0.0,0.332623279465031,414.732224047846,,,,,
5.18015,0.0,0.332317479283615,414.461002881513,,,,,
5.2547,0.0,0.332578498318823,414.70304708575,,,,,
5.3972,0.0,0.332711549281579,414.72775179263,,,,,
5.4102,0.0,0.332575910210635,414.623675234733,,,,,
5.7035,0.0,0.332590639515242,414.703987272373,,,,,
5.73365,0.0,0.332595875641998,414.710494263599,,,,,
5.6948,0.0,0.332656519887776,414.747006460697,,,,,
5.08295,0.0,0.330637774205658,413.376708834008,,,,,
5.5287,0.0,0.332625886891515,414.667757983363,,,,,
5.5733,0.0,0.332584393682806,414.693800664633,,,,,
5.9797,0.0,0.332582513347058,414.630870333607,,,,,
5.0421,0.0,0.324368968635195,412.413971474901,,,,,
5.14885,0.0,0.332137781142983,414.358904187353,,,,,
5.2013,0.0,0.332402104266688,414.513898635364,,,,,
5.8941,0.0,0.332618354391874,414.729224519153,,,,,
5.2874,0.0,0.332677904825315,414.705306383191,,,,,
5.10455,0.0,0.331384240651333,413.943279113401,,,,,
5.33765,0.0,0.332683743751523,414.70723367272,,,,,
5.38075,0.0,0.33257185462866,414.61858328551,,,,,
5.15315,0.0,0.33209876073628,414.381633733768,,,,,
5.62875,0.0,0.332621458410502,414.664591011259,,,,,
5.3389,0.0,0.33260807581475,414.655833551748,,,,,
5.49525,0.0,0.332680487219121,414.753177799781,,,,,
5.9963,0.0,0.332726762964407,414.748777148118,,,,,
5.535,0.0,0.332665839537103,414.749789559889,,,,,
5.9983,0.0,0.332640866620013,414.678063989242,,,,,
5.13165,0.0,0.331859689477146,414.173639440388,,,,,
5.7769,0.0,0.332720579277784,414.735459901333,,,,,
5.4817,0.0,0.332576559974263,414.633687943903,,,,,
5.36085,0.0,0.332569601749282,414.61726283544,,,,,
5.37025,0.0,0.332572494008253,414.621199663703,,,,,
5.73455,0.0,0.332641485087348,414.741317838847,,,,,
5.205,0.0,0.332488235172483,414.644145648395,,,,,
5.0618,0.0,0.328782745768436,412.783005631296,,,,,
5.145,0.0,0.332081862428762,414.398538838922,,,,,
5.7929,0.0,0.332579280982401,414.679981355691,,,,,
5.91885,0.0,0.33261141399455,414.65713688363,,,,,
5.0007,1734.70773118541,0.291852911628895,390.634553882255,,,,,
5.2826,0.0,0.3325418806215,414.639258685654,,,,,
5.2389,0.0,0.332541584149761,414.613879525619,,,,,
5.1396,0.0,0.33200176301795,414.266238153815,,,,,
5.14635,0.0,0.332179335067328,414.421014118542,,,,,
5.56585,0.0,0.332713176853035,414.755790627441,,,,,
5.32755,0.0,0.332686789203787,414.709687769138,,,,,
5.46565,0.0,0.332702014953482,414.755639883676,,,,,
5.3253,0.0,0.332665700651966,414.744358609675,,,,,
5.3475,0.0,0.332693421850832,414.714093191142,,,,,
5.81585,0.0,0.332716333017789,414.755417803871,,,,,
5.9116,0.0,0.332577132071491,414.635068231782,,,,,
5.9209,0.0,0.332576753590452,414.622945640878,,,,,
5.6504,0.0,0.332576777108795,414.622355456285,,,,,
5.1303,0.0,0.331860608673151,414.167937449193,,,,,
5.1429,0.0,0.331989285239888,414.302473501133,,,,,
5.3422,0.0,0.332566299248845,414.640829823317,,,,,
5.858,0.0,0.332662851306706,414.692643986863,,,,,
5.8395,0.0,0.332587903833194,414.636828746483,,,,,
5.00025,1734.75351933392,0.291828435357983,390.589759537279,,,,,
5.81615,0.0,0.332724370633182,414.752286907338,,,,,
5.2506,0.0,0.332513008941214,414.581621686068,,,,,
5.571,0.0,0.332576627794636,414.622765717565,,,,,
5.9457,0.0,0.332712228302953,414.75596790305,,,,,
5.35765,0.0,0.332686987676638,414.709229264586,,,,,
5.5451,0.0,0.332672449090254,414.751527053318,,,,,
5.96045,0.0,0.332576495435508,414.621642092774,,,,,
5.85615,0.0,0.332724587124558,414.752099496762,,,,,
5.97215,0.0,0.332576450039597,414.652687389188,,,,,
5.3958,0.0,0.332705350550569,414.754031310768,,,,,
5.7352,0.0,0.332682650771821,414.753790740977,,,,,
5.5662,0.0,0.332723653914514,414.752649497773,,,,,
5.8957,0.0,0.332711567869944,414.756026523099,,,,,
5.1681,0.0,0.332339293797696,414.489521808357,,,,,
5.62325,0.0,0.332583764717698,414.692412117619,,,,,
5.0969,0.0,0.331392953328554,413.874468318087,,,,,
5.39505,0.0,0.332662691095242,414.747787029663,,,,,
5.8384,0.0,0.332637912616048,414.676062424195,,,,,
5.2924,0.0,0.332548128346375,414.635861626733,,,,,
5.2435,0.0,0.332508829505821,414.649458179918,,,,,
5.19385,0.0,0.33238333991852,414.579729269831,,,,,
5.55535,0.0,0.332687988787204,414.754632053777,,,,,
5.82765,0.0,0.332685381847444,414.707624972984,,,,,
5.62015,0.0,0.332578213365379,414.624988705216,,,,,
5.1442,0.0,0.332026216437248,414.366079425399,,,,,
5.1857,0.0,0.332451116744542,414.60477430541,,,,,
5.72535,0.0,0.332691311402922,414.755164320236,,,,,
5.174,0.0,0.332282707748142,414.520442489015,,,,,
5.53155,0.0,0.332577004088066,414.630834333044,,,,,
5.25345,0.0,0.332521974856407,414.656300511562,,,,,
5.86245,0.0,0.332576632170143,414.662581196213,,,,,
5.15135,0.0,0.332095804648915,414.320572120392,,,,,
5.7591,0.0,0.332602404004195,414.650003379672,,,,,
5.6678,0.0,0.332679407897957,414.703597925255,,,,,
5.49915,0.0,0.332603466621519,414.650948385654,,,,,
5.71365,0.0,0.332595658519934,414.71023234259,,,,,
5.50665,0.0,0.332726168163369,414.744436007009,,,,,
5.5158,0.0,0.332710268868744,414.755907708181,,,,,
5.30485,0.0,0.332628915921073,414.731516303298,,,,,
5.27325,0.0,0.332539313561314,414.661157998664,,,,,
5.38065,0.0,0.332571897837414,414.618701538596,,,,,
5.23525,0.0,0.332583335379963,414.69638653689,,,,,
5.62935,0.0,0.332594459150414,414.643150380109,,,,,
5.32445,0.0,0.332612204236994,414.725256304764,,,,,
5.0284,508.302462258431,0.319834731858303,408.567919434241,,,,,
5.91635,0.0,0.332726868475877,414.748305860566,,,,,
5.8547,0.0,0.332653446817791,414.745958447989,,,,,
5.29435,0.0,0.332593253760547,414.713900857296,,,,,
5.75275,0.0,0.33257781957135,414.673197458142,,,,,
5.88595,0.0,0.332720240322494,414.754415406805,,,,,
5.7132,0.0,0.332583399370463,414.691553895823,,,,,
5.66555,0.0,0.332701100815808,414.756077501734,,,,,
5.81865,0.0,0.332623605394459,414.666128556665,,,,,
5.23575,0.0,0.332613612449843,414.701328512049,,,,,
5.59435,0.0,0.332626733972608,414.734162519081,,,,,
5.5121,0.0,0.332576324243666,414.645655434439,,,,,
5.11665,0.0,0.331765125300182,414.149561967059,,,,,
5.12275,0.0,0.331705257452209,414.110070096865,,,,,
5.97335,0.0,0.332588864770056,414.701412535702,,,,,
5.5201,0.0,0.332578751549798,414.626039371145,,,,,
5.9526,0.0,0.332577291777233,414.669721881904,,,,,
5.12625,0.0,0.331908667512437,414.256533956828,,,,,
5.0842,0.0,0.330692576276129,413.457210978238,,,,,
5.4612,0.0,0.332576034365904,414.623978338011,,,,,
5.54595,0.0,0.332716587237275,414.755229807026,,,,,
5.2748,0.0,0.332606110844953,414.718545860992,,,,,
5.27675,0.0,0.332688126569526,414.720582589631,,,,,
5.68485,0.0,0.33265952403231,414.747976598555,,,,,
5.2227,0.0,0.332460079951827,414.590836386488,,,,,
5.77765,0.0,0.332686329380555,414.708285673377,,,,,
5.4605,0.0,0.332575772381823,414.621549698906,,,,,
5.57605,0.0,0.332720114580927,414.754370110209,,,,,
5.42795,0.0,0.332673215129409,414.699530307443,,,,,
5.97925,0.0,0.332594015059918,414.642743862339,,,,,
5.92975,0.0,0.332581947275313,414.63015592191,,,,,
5.7305,0.0,0.332576511296729,414.621717513604,,,,,
5.13065,0.0,0.331858987882776,414.164851031766,,,,,
5.515,0.0,0.332665305867915,414.749607770032,,,,,
5.4938,0.0,0.332598076387611,414.713056702121,,,,,
5.65455,0.0,0.332639872476476,414.740611194842,,,,,
5.2682,0.0,0.332618683060475,414.664800815397,,,,,
5.5889,0.0,0.332614190498984,414.65925211575,,,,,
5.09955,0.0,0.331318657408315,413.794803066788,,,,,
5.96095,0.0,0.332576838912805,414.623548251269,,,,,
5.1973,0.0,0.332526332455525,414.612414545015,,,,,
5.07875,0.0,0.330724045597066,413.436560343379,,,,,
5.07915,0.0,0.33068503824332,413.407632912703,,,,,
5.076,0.0,0.330503696875942,413.354981180302,,,,,
5.60205,0.0,0.332576639280343,414.645157639429,,,,,
5.08085,0.0,0.330636077552053,413.353385551694,,,,,
5.02455,739.589451024687,0.333440064037068,418.415237261171,,,,,
5.19645,0.0,0.332529641917079,414.630884287013,,,,,
5.702,0.0,0.332576699443563,414.644625244687,,,,,
5.4131,0.0,0.332577712371784,414.681640873007,,,,,
5.2223,0.0,0.332459862193947,414.575716527816,,,,,
5.0665,0.0,0.329715278276251,413.016570302053,,,,,
5.2708,0.0,0.332533986287521,414.59458221883,,,,,
5.42955,0.0,0.332588540447339,414.638076317979,,,,,
5.30385,0.0,0.332575039481627,414.698666941018,,,,,
5.79885,0.0,0.332613337370287,414.658602303997,,,,,
5.54105,0.0,0.332576610839544,414.623072445239,,,,,
5.2529,0.0,0.332514142412543,414.632790833119,,,,,
5.1791,0.0,0.332347006121446,414.489559524082,,,,,
5.3196,0.0,0.332574313690066,414.62891934374,,,,,
5.94595,0.0,0.33272077445027,414.754220658202,,,,,
5.9494,0.0,0.332589657800662,414.638599137709,,,,,
5.1159,0.0,0.331715945661237,414.143244279525,,,,,
5.8264,0.0,0.332726922598328,414.747884834762,,,,,
5.02025,1075.72314131441,0.332991724734744,413.375992320362,,,,,
5.01095,1548.95857317596,0.317749220570127,403.447847808775,,,,,
5.20615,0.0,0.332556758568577,414.655516945501,,,,,
5.8918,0.0,0.332576910561686,414.640386175744,,,,,
5.48585,0.0,0.332711687054144,414.755617357561,,,,,
5.77895,0.0,0.332608785126072,414.655118900714,,,,,
5.8349,0.0,0.332665888748358,414.749873699234,,,,,
5.10185,0.0,0.331307628609757,413.79027880847,,,,,
5.0511,0.0,0.3268232715684,412.433689112565,,,,,
5.5988,0.0,0.33261925563212,414.662994143614,,,,,
5.76875,0.0,0.332619025400469,414.662821839098,,,,,
5.5438,0.0,0.332599013778314,414.713888048874,,,,,
5.0133,1481.36826676355,0.317620998995836,402.674649287174,,,,,
5.5217,0.0,0.332576878292345,414.634223375496,,,,,
5.5546,0.0,0.332640831075878,414.741006107234,,,,,
5.53905,0.0,0.332607591819648,414.654201164167,,,,,
5.19135,0.0,0.332362959461961,414.48969860632,,,,,
5.9181,0.0,0.332655179660923,414.68758643978,,,,,
5.309,0.0,0.332594748465208,414.646876651034,,,,,
5.4535,0.0,0.332587238777941,414.699933328761,,,,,
5.5987,0.0,0.332624761457004,414.666953215952,,,,,
5.1371,0.0,0.332081371093676,414.340754771563,,,,,
5.23325,0.0,0.332486277153655,414.627629685076,,,,,
5.7928,0.0,0.332578306344457,414.675804325733,,,,,
5.06315,0.0,0.328778233433293,412.712587032385,,,,,
5.67755,0.0,0.332693962582611,414.713577876044,,,,,
5.1792,0.0,0.332342659854129,414.486077572421,,,,,
5.44565,0.0,0.332701257728374,414.755365992211,,,,,
5.39775,0.0,0.332684531635114,414.707233647687,,,,,
5.9124,0.0,0.332576576382419,414.661271555629,,,,,
5.7799,0.0,0.33258040000763,414.628171931153,,,,,
5.2381,0.0,0.332589010250295,414.646368490168,,,,,
5.54435,0.0,0.332625682366771,414.733579141483,,,,,
5.0834,0.0,0.330644062310891,413.395777046835,,,,,
5.74815,0.0,0.332655502825052,414.687805485623,,,,,
5.8326,0.0,0.332577110193986,414.668144538725,,,,,
5.8358,0.0,0.332714749198685,414.755677633225,,,,,
5.82885,0.0,0.332612856117237,414.658233838769,,,,,
5.77385,0.0,0.332604331807177,414.718817144832,,,,,
5.82395,0.0,0.332609642641518,414.723140957548,,,,,
5.8392,0.0,0.332597420103167,414.645772467755,,,,,
5.3779,0.0,0.33267431360789,414.700379880692,,,,,
5.63895,0.0,0.332610928910542,414.656785425357,,,,,
5.19165,0.0,0.332363154844451,414.49512952184,,,,,
5.3524,0.0,0.332568028717391,414.649128764074,,,,,
5.5131,0.0,0.332580314139258,414.684368774121,,,,,
5.2354,0.0,0.332593049762646,414.698548870915,,,,,
5.9642,0.0,0.33262508738498,414.733259869095,,,,,
5.4287,0.0,0.332626281175494,414.668141120759,,,,,
5.272,0.0,0.332534463278652,414.613486901194,,,,,
5.43815,0.0,0.332660581545972,414.691189735056,,,,,
5.29815,0.0,0.332641088634061,414.67899602435,,,,,
5.95655,0.0,0.332726145202278,414.743543856735,,,,,
5.80475,0.0,0.332655622576147,414.746701500758,,,,,
5.44755,0.0,0.332696875083356,414.715764314061,,,,,
5.8504,0.0,0.332576622325251,414.62198108488,,,,,
5.7384,0.0,0.332639891615681,414.677414116473,,,,,
5.0379,0.0,0.321746382124597,410.475348194616,,,,,
5.57085,0.0,0.33257643581919,414.62180243974,,,,,
5.36535,0.0,0.332677828824008,414.750096873069,,,,,
5.7589,0.0,0.332611500401774,414.657209982716,,,,,
5.6519,0.0,0.332576853680133,414.641025992501,,,,,
5.1796,0.0,0.332328444464749,414.473514053869,,,,,
5.71725,0.0,0.332708499682184,414.72442318303,,,,,
5.72815,0.0,0.332655912384555,414.688079759632,,,,,
5.6025,0.0,0.332576520594685,414.661209407823,,,,,
5.8436,0.0,0.332595382331714,414.709922627932,,,,,
5.71335,0.0,0.332586677636537,414.697878706041,,,,,
5.2544,0.0,0.332560366917434,414.693774435702,,,,,
5.9908,0.0,0.332576639827281,414.622347883906,,,,,
5.28085,0.0,0.332541762470433,414.599576271684,,,,,
5.37755,0.0,0.33269442895623,414.714356330354,,,,,
5.04475,0.0,0.323486720053417,411.486651744327,,,,,
5.95205,0.0,0.332576541378352,414.648966902909,,,,,
5.43335,0.0,0.332582933935005,414.69301479091,,,,,
5.9995,0.0,0.332586586847488,414.635458652321,,,,,
5.06125,0.0,0.328780107863504,412.765814782975,,,,,
5.8095,0.0,0.332588166901558,414.6370915235,,,,,
5.9227,0.0,0.332577858403838,414.673414406768,,,,,
5.16665,0.0,0.332370190726712,414.528720039755,,,,,
5.2377,0.0,0.332611907281057,414.662221204697,,,,,
5.18095,0.0,0.332314352720314,414.455628017816,,,,,
5.67165,0.0,0.332577136993929,414.634355065664,,,,,
5.8242,0.0,0.332622546122649,414.731792887931,,,,,
5.59165,0.0,0.332577109647048,414.633681942185,,,,,
5.5492,0.0,0.332600953632713,414.648819356841,,,,,
5.3263,0.0,0.332709944664371,414.743727447168,,,,,
5.70905,0.0,0.332605262617554,414.652325095428,,,,,
5.243,0.0,0.332500640067139,414.627923239537,,,,,
5.907,0.0,0.332716079344819,414.730929342361,,,,,
5.9827,0.0,0.332577989668551,414.674219108131,,,,,
5.4195,0.0,0.332589767730963,414.639387480302,,,,,
5.1111,0.0,0.331522932907917,413.935006582539,,,,,
5.23395,0.0,0.332506211314427,414.657436401268,,,,,
5.4243,0.0,0.332618876105275,414.729568077266,,,,,
5.1898,0.0,0.332371396378272,414.498613196273,,,,,
5.11135,0.0,0.331523282963528,413.937487718048,,,,,
5.76935,0.0,0.332592969366656,414.641771319614,,,,,
5.04725,0.0,0.325104378561177,411.582635415642,,,,,
5.0637,0.0,0.328761804048843,412.647216773613,,,,,
5.2232,0.0,0.332464104617003,414.611979010083,,,,,
5.7828,0.0,0.332578267512022,414.675668719438,,,,,
5.9573,0.0,0.332702414067827,414.719713679581,,,,,
5.52835,0.0,0.332647089519202,414.682232956321,,,,,
5.45825,0.0,0.332654198136811,414.686976691326,,,,,
5.8609,0.0,0.332576710382329,414.622779934055,,,,,
5.7594,0.0,0.332591483404623,414.640376126916,,,,,
5.56475,0.0,0.332650499487345,414.744868468132,,,,,
5.9886,0.0,0.332623308995562,414.665919712245,,,,,
5.6536,0.0,0.332593261964213,414.707413984152,,,,,
5.99605,0.0,0.332723566989719,414.752857567791,,,,,
5.33245,0.0,0.332563834111624,414.648081332264,,,,,
5.57905,0.0,0.332607075010542,414.653793660403,,,,,
5.4038,0.0,0.332594395708951,414.710317858073,,,,,
5.54555,0.0,0.332698925901604,414.755856162179,,,,,
5.1394,0.0,0.332007723410422,414.27189078608,,,,,
5.24505,0.0,0.332587227839521,414.703025413345,,,,,
5.059,0.0,0.328979860984121,412.944925585614,,,,,
5.4631,0.0,0.332579506866096,414.683319698378,,,,,
5.83885,0.0,0.332612692600417,414.658111916372,,,,,
5.32485,0.0,0.332636881278608,414.736253929884,,,,,
5.34435,0.0,0.332612001344476,414.725355237679,,,,,
5.2711,0.0,0.332534276748945,414.595934590734,,,,,
5.17465,0.0,0.332319757956088,414.546314816381,,,,,
5.62315,0.0,0.332581929773563,414.688179671563,,,,,
5.07295,0.0,0.32996734550604,413.063043475898,,,,,
5.32275,0.0,0.332561588835397,414.657809713818,,,,,
5.36235,0.0,0.332569579871282,414.648412050802,,,,,
5.2679,0.0,0.332637127903069,414.677150142151,,,,,
5.77105,0.0,0.332576885402539,414.623963237871,,,,,
5.88405,0.0,0.332615573000329,414.727395825002,,,,,
5.335,0.0,0.33264956825673,414.741237849853,,,,,
5.5576,0.0,0.332693242517955,414.713071981334,,,,,
5.6422,0.0,0.332576460431432,414.650651753269,,,,,
5.63155,0.0,0.332577170357121,414.631671653528,,,,,
5.0793,0.0,0.33067342337378,413.39774012278,,,,,
5.06975,0.0,0.329993964944758,413.113967723436,,,,,
5.89245,0.0,0.33257666389257,414.662962078653,,,,,
5.4934,0.0,0.332585674580245,414.696672389744,,,,,
5.19445,0.0,0.332413143812587,414.603803436589,,,,,
5.9537,0.0,0.332600502441199,414.715299842036,,,,,
5.93975,0.0,0.332581877268306,414.630088615901,,,,,
5.68915,0.0,0.332601270286754,414.649061726692,,,,,
5.281,0.0,0.3325419052363,414.600166596716,,,,,
5.74535,0.0,0.332691677725152,414.755213306032,,,,,
5.24255,0.0,0.332498620302824,414.609625062791,,,,,
5.57495,0.0,0.332663566515985,414.749183328399,,,,,
5.9671,0.0,0.332711457433171,414.72686314378,,,,,
5.7782,0.0,0.332651669673616,414.685279277208,,,,,
5.7335,0.0,0.332590934302508,414.704392382834,,,,,
5.9121,0.0,0.33257651074979,414.6502401248,,,,,
5.24245,0.0,0.332498579272815,414.605851943797,,,,,
5.16495,0.0,0.332269954755178,414.513022364484,,,,,
5.56535,0.0,0.332688191086625,414.754672523499,,,,,
5.799,0.0,0.332606195065995,414.653070212217,,,,,
5.3665,0.0,0.332720473764319,414.745028402599,,,,,
5.4551,0.0,0.332669679633479,414.750521547651,,,,,
5.6265,0.0,0.332726917131414,414.747136006919,,,,,
5.69165,0.0,0.332577136993929,414.634520035125,,,,,
5.1516,0.0,0.33209602538416,414.324951279854,,,,,
5.19515,0.0,0.332460282389928,414.6243410834,,,,,
5.1047,0.0,0.331398777021484,413.95336660737,,,,,
5.22345,0.0,0.332468727778836,414.622909393065,,,,,
5.1091,0.0,0.3315476767593,413.963084353546,,,,,
5.7984,0.0,0.332638706076558,414.676602859699,,,,,
5.22295,0.0,0.332461365705242,414.601202249324,,,,,
5.93755,0.0,0.332689152280571,414.710223670199,,,,,
5.38665,0.0,0.332722633776814,414.743023475672,,,,,
5.7728,0.0,0.332578243446848,414.675534134643,,,,,
5.09145,0.0,0.331035157040063,413.590974145886,,,,,
5.45305,0.0,0.332578620285386,414.680947538151,,,,,
5.948,0.0,0.33266097578883,414.691406280331,,,,,
5.23925,0.0,0.332524959429577,414.601044790363,,,,,
5.92745,0.0,0.332695019440062,414.714320432409,,,,,
5.3033,0.0,0.332559643828682,414.675739960757,,,,,
5.3973,0.0,0.332707582281988,414.724316810464,,,,,
5.11225,0.0,0.33152305690885,413.960638539468,,,,,
5.0742,0.0,0.330006676912281,413.087389242592,,,,,
5.22725,0.0,0.332612769163486,414.666530548145,,,,,
5.9297,0.0,0.332582821814733,414.631223386641,,,,,
5.93225,0.0,0.332576441835516,414.655847789844,,,,,
5.18235,0.0,0.332314407457319,414.4852845033,,,,,
5.24645,0.0,0.332654695734355,414.706897729286,,,,,
5.2752,0.0,0.332632190457475,414.726860421158,,,,,
5.59485,0.0,0.332657611312918,414.7473436549,,,,,
5.62925,0.0,0.33259807091858,414.646350135334,,,,,
5.64785,0.0,0.332676690989414,414.701791200051,,,,,
5.19155,0.0,0.332363130763702,414.493072299653,,,,,
5.62995,0.0,0.332580361722371,414.628131052026,,,,,
5.83805,0.0,0.332660062631984,414.690803711547,,,,,
5.3357,0.0,0.332691289532925,414.748915379417,,,,,
5.7261,0.0,0.332722734916007,414.753333333549,,,,,
5.34915,0.0,0.332597562845144,414.647567017012,,,,,
5.7764,0.0,0.332726865195728,414.748215214894,,,,,
5.24575,0.0,0.332630340468676,414.711377755584,,,,,
5.6276,0.0,0.332692046780721,414.71222847337,,,,,
5.97425,0.0,0.332628127358894,414.7349315303,,,,,
5.8338,0.0,0.332603038403005,414.717655539484,,,,,
5.3639,0.0,0.332593990995884,414.711399921314,,,,,
5.48225,0.0,0.332575897631023,414.650214044624,,,,,
5.0234,840.149543741029,0.333322001416382,417.409871641458,,,,,
5.00135,1734.67251302633,0.291818559502075,390.376747069489,,,,,
5.6998,0.0,0.332582348174532,414.630672416564,,,,,
5.81125,0.0,0.332577145197993,414.626958054335,,,,,
5.20735,0.0,0.332558866588566,414.632003418836,,,,,
5.93075,0.0,0.332576555598754,414.621944035139,,,,,
5.04025,0.0,0.324397457703955,412.1583041966,,,,,
5.8502,0.0,0.332577380928008,414.623524340039,,,,,
5.5776,0.0,0.332692895333604,414.712841368404,,,,,
5.7374,0.0,0.33270095374438,414.718633818699,,,,,
5.6068,0.0,0.332724146487921,414.739945680185,,,,,
5.37705,0.0,0.332715072304955,414.731776645758,,,,,
5.89925,0.0,0.332594911990851,414.64355231969,,,,,
5.05715,0.0,0.328370133849595,412.609519152966,,,,,
5.50785,0.0,0.33267919192395,414.703472381356,,,,,
5.13685,0.0,0.332077588282154,414.344311146428,,,,,
5.70335,0.0,0.332586581925189,414.697740467871,,,,,
5.83145,0.0,0.332577215752934,414.63091944587,,,,,
5.355,0.0,0.332654079478826,414.743849886595,,,,,
5.645,0.0,0.332668292435901,414.750526304716,,,,,
5.40095,0.0,0.332573522263702,414.620148477649,,,,,
5.3375,0.0,0.332691594072499,414.712975613879,,,,,
5.4451,0.0,0.332669231815894,414.750317175778,,,,,
5.4246,0.0,0.332636350844003,414.738716519852,,,,,
5.38745,0.0,0.332700192142975,414.718554036353,,,,,
5.69555,0.0,0.332701596703003,414.756110159183,,,,,
5.76665,0.0,0.332725706754479,414.742578628509,,,,,
5.3576,0.0,0.332689711062123,414.711177478912,,,,,
5.82555,0.0,0.332703727861392,414.756191675526,,,,,
5.1871,0.0,0.332488671198017,414.591972063056,,,,,
5.00415,1725.16107644743,0.287957226486455,380.32675966569,,,,,
5.8575,0.0,0.332693498942069,414.71324969734,,,,,
5.04625,0.0,0.323343711692969,410.886547570934,,,,,
5.7655,0.0,0.332700209638504,414.756034321437,,,,,
5.61135,0.0,0.332577125508239,414.627530735328,,,,,
5.51345,0.0,0.332587220729548,414.699144245104,,,,,
5.8039,0.0,0.332607014852816,414.721060356813,,,,,
5.4435,0.0,0.332586898045993,414.699641178578,,,,,
5.70585,0.0,0.332715022554264,414.755628344148,,,,,
5.7169,0.0,0.332721124885735,414.736050407255,,,,,
5.83485,0.0,0.332662679612506,414.748946253752,,,,,
5.1268,0.0,0.331934939468991,414.255906306771,,,,,
5.4346,0.0,0.332636925025754,414.739034939539,,,,,
5.81035,0.0,0.332576806643456,414.622353862651,,,,,
5.43195,0.0,0.332575246225279,414.639345763627,,,,,
5.40185,0.0,0.332573978414303,414.635352753136,,,,,
5.80185,0.0,0.332576886496415,414.641000073808,,,,,
5.8982,0.0,0.332649196966757,414.683632566038,,,,,
5.6606,0.0,0.332576433084496,414.62152060925,,,,,
5.1399,0.0,0.331994989988743,414.25893135007,,,,,
5.583,0.0,0.332579559918661,414.681266036629,,,,,
5.9332,0.0,0.33258486130392,414.694577911444,,,,,
5.84165,0.0,0.332577103630734,414.635770638197,,,,,
5.9511,0.0,0.33257703034108,414.625347118787,,,,,
5.3534,0.0,0.332576714757835,414.689835652037,,,,,
5.8138,0.0,0.332602757298854,414.717406417802,,,,,
5.4946,0.0,0.332639286816269,414.740271959379,,,,,
5.27975,0.0,0.332551462752095,414.613026167128,,,,,
5.58275,0.0,0.332577375458636,414.670883132244,,,,,
5.1162,0.0,0.331739240168385,414.147847383562,,,,,
5.5885,0.0,0.332636695900012,414.675240140266,,,,,
5.5884,0.0,0.332642869662571,414.679411415344,,,,,
5.24315,0.0,0.332502296024016,414.634336926516,,,,,
5.5168,0.0,0.332724411088652,414.740594587542,,,,,
5.41145,0.0,0.332574683422815,414.626602618054,,,,,
5.5698,0.0,0.332583032382042,414.631536340725,,,,,
5.27205,0.0,0.332534393808656,414.614987014731,,,,,
5.8561,0.0,0.332723651727727,414.752797787275,,,,,
5.3126,0.0,0.332557675837869,414.64956731628,,,,,
5.26705,0.0,0.332675003094023,414.707504764813,,,,,
5.1865,0.0,0.332486691298302,414.603454012755,,,,,
5.4433,0.0,0.332582265588239,414.691226767634,,,,,
5.5984,0.0,0.332642682646823,414.679284405152,,,,,
5.41335,0.0,0.332581965870922,414.692222939546,,,,,
5.78095,0.0,0.332576742104749,414.622984512738,,,,,
5.6869,0.0,0.332721361060443,414.736338587833,,,,,
5.5449,0.0,0.332659657452006,414.747966721611,,,,,
5.4017,0.0,0.33257410803972,414.631499719097,,,,,
5.3412,0.0,0.332566596792461,414.617549019635,,,,,
5.8976,0.0,0.332686997518264,414.708732168712,,,,,
5.6397,0.0,0.332584649643918,414.633373971375,,,,,
5.9009,0.0,0.332576734994552,414.62288931927,,,,,
5.5513,0.0,0.332576961426914,414.626303544216,,,,,
5.2251,0.0,0.332552317133482,414.680971239372,,,,,
5.199,0.0,0.332439306958783,414.548586386501,,,,,
5.4766,0.0,0.332726198778154,414.745630004847,,,,,
5.7285,0.0,0.332633994501083,414.673399193521,,,,,
5.10815,0.0,0.331580807222772,413.992888114885,,,,,
5.62195,0.0,0.332576777655733,414.64223126577,,,,,
5.1448,0.0,0.332066222060099,414.391476650545,,,,,
5.9188,0.0,0.332613896279206,414.659019987442,,,,,
5.83775,0.0,0.332679102253688,414.703391349298,,,,,
5.7582,0.0,0.332652096189084,414.685553653383,,,,,
5.5184,0.0,0.332644081434578,414.680235711354,,,,,
5.9558,0.0,0.332716165178152,414.755447140176,,,,,
5.691,0.0,0.332576772733289,414.623169507138,,,,,
5.63635,0.0,0.332726250167252,414.750004478394,,,,,
5.04375,0.0,0.324217222537614,412.412499090014,,,,,
5.75235,0.0,0.332576456602861,414.657389578067,,,,,
5.74785,0.0,0.332674681042391,414.700449673615,,,,,
5.42615,0.0,0.332719703460344,414.752733428402,,,,,
5.45075,0.0,0.332575327172494,414.620796969644,,,,,
5.56775,0.0,0.33268433808165,414.706928604897,,,,,
5.6449,0.0,0.332661880741195,414.748703454013,,,,,
5.21845,0.0,0.332528299537801,414.607206761224,,,,,
5.15105,0.0,0.332095376323531,414.317501926164,,,,,
5.44775,0.0,0.332685606565581,414.707848371012,,,,,
5.73965,0.0,0.332585053821427,414.633811128817,,,,,
5.34085,0.0,0.332566164150828,414.615072533994,,,,,
5.70175,0.0,0.332577034716582,414.637218211299,,,,,
5.5194,0.0,0.332593729572858,414.64255558634,,,,,
5.05235,0.0,0.326834347057494,412.562578294722,,,,,
5.34665,0.0,0.332717515000071,414.740146512726,,,,,
5.83585,0.0,0.332716557168314,414.755374821044,,,,,
5.5118,0.0,0.332576725149663,414.636695418719,,,,,
5.8787,0.0,0.332619794296999,414.663381266503,,,,,
5.45765,0.0,0.332691412004888,414.711861722449,,,,,
5.21765,0.0,0.332573993728701,414.638843317044,,,,,
5.98465,0.0,0.332652945937501,414.745781891266,,,,,
5.0397,0.0,0.324458058396961,412.210179499064,,,,,
5.18725,0.0,0.332485695052512,414.587905766103,,,,,
5.38615,0.0,0.332717004922201,414.751434857632,,,,,
5.5274,0.0,0.332704148296106,414.721050710123,,,,,
5.1401,0.0,0.331991895454084,414.254993220153,,,,,
5.54795,0.0,0.332672335359807,414.698892050847,,,,,
5.7515,0.0,0.332577205361122,414.631443321039,,,,,
5.69025,0.0,0.332577391866752,414.623539623519,,,,,
5.8019,0.0,0.332576815394466,414.642513492852,,,,,
5.86625,0.0,0.332726030943493,414.750458500015,,,,,
5.1097,0.0,0.331532114338269,413.947550498766,,,,,
5.41495,0.0,0.33265789619835,414.746751246456,,,,,
5.6154,0.0,0.332692091067362,414.755248849764,,,,,
5.1521,0.0,0.332095701127869,414.338341217912,,,,,
5.5237,0.0,0.33259497379149,414.709595746678,,,,,
5.05215,0.0,0.326833588481947,412.550729351921,,,,,
5.58735,0.0,0.332705764422519,414.722280330976,,,,,
5.0838,0.0,0.330660221037545,413.421989829377,,,,,
5.44105,0.0,0.332575364911391,414.622029271554,,,,,
5.3417,0.0,0.332566879568041,414.626446726684,,,,,
5.79525,0.0,0.332686828570312,414.754513901618,,,,,
5.2139,0.0,0.332456570093253,414.625934307167,,,,,
5.19175,0.0,0.332363133500151,414.497424516459,,,,,
5.094,0.0,0.331072599595799,413.706638765374,,,,,
5.9627,0.0,0.332577945366716,414.673950628821,,,,,
5.33625,0.0,0.332711605046671,414.74594000906,,,,,
5.25125,0.0,0.332513325131964,414.584000224859,,,,,
5.6555,0.0,0.332698332691013,414.755897066302,,,,,
5.08875,0.0,0.331085721208126,413.640717074261,,,,,
5.82375,0.0,0.332600818001873,414.715600236287,,,,,
5.8496,0.0,0.332585376506772,414.634163027974,,,,,
5.86535,0.0,0.332693883851244,414.755480084772,,,,,
5.3907,0.0,0.332572711692384,414.619138266589,,,,,
5.4294,0.0,0.332593340719399,414.642575246886,,,,,
5.749,0.0,0.332606922428653,414.653653374195,,,,,
5.2971,0.0,0.332694318513767,414.718633048068,,,,,
5.1346,0.0,0.331923948135999,414.305055814314,,,,,
5.48265,0.0,0.332576254235475,414.665212283193,,,,,
5.3942,0.0,0.332611380087912,414.724797548733,,,,,
5.76095,0.0,0.332576739370058,414.622927009161,,,,,
5.38755,0.0,0.33269514027042,414.714780572226,,,,,
5.6767,0.0,0.33272542520727,414.742040673303,,,,,
5.8357,0.0,0.332710753807916,414.756085102638,,,,,
5.599,0.0,0.332609144429688,414.655397229423,,,,,
5.00995,1581.4291317762,0.317460074213556,402.980363058129,,,,,
5.21985,0.0,0.332467599076736,414.558988293001,,,,,
5.72515,0.0,0.332679393681951,414.753150504028,,,,,
5.0277,508.302462258431,0.316853969277551,406.88281410501,,,,,
5.36795,0.0,0.332670348351412,414.697771358916,,,,,
5.01725,1268.33469302076,0.335132741429267,415.500106849005,,,,,
5.8012,0.0,0.332577089957292,414.626103075262,,,,,
5.51525,0.0,0.332681031799291,414.75335178586,,,,,
5.68015,0.0,0.332578080459947,414.624746139226,,,,,
5.2088,0.0,0.332481804139752,414.576541569512,,,,,
5.1118,0.0,0.331523539195221,413.946240334091,,,,,
5.3704,0.0,0.332571553808067,414.619532903132,,,,,
5.30755,0.0,0.332680491046495,414.705792485236,,,,,
5.29215,0.0,0.332548370660778,414.627263129083,,,,,
5.029,457.743965937541,0.322143346240571,410.173544940306,,,,,
5.1077,0.0,0.331592794598729,414.006113344507,,,,,
5.31625,0.0,0.332705639222208,414.742476670975,,,,,
5.26695,0.0,0.332677137703411,414.710336346546,,,,,
5.70985,0.0,0.332581475274659,414.629569381691,,,,,
5.08955,0.0,0.331047991118567,413.606646339343,,,,,
5.1846,0.0,0.332374802607616,414.580017844339,,,,,
5.42585,0.0,0.332709527517301,414.754862549398,,,,,
5.04155,0.0,0.32436258187312,412.179126956965,,,,,
5.4566,0.0,0.332725869669065,414.745569311486,,,,,
5.6867,0.0,0.332725379284984,414.741954354539,,,,,
5.723,0.0,0.332580209128226,414.68323026256,,,,,
5.6092,0.0,0.332600273837266,414.648223681232,,,,,
5.46935,0.0,0.33259557921839,414.644337642373,,,,,
5.12265,0.0,0.331705005199516,414.105334199861,,,,,
5.84585,0.0,0.332716663229728,414.755350450769,,,,,
5.6518,0.0,0.332576984945242,414.638139911037,,,,,
5.4096,0.0,0.332586463790002,414.636323695444,,,,,
5.018,1207.65760585484,0.333222320329952,414.530488517836,,,,,
5.25035,0.0,0.332514047227358,414.583675591743,,,,,
5.3591,0.0,0.332601242941858,414.650238703799,,,,,
5.6716,0.0,0.332577168716308,414.633137504101,,,,,
5.01445,1426.59504856829,0.31737198776804,402.815808498162,,,,,
5.87315,0.0,0.332583446953134,414.691641377134,,,,,
5.11875,0.0,0.331744554982226,414.102399049768,,,,,
5.97995,0.0,0.33257902173555,414.626219167097,,,,,
5.10275,0.0,0.331307379348518,413.824062153321,,,,,
5.9202,0.0,0.332577270993613,414.623296431433,,,,,
5.64395,0.0,0.332606876490006,414.720972075038,,,,,
5.2541,0.0,0.33254472826832,414.682993638691,,,,,
5.50245,0.0,0.332576052961844,414.657840320791,,,,,
5.5574,0.0,0.332703779800689,414.720757654762,,,,,
5.28625,0.0,0.33269081112639,414.733693840966,,,,,
5.89875,0.0,0.332616789793632,414.661183185745,,,,,
5.34335,0.0,0.332573687440611,414.686406230552,,,,,
5.41475,0.0,0.332645079393317,414.742281200921,,,,,
5.60135,0.0,0.332577112381736,414.627467561048,,,,,
5.49925,0.0,0.332599328793499,414.647514027484,,,,,
5.81065,0.0,0.332576457696739,414.621519488621,,,,,
5.2693,0.0,0.332558093175415,414.621571496682,,,,,
5.7949,0.0,0.332665051609241,414.74963808696,,,,,
5.27875,0.0,0.332592769196964,414.646935362556,,,,,
5.228,0.0,0.332577151214306,414.639197681451,,,,,
5.87515,0.0,0.332682399806991,414.753741393363,,,,,
5.91465,0.0,0.332651508363136,414.745262639705,,,,,
5.36585,0.0,0.332704149389564,414.752151830437,,,,,
5.908,0.0,0.332661811844606,414.691956035676,,,,,
5.3267,0.0,0.332712668955374,414.736308375721,,,,,
5.57545,0.0,0.332694108016893,414.755462117333,,,,,
5.3575,0.0,0.332694897516171,414.714992068346,,,,,
5.6258,0.0,0.332712034218885,414.75596107813,,,,,
5.31775,0.0,0.332673100305665,414.700174025071,,,,,
5.2639,0.0,0.332547747644383,414.68243301249,,,,,
5.55205,0.0,0.332576568725279,414.644576952778,,,,,
5.9077,0.0,0.332680775365567,414.704514871056,,,,,
5.47215,0.0,0.332575874659558,414.646612719312,,,,,
5.25665,0.0,0.332669324222747,414.711196051076,,,,,
5.8574,0.0,0.332698937383088,414.717145781878,,,,,
5.1554,0.0,0.332218471394198,414.472872810595,,,,,
5.3194,0.0,0.332580776843724,414.634945327375,,,,,
5.04315,0.0,0.324353754935494,412.668383448358,,,,,
5.1627,0.0,0.332183644593007,414.416572133342,,,,,
5.51285,0.0,0.332577641270012,414.673899878059,,,,,
5.9878,0.0,0.332672919868273,414.699282760967,,,,,
5.4739,0.0,0.332601583112213,414.716549311974,,,,,
5.0754,0.0,0.330283612548753,413.250082405122,,,,,
5.1436,0.0,0.332000884756388,414.336787159414,,,,,
5.76195,0.0,0.332576753043514,414.643662318325,,,,,
5.6352,0.0,0.33268064414141,414.753396166655,,,,,
5.8056,0.0,0.332705825109116,414.756223961131,,,,,
5.41895,0.0,0.332612461817343,414.658188978537,,,,,
5.30055,0.0,0.332553546738692,414.607465277524,,,,,
5.3278,0.0,0.3326729575961,414.699883698066,,,,,
5.2062,0.0,0.332558599121279,414.655223672663,,,,,
5.1719,0.0,0.332256099225349,414.433605322104,,,,,
5.64235,0.0,0.332576405190618,414.656045749175,,,,,
5.54015,0.0,0.332578306344457,414.625256541738,,,,,
5.76535,0.0,0.332692054981951,414.755260878093,,,,,
5.2108,0.0,0.332433599438357,414.530920609841,,,,,
5.32725,0.0,0.332700275793466,414.7204763876,,,,,
5.8952,0.0,0.332685789183128,414.75434418855,,,,,
5.26875,0.0,0.332585094293844,414.642081574088,,,,,
5.8233,0.0,0.332586331434789,414.697282357735,,,,,
5.28065,0.0,0.332541821545971,414.599719456221,,,,,
5.1367,0.0,0.332073419799627,414.345746121189,,,,,
5.7647,0.0,0.332651576715044,414.745288589797,,,,,
5.0337,0.0,0.323715656117481,413.890665035605,,,,,
5.08555,0.0,0.330936337147218,413.610268994381,,,,,
5.81025,0.0,0.332577203720309,414.623159853861,,,,,
5.9875,0.0,0.332691105278147,414.711572931194,,,,,
5.38125,0.0,0.332572403762277,414.62195627155,,,,,
5.23945,0.0,0.33251730976609,414.594469543288,,,,,
5.4388,0.0,0.332620748579339,414.664202338623,,,,,
5.6823,0.0,0.332576421051843,414.654694531838,,,,,
5.14495,0.0,0.332077884072618,414.396850511859,,,,,
5.20175,0.0,0.332402331912459,414.522322989689,,,,,
5.60235,0.0,0.332576390970209,414.655547368091,,,,,
5.2495,0.0,0.332529821338186,414.601897140172,,,,,
5.5282,0.0,0.332656671353303,414.688573616445,,,,,
5.7772,0.0,0.332709830400022,414.725515543311,,,,,
5.21285,0.0,0.332434551519325,414.580438381835,,,,,
5.3452,0.0,0.332664831251567,414.746099669336,,,,,
5.27365,0.0,0.332548586172763,414.678179211084,,,,,
5.8852,0.0,0.332685598364192,414.75430963078,,,,,
5.7492,0.0,0.33259851719127,414.646729883704,,,,,
5.64185,0.0,0.332576912749438,414.639462067464,,,,,
5.0627,0.0,0.328784387809309,412.758631510273,,,,,
5.717,0.0,0.332718179248216,414.732937775952,,,,,
5.54275,0.0,0.332577211377434,414.670290377129,,,,,
5.57855,0.0,0.332633837556787,414.673299274338,,,,,
5.95505,0.0,0.332677838119132,414.752828157868,,,,,
5.1061,0.0,0.331545379064412,414.016894882661,,,,,
5.13365,0.0,0.331873439331176,414.258080961594,,,,,
5.6507,0.0,0.332576420504904,414.621505262009,,,,,
5.9021,0.0,0.332576508562035,414.650127333389,,,,,
5.3059,0.0,0.332690106910718,414.742763816026,,,,,
5.19765,0.0,0.33251312546137,414.600856270543,,,,,
5.0758,0.0,0.330429505982316,413.320804148938,,,,,
5.82125,0.0,0.332577138087804,414.627012550806,,,,,
5.18055,0.0,0.332314649942145,414.456253949058,,,,,
5.03955,0.0,0.324449381504922,412.192628958258,,,,,
5.35355,0.0,0.332580433370494,414.69614034563,,,,,
5.09325,0.0,0.331040211166931,413.650875107703,,,,,
5.3032,0.0,0.332557977217984,414.671479367434,,,,,
5.01685,1268.33469302076,0.335139457016142,415.235095777674,,,,,
5.7346,0.0,0.332644610763203,414.742619876127,,,,,
5.47095,0.0,0.332575880128954,414.621753699169,,,,,
5.1172,0.0,0.331779635113969,414.144123701544,,,,,
5.2002,0.0,0.332404154714681,414.515365910278,,,,,
5.8155,0.0,0.332701059264035,414.756085813708,,,,,
5.52985,0.0,0.332582246445718,414.630648700837,,,,,
5.9968,0.0,0.332721358873641,414.736324748297,,,,,
5.84185,0.0,0.332576859696451,414.641389324311,,,,,
5.2853,0.0,0.332646295531865,414.732927218753,,,,,
5.44695,0.0,0.332720869029613,414.73642927215,,,,,
5.40655,0.0,0.332724157968536,414.745901462607,,,,,
5.52465,0.0,0.332643213071332,414.741988616218,,,,,
5.3434,0.0,0.332574746321097,414.688523950064,,,,,
5.6206,0.0,0.33257641777021,414.621528758946,,,,,
5.3416,0.0,0.332566905821854,414.624192200322,,,,,
5.8251,0.0,0.332678323105579,414.752928022372,,,,,
5.82695,0.0,0.332718634107085,414.733392938863,,,,,
5.89995,0.0,0.332579312704576,414.626632480184,,,,,
5.8278,0.0,0.332676199439291,414.701451028336,,,,,
5.00165,1734.6497539549,0.291807768856063,390.072636542046,,,,,
5.0538,0.0,0.326736931107267,412.26982294379,,,,,
5.01555,1360.55037967577,0.325255202403945,409.053691700804,,,,,
5.9406,0.0,0.332576430349802,414.621511381147,,,,,
5.82,0.0,0.332579052363881,414.626249826829,,,,,
5.4596,0.0,0.332587604120959,414.636887936067,,,,,
5.62555,0.0,0.332700411383759,414.756028455832,,,,,
5.26995,0.0,0.332539706853942,414.603520667695,,,,,
5.4977,0.0,0.332688332696147,414.709676805538,,,,,
5.49155,0.0,0.332576726243539,414.630380366802,,,,,
5.7522,0.0,0.33257646972939,414.651921664182,,,,,
5.7681,0.0,0.332658302474082,414.689647900063,,,,,
5.6155,0.0,0.332697609355378,414.755827353491,,,,,
5.01195,1515.57163720433,0.317723615088826,403.149592184876,,,,,
5.2579,0.0,0.332627442150433,414.671078800307,,,,,
5.66465,0.0,0.332646321779411,414.743297560917,,,,,
5.0236,804.492097474147,0.333473578688083,417.935911507807,,,,,
5.633,0.0,0.332579805491762,414.681982829358,,,,,
5.8544,0.0,0.332634688445533,414.738245760541,,,,,
5.2943,0.0,0.332590532319807,414.71220306865,,,,,
5.606,0.0,0.332718977437647,414.754761914678,,,,,
5.2635,0.0,0.332534857124025,414.66580648795,,,,,
5.08725,0.0,0.331165841699905,413.701072011488,,,,,
5.73175,0.0,0.332577023230889,414.637486380516,,,,,
5.6517,0.0,0.332577091598105,414.635454096866,,,,,
5.2128,0.0,0.332434302008714,414.578353418158,,,,,
5.264,0.0,0.332551911275248,414.686386419169,,,,,
5.63185,0.0,0.332576918218818,414.639365285551,,,,,
5.6447,0.0,0.332649058074672,414.744356806034,,,,,
5.7389,0.0,0.332611808842566,414.657452503767,,,,,
5.0512,0.0,0.326824631257949,412.440494196588,,,,,
5.2359,0.0,0.332621088182881,414.701526801553,,,,,
5.8028,0.0,0.332578339160596,414.67593896955,,,,,
5.7916,0.0,0.332577155042869,414.634089847516,,,,,
5.1453,0.0,0.332106224506999,414.407500659559,,,,,
5.596,0.0,0.332718875750607,414.754787154113,,,,,
5.8174,0.0,0.332699626271455,414.717644123191,,,,,
5.7372,0.0,0.332710386959972,414.725974950791,,,,,
5.08515,0.0,0.330848269405684,413.564609973469,,,,,
5.72955,0.0,0.332587516066765,414.636444982482,,,,,
5.3174,0.0,0.33269117471542,414.71348904989,,,,,
5.18715,0.0,0.332487824312265,414.590664084093,,,,,
5.3848,0.0,0.332645586847353,414.742003683423,,,,,
5.42705,0.0,0.332717743523451,414.733220103144,,,,,
5.9418,0.0,0.332576873369902,414.640866439741,,,,,
5.4527,0.0,0.332575885051411,414.666501531003,,,,,
5.89715,0.0,0.332710315886552,414.725906342469,,,,,
5.21015,0.0,0.332436713936772,414.536423589898,,,,,
5.6273,0.0,0.332707524329328,414.723654998422,,,,,
5.94165,0.0,0.332577060422656,414.636628893568,,,,,
5.90255,0.0,0.332576983851366,414.667049425094,,,,,
5.34015,0.0,0.332568803748289,414.619807645644,,,,,
5.5625,0.0,0.332576423786537,414.660666283532,,,,,
5.4198,0.0,0.332582045722643,414.631415650469,,,,,
5.44025,0.0,0.332576553411,414.62360765766,,,,,
5.598,0.0,0.332668221353489,414.69617421577,,,,,
5.5715,0.0,0.332577110193986,414.630126166894,,,,,
5.64645,0.0,0.332726864102346,414.748043697188,,,,,
5.46985,0.0,0.332582067052893,414.63073987994,,,,,
5.33615,0.0,0.332709110916429,414.747069615204,,,,,
5.90555,0.0,0.332704985336849,414.756217634379,,,,,
5.60855,0.0,0.332633314226316,414.672920116391,,,,,
5.11785,0.0,0.331774433255588,414.129629645646,,,,,
5.2332,0.0,0.332485512872152,414.625459438545,,,,,
5.41185,0.0,0.332574544499611,414.635796478244,,,,,
5.996,0.0,0.332722467580451,414.753487000693,,,,,
5.6388,0.0,0.332618570952253,414.662505724926,,,,,
5.20635,0.0,0.332563264179362,414.653953395423,,,,,
5.3731,0.0,0.332574434564279,414.67914556542,,,,,
5.81435,0.0,0.332630945831204,414.736393224961,,,,,
5.7314,0.0,0.332577188952997,414.629213838906,,,,,
5.28535,0.0,0.332649413507057,414.733558031539,,,,,
5.4703,0.0,0.332576789688373,414.623302487982,,,,,
5.81075,0.0,0.332576525517133,414.621772894678,,,,,
5.1062,0.0,0.331553497734534,414.018713918342,,,,,
5.63805,0.0,0.332664197517391,414.693536893278,,,,,
5.28295,0.0,0.332543496442531,414.653422815765,,,,,
5.3479,0.0,0.332670926301968,414.698282120054,,,,,
5.1988,0.0,0.332449572150839,414.556161824022,,,,,
5.0366,0.0,0.318462162454819,409.113105224981,,,,,
5.6018,0.0,0.332576980569739,414.637667970542,,,,,
5.2598,0.0,0.332533170149733,414.600966236465,,,,,
5.66585,0.0,0.332714531060773,414.755693750344,,,,,
5.18815,0.0,0.332446625201536,414.556659984938,,,,,
5.00395,1725.16107644743,0.288328796672759,380.522868930926,,,,,
5.22805,0.0,0.332574196097463,414.637187453283,,,,,
5.11655,0.0,0.331760425991121,414.14969685889,,,,,
5.2253,0.0,0.332565725492113,414.684589434056,,,,,
5.98555,0.0,0.332706212737657,414.756225357567,,,,,
5.01665,1291.14217261726,0.334427606026889,414.758543127774,,,,,
5.527,0.0,0.332719825921847,414.734732846617,,,,,
5.259,0.0,0.33256223698612,414.626372965485,,,,,
5.7735,0.0,0.332591334097066,414.704928626331,,,,,
5.90625,0.0,0.332726166523291,414.750233864496,,,,,
5.96975,0.0,0.332581719205556,414.629887919923,,,,,
5.85465,0.0,0.332650250685527,414.744807005543,,,,,
5.51325,0.0,0.332582778060471,414.690717497645,,,,,
5.1094,0.0,0.331538971988685,413.954778600028,,,,,
5.9281,0.0,0.332654968045663,414.687447997534,,,,,
5.49775,0.0,0.332685386221521,414.707656342272,,,,,
5.50035,0.0,0.332576788047558,414.622910178755,,,,,
5.30885,0.0,0.332602607449462,414.652668996767,,,,,
5.97955,0.0,0.332585552069345,414.634355789178,,,,,
5.7534,0.0,0.332588287770737,414.700516269382,,,,,
5.46225,0.0,0.332575584234464,414.649796711963,,,,,
5.21445,0.0,0.332484065273308,414.647103734328,,,,,
5.5519,0.0,0.332576779296548,414.639986008854,,,,,
5.8543,0.0,0.332628765536613,414.735270467419,,,,,
5.5692,0.0,0.332600730498077,414.648629369848,,,,,
5.60675,0.0,0.332724997145718,414.74129897703,,,,,
5.27,0.0,0.332538894012197,414.602497988754,,,,,
5.0107,1562.34463028799,0.317741552939034,403.433815978822,,,,,
5.64495,0.0,0.332665092071925,414.749644896077,,,,,
5.79025,0.0,0.332577223956996,414.623221009107,,,,,
5.7886,0.0,0.33262698224516,414.668524496123,,,,,
5.93505,0.0,0.332677428586622,414.752741353279,,,,,
5.84895,0.0,0.332607726900838,414.654288993539,,,,,
5.9726,0.0,0.332577324046535,414.669985876121,,,,,
5.1577,0.0,0.332281815996135,414.456361341625,,,,,
5.4099,0.0,0.332579763924836,414.62896642501,,,,,
5.43825,0.0,0.332654155485559,414.686958638432,,,,,
5.25245,0.0,0.33251284646938,414.614964246179,,,,,
5.0053,1715.27221824744,0.295959861555098,387.808365797499,,,,,
5.422,0.0,0.332574803203011,414.640505140864,,,,,
5.6467,0.0,0.332725537279488,414.742283754359,,,,,
5.1702,0.0,0.332258074477053,414.423015089607,,,,,
5.28195,0.0,0.332542283210006,414.617046568384,,,,,
5.3737,0.0,0.332587986418088,414.704327999066,,,,,
5.4142,0.0,0.332612954555417,414.725782619213,,,,,
5.3301,0.0,0.332567101084526,414.619216791747,,,,,
5.32625,0.0,0.332708903162518,414.744380434195,,,,,
5.3901,0.0,0.332575754879748,414.624512513338,,,,,
5.31935,0.0,0.332582624373577,414.636563917175,,,,,
5.59585,0.0,0.332713629531891,414.755781917458,,,,,
5.2548,0.0,0.332584922559503,414.70574558989,,,,,
5.6459,0.0,0.33271610504015,414.755435439424,,,,,
5.97885,0.0,0.332610453122835,414.656411033091,,,,,
5.0764,0.0,0.33064056453273,413.415983653167,,,,,
5.8378,0.0,0.332675994398703,414.701317286007,,,,,
5.3473,0.0,0.332702535442231,414.72132702298,,,,,
5.04825,0.0,0.326696861962157,412.383271793548,,,,,
5.4725,0.0,0.332575771834883,414.659153902247,,,,,
5.0831,0.0,0.330638957016736,413.38195338341,,,,,
5.02275,854.927699064713,0.333094274090537,415.489810701508,,,,,
5.9565,0.0,0.332726571622277,414.74475303705,,,,,
5.4241,0.0,0.33260857402818,414.722621274208,,,,,
5.78985,0.0,0.332581076015181,414.6290575727,,,,,
5.52495,0.0,0.332662364110513,414.748769469098,,,,,
5.34075,0.0,0.332566131333488,414.614959279698,,,,,
5.7525,0.0,0.332576673737461,414.663136979407,,,,,
5.44425,0.0,0.332617197213317,414.728522501557,,,,,
5.87065,0.0,0.332576462619187,414.62154837798,,,,,
5.9921,0.0,0.332576486137551,414.651147157211,,,,,
5.9108,0.0,0.332576609745667,414.622181884992,,,,,
5.7636,0.0,0.332594475010778,414.708873309146,,,,,
5.5944,0.0,0.332629629015914,414.735705673392,,,,,
5.58755,0.0,0.332695522443981,414.714686785569,,,,,
5.8921,0.0,0.332576518406931,414.65001494879,,,,,
5.48235,0.0,0.332575841843176,414.653772702825,,,,,
5.4421,0.0,0.332575316233682,414.644265404929,,,,,
5.8923,0.0,0.3325764571498,414.6572223591,,,,,
5.9975,0.0,0.332690926490772,414.711444529689,,,,,
5.33645,0.0,0.332714782548078,414.742925002795,,,,,
5.7475,0.0,0.332695475970824,414.714650816942,,,,,
5.71175,0.0,0.332577040732898,414.637307568805,,,,,
5.1823,0.0,0.332314455625876,414.483492742675,,,,,
5.6053,0.0,0.33268608552636,414.754367015994,,,,,
5.6635,0.0,0.332590252298918,414.703445012179,,,,,
5.45835,0.0,0.332647810230584,414.682749733114,,,,,
5.00865,1628.84263672867,0.316840819170579,402.876891667543,,,,,
5.54415,0.0,0.332614856047224,414.726920856709,,,,,
5.01675,1278.15100661681,0.334837170612934,415.02376559296,,,,,
5.25755,0.0,0.332646397787916,414.684626865975,,,,,
5.46475,0.0,0.332647655480093,414.743623019305,,,,,
5.56505,0.0,0.33266973540559,414.750870704649,,,,,
5.82955,0.0,0.332586723031052,414.635593720301,,,,,
5.0763,0.0,0.330608627303565,413.401932564094,,,,,
5.01995,1075.72314131441,0.332841640222142,413.204803011122,,,,,
5.85,0.0,0.332578944617777,414.626098786635,,,,,
5.2694,0.0,0.332554271481627,414.618279744417,,,,,
5.03745,0.0,0.320296020868039,409.772437502759,,,,,
5.03055,390.8758208529,0.323707928082273,411.654544234293,,,,,
5.68185,0.0,0.33257691493719,414.639846442306,,,,,
5.58085,0.0,0.332576446211026,414.621828425559,,,,,
5.3535,0.0,0.332579104322649,414.694048217757,,,,,
5.6505,0.0,0.332576537002843,414.621806894119,,,,,
5.3344,0.0,0.332612343144468,414.725483493612,,,,,
5.4988,0.0,0.332620653424661,414.664045235117,,,,,
5.25875,0.0,0.332575649320336,414.63611495104,,,,,
5.96765,0.0,0.33268262562067,414.705768231121,,,,,
5.67075,0.0,0.332576464806942,414.621616915624,,,,,
5.15435,0.0,0.332141450452039,414.438018051587,,,,,
5.8289,0.0,0.332610407184676,414.656363545685,,,,,
5.8587,0.0,0.332620134448382,414.663636162804,,,,,
5.98035,0.0,0.332576638186466,414.622021575846,,,,,
5.15935,0.0,0.33220543339982,414.398153972167,,,,,
5.84405,0.0,0.332614901984769,414.72694298812,,,,,
5.1015,0.0,0.331307559431546,413.783340848785,,,,,
5.3743,0.0,0.332614460655949,414.726863253191,,,,,
5.01225,1515.57163720433,0.317727706196309,403.042690884054,,,,,
5.8545,0.0,0.332640805921566,414.741026036572,,,,,
5.75525,0.0,0.332686059281951,414.754387674471,,,,,
5.9784,0.0,0.332635131388043,414.674176964068,,,,,
5.7882,0.0,0.332651470086062,414.685140929178,,,,,
5.74365,0.0,0.332595989945496,414.710623611364,,,,,
5.5468,0.0,0.332724383753875,414.740409408649,,,,,
5.779,0.0,0.332606477807909,414.653303352546,,,,,
5.5176,0.0,0.332693805119858,414.713486107706,,,,,
5.9135,0.0,0.332592781229025,414.706793175196,,,,,
5.7531,0.0,0.332581842811727,414.687872744779,,,,,
5.1868,0.0,0.33249053838747,414.598735671521,,,,,
5.8222,0.0,0.3325764571498,414.652731902744,,,,,
5.4044,0.0,0.332623077672993,414.731979361086,,,,,
5.8785,0.0,0.332631110432749,414.671401263586,,,,,
5.7715,0.0,0.332577202626434,414.631588291762,,,,,
5.49265,0.0,0.332576379484493,414.66541199975,,,,,
5.56045,0.0,0.332576619043621,414.622155905934,,,,,
5.0781,0.0,0.330794934378551,413.47977130719,,,,,
5.839,0.0,0.332605616456068,414.652605463506,,,,,
5.70805,0.0,0.332662769833991,414.69258579969,,,,,
5.9481,0.0,0.332654548642412,414.687172943315,,,,,
5.28115,0.0,0.332542111453556,414.601350277535,,,,,
5.89115,0.0,0.332577066438971,414.625789355617,,,,,
5.4226,0.0,0.332574616695929,414.661569670493,,,,,
5.33495,0.0,0.332646333809535,414.740222459227,,,,,
5.13775,0.0,0.332074042062628,414.325710223135,,,,,
5.1606,0.0,0.332183535623479,414.373199607515,,,,,
5.1347,0.0,0.331931390081459,414.309344013055,,,,,
5.89205,0.0,0.332576570913034,414.648304633842,,,,,
5.5467,0.0,0.332725810626204,414.74302332821,,,,,
5.87955,0.0,0.332586321590184,414.635175663535,,,,,
5.5387,0.0,0.332625738693116,414.66765443011,,,,,
5.99695,0.0,0.332716809747504,414.731613790854,,,,,
5.23605,0.0,0.332627526912929,414.701126331271,,,,,
5.7265,0.0,0.332726900183981,414.746452123256,,,,,
5.77645,0.0,0.332726942279217,414.74718481398,,,,,
5.5753,0.0,0.332685447458595,414.754248046244,,,,,
5.53015,0.0,0.332578297593486,414.625276984978,,,,,
5.29825,0.0,0.332634740395611,414.674799842254,,,,,
5.6348,0.0,0.332655246371649,414.74657331939,,,,,
5.90285,0.0,0.332579121824548,414.679383422433,,,,,
5.0031,1734.68257800021,0.291379592801574,385.147147715358,,,,,
5.77865,0.0,0.332624321781845,414.666646904486,,,,,
5.7968,0.0,0.332722930633927,414.738236938585,,,,,
5.2048,0.0,0.332474524968788,414.638844526053,,,,,
5.32295,0.0,0.332562837549966,414.666016739731,,,,,
5.11065,0.0,0.331522873102141,413.934511751021,,,,,
5.35815,0.0,0.332656586598233,414.688716426437,,,,,
5.6565,0.0,0.332726938999069,414.746940656439,,,,,
5.1668,0.0,0.332372480530569,414.526533838901,,,,,
5.3465,0.0,0.332717303424458,414.743239235284,,,,,
5.5682,0.0,0.332655948473887,414.688102627695,,,,,
5.1174,0.0,0.331780333038384,414.140436018651,,,,,
5.54715,0.0,0.332714725690095,414.729729346757,,,,,
5.53635,0.0,0.332725761970505,414.750461560689,,,,,
5.95185,0.0,0.332576806096518,414.642475411129,,,,,
5.7644,0.0,0.332632936902895,414.737392401254,,,,,
5.2573,0.0,0.332657149808936,414.693423609066,,,,,
5.44095,0.0,0.332575229817057,414.621300902464,,,,,
5.7976,0.0,0.33268890350766,414.710042117993,,,,,
5.98695,0.0,0.332716911435175,414.731718520117,,,,,
5.7025,0.0,0.332576621778313,414.662499336601,,,,,
5.6938,0.0,0.332601119342896,414.715897928253,,,,,
5.5452,0.0,0.332678707485541,414.752938697616,,,,,
5.7616,0.0,0.332577160512245,414.63384989122,,,,,
5.57515,0.0,0.332676272160323,414.752452792112,,,,,
5.76405,0.0,0.332613579090307,414.72602896111,,,,,
5.80125,0.0,0.332577135900054,414.626903773173,,,,,
5.43545,0.0,0.332690053875782,414.754243650477,,,,,
5.5599,0.0,0.332581338542015,414.629471416012,,,,,
5.4347,0.0,0.332643147451851,414.741689128864,,,,,
5.13415,0.0,0.331895081344118,414.283880485602,,,,,
5.87135,0.0,0.332577210283559,414.629127599169,,,,,
5.4398,0.0,0.332582582807003,414.631695644489,,,,,
5.65575,0.0,0.332710378759193,414.756097139721,,,,,
5.72065,0.0,0.332576431443679,414.621493099078,,,,,
5.2211,0.0,0.332460012654809,414.548728975878,,,,,
5.75455,0.0,0.332641903960239,414.741490749238,,,,,
5.13395,0.0,0.331885054954256,414.273736663134,,,,,
5.84255,0.0,0.332576910561686,414.666269837865,,,,,
5.67115,0.0,0.33257696744323,414.62478147045,,,,,
5.38855,0.0,0.332633880210645,414.673494858253,,,,,
5.8401,0.0,0.332578083741563,414.62472678535,,,,,
5.07605,0.0,0.330521897072765,413.36322774316,,,,,
5.5049,0.0,0.332658587358922,414.747568832467,,,,,
5.3841,0.0,0.332605421216007,414.720596291422,,,,,
5.2515,0.0,0.332513576224404,414.587835349129,,,,,
5.6398,0.0,0.332582673597145,414.631082252878,,,,,
5.9242,0.0,0.332624357327744,414.732844462232,,,,,
5.9045,0.0,0.332641821388732,414.741456953688,,,,,
5.12635,0.0,0.331914732606173,414.257022239775,,,,,
5.9924,0.0,0.332576621231374,414.662279384494,,,,,
5.17955,0.0,0.332329929960887,414.474946589476,,,,,
5.8218,0.0,0.332576937361646,414.639721953127,,,,,
5.7624,0.0,0.332576497076324,414.6594004937,,,,,
5.19525,0.0,0.332467324970607,414.626395942065,,,,,
5.67255,0.0,0.332576723508848,414.664072804231,,,,,
5.6544,0.0,0.332630809118896,414.73632256354,,,,,
5.08375,0.0,0.330657430326235,413.418208345045,,,,,
5.59025,0.0,0.332577531335703,414.623854137033,,,,,
5.50685,0.0,0.332723482798387,414.739266218745,,,,,
5.5365,0.0,0.332726736176516,414.747647477301,,,,,
5.4613,0.0,0.332576153598674,414.62536681208,,,,,
5.1028,0.0,0.331307576451584,413.826626210861,,,,,
5.7856,0.0,0.332705503634045,414.756221979574,,,,,
5.95065,0.0,0.332576468088574,414.621602279863,,,,,
5.1152,0.0,0.331650800420378,414.121568675738,,,,,
5.9576,0.0,0.332685838938191,414.7079419382,,,,,
5.22765,0.0,0.332596292384705,414.652755783688,,,,,
5.75875,0.0,0.332619196023466,414.662949214088,,,,,
5.356,0.0,0.332708470705935,414.750626371026,,,,,
5.62045,0.0,0.332576648031357,414.622092591957,,,,,
5.8259,0.0,0.332718127857872,414.755029685753,,,,,
5.4922,0.0,0.332576061165934,414.648671849331,,,,,
5.9724,0.0,0.332576600994651,414.66202675789,,,,,
5.48925,0.0,0.332599376920793,414.647564656384,,,,,
5.2673,0.0,0.332667189016433,414.699627016685,,,,,
5.6618,0.0,0.332576984945242,414.638232785344,,,,,
5.9243,0.0,0.332630103135641,414.735962333194,,,,,
5.26805,0.0,0.332628036034304,414.671022979712,,,,,
5.2642,0.0,0.332561324652082,414.693940557844,,,,,
5.7413,0.0,0.33257714136943,414.62742096365,,,,,
5.0948,0.0,0.331155952523524,413.776518964611,,,,,
5.7875,0.0,0.332694761376886,414.71414261655,,,,,
5.4405,0.0,0.332575338111305,414.621300245113,,,,,
5.22145,0.0,0.332460453094394,414.553133715472,,,,,
5.7618,0.0,0.332576961426914,414.639159977021,,,,,
5.9182,0.0,0.332648789586265,414.683358284631,,,,,
5.7845,0.0,0.332639397277003,414.740408809233,,,,,
5.1887,0.0,0.332415459039138,414.535042263859,,,,,
5.50355,0.0,0.332589799452137,414.703121743257,,,,,
5.1658,0.0,0.332332294480468,414.5302513198,,,,,
5.4066,0.0,0.332724147581313,414.74483994288,,,,,
5.73095,0.0,0.332576718586403,414.62284238037,,,,,
5.26455,0.0,0.332580856695729,414.705729905234,,,,,
5.8494,0.0,0.332590595215092,414.639525505897,,,,,
5.86845,0.0,0.332634285422022,414.673587571174,,,,,
5.80945,0.0,0.33258953911965,414.63847170077,,,,,
5.875,0.0,0.332673090463628,414.751746516428,,,,,
5.5713,0.0,0.332577009010506,414.626438230346,,,,,
5.21105,0.0,0.332433796968024,414.531754254188,,,,,
5.86815,0.0,0.332653013195488,414.686156872418,,,,,
5.61795,0.0,0.332671006132335,414.698013696704,,,,,
5.2212,0.0,0.332460155455782,414.549665433092,,,,,
5.42275,0.0,0.332575144494292,414.667538008154,,,,,
5.99235,0.0,0.332576532080396,414.660347435407,,,,,
5.6966,0.0,0.332726438776105,414.744379439922,,,,,
5.08075,0.0,0.330636107810219,413.353472634237,,,,,
5.9211,0.0,0.332577024324765,414.625210660123,,,,,
5.4235,0.0,0.332586057426515,414.698948672458,,,,,
5.19865,0.0,0.332457833427755,414.562026840398,,,,,
5.8665,0.0,0.332726744923582,414.745432599806,,,,,
5.27835,0.0,0.332617000339438,414.663424431264,,,,,
5.91075,0.0,0.332576550676307,414.621912769865,,,,,
5.0799,0.0,0.330644773084817,413.367763186182,,,,,
5.9379,0.0,0.332667588719349,414.695767402195,,,,,
5.5292,0.0,0.332601149422294,414.648994431958,,,,,
5.09015,0.0,0.331037135730582,413.592580739441,,,,,
5.90185,0.0,0.332576830708733,414.641978822606,,,,,
5.5106,0.0,0.33257615633337,414.621421735932,,,,,
5.90215,0.0,0.332576468088574,414.651878427691,,,,,
5.4973,0.0,0.332709020160789,414.724927816504,,,,,
5.835,0.0,0.332672262091134,414.751546999912,,,,,
5.35075,0.0,0.332568028170438,414.616155206523,,,,,
5.4425,0.0,0.332575123163597,414.658391308589,,,,,
5.3601,0.0,0.33257272810073,414.622691447216,,,,,
5.0866,0.0,0.33112773895434,413.69161730966,,,,,
5.51815,0.0,0.332660036385523,414.690797807844,,,,,
5.0386,0.0,0.323584732234792,411.525780922498,,,,,
5.42995,0.0,0.332579675321633,414.628333351744,,,,,
5.8884,0.0,0.332636914635807,414.675387100879,,,,,
5.65365,0.0,0.3325949546497,414.709439575788,,,,,
5.1166,0.0,0.331762854332163,414.149664916739,,,,,
5.55545,0.0,0.332693714906789,414.755393347842,,,,,
5.83425,0.0,0.332625537449429,414.733507591247,,,,,
5.32215,0.0,0.332561224557727,414.635722854529,,,,,
5.0197,1094.95001877019,0.332672444716006,413.079357996075,,,,,
5.6026,0.0,0.332576766716969,414.665123554997,,,,,
5.17135,0.0,0.332256006703571,414.421991703666,,,,,
5.71705,0.0,0.332716499217217,414.731315387028,,,,,
5.12975,0.0,0.331868560133028,414.178153502995,,,,,
5.6088,0.0,0.332619097587132,414.662872481254,,,,,
5.2474,0.0,0.332640926771617,414.68240798158,,,,,
5.25625,0.0,0.332663802731556,414.717492642241,,,,,
5.55995,0.0,0.332580588699196,414.628496927977,,,,,
5.34595,0.0,0.332704719080485,414.749845301682,,,,,
5.86175,0.0,0.332576978928926,414.638663696477,,,,,
5.84915,0.0,0.332599192615096,414.647312356144,,,,,
5.6547,0.0,0.332649289379175,414.744440118314,,,,,
5.62615,0.0,0.332723099563547,414.753096865409,,,,,
5.3796,0.0,0.332584648550068,414.635268733279,,,,,
5.4434,0.0,0.332584406262096,414.695448619223,,,,,
5.28585,0.0,0.332676752228088,414.73627748507,,,,,
5.5841,0.0,0.332613075415588,414.725680718077,,,,,
5.10145,0.0,0.331307512763698,413.782609632766,,,,,
5.7723,0.0,0.332576431990618,414.655773393832,,,,,
5.9925,0.0,0.332576907826997,414.666220086772,,,,,
5.10285,0.0,0.33130782681074,413.829258925031,,,,,
5.93125,0.0,0.332577162699995,414.627628498356,,,,,
5.50105,0.0,0.332576352684489,414.622809452828,,,,,
5.6866,0.0,0.332726466110713,414.744453057212,,,,,
5.21185,0.0,0.332434295989816,414.54520283368,,,,,
5.51845,0.0,0.332640958487913,414.678139967495,,,,,
5.9714,0.0,0.332577205361122,414.630822553278,,,,,
5.23615,0.0,0.33263117386721,414.700528976217,,,,,
5.9859,0.0,0.332719719861441,414.754582379707,,,,,
5.6061,0.0,0.332721770538878,414.753764119885,,,,,
5.42495,0.0,0.332658543067821,414.747082912636,,,,,
5.71315,0.0,0.332582475608972,414.68943750709,,,,,
5.04355,0.0,0.324286062733411,412.534454242599,,,,,
5.1408,0.0,0.331988039847084,414.248404704984,,,,,
5.7292,0.0,0.332598757828256,414.646944136774,,,,,
5.8679,0.0,0.332669055750696,414.696723429138,,,,,
5.50415,0.0,0.332613957529442,414.72632922674,,,,,
5.65465,0.0,0.332646120548175,414.743217075059,,,,,
5.2049,0.0,0.332481331996931,414.641604116367,,,,,
5.67855,0.0,0.332631979374437,414.672008364334,,,,,
5.66935,0.0,0.332594036936311,414.642757818833,,,,,
5.4191,0.0,0.332605205740849,414.652613641915,,,,,
5.34755,0.0,0.332690883844228,414.71220374112,,,,,
5.76025,0.0,0.332577270993613,414.623314555741,,,,,
5.98745,0.0,0.332693929777877,414.713554426851,,,,,
5.43675,0.0,0.332724306123098,414.741846193309,,,,,
5.73555,0.0,0.332702259889465,414.756142404649,,,,,
5.1144,0.0,0.331580081449277,414.080898077442,,,,,
5.09715,0.0,0.331397598020094,413.872037168692,,,,,
5.28605,0.0,0.332684847662845,414.73551032764,,,,,
5.85745,0.0,0.332696259452697,414.71521075208,,,,,
5.4589,0.0,0.33261549589103,414.660330792972,,,,,
5.7133,0.0,0.332585498470813,414.695776580221,,,,,
5.6057,0.0,0.332707405690361,414.756182663781,,,,,
5.15125,0.0,0.332095665525386,414.319280626355,,,,,
5.20285,0.0,0.33240249991056,414.560200388349,,,,,
5.5227,0.0,0.332576831255671,414.667945132715,,,,,
5.5188,0.0,0.332620432490707,414.663875459011,,,,,
5.04455,0.0,0.323666552730978,411.685139783647,,,,,
5.01375,1444.03493737682,0.317209291478483,402.253226625499,,,,,
5.5903,0.0,0.332577241458994,414.623325861543,,,,,
5.1788,0.0,0.332361615314883,414.500582587708,,,,,
5.85415,0.0,0.33262033241414,414.730467763798,,,,,
5.9146,0.0,0.33264832369548,414.744077357831,,,,,
5.2758,0.0,0.332666918902289,414.731846787928,,,,,
5.2955,0.0,0.332664738296672,414.73878699828,,,,,
5.1839,0.0,0.332337254443506,414.552245926586,,,,,
5.28405,0.0,0.332571632568394,414.699143929713,,,,,
5.67155,0.0,0.332577189499934,414.631974967397,,,,,
5.986,0.0,0.332722377921852,414.753523881625,,,,,
5.8954,0.0,0.33269716649605,414.755810470327,,,,,
5.494,0.0,0.332606491480142,414.720732618298,,,,,
5.5445,0.0,0.332634480098297,414.738113972648,,,,,
5.06995,0.0,0.329981433845512,413.099391303598,,,,,
5.001,1734.67251302633,0.291839403499245,390.564758220644,,,,,
5.4135,0.0,0.332585519800842,414.698531146318,,,,,
5.728,0.0,0.332665552471304,414.694424509821,,,,,
5.71745,0.0,0.332698705019627,414.716969700258,,,,,
5.6034,0.0,0.332586980631136,414.698445715358,,,,,
5.4503,0.0,0.332576450586535,414.623139007234,,,,,
5.721,0.0,0.332576788594497,414.623264904061,,,,,
5.74635,0.0,0.332726565608666,414.749365948325,,,,,
5.09255,0.0,0.331034837239486,413.615877907144,,,,,
5.20695,0.0,0.332567995353282,414.643346541443,,,,,
5.12365,0.0,0.331719796205544,414.15835925263,,,,,
5.6431,0.0,0.332581234078237,414.686345764519,,,,,
5.2296,0.0,0.332495134375205,414.578983208568,,,,,
5.407,0.0,0.332718426359121,414.734395961512,,,,,
5.82315,0.0,0.332583126453628,414.690952989226,,,,,
5.0961,0.0,0.331335414022955,413.861873467139,,,,,
5.99375,0.0,0.332603114968297,414.717731771747,,,,,
5.53035,0.0,0.332576941737149,414.622936844469,,,,,
5.8086,0.0,0.33262662624195,414.668262595397,,,,,
5.4031,0.0,0.332577098708295,414.681152092974,,,,,
5.7192,0.0,0.332598893459935,414.647051776644,,,,,
5.80885,0.0,0.33261318479127,414.658479011059,,,,,
5.1171,0.0,0.331778407026596,414.145655275477,,,,,
5.99055,0.0,0.332576438553883,414.621492868372,,,,,
5.9674,0.0,0.33269702653051,414.715763976863,,,,,
5.92475,0.0,0.33265812530949,414.747530980633,,,,,
5.313,0.0,0.332559802448891,414.665805092718,,,,,
5.4786,0.0,0.33263228068723,414.672240794543,,,,,
5.967,0.0,0.332715369168815,414.730281664553,,,,,
5.7981,0.0,0.332657681303987,414.68923691667,,,,,
5.75855,0.0,0.332630456947731,414.670950340614,,,,,
5.7227,0.0,0.332577426323792,414.670746677841,,,,,
5.531,0.0,0.332576499811017,414.622581182465,,,,,
5.3547,0.0,0.332634874372091,414.736980266353,,,,,
5.4898,0.0,0.33258314778381,414.631871343747,,,,,
5.5934,0.0,0.332586896405228,414.698303424489,,,,,
5.92705,0.0,0.332713990909134,414.729034988461,,,,,
5.2065,0.0,0.332566578195993,414.652108991605,,,,,
5.5045,0.0,0.332633462968184,414.737602447197,,,,,
5.9385,0.0,0.332629948923763,414.670605335386,,,,,
5.161,0.0,0.332183406393238,414.373036160763,,,,,
5.06085,0.0,0.328778518913909,412.758711106262,,,,,
5.97545,0.0,0.332701146194711,414.756091290712,,,,,
5.5113,0.0,0.332576757965958,414.625983072601,,,,,
5.34135,0.0,0.332566778928404,414.619579338174,,,,,
5.7626,0.0,0.33257700299419,414.667228890046,,,,,
5.31725,0.0,0.33269737589751,414.718711966853,,,,,
5.8672,0.0,0.33270855271418,414.724469404101,,,,,
5.7201,0.0,0.332578396588831,414.625248715285,,,,,
5.11955,0.0,0.33171846206445,414.079168066158,,,,,
5.75605,0.0,0.332721787486573,414.753810566136,,,,,
5.0977,0.0,0.331389834509544,413.858764720454,,,,,
5.31605,0.0,0.332699941738112,414.744415429724,,,,,
5.8781,0.0,0.332656014090843,414.688136676699,,,,,
5.49695,0.0,0.332721245159913,414.736427487625,,,,,
5.27725,0.0,0.332677238309663,414.706356326391,,,,,
5.087,0.0,0.331159470674158,413.701206544752,,,,,
5.30265,0.0,0.332553537440093,414.648727430501,,,,,
5.9717,0.0,0.332576996977874,414.638263267881,,,,,
5.8454,0.0,0.332696282962592,414.755728164913,,,,,
5.6884,0.0,0.33264089942998,414.678087945312,,,,,
5.02285,840.149543741029,0.333103539990709,415.774484679567,,,,,
5.45955,0.0,0.332589001499606,414.63828178897,,,,,
5.66335,0.0,0.332586265257162,414.697189144282,,,,,
5.2981,0.0,0.332644247670104,414.681086784296,,,,,
5.62005,0.0,0.332579173236372,414.626464546553,,,,,
5.55835,0.0,0.332646572224637,414.681888753224,,,,,
5.06725,0.0,0.330091725688546,413.188116561995,,,,,
5.00315,1734.68257800021,0.291278222145578,384.854560478485,,,,,
5.79825,0.0,0.332648087468917,414.682893415995,,,,,
5.58615,0.0,0.332722768811298,414.753234610489,,,,,
5.7858,0.0,0.332714119386577,414.755758703913,,,,,
5.8297,0.0,0.33258343601459,414.631947382357,,,,,
5.37475,0.0,0.3326411974537,414.740098818927,,,,,
5.15145,0.0,0.332095920219992,414.322128520098,,,,,
5.3968,0.0,0.33272196079037,414.739747308855,,,,,
5.91175,0.0,0.332576969084044,414.639125288797,,,,,
5.47815,0.0,0.332660537801937,414.691129765458,,,,,
5.7665,0.0,0.3327268733961,414.746166361608,,,,,
5.95775,0.0,0.332676677320065,414.70177515906,,,,,
5.3866,0.0,0.332722778651865,414.744133019061,,,,,
5.6681,0.0,0.332660383057366,414.691015873724,,,,,
5.3794,0.0,0.332590980790272,414.641230549035,,,,,
5.90485,0.0,0.332664133542433,414.749373778464,,,,,
5.0727,0.0,0.329967594125767,413.068218135611,,,,,
5.76945,0.0,0.332589899537892,414.63883805889,,,,,
5.91005,0.0,0.332578303609779,414.625089671138,,,,,
5.17255,0.0,0.332255509603871,414.455753655308,,,,,
5.70365,0.0,0.332595527262195,414.710099626959,,,,,
5.6553,0.0,0.332687083905857,414.75454613109,,,,,
5.61595,0.0,0.332717485477901,414.75514877678,,,,,
5.09085,0.0,0.331034637226596,413.587742536804,,,,,
5.93305,0.0,0.332581980638023,414.688233543295,,,,,
5.388,0.0,0.332668742988685,414.696633799093,,,,,
5.00305,1734.68257800021,0.291467689286295,385.432039607795,,,,,
5.9816,0.0,0.33257709761442,414.635653546627,,,,,
5.35015,0.0,0.332570669393949,414.620953246081,,,,,
5.2656,0.0,0.3326472404422,414.72569692338,,,,,
5.1549,0.0,0.332179444038234,414.459050324374,,,,,
5.37555,0.0,0.332690778868096,414.75246414564,,,,,
5.616,0.0,0.332719083498291,414.754743042623,,,,,
5.85165,0.0,0.332577093238918,414.635855537547,,,,,
5.9623,0.0,0.332576463166126,414.658075742916,,,,,
5.5704,0.0,0.332576790782249,414.62249115534,,,,,
5.2582,0.0,0.332609119272979,414.658777690854,,,,,
5.9942,0.0,0.332625645727298,414.733570681522,,,,,
5.7354,0.0,0.332694310859338,414.755528530334,,,,,
5.4525,0.0,0.332575381319606,414.658672777259,,,,,
5.3411,0.0,0.332566455131104,414.616514527575,,,,,
5.03165,268.595495575123,0.323718906748295,411.831089798071,,,,,
5.33535,0.0,0.332671714215915,414.746645384396,,,,,
5.09615,0.0,0.331340859383418,413.863643479094,,,,,
5.67295,0.0,0.332579391463065,414.680436275767,,,,,
5.37695,0.0,0.332717644569567,414.734767145488,,,,,
5.39655,0.0,0.332723536374692,414.745592164696,,,,,
5.1566,0.0,0.332288322063087,414.480177589002,,,,,
5.5609,0.0,0.332576467541636,414.622025124549,,,,,
5.63495,0.0,0.332664887571284,414.749585557918,,,,,
5.9279,0.0,0.332667812355928,414.695903206839,,,,,
5.6634,0.0,0.332587504034513,414.699285431534,,,,,
5.9088,0.0,0.332614053232912,414.659142949433,,,,,
5.38325,0.0,0.332577766518508,414.686274817804,,,,,
5.664,0.0,0.332609529436481,414.723058832039,,,,,
5.15735,0.0,0.332291453797983,414.466483425675,,,,,
5.871,0.0,0.332576874463778,414.623769153478,,,,,
5.2357,0.0,0.332610916879138,414.701129253359,,,,,
5.8207,0.0,0.332576476292655,414.621621435868,,,,,
5.25005,0.0,0.332517087669399,414.588229681024,,,,,
5.5216,0.0,0.332576930251453,414.631840465537,,,,,
5.3402,0.0,0.332568304928327,414.619050210127,,,,,
5.99805,0.0,0.332656715644653,414.68860278422,,,,,
5.78525,0.0,0.332686624083032,414.754480212674,,,,,
5.17185,0.0,0.332256143022632,414.432251903171,,,,,
5.7195,0.0,0.332588941885529,414.637890313774,,,,,
5.90545,0.0,0.33269998000961,414.756021233598,,,,,
5.24825,0.0,0.332594245308882,414.649294944651,,,,,
5.5401,0.0,0.332578786553633,414.625995788346,,,,,
5.4144,0.0,0.332623833982357,414.732424649973,,,,,
5.9563,0.0,0.332726690801103,414.749026746127,,,,,
5.3523,0.0,0.332568080677881,414.645554493915,,,,,
5.98455,0.0,0.332646579880165,414.74340671201,,,,,
5.20845,0.0,0.332501816798493,414.590481619762,,,,,
5.42365,0.0,0.332590440437979,414.705153530363,,,,,
5.02035,1075.72314131441,0.33302591973711,413.427341667053,,,,,
5.49195,0.0,0.33257639534572,414.64066523112,,,,,
5.3898,0.0,0.332580554242483,414.630562001753,,,,,
5.6975,0.0,0.332696352398785,414.715284051527,,,,,
5.2061,0.0,0.3325547818091,414.655744437912,,,,,
5.08115,0.0,0.330636284407823,413.354193635412,,,,,
5.07975,0.0,0.330649483298802,413.373635063629,,,,,
5.50345,0.0,0.332587058293967,414.69896065029,,,,,
5.96895,0.0,0.332605947871707,414.652882699011,,,,,
5.3178,0.0,0.332670197985681,414.698170438108,,,,,
5.0085,1631.76687855757,0.316936155702212,403.059223735597,,,,,
5.2452,0.0,0.332597171808548,414.705858040304,,,,,
5.1441,0.0,0.332020896270724,414.361376357149,,,,,
5.16025,0.0,0.33218549049853,414.376740726002,,,,,
5.53675,0.0,0.332725186301976,414.741809148445,,,,,
5.62965,0.0,0.332585845220351,414.634680700364,,,,,
5.64125,0.0,0.332577047296151,414.626057956142,,,,,
5.4936,0.0,0.332591136114048,414.704994226899,,,,,
5.5893,0.0,0.332596658264684,414.645122699249,,,,,
5.70355,0.0,0.332592175797033,414.706042372647,,,,,
5.27025,0.0,0.332535909017087,414.598277341947,,,,,
5.5622,0.0,0.332576395892658,414.649689196809,,,,,
5.9831,0.0,0.332583152159232,414.691037628505,,,,,
5.7663,0.0,0.33272620643185,414.750153450267,,,,,
5.06925,0.0,0.330047341226267,413.16177814423,,,,,
5.37085,0.0,0.332570872311682,414.618069954264,,,,,
5.06475,0.0,0.328818764773924,412.61807365534,,,,,
5.03415,0.0,0.323390251975603,413.52849960141,,,,,
5.50575,0.0,0.332707851269674,414.755963083469,,,,,
5.8681,0.0,0.332656220237361,414.688273217291,,,,,
5.8434,0.0,0.332589084084227,414.701734128054,,,,,
5.79805,0.0,0.332660897049656,414.691353447829,,,,,
5.7697,0.0,0.332583809018757,414.632392592271,,,,,
5.80365,0.0,0.332596719518093,414.711404576536,,,,,
5.89685,0.0,0.332720889804263,414.735795974716,,,,,
5.4908,0.0,0.332575984047474,414.621289031554,,,,,
5.03395,0.0,0.323584460160385,413.750627997159,,,,,
5.96795,0.0,0.332663761175125,414.693245704758,,,,,
5.07485,0.0,0.330118405076167,413.160538423309,,,,,
5.60695,0.0,0.332720691898336,414.735588530318,,,,,
5.04,0.0,0.324433384961834,412.197763943677,,,,,
5.74345,0.0,0.332589563184007,414.702459126912,,,,,
5.03735,0.0,0.319988900726016,409.636030770637,,,,,
5.8432,0.0,0.332584242184363,414.693342363925,,,,,
5.20145,0.0,0.332402268434327,414.516152689046,,,,,
5.29905,0.0,0.332588164166961,414.642419090046,,,,,
5.51915,0.0,0.332603320053814,414.650806439214,,,,,
5.3939,0.0,0.332597510342355,414.713701540658,,,,,
5.1103,0.0,0.331524321605977,413.937311589297,,,,,
5.1528,0.0,0.332095908717659,414.365556133049,,,,,
5.5204,0.0,0.33257667756603,414.622507110127,,,,,
5.0295,457.743965937541,0.323242894381502,411.116558888889,,,,,
5.54315,0.0,0.332581372451716,414.686988909212,,,,,
5.392,0.0,0.332573119713011,414.63913217778,,,,,
5.18445,0.0,0.332365342354292,414.574651216824,,,,,
5.90915,0.0,0.332598447734652,414.646665830902,,,,,
5.07455,0.0,0.330055251498154,413.121324199047,,,,,
5.98405,0.0,0.332617245884897,414.728516331134,,,,,
5.8582,0.0,0.332650018834875,414.684181342353,,,,,
5.8713,0.0,0.332577189499934,414.628178220425,,,,,
5.0258,624.117664275658,0.324802785661827,412.133334044684,,,,,
5.9351,0.0,0.332680518384878,414.75338185688,,,,,
5.07025,0.0,0.329970477218891,413.083788000856,,,,,
5.26325,0.0,0.332529745303033,414.65508473064,,,,,
5.9491,0.0,0.332599888819759,414.647898617341,,,,,
5.0481,0.0,0.326537446440311,412.290634140515,,,,,
5.794,0.0,0.332611587355856,414.724598083689,,,,,
5.57445,0.0,0.332632137960152,414.736990998947,,,,,
5.56095,0.0,0.332576531533457,414.622342049014,,,,,
5.58135,0.0,0.33257706206347,414.627337519598,,,,,
5.50145,0.0,0.332576782031239,414.628479710159,,,,,
5.837,0.0,0.332716879179412,414.731678843358,,,,,
5.9267,0.0,0.332724117513035,414.739866110355,,,,,
5.62225,0.0,0.332576422692659,414.652175688775,,,,,
5.1643,0.0,0.332226146006589,414.489320668919,,,,,
5.5699,0.0,0.332581309554687,414.629420173808,,,,,
5.73675,0.0,0.332724318150402,414.740189527137,,,,,
5.29205,0.0,0.332548511782855,414.624117154887,,,,,
5.3555,0.0,0.332684946626484,414.750494729221,,,,,
5.29015,0.0,0.332550960077257,414.608635458894,,,,,
5.80085,0.0,0.332576628888512,414.622270162995,,,,,
5.3259,0.0,0.332697625210825,414.747144379575,,,,,
5.07515,0.0,0.330201487662066,413.207285868797,,,,,
5.05935,0.0,0.328910331365564,412.90057780903,,,,,
5.2158,0.0,0.332570861919671,414.674138413196,,,,,
5.6031,0.0,0.332581024603651,414.685777312528,,,,,
5.6664,0.0,0.33272670556178,414.748904951861,,,,,
5.95745,0.0,0.332694478163256,414.713939197866,,,,,
5.79345,0.0,0.332590045017678,414.703134440179,,,,,
5.6013,0.0,0.332577073549162,414.626623924038,,,,,
5.23425,0.0,0.332520362760013,414.669026891224,,,,,
5.35985,0.0,0.332576600994651,414.62764458325,,,,,
5.2341,0.0,0.332512880933109,414.663370359442,,,,,
5.99405,0.0,0.332617432368076,414.728628587857,,,,,
5.40725,0.0,0.332710095012138,414.726309713744,,,,,
5.14955,0.0,0.332110584274912,414.336222191946,,,,,
5.85245,0.0,0.332576621231374,414.662454787386,,,,,
5.2382,0.0,0.332582890180757,414.642267705254,,,,,
5.8453,0.0,0.332690687560704,414.755083294383,,,,,
5.99155,0.0,0.332577147932681,414.634462474566,,,,,
5.16625,0.0,0.332357213414067,414.531806393673,,,,,
5.6703,0.0,0.332577158324494,414.623110119811,,,,,
5.63695,0.0,0.33272042510784,414.73530716763,,,,,
5.9796,0.0,0.332584454938475,414.633138556198,,,,,
5.55055,0.0,0.332576392611025,414.621656937325,,,,,
5.0412,0.0,0.324351831371465,412.091786869636,,,,,
5.72305,0.0,0.332580904825696,414.685342369263,,,,,
5.98915,0.0,0.332597461667887,414.645813512378,,,,,
5.8126,0.0,0.33257708339404,414.667882720782,,,,,
5.7795,0.0,0.332588408092952,414.637356405352,,,,,
5.4202,0.0,0.332576339557955,414.623920554522,,,,,
5.0806,0.0,0.330636335571597,413.354068517637,,,,,
5.24775,0.0,0.332623999134282,414.669518756338,,,,,
5.38765,0.0,0.332689730198461,414.710894680033,,,,,
5.96615,0.0,0.332725161154041,414.751560060118,,,,,
5.30665,0.0,0.332705941015017,414.733311472635,,,,,
5.3117,0.0,0.332558284614481,414.620770446959,,,,,
5.6191,0.0,0.332604318134855,414.651571207748,,,,,
5.46515,0.0,0.332673245749068,414.75145952417,,,,,
5.3896,0.0,0.332585409322213,414.635711683137,,,,,
5.07255,0.0,0.329967677366476,413.071376869397,,,,,
5.78595,0.0,0.332719271564503,414.754717497934,,,,,
5.07565,0.0,0.330373653805383,413.294366362457,,,,,
5.13375,0.0,0.331876858892694,414.263334286572,,,,,
5.3905,0.0,0.33257302126304,414.619888347867,,,,,
5.6804,0.0,0.332576757965958,414.622296009549,,,,,
5.3304,0.0,0.332564608058382,414.615217374516,,,,,
5.9155,0.0,0.332702703288745,414.75616102312,,,,,
5.39135,0.0,0.332573365837812,414.623989130886,,,,,
5.38435,0.0,0.332618394313369,414.729242631456,,,,,
5.84375,0.0,0.332601083247616,414.715852706934,,,,,
5.62,0.0,0.332579750798437,414.627295251421,,,,,
5.84065,0.0,0.332576452227352,414.621532708803,,,,,
5.0872,0.0,0.331165340217453,413.701450640039,,,,,
5.9675,0.0,0.332691472694103,414.711831749757,,,,,
5.2431,0.0,0.332501676203659,414.632189019292,,,,,
5.0911,0.0,0.33103478778576,413.588347721129,,,,,
5.04055,0.0,0.324362603183098,412.105039958906,,,,,
5.0434,0.0,0.324320855372386,412.602483565699,,,,,
5.6302,0.0,0.332577809726494,414.624309529652,,,,,
5.99335,0.0,0.332589049081476,414.701682762994,,,,,
5.9965,0.0,0.332726479231324,414.744443922796,,,,,
5.97435,0.0,0.332634025671196,414.73792757818,,,,,
5.6597,0.0,0.332584529867269,414.633223324541,,,,,
5.35105,0.0,0.33256828523805,414.617316304978,,,,,
5.71795,0.0,0.332668970998782,414.696668887859,,,,,
5.164,0.0,0.332210724876668,414.476280091049,,,,,
5.9041,0.0,0.332618525562084,414.729333231303,,,,,
5.58035,0.0,0.332576982210553,414.62288109288,,,,,
5.56005,0.0,0.33257930778217,414.626727479509,,,,,
5.4969,0.0,0.332722438605418,414.737893709758,,,,,
5.8989,0.0,0.332609311776445,414.655523930032,,,,,
5.87495,0.0,0.332669920765775,414.750956433461,,,,,
5.5484,0.0,0.332643605694289,414.679903932262,,,,,
5.6577,0.0,0.332685676004002,414.707829636282,,,,,
5.981,0.0,0.332576905092307,414.624175806907,,,,,
5.2707,0.0,0.332534015278974,414.594662500001,,,,,
5.52855,0.0,0.332634696101335,414.673877840798,,,,,
5.7459,0.0,0.332717253127393,414.75522556098,,,,,
5.969,0.0,0.332603748818858,414.651110787945,,,,,
5.7334,0.0,0.332588102365056,414.700244387332,,,,,
5.70095,0.0,0.332576701084378,414.622759274608,,,,,
5.1762,0.0,0.33242234278932,414.572674618604,,,,,
5.36805,0.0,0.332664058084774,414.693598570073,,,,,
5.54075,0.0,0.332576277753853,414.621422308474,,,,,
5.85975,0.0,0.332582321921938,414.630634325618,,,,,
5.30745,0.0,0.332685363257616,414.709503548582,,,,,
5.271,0.0,0.332534142731936,414.595219307949,,,,,
5.3362,0.0,0.332710431244171,414.746536839556,,,,,
5.8,0.0,0.332579124012285,414.626351728845,,,,,
5.25395,0.0,0.332538067493418,414.6771529444,,,,,
5.9034,0.0,0.332589631001728,414.702543619749,,,,,
5.1279,0.0,0.331933829227719,414.234350925577,,,,,
5.24815,0.0,0.332600446657479,414.653429835531,,,,,
5.7969,0.0,0.332720409800182,414.735261081239,,,,,
5.0922,0.0,0.331035049340934,413.604587243154,,,,,
5.5233,0.0,0.332583889963888,414.693006067074,,,,,
5.86305,0.0,0.332581603803293,414.68726991341,,,,,
5.7944,0.0,0.332633525855351,414.737680273685,,,,,
5.601,0.0,0.332576696161933,414.622877095683,,,,,
5.57635,0.0,0.332725995955149,414.750307492037,,,,,
5.9755,0.0,0.332703654052902,414.756192509564,,,,,
5.87525,0.0,0.332688367688452,414.754752094355,,,,,
5.22665,0.0,0.33262122435232,414.681904472617,,,,,
5.8661,0.0,0.332723716784634,414.752752005287,,,,,
5.4329,0.0,0.332576503639588,414.674054795581,,,,,
5.2022,0.0,0.332401826275968,414.535330784291,,,,,
5.62685,0.0,0.33272301209191,414.738365681149,,,,,
5.96675,0.0,0.332722805440075,414.738084387396,,,,,
5.5286,0.0,0.332631704856918,414.671820540553,,,,,
5.83615,0.0,0.332724481065669,414.752193753283,,,,,
5.2647,0.0,0.332590148384856,414.710110237878,,,,,
5.22365,0.0,0.33247400959416,414.631588816728,,,,,
5.1686,0.0,0.332312638900112,414.470622480659,,,,,
5.4734,0.0,0.332585271497338,414.696245635314,,,,,
5.3204,0.0,0.332561788476894,414.613455468022,,,,,
5.50455,0.0,0.332636487007193,414.739031550655,,,,,
5.1817,0.0,0.332315084553331,414.465791544617,,,,,
5.3738,0.0,0.332591501452784,414.708360277272,,,,,
5.78945,0.0,0.332589710851608,414.638654521848,,,,,
5.08715,0.0,0.331164463033288,413.701657630044,,,,,
5.26745,0.0,0.332660970867632,414.69441645224,,,,,
5.53845,0.0,0.332640656089314,414.677926141057,,,,,
5.82005,0.0,0.332578561216384,414.625499339516,,,,,
5.1008,0.0,0.331306911571413,413.778438140696,,,,,
5.17585,0.0,0.332404146506347,414.572063420554,,,,,
5.5927,0.0,0.332577156136744,414.668992783253,,,,,
5.92845,0.0,0.332633115174593,414.672784880762,,,,,
5.9436,0.0,0.332596540133075,414.711225241913,,,,,
5.683,0.0,0.332580028640437,414.682678342302,,,,,
5.97075,0.0,0.332576562162017,414.622009895532,,,,,
5.8977,0.0,0.33268097657584,414.704649892705,,,,,
5.74395,0.0,0.332608400665304,414.722187338963,,,,,
5.2302,0.0,0.332483624865002,414.565661336928,,,,,
5.1698,0.0,0.332264479182782,414.431052489218,,,,,
5.30735,0.0,0.332689811117821,414.713082273427,,,,,
5.82265,0.0,0.332577338813841,414.670036412307,,,,,
5.00145,1734.6649289963,0.291813529817873,390.292805215497,,,,,
5.026,624.117664275658,0.322787887697658,410.878466892842,,,,,
5.3064,0.0,0.332704424394036,414.738024132191,,,,,
5.89175,0.0,0.332576976741174,414.63894006053,,,,,
5.73335,0.0,0.332586822570811,414.698152488678,,,,,
5.4295,0.0,0.33259004775226,414.639528811632,,,,,
5.00655,1685.30753432655,0.315080355494532,400.966807544121,,,,,
5.9948,0.0,0.332662805375782,414.748984281245,,,,,
5.23215,0.0,0.332481417890866,414.584283624995,,,,,
5.2762,0.0,0.332682236871117,414.729894104694,,,,,
5.19085,0.0,0.332362360726108,414.485800620468,,,,,
5.78505,0.0,0.332674374847001,414.752053326943,,,,,
5.50005,0.0,0.332579247619421,414.626872740682,,,,,
5.8845,0.0,0.332641422748518,414.741284534006,,,,,
5.83685,0.0,0.332721411903587,414.736384490213,,,,,
5.2413,0.0,0.332499117039064,414.575558856334,,,,,
5.93425,0.0,0.332627384183811,414.734528538739,,,,,
5.3087,0.0,0.332611082037476,414.658671859411,,,,,
5.2764,0.0,0.332686559565629,414.727360493067,,,,,
5.5132,0.0,0.332581877815236,414.688600505391,,,,,
5.9646,0.0,0.33264934734198,414.744466951254,,,,,
5.09895,0.0,0.331336966555454,413.812852950806,,,,,
5.42435,0.0,0.332621636688352,414.731205477086,,,,,
5.62435,0.0,0.33262730379612,414.734482306242,,,,,
5.9193,0.0,0.33259301749487,414.641810778634,,,,,
5.41015,0.0,0.332576380578371,414.624404682384,,,,,
5.4981,0.0,0.332663528787094,414.693099539427,,,,,
5.7282,0.0,0.332652706433341,414.685963578343,,,,,
5.9027,0.0,0.332577804257129,414.673146667851,,,,,
5.64055,0.0,0.33257646152531,414.621638390576,,,,,
5.9407,0.0,0.332576492700815,414.621744172397,,,,,
5.8292,0.0,0.332597544797311,414.645877970761,,,,,
5.17985,0.0,0.332322277450125,414.467047413178,,,,,
5.7936,0.0,0.332594817375689,414.709268808848,,,,,
5.74375,0.0,0.332599762485793,414.714584882121,,,,,
5.11005,0.0,0.331526645234328,413.940813853365,,,,,
5.3927,0.0,0.332573191909638,414.664065351566,,,,,
5.07895,0.0,0.330703247711339,413.421802203217,,,,,
5.2199,0.0,0.332466609886288,414.557842493682,,,,,
5.3814,0.0,0.332572559094729,414.624222750106,,,,,
5.9508,0.0,0.33257662287219,414.622262671983,,,,,
5.1163,0.0,0.331746010194441,414.148754797754,,,,,
5.82895,0.0,0.332608042454658,414.654525340304,,,,,
5.8399,0.0,0.332580156075765,414.62781870835,,,,,
5.99885,0.0,0.332610150149619,414.656170153974,,,,,
5.60975,0.0,0.332583817769583,414.632411825332,,,,,
5.56845,0.0,0.332640124020226,414.677570239935,,,,,
5.8356,0.0,0.332706285998853,414.756227133895,,,,,
5.74435,0.0,0.332629589095768,414.73570259322,,,,,
5.68325,0.0,0.332584184757137,414.693251847079,,,,,
5.4352,0.0,0.332675047382933,414.751593617658,,,,,
5.4087,0.0,0.33262580923775,414.667870839674,,,,,
5.61545,0.0,0.332694889861755,414.755571048142,,,,,
5.2962,0.0,0.332695523537467,414.737805376992,,,,,
5.48505,0.0,0.33266761715237,414.750147598747,,,,,
5.58575,0.0,0.332709320310371,414.756108962923,,,,,
5.4663,0.0,0.332724131727131,414.751238553619,,,,,
5.3432,0.0,0.332571007407786,414.680039090115,,,,,
5.2533,0.0,0.332518923518386,414.649840128475,,,,,
5.342,0.0,0.332566574914263,414.634497493761,,,,,
5.3954,0.0,0.332684410800902,414.752516724287,,,,,
5.72005,0.0,0.332578866406116,414.625977373212,,,,,
5.71025,0.0,0.332577358503582,414.623474593574,,,,,
5.13845,0.0,0.332047163182283,414.303342519893,,,,,
5.0194,1139.91219152055,0.332459005386434,413.009960040346,,,,,
5.09765,0.0,0.33139133958215,413.860322553663,,,,,
5.806,0.0,0.332720907298704,414.754173340575,,,,,
5.81255,0.0,0.332576886496415,414.665881510933,,,,,
5.61845,0.0,0.332639190573223,414.676934204205,,,,,
5.7877,0.0,0.332683145046228,414.706114867548,,,,,
5.87415,0.0,0.332620704830065,414.73068385298,,,,,
5.01575,1335.72888535389,0.327251354974661,410.356226565367,,,,,
5.1002,0.0,0.331309038524424,413.782501153919,,,,,
5.7727,0.0,0.332577523678586,414.671412556272,,,,,
5.02065,1032.14571623635,0.333084146726025,413.53651226902,,,,,
5.36575,0.0,0.332699637752916,414.752270718617,,,,,
5.6871,0.0,0.33271503184835,414.729973500655,,,,,
5.9241,0.0,0.332618874464668,414.729552893834,,,,,
5.33125,0.0,0.332564354269679,414.61665643796,,,,,
5.3043,0.0,0.332595838999242,414.715457951346,,,,,
5.16915,0.0,0.332285695017815,414.450468127891,,,,,
5.365,0.0,0.332655786618674,414.744819928128,,,,,
5.70865,0.0,0.332625614009542,414.66755476405,,,,,
5.64205,0.0,0.332576632717082,414.64559697193,,,,,
5.03025,401.087873986186,0.323707456066582,411.648529348283,,,,,
5.00075,1734.69301553283,0.291851195801385,390.627037237622,,,,,
5.4966,0.0,0.332726398320882,414.745621252884,,,,,
5.8093,0.0,0.332594210853584,414.642905103263,,,,,
5.3206,0.0,0.332561124463343,414.612058431951,,,,,
5.5636,0.0,0.332592205877239,414.706156736203,,,,,
5.6306,0.0,0.332576425427353,414.621527324074,,,,,
5.5402,0.0,0.332577887391466,414.624579999868,,,,,
5.2883,0.0,0.332626463825612,414.669480692768,,,,,
5.15245,0.0,0.33209532921866,414.350918364929,,,,,
5.1976,0.0,0.332515342618802,414.60261262421,,,,,
5.82075,0.0,0.332576517859992,414.621785659295,,,,,
5.01545,1372.81782557279,0.324274269710832,408.390782454945,,,,,
5.2732,0.0,0.332538532991673,414.659017451038,,,,,
5.07415,0.0,0.330001732631356,413.08364922692,,,,,
5.06265,0.0,0.328784603022279,412.762550441671,,,,,
5.44145,0.0,0.332575812308429,414.627504347206,,,,,
5.5093,0.0,0.332597352833938,414.645797272262,,,,,
5.29935,0.0,0.33257514340041,414.631876999388,,,,,
5.3018,0.0,0.332553982131618,414.620460578588,,,,,
5.05745,0.0,0.328647279579255,412.740721507315,,,,,
5.4951,0.0,0.332671121503585,414.751092494778,,,,,
5.12585,0.0,0.331879730332508,414.251777500475,,,,,
5.6718,0.0,0.332576987132993,414.638325606944,,,,,
5.4877,0.0,0.332688428924976,414.709744847999,,,,,
5.7471,0.0,0.332714304722035,414.72932083326,,,,,
5.1064,0.0,0.331567762257883,414.021199472475,,,,,
5.0351,0.0,0.321206124432583,411.501885614736,,,,,
5.09735,0.0,0.331397284058123,413.868310216805,,,,,
5.2433,0.0,0.332504604065118,414.640815776963,,,,,
5.1837,0.0,0.332329985790015,414.543372069223,,,,,
5.1921,0.0,0.332362771194131,414.507205170687,,,,,
5.32845,0.0,0.332632235845779,414.672776455756,,,,,
5.3795,0.0,0.332587628732375,414.638155412595,,,,,
5.6101,0.0,0.332578699590975,414.625738407628,,,,,
5.49005,0.0,0.332579210974833,414.626870259766,,,,,
5.05555,0.0,0.326752271551088,411.943034679393,,,,,
5.8776,0.0,0.332687384075229,414.708994902772,,,,,
5.0952,0.0,0.331212517438428,413.809327485312,,,,,
5.6439,0.0,0.332604640254618,414.719095793699,,,,,
5.03185,253.187688045331,0.323726263673436,412.001716124183,,,,,
5.0124,1512.80124854946,0.317729934928892,402.994478921486,,,,,
5.1203,0.0,0.331706437553563,414.064610993134,,,,,
5.97125,0.0,0.332577163246933,414.627860049012,,,,,
5.53285,0.0,0.332577817930541,414.67423753052,,,,,
5.3373,0.0,0.3327006606948,414.720193069941,,,,,
5.0348,0.0,0.322092301027895,412.253230303491,,,,,
5.9446,0.0,0.33264893011892,414.744311138367,,,,,
5.0943,0.0,0.331097870446548,413.732533091106,,,,,
5.88065,0.0,0.332576457696739,414.621554134686,,,,,
5.514,0.0,0.332606940475977,414.721074968811,,,,,
5.1114,0.0,0.331523346061286,413.938184149416,,,,,
5.5405,0.0,0.332576458790616,414.621870568619,,,,,
5.7277,0.0,0.332684312383865,414.706909583815,,,,,
5.5072,0.0,0.332713098126215,414.728352693663,,,,,
5.2806,0.0,0.332541903595314,414.599921211474,,,,,
5.49025,0.0,0.332577323499597,414.623958888813,,,,,
5.81395,0.0,0.332609493342113,414.723023809487,,,,,
5.35775,0.0,0.332681312837303,414.705260637353,,,,,
5.0035,1729.88909258652,0.290111507865151,382.614945254929,,,,,
5.5335,0.0,0.33258885383169,414.701568625174,,,,,
5.72055,0.0,0.332576463713065,414.621583486289,,,,,
5.2884,0.0,0.332620157963658,414.665289018275,,,,,
5.0589,0.0,0.328997745188901,412.954214154667,,,,,
5.37385,0.0,0.332593398691955,414.710343540353,,,,,
5.61855,0.0,0.332633120096203,414.672792815105,,,,,
5.88935,0.0,0.332591732250402,414.640605845752,,,,,
5.09455,0.0,0.331124637413435,413.754641377358,,,,,
5.2422,0.0,0.332498783875743,414.597057656202,,,,,
5.6588,0.0,0.332618250486591,414.662257740939,,,,,
5.1005,0.0,0.331307400211801,413.779573676699,,,,,
5.843,0.0,0.332580750591005,414.684879755999,,,,,
5.73525,0.0,0.332685659054467,414.754322590478,,,,,
5.6766,0.0,0.332726491805242,414.744532458435,,,,,
5.32125,0.0,0.332561511166618,414.614822280225,,,,,
5.86695,0.0,0.332718213690676,414.732978840053,,,,,
5.6611,0.0,0.332576890871919,414.624118854589,,,,,
5.63275,0.0,0.332577521490838,414.671579877455,,,,,
5.2982,0.0,0.33263791699075,414.676899681463,,,,,
5.31235,0.0,0.332557562615141,414.640243268233,,,,,
5.75405,0.0,0.332613423230133,414.725915565519,,,,,
5.10445,0.0,0.331375158321089,413.936361972306,,,,,
5.9442,0.0,0.332624716614539,414.73305253778,,,,,
5.8105,0.0,0.33257650254571,414.621638105786,,,,,
5.20955,0.0,0.332449217599093,414.550412456255,,,,,
5.488,0.0,0.332670039964895,414.697386839916,,,,,
5.80725,0.0,0.332707173879538,414.723366128087,,,,,
5.9978,0.0,0.332672720293468,414.69914778462,,,,,
5.14785,0.0,0.332183711946014,414.393741393783,,,,,
5.87775,0.0,0.332678299047643,414.702853604855,,,,,
5.5993,0.0,0.332596555446434,414.645026175973,,,,,
5.02165,956.555381268305,0.333102607842327,413.651247375219,,,,,
5.1769,0.0,0.332437882686905,414.56440355706,,,,,
5.05415,0.0,0.326665016375689,412.137504874138,,,,,
5.34535,0.0,0.332674126609818,414.748024194877,,,,,
5.50505,0.0,0.332668213698459,414.750377353221,,,,,
5.5431,0.0,0.332580614404995,414.68487368752,,,,,
5.14265,0.0,0.331988323115457,414.291232960427,,,,,
5.206,0.0,0.332550437163345,414.656000846643,,,,,
5.44355,0.0,0.332588279020029,414.701721295613,,,,,
5.3539,0.0,0.3325923289326,414.710330321824,,,,,
5.6245,0.0,0.332636185698211,414.738943521935,,,,,
5.39475,0.0,0.332643441098928,414.741376323708,,,,,
5.0472,0.0,0.325002993085931,411.537440480217,,,,,
5.41355,0.0,0.332586883279111,414.700614561628,,,,,
5.61655,0.0,0.332726838407845,414.746118325589,,,,,
5.54665,0.0,0.332726289529108,414.74425054429,,,,,
5.4203,0.0,0.332575584781404,414.622658895224,,,,,
5.78845,0.0,0.3326358450164,414.674660903499,,,,,
5.51425,0.0,0.332619444848512,414.729918145883,,,,,
5.7931,0.0,0.332582060489739,414.68842390388,,,,,
5.97945,0.0,0.332588009388717,414.636950487166,,,,,
5.0794,0.0,0.330666708951481,413.391603750147,,,,,
5.96085,0.0,0.33257669725581,414.622639853543,,,,,
5.65555,0.0,0.332700942262965,414.756069968952,,,,,
5.1664,0.0,0.332363209573419,414.531130550691,,,,,
5.1819,0.0,0.332314963584783,414.470846606818,,,,,
5.6934,0.0,0.332587759993232,414.699698666675,,,,,
5.51195,0.0,0.332576536455904,414.640963617991,,,,,
5.98615,0.0,0.332725251905278,414.75145897356,,,,,
5.01835,1207.65760585484,0.332621241305137,413.928924383724,,,,,
5.4636,0.0,0.332590403247708,414.704335792537,,,,,
5.7024,0.0,0.332576468088574,414.658657160568,,,,,
5.79165,0.0,0.3325771162103,414.635349484969,,,,,
5.6497,0.0,0.332584592763688,414.633298620976,,,,,
5.40225,0.0,0.332573455536583,414.647762902343,,,,,
5.0576,0.0,0.32875995551881,412.797096798954,,,,,
5.58595,0.0,0.332717115903841,414.755195490101,,,,,
5.4071,0.0,0.332715500925987,414.731290600997,,,,,
5.58765,0.0,0.3326898893034,414.710729122069,,,,,
5.80155,0.0,0.332577192234622,414.632961081583,,,,,
5.5585,0.0,0.332637237270843,414.675610854445,,,,,
5.21565,0.0,0.332562436080266,414.67334884589,,,,,
5.3137,0.0,0.332574071394565,414.695333202023,,,,,
5.92045,0.0,0.332576512937544,414.621680943558,,,,,
5.47475,0.0,0.33264804427006,414.743805041819,,,,,
5.5957,0.0,0.332707255341379,414.756182051982,,,,,
5.85865,0.0,0.33262287533397,414.665611451139,,,,,
5.1006,0.0,0.331307133381296,413.778992960038,,,,,
5.13075,0.0,0.331858860170517,414.164524788723,,,,,
5.33935,0.0,0.332587539584347,414.639620966552,,,,,
5.1237,0.0,0.331721519668813,414.161184660047,,,,,
5.33825,0.0,0.332647081316863,414.682552816247,,,,,
5.70385,0.0,0.332603344664067,414.717946701637,,,,,
5.14725,0.0,0.332197739691799,414.410123225867,,,,,
5.84755,0.0,0.332690847211935,414.711392675453,,,,,
5.6739,0.0,0.332605093081193,414.719472496591,,,,,
5.73245,0.0,0.332576540831413,414.660941758572,,,,,
5.9817,0.0,0.332576989320745,414.638354178107,,,,,
5.80535,0.0,0.332692800746309,414.755352149169,,,,,
5.293,0.0,0.332550329954952,414.659632423943,,,,,
5.0092,1613.30921419808,0.31689265461654,402.558201623218,,,,,
5.18555,0.0,0.332441386724007,414.603132013319,,,,,
5.74215,0.0,0.332576495982447,414.650056521135,,,,,
5.7087,0.0,0.332622807523027,414.665557119976,,,,,
5.64065,0.0,0.33257640409674,414.621478856088,,,,,
5.3764,0.0,0.332720798505134,414.747474572165,,,,,
5.6041,0.0,0.332613435808326,414.725927018603,,,,,
5.7441,0.0,0.332615785187526,414.727550254609,,,,,
5.1847,0.0,0.332381437102254,414.583373094866,,,,,
5.5046,0.0,0.332639555859181,414.740410875109,,,,,
5.5894,0.0,0.332593184849742,414.641988294305,,,,,
5.27705,0.0,0.332683347895358,414.712621023169,,,,,
5.79765,0.0,0.332685959225125,414.708022315474,,,,,
5.78385,0.0,0.332604470171047,414.718939056365,,,,,
5.9011,0.0,0.332577008463569,414.625121009411,,,,,
5.92695,0.0,0.332717579511472,414.732351989706,,,,,
5.6991,0.0,0.332603213956256,414.650677510136,,,,,
5.7621,0.0,0.332576555051816,414.648566093506,,,,,
5.0296,430.328678533482,0.323371992958324,411.246060893093,,,,,
5.39905,0.0,0.332606824535576,414.654029724998,,,,,
5.56655,0.0,0.332726802872895,414.746430948938,,,,,
5.3009,0.0,0.332553349827132,414.60704320173,,,,,
5.18325,0.0,0.332319287772488,414.522934243744,,,,,
5.0514,0.0,0.326827546529043,412.460023076627,,,,,
5.52035,0.0,0.332576892512733,414.622935249104,,,,,
5.19625,0.0,0.332523879056569,414.632769439571,,,,,
5.1581,0.0,0.332264814223397,414.442846083214,,,,,
5.28885,0.0,0.332593444085553,414.646893666237,,,,,
5.04095,0.0,0.324347352171018,412.07187707917,,,,,
5.0269,554.43460652318,0.31645188241241,406.966194983838,,,,,
5.6546,0.0,0.332642979575286,414.741940347132,,,,,
5.2781,0.0,0.332632749881562,414.673870677751,,,,,
5.56695,0.0,0.33272097344955,414.735946389278,,,,,
5.068,0.0,0.330206707138364,413.251763740427,,,,,
5.2975,0.0,0.332678652261704,414.704994574281,,,,,
5.3869,0.0,0.332719551476808,414.736658974576,,,,,
5.82095,0.0,0.332576772733289,414.623102421568,,,,,
5.72415,0.0,0.332618069472574,414.729042304183,,,,,
5.7585,0.0,0.332633423595343,414.67299981667,,,,,
5.40485,0.0,0.332650689779598,414.744218047999,,,,,
5.24525,0.0,0.332600447751277,414.706680227795,,,,,
5.9234,0.0,0.332589821328807,414.702812963826,,,,,
5.3328,0.0,0.332564681350773,414.661742954727,,,,,
5.3269,0.0,0.332710239892649,414.731236054551,,,,,
5.28635,0.0,0.332692917750242,414.732400817602,,,,,
5.77435,0.0,0.332630166570294,414.73600118851,,,,,
5.80565,0.0,0.332708136658809,414.756199143257,,,,,
5.82355,0.0,0.332593453383036,414.707637461659,,,,,
5.4493,0.0,0.332597306347065,414.645938962421,,,,,
5.59725,0.0,0.332710162805291,414.725782373948,,,,,
5.1155,0.0,0.331679740572207,414.132684252221,,,,,
5.0264,624.117664275658,0.319194020959052,408.690922745296,,,,,
5.68815,0.0,0.332656750093477,414.688626885169,,,,,
5.17335,0.0,0.332262140458492,414.490797409389,,,,,
5.11845,0.0,0.331755764995917,414.111825586859,,,,,
5.5319,0.0,0.332576721321095,414.639750121166,,,,,
5.17275,0.0,0.332255901042574,414.463956568373,,,,,
5.61315,0.0,0.332581875627517,414.688038106247,,,,,
5.85485,0.0,0.332663086429192,414.749070228837,,,,,
5.47225,0.0,0.332575764724665,414.650015232037,,,,,
5.60905,0.0,0.332606692188465,414.65346433199,,,,,
5.13155,0.0,0.331859643435061,414.171540312923,,,,,
5.53555,0.0,0.332698724702185,414.755824852582,,,,,
5.6342,0.0,0.332619148992777,414.729731455535,,,,,
5.9678,0.0,0.332673325578878,414.699554488226,,,,,
5.3663,0.0,0.332718097242344,414.748362867862,,,,,
5.49625,0.0,0.332723840338053,414.752066054134,,,,,
5.45465,0.0,0.332640957394247,414.740892565749,,,,,
5.22895,0.0,0.332521548721065,414.600924188952,,,,,
5.442,0.0,0.332575458438206,414.641132479991,,,,,
5.01515,1381.95521363818,0.321528964265451,406.42583166859,,,,,
5.2081,0.0,0.332522561270259,414.60457430916,,,,,
5.08825,0.0,0.331120976612932,413.666552315984,,,,,
5.78765,0.0,0.332686144576271,414.708152378995,,,,,
5.379,0.0,0.332608045735979,414.655162071817,,,,,
5.2268,0.0,0.332621186618625,414.678768064741,,,,,
5.63965,0.0,0.332585764822619,414.634602587001,,,,,
5.4542,0.0,0.332614986203585,414.727077225276,,,,,
5.60825,0.0,0.33265198135805,414.685472019263,,,,,
5.8786,0.0,0.332625324174735,414.66734879725,,,,,
5.8856,0.0,0.332707041572345,414.756219986242,,,,,
5.02325,840.149543741029,0.333230668347118,416.974487331001,,,,,
5.8625,0.0,0.332576761247587,414.664543271417,,,,,
5.05985,0.0,0.328827238414621,412.828123768067,,,,,
5.86065,0.0,0.332576445117148,414.621542874939,,,,,
5.73385,0.0,0.332603765225673,414.718321994496,,,,,
5.21045,0.0,0.332434326084308,414.532535114484,,,,,
5.4782,0.0,0.332657322599602,414.689013757651,,,,,
5.8674,0.0,0.332698768987937,414.717019266625,,,,,
5.44435,0.0,0.332622666432472,414.731826601575,,,,,
5.30935,0.0,0.332579279341599,414.63446648251,,,,,
5.25615,0.0,0.332660905798454,414.718439912278,,,,,
5.93255,0.0,0.332577028153329,414.667440673195,,,,,
5.7411,0.0,0.332576931892267,414.624440497956,,,,,
5.5814,0.0,0.332577093238918,414.628233931306,,,,,
5.5055,0.0,0.332695313588098,414.755437184909,,,,,
5.36075,0.0,0.332569564556681,414.617132294662,,,,,
5.54535,0.0,0.332687761883653,414.754579504561,,,,,
5.4682,0.0,0.332657381107813,414.689060980759,,,,,
5.5543,0.0,0.332623086969648,414.732105285932,,,,,
5.33465,0.0,0.332627221767843,414.73295085534,,,,,
5.12655,0.0,0.331925202537467,414.257181219616,,,,,
5.8585,0.0,0.332631485570849,414.671667131193,,,,,
5.6882,0.0,0.332653540869464,414.686510310476,,,,,
5.20015,0.0,0.332404703578117,414.516170763427,,,,,
5.5361,0.0,0.332721036320177,414.753923391122,,,,,
5.116,0.0,0.331724165438939,414.145094943175,,,,,
5.99425,0.0,0.332628515624833,414.73513187105,,,,,
5.10095,0.0,0.331306946709623,413.778566831937,,,,,
5.5069,0.0,0.332722427671443,414.737845452659,,,,,
5.7264,0.0,0.332726802326203,414.748532929313,,,,,
5.02835,508.302462258431,0.31960957455151,408.426799585805,,,,,
5.97095,0.0,0.332576832349547,414.623582128504,,,,,
5.62805,0.0,0.332664412954338,414.693668859254,,,,,
5.93925,0.0,0.332594453681323,414.643146577282,,,,,
5.20555,0.0,0.332525487306758,414.65385933934,,,,,
5.79545,0.0,0.332698103607562,414.755888410156,,,,,
5.2243,0.0,0.332501644474078,414.657742082058,,,,,
5.4793,0.0,0.332597455105037,414.645941309252,,,,,
5.71425,0.0,0.332623337432368,414.732255072328,,,,,
5.09725,0.0,0.331397854348965,413.870354814795,,,,,
5.25845,0.0,0.332593529403624,414.648379540508,,,,,
5.66035,0.0,0.332576948847342,414.622704437188,,,,,
5.87985,0.0,0.332580654877952,414.628498219141,,,,,
5.37435,0.0,0.332617202135162,414.728517840626,,,,,
5.50625,0.0,0.332723961157946,414.752066186162,,,,,
5.74285,0.0,0.332578591844757,414.67720747336,,,,,
5.1285,0.0,0.331912199057861,414.215738037116,,,,,
5.4269,0.0,0.332721548578667,414.737690380814,,,,,
5.5247,0.0,0.33264635896343,414.743257296598,,,,,
5.74835,0.0,0.332642802402534,414.679368838071,,,,,
5.5568,0.0,0.332724360245965,414.740343124086,,,,,
5.8721,0.0,0.332576529345703,414.649790405326,,,,,
5.34605,0.0,0.332708300675443,414.749221906777,,,,,
5.72165,0.0,0.332577130430678,414.634767532583,,,,,
5.2525,0.0,0.332512856863203,414.616832156653,,,,,
5.96255,0.0,0.332577066985909,414.667832155881,,,,,
5.73725,0.0,0.332708190784308,414.724190201427,,,,,
5.97495,0.0,0.332671962454899,414.751476832548,,,,,
5.43185,0.0,0.332575373115499,414.636501248055,,,,,
5.62885,0.0,0.332616123155515,414.660691116023,,,,,
5.22275,0.0,0.332460243543708,414.592864629522,,,,,
5.90695,0.0,0.332717790540203,414.732561684766,,,,,
5.16415,0.0,0.332217981903738,414.482923449215,,,,,
5.6465,0.0,0.332726916584723,414.747004340723,,,,,
5.0569,0.0,0.32809857862309,412.487295800547,,,,,
5.60305,0.0,0.332580311404596,414.683664242263,,,,,
5.5396,0.0,0.332587659359913,414.636646687816,,,,,
5.86155,0.0,0.332577168169371,414.63342644485,,,,,
5.6412,0.0,0.33257699314931,414.625321719539,,,,,
5.75565,0.0,0.33270739912968,414.756216323425,,,,,
5.4696,0.0,0.33258769545665,414.636904607274,,,,,
5.61525,0.0,0.332683287751424,414.753890399801,,,,,
5.3757,0.0,0.332698586377515,414.752966331498,,,,,
5.423,0.0,0.332577023230889,414.677854461877,,,,,
5.1298,0.0,0.331867512702011,414.176991995446,,,,,
5.4664,0.0,0.332725400059352,414.749600185135,,,,,
5.98445,0.0,0.332640320880419,414.740816139335,,,,,
5.0079,1644.56801254043,0.317653318931039,403.865208818845,,,,,
5.68565,0.0,0.332706323176171,414.756218278969,,,,,
5.1226,0.0,0.331704933362301,414.103035773036,,,,,
5.42685,0.0,0.33272252061022,414.739083683535,,,,,
5.06185,0.0,0.328782941065506,412.783956122691,,,,,
5.90105,0.0,0.332576945565715,414.624467122425,,,,,
5.9781,0.0,0.332653915435458,414.686761198542,,,,,
5.81415,0.0,0.332619643908415,414.730033389528,,,,,
5.103,0.0,0.331308956718791,413.837555914354,,,,,
5.04405,0.0,0.324059435308231,412.17270508302,,,,,
5.29355,0.0,0.332560022876159,414.682993066725,,,,,
5.16535,0.0,0.332300273515733,414.523347858194,,,,,
5.8583,0.0,0.332643696467776,414.679969349876,,,,,
5.9625,0.0,0.332576870088274,414.66583151784,,,,,
5.37735,0.0,0.332704090889577,414.721764598752,,,,,
5.24795,0.0,0.33261258486521,414.661597292875,,,,,
5.3525,0.0,0.332568057158923,414.652839520406,,,,,
5.7428,0.0,0.332578155937112,414.675128370883,,,,,
5.00665,1685.14714147416,0.315971467772142,401.636097523134,,,,,
5.42105,0.0,0.332574686704465,414.621542919828,,,,,
5.3381,0.0,0.332656662057587,414.688870844649,,,,,
5.77735,0.0,0.332702826303237,414.720032092489,,,,,
5.42805,0.0,0.332666887735258,414.695343446666,,,,,
5.2401,0.0,0.332502181688309,414.578330883197,,,,,
5.3856,0.0,0.332694617036379,414.753299296858,,,,,
5.31495,0.0,0.332639749438703,414.736354505665,,,,,
5.76215,0.0,0.332576503639588,414.650282457809,,,,,
5.6207,0.0,0.332576400815108,414.621484956345,,,,,
5.90655,0.0,0.332726298822879,414.743940781999,,,,,
5.32525,0.0,0.332662585016619,414.743702781004,,,,,
5.0204,1071.82724241653,0.33304006766942,413.450729359066,,,,,
5.5027,0.0,0.33257665732931,414.66759878353,,,,,
5.4023,0.0,0.332573412328032,414.6495054121,,,,,
5.4009,0.0,0.332573466475456,414.61990010664,,,,,
5.79965,0.0,0.332584646362367,414.633340770977,,,,,
5.1029,0.0,0.331308136465225,413.831959056929,,,,,
5.8052,0.0,0.3326840411901,414.754039710308,,,,,
5.648,0.0,0.332667200499013,414.695510290239,,,,,
5.4619,0.0,0.33257603819448,414.638657513831,,,,,
5.2549,0.0,0.332591460981148,414.708229963502,,,,,
5.83315,0.0,0.332583192631879,414.691091285285,,,,,
5.35375,0.0,0.332586671073474,414.704366557096,,,,,
5.41235,0.0,0.332573953254934,414.651755966847,,,,,
5.1382,0.0,0.332058063885564,414.311767857193,,,,,
5.4893,0.0,0.332597440885528,414.645904882444,,,,,
5.31695,0.0,0.332706246087905,414.728037744735,,,,,
5.3249,0.0,0.332640105427868,414.737390911829,,,,,
5.7452,0.0,0.332682845419795,414.753824861434,,,,,
5.29105,0.0,0.332548346046456,414.604545112913,,,,,
5.76415,0.0,0.332618762356511,414.72948428171,,,,,
5.2358,0.0,0.332616210655262,414.701461229561,,,,,
5.25225,0.0,0.332512982683145,414.607854242569,,,,,
5.11075,0.0,0.331522752941879,413.934203941202,,,,,
5.44825,0.0,0.332654206885786,414.686980111804,,,,,
5.3497,0.0,0.332578438155928,414.630402441387,,,,,
5.8711,0.0,0.332577007369693,414.624988510346,,,,,
5.8334,0.0,0.332589001499606,414.701599904563,,,,,
5.15225,0.0,0.332095499015258,414.343443113315,,,,,
5.78455,0.0,0.332642498911951,414.741745910361,,,,,
5.0741,0.0,0.329997234208398,413.080187095643,,,,,
5.5333,0.0,0.332584017397736,414.693175534625,,,,,
5.2521,0.0,0.332513183447911,414.602949040002,,,,,
5.6278,0.0,0.332680190870903,414.70412372153,,,,,
5.14715,0.0,0.332198201834013,414.412240862582,,,,,
5.93,0.0,0.33257869904404,414.625707326918,,,,,
5.7115,0.0,0.332577207548872,414.631155306068,,,,,
5.3316,0.0,0.3325646025888,414.62265929346,,,,,
5.38605,0.0,0.332714069089031,414.752366676676,,,,,
5.2722,0.0,0.332534183757556,414.619763436023,,,,,
5.87605,0.0,0.332722730542421,414.753354003502,,,,,
5.59385,0.0,0.332601804605586,414.716540437569,,,,,
5.96265,0.0,0.332577600796688,414.671893717089,,,,,
5.6704,0.0,0.332576768904722,414.622315915407,,,,,
5.989,0.0,0.332603479200087,414.650883201641,,,,,
5.93915,0.0,0.332598062715032,414.64634513426,,,,,
5.5607,0.0,0.332576317680398,414.621418937111,,,,,
5.01845,1197.19504283392,0.332500317299559,413.768718542466,,,,,
5.18465,0.0,0.332378090592805,414.581718754631,,,,,
5.1274,0.0,0.331942549398917,414.246902969719,,,,,
5.6837,0.0,0.332597099617126,414.711837120541,,,,,
5.0321,253.187688045331,0.323728174659784,412.283806140782,,,,,
5.75725,0.0,0.332707910862444,414.723956284753,,,,,
5.6081,0.0,0.332661613903533,414.691820687416,,,,,
5.17345,0.0,0.332264234471531,414.495426836324,,,,,
5.753,0.0,0.332580346955199,414.683643711217,,,,,
5.62295,0.0,0.332579182534254,414.679739202897,,,,,
5.66435,0.0,0.332628074860929,414.734897580329,,,,,
5.8435,0.0,0.332592046725571,414.705861960914,,,,,
5.44415,0.0,0.332612023766567,414.725058572955,,,,,
5.2032,0.0,0.332405858213095,414.575376389637,,,,,
5.23905,0.0,0.332533989569573,414.608200933089,,,,,
5.0929,0.0,0.331035874667039,413.631187752878,,,,,
5.53665,0.0,0.332726281328722,414.744310205993,,,,,
5.32895,0.0,0.33260330036561,414.652550721783,,,,,
5.38675,0.0,0.332721868944836,414.740637411224,,,,,
5.6631,0.0,0.332581356043796,414.686625729437,,,,,
5.21715,0.0,0.33259271177121,414.655423159878,,,,,
5.9331,0.0,0.332582858458924,414.690350506198,,,,,
5.43905,0.0,0.332607909561145,414.654634549928,,,,,
5.6919,0.0,0.33257685149238,414.641422064058,,,,,
5.16775,0.0,0.332355662363634,414.501920857548,,,,,
5.02605,624.117664275658,0.322296514642734,410.576882990822,,,,,
5.2015,0.0,0.332402306192873,414.517029800592,,,,,
5.9709,0.0,0.332576761247587,414.623091229179,,,,,
5.8722,0.0,0.332576458790616,414.653314838181,,,,,
5.972,0.0,0.332576588962004,414.647497687935,,,,,
5.7204,0.0,0.332576726790478,414.622216879239,,,,,
5.3628,0.0,0.332570464288298,414.665741146963,,,,,
5.9196,0.0,0.33258488591554,414.633606662947,,,,,
5.6639,0.0,0.332604947061096,414.719346287313,,,,,
5.4625,0.0,0.332575582593644,414.658924543016,,,,,
5.285,0.0,0.332626951074387,414.727836126348,,,,,
5.80345,0.0,0.332590145650275,414.703267981952,,,,,
5.4771,0.0,0.332716806467256,414.73182754131,,,,,
5.8464,0.0,0.332726925331785,414.747751904677,,,,,
5.27185,0.0,0.33253464215015,414.609283025647,,,,,
5.2372,0.0,0.332632958776728,414.679618706889,,,,,
5.05285,0.0,0.326831356712426,412.538007997183,,,,,
5.94925,0.0,0.332594354690757,414.643045414073,,,,,
5.3979,0.0,0.332675486444275,414.701106279508,,,,,
5.54765,0.0,0.332690558527462,414.711195053397,,,,,
5.7137,0.0,0.332597480809532,414.712229114449,,,,,
5.0436,0.0,0.324271404408281,412.507198224559,,,,,
5.5873,0.0,0.332708075425912,414.724100704772,,,,,
5.45195,0.0,0.332575780038981,414.639888725846,,,,,
5.80325,0.0,0.332585039601388,414.694903914159,,,,,
5.63015,0.0,0.332578194769561,414.624949078308,,,,,
5.20075,0.0,0.332401571815755,414.510658515487,,,,,
5.8771,0.0,0.332712670595518,414.727880539557,,,,,
5.21155,0.0,0.332434372593972,414.538320723943,,,,,
5.61505,0.0,0.332670852486201,414.751183271905,,,,,
5.0153,1381.95521363818,0.322855611751126,407.398599086077,,,,,
5.84205,0.0,0.332576584586496,414.647757159743,,,,,
5.8849,0.0,0.332666926557348,414.7501602428,,,,,
5.1746,0.0,0.332316416846549,414.544552602967,,,,,
5.526,0.0,0.332717956192197,414.754855342217,,,,,
5.25695,0.0,0.332666842898472,414.704036198014,,,,,
5.55195,0.0,0.332576710382329,414.641470116066,,,,,
5.64855,0.0,0.332632543173651,414.672401546654,,,,,
5.9591,0.0,0.332599759751291,414.647789731123,,,,,
5.25905,0.0,0.332559769083957,414.624500594788,,,,,
5.56805,0.0,0.33266558855959,414.694446856649,,,,,
5.5742,0.0,0.332618036660355,414.729030533072,,,,,
5.0962,0.0,0.331346082321761,413.865280755384,,,,,
5.90525,0.0,0.332688923190799,414.754834691425,,,,,
5.47675,0.0,0.332724981291576,414.742025499766,,,,,
5.6937,0.0,0.332597221576867,414.711969104133,,,,,
5.67975,0.0,0.332583388978844,414.631912528683,,,,,
5.8132,0.0,0.332584049119459,414.692930995408,,,,,
5.3104,0.0,0.332558351344644,414.611291931191,,,,,
5.06755,0.0,0.330170210390889,413.227901166872,,,,,
5.78465,0.0,0.33264879997584,414.74426217465,,,,,
5.6345,0.0,0.332636389122817,414.739042061054,,,,,
5.4799,0.0,0.332581280020426,414.629692306137,,,,,
5.25805,0.0,0.332618416188158,414.664977283023,,,,,
5.65935,0.0,0.332594142489887,414.642856746234,,,,,
5.0433,0.0,0.324337289306944,412.636030277134,,,,,
5.6528,0.0,0.332577922395392,414.673908820179,,,,,
5.1672,0.0,0.33237159066125,414.518220764325,,,,,
5.40975,0.0,0.332582724461491,414.632401509616,,,,,
5.21505,0.0,0.332523201838686,414.664369978554,,,,,
5.48655,0.0,0.332726403787805,414.746721835658,,,,,
5.17665,0.0,0.332435859805448,414.568741096753,,,,,
5.12245,0.0,0.331704885105232,414.096440017707,,,,,
5.38105,0.0,0.332572125913907,414.619821701518,,,,,
5.915,0.0,0.332673905164598,414.751941750377,,,,,
5.05925,0.0,0.328930358920023,412.914618613582,,,,,
5.245,0.0,0.332583898167785,414.701962142566,,,,,
5.84805,0.0,0.332659845005013,414.69066511262,,,,,
5.2968,0.0,0.332700333200653,414.727019909845,,,,,
5.1132,0.0,0.331527260842227,414.007456580656,,,,,
5.013,1481.36826676355,0.317704906159736,402.814799249156,,,,,
5.88985,0.0,0.332580611670336,414.628437220289,,,,,
5.92505,0.0,0.332677233935479,414.752695647225,,,,,
5.1957,0.0,0.332497121336544,414.632527098409,,,,,
5.8842,0.0,0.332623633284378,414.732426081584,,,,,
5.05455,0.0,0.326589819228176,412.006404955181,,,,,
5.85085,0.0,0.33257663654565,414.62237828048,,,,,
5.34655,0.0,0.332717533041396,414.742266484754,,,,,
5.23245,0.0,0.332481141060652,414.59472487129,,,,,
5.11045,0.0,0.331523476646175,413.935795252987,,,,,
5.71915,0.0,0.332600877613822,414.64873237736,,,,,
5.8151,0.0,0.332678124080787,414.752887652726,,,,,
5.4919,0.0,0.332576463713065,414.639199677387,,,,,
5.3571,0.0,0.33271129943198,414.728890401556,,,,,
5.04165,0.0,0.324364969703531,412.215359319789,,,,,
5.57565,0.0,0.332704537020057,414.75615894533,,,,,
5.54425,0.0,0.332620126245379,414.730332100634,,,,,
5.7908,0.0,0.332576556145693,414.621965688744,,,,,
5.97725,0.0,0.332704549048076,414.721339261223,,,,,
5.52295,0.0,0.332578613175229,414.678231035623,,,,,
5.4128,0.0,0.332574935562812,414.669150526037,,,,,
5.0449,0.0,0.323355339516112,411.345640862686,,,,,
5.6255,0.0,0.332697783765248,414.755842633913,,,,,
5.26355,0.0,0.332536141494303,414.667934805552,,,,,
5.0266,590.255267791841,0.317816165658799,407.846161188052,,,,,
5.12085,0.0,0.3317047238827,414.061224628195,,,,,
5.93765,0.0,0.332683215578689,414.706168578261,,,,,
5.2338,0.0,0.332500392247313,414.651276271666,,,,,
5.14605,0.0,0.332162545454405,414.42012787849,,,,,
5.68545,0.0,0.332696159945681,414.75571153987,,,,,
5.11245,0.0,0.331522868164049,413.968792673945,,,,,
5.90935,0.0,0.33259152989231,414.64041426391,,,,,
5.27395,0.0,0.332559400975526,414.690390980032,,,,,
5.17365,0.0,0.332269545267383,414.504669227808,,,,,
5.77395,0.0,0.332608864424468,414.722547859896,,,,,
5.5228,0.0,0.332577379287196,414.672012136822,,,,,
5.41885,0.0,0.332617699241182,414.662053726654,,,,,
5.5294,0.0,0.33259368472621,414.642486458466,,,,,
5.0859,0.0,0.331012213037266,413.645237743379,,,,,
5.53025,0.0,0.332577510552098,414.623979066358,,,,,
5.2901,0.0,0.332551546439997,414.60947337069,,,,,
5.2096,0.0,0.332447714032858,414.548966327293,,,,,
5.12295,0.0,0.331706331717507,414.120043564578,,,,,
5.26465,0.0,0.332587004148756,414.7086994572,,,,,
5.33965,0.0,0.332577902705684,414.630619450013,,,,,
5.56605,0.0,0.332720004693694,414.754384860471,,,,,
5.02145,990.935995315455,0.333096439870342,413.580462912521,,,,,
5.1483,0.0,0.332164324120255,414.378557697772,,,,,
5.89145,0.0,0.332577211377434,414.631345192768,,,,,
5.885,0.0,0.332673286757534,414.751793695174,,,,,
5.10575,0.0,0.331512569887319,414.007460392676,,,,,
5.466,0.0,0.332716711886758,414.754642573716,,,,,
5.47505,0.0,0.3326672841578,414.750016101737,,,,,
5.85575,0.0,0.332713064776654,414.75588747672,,,,,
5.65305,0.0,0.332580565728054,414.684372581792,,,,,
5.96655,0.0,0.33272610693379,414.743461610001,,,,,
5.455,0.0,0.332663285462981,414.748788531872,,,,,
5.5825,0.0,0.332576471917145,414.66094181091,,,,,
5.8477,0.0,0.332681961848303,414.70531629695,,,,,
5.1669,0.0,0.332373203479228,414.52478295911,,,,,
5.50375,0.0,0.332596390280883,414.711255801799,,,,,
5.36665,0.0,0.332720596772241,414.741902091604,,,,,
5.1504,0.0,0.332096285008056,414.319081946394,,,,,
5.9069,0.0,0.332719366144273,414.734150871322,,,,,
5.7065,0.0,0.332726918224797,414.746592977665,,,,,
5.88345,0.0,0.332590913519741,414.704341692868,,,,,
5.59665,0.0,0.332726262741179,414.743925157346,,,,,
5.33105,0.0,0.332564074773707,414.614605083434,,,,,
5.29265,0.0,0.33254835753314,414.645337158518,,,,,
5.88965,0.0,0.332584037634008,414.632649180189,,,,,
5.89275,0.0,0.332578162500343,414.675078471921,,,,,
5.3967,0.0,0.332723064574895,414.742250778202,,,,,
5.18455,0.0,0.332371578621182,414.578271894318,,,,,
5.5818,0.0,0.33257694665959,414.637472430267,,,,,
5.28835,0.0,0.332623304073807,414.667383592701,,,,,
5.49285,0.0,0.332577444372717,414.673528036261,,,,,
5.92605,0.0,0.332723081522524,414.753149803583,,,,,
5.21975,0.0,0.332469828027169,414.561439792364,,,,,
5.31025,0.0,0.332559353389414,414.613032501652,,,,,
5.14515,0.0,0.332093980154218,414.403276946847,,,,,
5.09195,0.0,0.331035266387612,413.598640428208,,,,,
5.56215,0.0,0.332576450039597,414.647984556905,,,,,
5.4448,0.0,0.332649987119443,414.744384174448,,,,,
5.89895,0.0,0.332606985867726,414.653700894457,,,,,
5.6679,0.0,0.33267316318534,414.699440222947,,,,,
5.52715,0.0,0.33271488915677,414.729898409863,,,,,
5.3379,0.0,0.33266917002905,414.697189489053,,,,,
5.7009,0.0,0.332576632170143,414.622382632903,,,,,
5.7667,0.0,0.332725003706052,414.741274998471,,,,,
5.32885,0.0,0.332608606841333,414.656437517187,,,,,
5.65505,0.0,0.332671707107748,414.751403803568,,,,,
5.8813,0.0,0.332577185124434,414.628238119894,,,,,
5.031,335.255924164333,0.323692397842904,411.621491804042,,,,,
5.0828,0.0,0.330637155291198,413.372423407851,,,,,
5.1314,0.0,0.331859499279444,414.168897276586,,,,,
5.83935,0.0,0.332592243614221,414.641088445397,,,,,
5.88395,0.0,0.332610582187154,414.723849278235,,,,,
5.3254,0.0,0.332671789671837,414.745478714189,,,,,
5.6323,0.0,0.332576405737557,414.65409191014,,,,,
5.70425,0.0,0.332623140562123,414.732146875446,,,,,
5.9158,0.0,0.332715708675777,414.755528470829,,,,,
5.09995,0.0,0.331311616764076,413.786278768906,,,,,
5.9023,0.0,0.332576450586535,414.657343723808,,,,,
5.0843,0.0,0.330703743844117,413.467279343086,,,,,
5.19405,0.0,0.332391770845099,414.588217954711,,,,,
5.2643,0.0,0.332566540456098,414.697511931054,,,,,
5.3121,0.0,0.33255784758628,414.631830720188,,,,,
5.3759,0.0,0.332707556585999,414.752705646071,,,,,
5.6665,0.0,0.332726926971859,414.746869496906,,,,,
5.78265,0.0,0.332577256226304,414.669508127093,,,,,
5.21075,0.0,0.332433610929006,414.530953402327,,,,,
5.6946,0.0,0.332643793256346,414.742283688256,,,,,
5.32975,0.0,0.332573190268806,414.62662540927,,,,,
5.67925,0.0,0.332597474246683,414.645830789235,,,,,
5.83385,0.0,0.33260520628774,414.719554887673,,,,,
5.41455,0.0,0.332632662933012,414.736945044797,,,,,
5.1661,0.0,0.332349974204596,414.531888731962,,,,,
5.3612,0.0,0.332570038762037,414.619798670461,,,,,
5.08615,0.0,0.331060827996195,413.665866743328,,,,,
5.28735,0.0,0.332680032308095,414.70706360352,,,,,
5.3052,0.0,0.332651552108359,414.738360010483,,,,,
5.82675,0.0,0.332723782388225,414.739378342372,,,,,
5.9598,0.0,0.332581002726403,414.628956535509,,,,,
5.12035,0.0,0.331706086594491,414.064015382194,,,,,
5.61105,0.0,0.332576783125115,414.623380459219,,,,,
5.17325,0.0,0.332260393521439,414.486184908229,,,,,
5.40745,0.0,0.332701188839939,414.719135597006,,,,,
5.47855,0.0,0.332635287784887,414.674302951512,,,,,
5.60025,0.0,0.332577527507144,414.623825489673,,,,,
5.10855,0.0,0.331566802750527,413.980118904771,,,,,
5.8006,0.0,0.332576441835516,414.621492932473,,,,,
5.39155,0.0,0.332573475226554,414.627637235009,,,,,
5.1802,0.0,0.332316926444555,414.46019455928,,,,,
5.4363,0.0,0.332723283800608,414.750963875309,,,,,
5.9164,0.0,0.33272695977334,414.747280705991,,,,,
5.02215,925.492360482822,0.33310737121876,414.157959661136,,,,,
5.1538,0.0,0.332114533211276,414.41293405883,,,,,
5.99975,0.0,0.332581572628267,414.629689541394,,,,,
5.7588,0.0,0.332616553544674,414.661008006037,,,,,
5.0188,1147.23060598471,0.332276663056915,413.30907530968,,,,,
5.173,0.0,0.332257370986592,414.47483727895,,,,,
5.47895,0.0,0.332612934320905,414.658365834692,,,,,
5.04125,0.0,0.324353332088869,412.100097716622,,,,,
5.3735,0.0,0.332582072522188,414.696056472072,,,,,
5.0352,0.0,0.320892368562436,411.248318426359,,,,,
5.94825,0.0,0.332645005571814,414.68084060027,,,,,
5.7779,0.0,0.332670899509581,414.697952329502,,,,,
5.2006,0.0,0.332401775383941,414.511166933557,,,,,
5.13275,0.0,0.331859377048587,414.212526177047,,,,,
5.27385,0.0,0.332555418486651,414.686405613582,,,,,
5.2475,0.0,0.332636582157342,414.678880349585,,,,,
5.41465,0.0,0.332638797398218,414.739716436867,,,,,
5.66325,0.0,0.332584051307164,414.692973923761,,,,,
5.5518,0.0,0.332576904545369,414.637163745088,,,,,
5.52185,0.0,0.332576730072107,414.638197910846,,,,,
5.2919,0.0,0.332548709244265,414.619751516699,,,,,
5.4626,0.0,0.332575765818545,414.662791580135,,,,,
5.8839,0.0,0.332608210348856,414.722023288271,,,,,
5.37995,0.0,0.332577007916631,414.626807216793,,,,,
5.95475,0.0,0.332658748119166,414.74773440265,,,,,
5.5406,0.0,0.33257630619468,414.621491967358,,,,,
5.1721,0.0,0.332255855055393,414.43956103596,,,,,
5.29865,0.0,0.332609911161526,414.658125845994,,,,,
5.4975,0.0,0.33269940593668,414.717530719952,,,,,
5.341,0.0,0.332566316751418,414.615740135817,,,,,
5.5019,0.0,0.332576529345703,414.639350811245,,,,,
5.4349,0.0,0.33265590527605,414.746350438734,,,,,
5.0104,1578.78673664665,0.317687657907591,403.326354349018,,,,,
5.11685,0.0,0.331772620151927,414.14846473199,,,,,
5.7888,0.0,0.33261604385885,414.660632694805,,,,,
5.2436,0.0,0.332511476122973,414.653743457695,,,,,
5.1533,0.0,0.332101022834649,414.388795569916,,,,,
5.84445,0.0,0.332637532563652,414.739568687166,,,,,
5.57685,0.0,0.33272329364116,414.738798500551,,,,,
5.28105,0.0,0.332541970328764,414.600495611333,,,,,
5.24005,0.0,0.332502856760765,414.579245267836,,,,,
5.19545,0.0,0.332481092916243,414.629763595632,,,,,
5.6688,0.0,0.332618081503721,414.662132445183,,,,,
5.37635,0.0,0.332720138635839,414.748283479499,,,,,
5.7861,0.0,0.332723170087538,414.753091432461,,,,,
5.89465,0.0,0.332651086221443,414.745111715327,,,,,
5.70745,0.0,0.332698866307223,414.717091770374,,,,,
5.03515,0.0,0.321049731571192,411.37485903601,,,,,
5.44325,0.0,0.332581321040232,414.689110062548,,,,,
5.2586,0.0,0.332584405715171,414.642193275205,,,,,
5.0967,0.0,0.331384751682825,413.874379510984,,,,,
5.937,0.0,0.332715721796813,414.730607947329,,,,,
5.9228,0.0,0.332578690293079,414.677563609286,,,,,
5.2347,0.0,0.332546854415153,414.683858937234,,,,,
5.25825,0.0,0.332605992716702,414.656699039658,,,,,
5.67325,0.0,0.332584120766788,414.693114088714,,,,,
5.2763,0.0,0.33268469894395,414.728753796049,,,,,
5.525,0.0,0.332665574342993,414.749698039846,,,,,
5.70935,0.0,0.332593608705657,414.642362609365,,,,,
5.1402,0.0,0.331990741570994,414.253339082987,,,,,
5.6863,0.0,0.332725922698293,414.750596791649,,,,,
5.1351,0.0,0.331963688273727,414.324549916679,,,,,
5.79855,0.0,0.33262969846602,414.670421123387,,,,,
5.64865,0.0,0.332626698973819,414.668330642211,,,,,
5.02305,840.149543741029,0.333146645864007,416.370665206367,,,,,
5.6957,0.0,0.332708755001097,414.75617839188,,,,,
5.03765,0.0,0.320938019690598,410.072143982781,,,,,
5.4078,0.0,0.332681959661242,414.705439217121,,,,,
5.595,0.0,0.332667245335751,414.75022525383,,,,,
5.77025,0.0,0.332577256226304,414.623283138391,,,,,
5.74765,0.0,0.33268691277092,414.708677971247,,,,,
5.40065,0.0,0.332573409593313,414.619653792786,,,,,
5.20645,0.0,0.332565628133866,414.652786508797,,,,,
5.05245,0.0,0.326834556875951,412.564358496855,,,,,
5.73945,0.0,0.332590171902252,414.639114793904,,,,,
5.88175,0.0,0.332576981663615,414.638847701597,,,,,
5.52565,0.0,0.332703593365909,414.756038520327,,,,,
5.71775,0.0,0.332681494363675,414.704996289934,,,,,
5.6272,0.0,0.332711865283647,414.727208437543,,,,,
5.9824,0.0,0.332576606464036,414.662152815226,,,,,
5.88445,0.0,0.332638335321297,414.739929454036,,,,,
5.9757,0.0,0.332712620844468,414.755932553038,,,,,
5.72175,0.0,0.332577033075769,414.637396868131,,,,,
5.29125,0.0,0.332548626102633,414.606530280708,,,,,
5.52665,0.0,0.332726257274254,414.74435616913,,,,,
5.5412,0.0,0.332576814847528,414.624777580906,,,,,
5.3914,0.0,0.332573408499425,414.624810630098,,,,,
5.9383,0.0,0.332642065822207,414.678879625749,,,,,
5.4994,0.0,0.332593814890856,414.642670756042,,,,,
5.9917,0.0,0.332576996430937,414.638445378551,,,,,
5.86705,0.0,0.332714727876941,414.729694320494,,,,,
5.23085,0.0,0.33248112902455,414.561094445132,,,,,
5.4638,0.0,0.332597271345179,414.712414828396,,,,,
5.0454,0.0,0.323031000435374,410.974732022893,,,,,
5.44195,0.0,0.332575528446564,414.639634704781,,,,,
5.6794,0.0,0.332592287367239,414.641141406028,,,,,
5.11465,0.0,0.33160004320716,414.095029057801,,,,,
5.40965,0.0,0.332585127656237,414.634964246091,,,,,
5.09205,0.0,0.331035194405059,413.600827629957,,,,,
5.3446,0.0,0.33262660874255,414.733028334192,,,,,
5.36365,0.0,0.332584999128965,414.701369194615,,,,,
5.28255,0.0,0.332541811153053,414.637331776211,,,,,
5.1694,0.0,0.332275928402107,414.442236895036,,,,,
5.4373,0.0,0.332708840836319,414.724984926033,,,,,
5.3337,0.0,0.33258057010351,414.699480469365,,,,,
5.8869,0.0,0.332719565691099,414.734354098459,,,,,
5.61285,0.0,0.332578196410368,414.675425321339,,,,,
5.20605,0.0,0.332552673216241,414.655905824853,,,,,
5.98385,0.0,0.332607383455439,414.721376310905,,,,,
5.06005,0.0,0.328805948240218,412.803383533871,,,,,
5.9138,0.0,0.332604152426265,414.718646812495,,,,,
5.44585,0.0,0.332710433431045,414.75523041101,,,,,
5.00555,1705.37450526661,0.299953037748793,390.696635307892,,,,,
5.91095,0.0,0.332576817582218,414.623382977625,,,,,
5.36145,0.0,0.332570296375044,414.623533692641,,,,,
5.08505,0.0,0.330827390806768,413.552737040271,,,,,
5.29395,0.0,0.332573753073797,414.699306675443,,,,,
5.6363,0.0,0.332725712768106,414.750861696971,,,,,
5.6214,0.0,0.332577146291868,414.628505036767,,,,,
5.88975,0.0,0.332582165500187,414.630427811313,,,,,
5.51965,0.0,0.332586455586168,414.63544137534,,,,,
5.48835,0.0,0.332647629779474,414.68260342491,,,,,
5.0489,0.0,0.327027412681112,412.614731594586,,,,,
5.80795,0.0,0.332667111372308,414.695438898129,,,,,
5.7145,0.0,0.332638011046814,414.73978319281,,,,,
5.8317,0.0,0.332577060422656,414.637012039015,,,,,
5.7339,0.0,0.332605964825303,414.720210948331,,,,,
5.3865,0.0,0.332722590040937,414.746179639786,,,,,
5.3785,0.0,0.332636296706815,414.675173668386,,,,,
5.3097,0.0,0.332568254608728,414.624082619072,,,,,
5.79625,0.0,0.332725772357677,414.750844000769,,,,,
5.3275,0.0,0.332689303184488,414.711569151451,,,,,
5.94365,0.0,0.332598407810764,414.713210788823,,,,,
5.61365,0.0,0.332594481026778,414.708899993537,,,,,
5.486,0.0,0.332717217591419,414.754765540879,,,,,
5.248,0.0,0.332609601078321,414.6595733934,,,,,
5.98595,0.0,0.332721121058829,414.754085331819,,,,,
5.3421,0.0,0.332566433799851,414.637574963645,,,,,
5.6002,0.0,0.33257786715482,414.624413783443,,,,,
5.97085,0.0,0.33257669069255,414.622665287469,,,,,
5.4248,0.0,0.332648910433416,414.743827446377,,,,,
5.2182,0.0,0.332543382120989,414.617388197114,,,,,
5.0704,0.0,0.329967668546269,413.078805270994,,,,,
5.3568,0.0,0.332717957285609,414.737509804031,,,,,
5.71125,0.0,0.332577103083796,414.626424917287,,,,,
5.42825,0.0,0.332654060340437,414.686896212545,,,,,
5.5017,0.0,0.332576740463934,414.633976489757,,,,,
5.69235,0.0,0.332576436913067,414.656658205125,,,,,
5.78335,0.0,0.332587230574126,414.698833847244,,,,,
5.69135,0.0,0.332577166528558,414.628017630201,,,,,
5.6102,0.0,0.332577855669156,414.62437981826,,,,,
5.41545,0.0,0.332688888198552,414.753711553058,,,,,
5.5901,0.0,0.332578733500945,414.625821529444,,,,,
5.1693,0.0,0.332279604944464,414.445432431741,,,,,
5.3556,0.0,0.332690448630465,414.751051750194,,,,,
5.38495,0.0,0.332655222858853,414.745311903426,,,,,
5.8209,0.0,0.332576701631316,414.622674836464,,,,,
5.4624,0.0,0.33257551914858,414.65517350563,,,,,
5.6912,0.0,0.332577037998209,414.625563744229,,,,,
5.9447,0.0,0.332655321831306,414.746604190798,,,,,
5.5137,0.0,0.332594796593165,414.709429583008,,,,,
5.23205,0.0,0.332481559041361,414.58114715301,,,,,
5.59895,0.0,0.332611551261712,414.657251560495,,,,,
5.66205,0.0,0.332576642561973,414.645813341775,,,,,
5.1208,0.0,0.331704726076204,414.061229383184,,,,,
5.45945,0.0,0.332592072977398,414.641216170842,,,,,
5.66045,0.0,0.332576637639527,414.62203275603,,,,,
5.0807,0.0,0.330636155122982,413.353604235717,,,,,
5.95395,0.0,0.332611682513128,414.724669896798,,,,,
5.56075,0.0,0.332576332994688,414.621470892398,,,,,
5.6138,0.0,0.332600044139375,414.714864877402,,,,,
5.65805,0.0,0.332663806012327,414.693267475226,,,,,
5.70735,0.0,0.332703952567137,414.720877535331,,,,,
5.36675,0.0,0.332719884419068,414.739535094872,,,,,
5.4309,0.0,0.332574876493155,414.620826604925,,,,,
5.9078,0.0,0.332674564032043,414.700368547725,,,,,
5.80265,0.0,0.332577308185353,414.669772159389,,,,,
5.0986,0.0,0.331351547269485,413.825598825551,,,,,
5.81505,0.0,0.3326750036408,414.752197899794,,,,,
5.1183,0.0,0.331761131083623,414.116484208883,,,,,
5.5537,0.0,0.332595446866804,414.710065488609,,,,,
5.8337,0.0,0.332598972760689,414.71377343031,,,,,
5.7826,0.0,0.332577021590076,414.667490116376,,,,,
5.52735,0.0,0.332706523824269,414.722891298254,,,,,
5.82295,0.0,0.332579989808203,414.682494565883,,,,,
5.5597,0.0,0.332585135860104,414.633944662636,,,,,
5.2393,0.0,0.332522913555695,414.59934216117,,,,,
5.1998,0.0,0.332410571927742,414.523413623201,,,,,
5.4032,0.0,0.332578554653161,414.685382653278,,,,,
5.3537,0.0,0.332584972329655,414.702335417996,,,,,
5.8443,0.0,0.332628583434612,414.73516894136,,,,,
5.377,0.0,0.332716430878647,414.733295390442,,,,,
5.24565,0.0,0.332624944654815,414.710962117495,,,,,
5.18395,0.0,0.332339325542778,414.554420171217,,,,,
5.8734,0.0,0.332589369575274,414.702140002009,,,,,
5.7327,0.0,0.332577437809472,414.670880252082,,,,,
5.5766,0.0,0.332726618637782,414.745248289089,,,,,
5.4175,0.0,0.332699021033895,414.717441443376,,,,,
5.7205,0.0,0.332576518953869,414.621728385421,,,,,
5.9238,0.0,0.332604285868172,414.718769071111,,,,,
5.8071,0.0,0.332713568300005,414.728659213218,,,,,
5.70775,0.0,0.332681685184965,414.705127281328,,,,,
5.2053,0.0,0.332508985415022,414.650373951898,,,,,
5.7573,0.0,0.332705587829927,414.722132239254,,,,,
5.4418,0.0,0.332575710577615,414.635433728285,,,,,
5.73125,0.0,0.33257709761442,414.626530053376,,,,,
5.0108,1551.64408143694,0.317747455096432,403.446653753086,,,,,
5.86315,0.0,0.332583366554823,414.691503207235,,,,,
5.2485,0.0,0.332578794210721,414.63894229963,,,,,
5.97345,0.0,0.332591798973854,414.705544975153,,,,,
5.27655,0.0,0.33268818397881,414.724808903664,,,,,
5.27555,0.0,0.332653695070406,414.730912604935,,,,,
5.0835,0.0,0.330646903196906,413.401468748028,,,,,
5.7824,0.0,0.332576497076324,414.659648653866,,,,,
5.30505,0.0,0.332641888648968,414.7357828548,,,,,
5.31975,0.0,0.332570426001895,414.624911956077,,,,,
5.23535,0.0,0.332589853049977,414.697891457528,,,,,
5.43645,0.0,0.332725049081696,414.748453255402,,,,,
5.2804,0.0,0.332542608671826,414.601385430459,,,,,
5.168,0.0,0.332344297989261,414.493175035197,,,,,
5.8021,0.0,0.332576550676307,414.649009237452,,,,,
5.74955,0.0,0.332587358553615,414.636273361301,,,,,
5.40465,0.0,0.332638027998776,414.739289152981,,,,,
5.7008,0.0,0.332576512937544,414.621826616577,,,,,
5.8556,0.0,0.332706581777103,414.756226034057,,,,,
5.2439,0.0,0.332521681102064,414.666257477697,,,,,
5.1902,0.0,0.332364974577812,414.490562614094,,,,,
5.7364,0.0,0.332726818180258,414.748472420137,,,,,
5.7872,0.0,0.332709691533249,414.725398089924,,,,,
5.3243,0.0,0.332603821555731,414.720351189414,,,,,
5.97265,0.0,0.332577618845603,414.672027210458,,,,,
5.31465,0.0,0.332620608034777,414.728999889416,,,,,
5.61695,0.0,0.33272060879968,414.735498108032,,,,,
5.38315,0.0,0.332576178757877,414.682037637077,,,,,
5.9791,0.0,0.332599496145195,414.647571951953,,,,,
5.3652,0.0,0.332668567470015,414.748208856064,,,,,
5.2538,0.0,0.332532248436753,414.671079084178,,,,,
5.41265,0.0,0.332574283608241,414.663120109757,,,,,
5.742,0.0,0.332576678659906,414.6450443282,,,,,
5.2348,0.0,0.332553343263411,414.686638196805,,,,,
5.3788,0.0,0.332618582983381,414.662911465594,,,,,
5.4058,0.0,0.332706129635384,414.754413826331,,,,,
5.11485,0.0,0.331617687371499,414.105496738699,,,,,
5.0821,0.0,0.330636944034797,413.361102735646,,,,,
5.4803,0.0,0.332576905639245,414.623353461111,,,,,
5.3773,0.0,0.332706235153398,414.723532208677,,,,,
5.51025,0.0,0.332577431246226,414.623985848324,,,,,
5.53105,0.0,0.332576571459972,414.623016287613,,,,,
5.03815,0.0,0.322502389161286,410.880339715449,,,,,
5.78995,0.0,0.332579722904838,414.627227278756,,,,,
5.56375,0.0,0.332597397133188,414.712206944356,,,,,
5.46495,0.0,0.332660477653879,414.748012157447,,,,,
5.7121,0.0,0.332576574741603,414.648014698953,,,,,
5.41975,0.0,0.332583111139651,414.632612931455,,,,,
5.0322,253.187688045331,0.323727077852768,412.414258080157,,,,,
5.54675,0.0,0.332725174821397,414.741742528193,,,,,
5.61535,0.0,0.332689220077992,414.754861076358,,,,,
5.16485,0.0,0.332262553787602,414.509884439798,,,,,
5.6109,0.0,0.33257657583548,414.622169487353,,,,,
5.9465,0.0,0.33272658911642,414.744827865942,,,,,
5.117,0.0,0.331776564338756,414.14696030854,,,,,
5.8726,0.0,0.332577175826496,414.668669064442,,,,,
5.3715,0.0,0.332571591547393,414.625325336083,,,,,
5.14565,0.0,0.332134202706122,414.415212570229,,,,,
5.16755,0.0,0.332363137878469,414.508391427821,,,,,
5.1195,0.0,0.331719744112178,414.0804494121,,,,,
5.3502,0.0,0.332570174952378,414.620199778411,,,,,
5.62235,0.0,0.332576398080414,414.655798154946,,,,,
5.90005,0.0,0.332578330956561,414.625134166795,,,,,
5.36035,0.0,0.332570565473768,414.619259951546,,,,,
5.43785,0.0,0.332679523266293,414.7037395323,,,,,
5.12385,0.0,0.331727396814119,414.169641086363,,,,,
5.4707,0.0,0.332575704014336,414.621024380897,,,,,
5.59835,0.0,0.332645820888393,414.681384532951,,,,,
5.85995,0.0,0.332579449438053,414.626845307403,,,,,
5.2279,0.0,0.332582930106509,414.643173182356,,,,,
5.71225,0.0,0.332576449492658,414.65323984472,,,,,
5.3952,0.0,0.332672221629322,414.750191328597,,,,,
5.79245,0.0,0.33257659060282,414.661696835146,,,,,
5.46365,0.0,0.332591980549082,414.706384326962,,,,,
5.44075,0.0,0.332575069016443,414.620636307449,,,,,
5.35195,0.0,0.332568530819477,414.634317138961,,,,,
5.49245,0.0,0.332575982406656,414.657661171473,,,,,
5.30105,0.0,0.332553524312659,414.607857694214,,,,,
5.0563,0.0,0.327402647065925,412.191089822716,,,,,
5.7509,0.0,0.332576664439509,414.622500707337,,,,,
5.3654,0.0,0.332680816919872,414.750598161636,,,,,
5.98135,0.0,0.332577199891747,414.629842589234,,,,,
5.3317,0.0,0.332564577975679,414.624906925516,,,,,
5.78965,0.0,0.33258470980569,414.633418561731,,,,,
5.66095,0.0,0.332576678659906,414.622649467411,,,,,
5.89555,0.0,0.332704832799862,414.75621757907,,,,,
5.08345,0.0,0.330645397486347,413.398552326455,,,,,
5.84265,0.0,0.332577369989264,414.670300913659,,,,,
5.4172,0.0,0.332712405438736,414.728210911246,,,,,
5.4088,0.0,0.332620144838853,414.663859007232,,,,,
5.57925,0.0,0.332598628212446,414.646854111879,,,,,
5.86655,0.0,0.332726410894803,414.744255578217,,,,,
5.5805,0.0,0.332576509655913,414.621869861193,,,,,
5.1949,0.0,0.332442675285514,414.618179986222,,,,,
5.3372,0.0,0.33270449054816,414.723581548608,,,,,
5.39595,0.0,0.332711497890211,414.753504639332,,,,,
5.3078,0.0,0.332666782204764,414.696033837835,,,,,
5.1656,0.0,0.33231865009518,414.527830178555,,,,,
5.02395,767.289842176287,0.333739741796969,418.593956136315,,,,,
5.0798,0.0,0.330647754247667,413.371552749325,,,,,
5.74065,0.0,0.332576428162047,414.621497434081,,,,,
5.44575,0.0,0.332706065668489,414.755431180181,,,,,
5.8831,0.0,0.332582572962287,414.689662039101,,,,,
5.28575,0.0,0.332672001823179,414.736262730725,,,,,
5.0893,0.0,0.331056611546408,413.615595588966,,,,,
5.4127,0.0,0.33257445644196,414.665108965831,,,,,
5.98965,0.0,0.332583388978844,414.631902691468,,,,,
5.7677,0.0,0.332683538168822,414.706380286273,,,,,
5.9538,0.0,0.332604710256834,414.719139396575,,,,,
5.6865,0.0,0.332726920411563,414.74673221184,,,,,
5.402,0.0,0.332573783702612,414.639664174891,,,,,
5.64735,0.0,0.332704874351162,414.721592122769,,,,,
5.04415,0.0,0.323992241359512,412.081061260328,,,,,
5.02715,554.43460652318,0.315994985214801,406.604886882146,,,,,
5.5728,0.0,0.332577653849557,414.672788169416,,,,,
5.24595,0.0,0.33263989763086,414.711410607243,,,,,
5.93985,0.0,0.332580372661017,414.628136266361,,,,,
5.09885,0.0,0.331340891773136,413.816370293315,,,,,
5.6818,0.0,0.332576979475863,414.638418152266,,,,,
5.22285,0.0,0.332460703132507,414.596992463589,,,,,
5.94315,0.0,0.332583877384579,414.692602778299,,,,,
5.108,0.0,0.331585448185797,413.997509407453,,,,,
5.391,0.0,0.332572910780259,414.620005179019,,,,,
5.81565,0.0,0.332708286460672,414.756197931644,,,,,
5.7465,0.0,0.332726889796844,414.746309868407,,,,,
5.92925,0.0,0.332594581658032,414.643247521297,,,,,
5.2717,0.0,0.33253474553455,414.605551850656,,,,,
5.88335,0.0,0.332588086504388,414.700193123246,,,,,
5.9499,0.0,0.332579701027503,414.627194031672,,,,,
5.85855,0.0,0.332628554998255,414.669628919303,,,,,
5.0255,681.088452270642,0.327764309937848,414.059521360567,,,,,
5.65985,0.0,0.332581723034066,414.629892818981,,,,,
5.4097,0.0,0.332583881759991,414.633656419574,,,,,
5.04195,0.0,0.324368666936559,412.344115846242,,,,,
5.7661,0.0,0.332723030679635,414.753173372103,,,,,
5.98545,0.0,0.332701311854991,414.756098058799,,,,,
5.62625,0.0,0.332724968170906,414.751699893036,,,,,
5.24195,0.0,0.332499126339185,414.589341610398,,,,,
5.24445,0.0,0.332548922568094,414.686705184888,,,,,
5.8614,0.0,0.332577204267247,414.630068619848,,,,,
5.0381,0.0,0.322357999524679,410.800645886726,,,,,
5.5506,0.0,0.332576334088566,414.621505086784,,,,,
5.8143,0.0,0.332628026190934,414.734869857336,,,,,
5.242,0.0,0.3324990617854,414.590789284054,,,,,
5.4179,0.0,0.332676146948913,414.701501223787,,,,,
5.3538,0.0,0.332588463878692,414.706377404259,,,,,
5.0571,0.0,0.328318237858225,412.585770199571,,,,,
5.30945,0.0,0.332575669010177,414.631268750829,,,,,
5.743,0.0,0.332580286792638,414.683505506166,,,,,
5.475,0.0,0.332664081596945,414.74912750076,,,,,
5.27305,0.0,0.332536634345466,414.652628730736,,,,,
5.84935,0.0,0.33259212821561,414.640991365021,,,,,
5.2578,0.0,0.33263321579416,414.675064687625,,,,,
5.09005,0.0,0.331038178645735,413.594217331507,,,,,
5.2378,0.0,0.33260653194995,414.658373086464,,,,,
5.77065,0.0,0.332576438553883,414.621505468954,,,,,
5.44545,0.0,0.332690521348382,414.754439797533,,,,,
5.5264,0.0,0.332726168710062,414.749610088945,,,,,
5.0265,617.488348738428,0.318461919132418,408.244292799969,,,,,
5.09595,0.0,0.331317836080732,413.855775333005,,,,,
5.81245,0.0,0.332576613574236,414.661949109564,,,,,
5.90275,0.0,0.332578183283907,414.675212799721,,,,,
5.7088,0.0,0.332617403383893,414.661632792208,,,,,
5.52375,0.0,0.332596773661723,414.711597792652,,,,,
5.09745,0.0,0.331395956851958,413.865934728629,,,,,
5.9528,0.0,0.33257877725574,414.677971139733,,,,,
5.60845,0.0,0.33263939071498,414.67706315367,,,,,
5.548,0.0,0.332669160733683,414.69679456267,,,,,
5.88305,0.0,0.332581720846346,414.687545078333,,,,,
5.68665,0.0,0.332726001422078,414.743230552777,,,,,
5.63135,0.0,0.332577129336802,414.627654602604,,,,,
5.98645,0.0,0.332726790298988,414.745684654933,,,,,
5.9176,0.0,0.332686614241395,414.708469091191,,,,,
5.31705,0.0,0.332703852515693,414.725110019808,,,,,
5.49645,0.0,0.332726249073867,414.748741261911,,,,,
5.6152,0.0,0.332680239533267,414.753308454734,,,,,
5.50815,0.0,0.332660177460228,414.690893888643,,,,,
5.3947,0.0,0.33264028588306,414.740112138807,,,,,
5.09515,0.0,0.331205186755566,413.80544887498,,,,,
5.59595,0.0,0.332717260234588,414.755184374528,,,,,
5.33395,0.0,0.332589948213466,414.709445487472,,,,,
5.7785,0.0,0.332633023851373,414.672732946503,,,,,
5.56295,0.0,0.332578887736571,414.678868964376,,,,,
5.05915,0.0,0.32895055556915,412.927738584411,,,,,
5.153,0.0,0.332097170685516,414.374610094485,,,,,
5.19295,0.0,0.332363933089532,414.539750859772,,,,,
5.79535,0.0,0.332692613211881,414.755332390025,,,,,
5.4562,0.0,0.332721987031947,414.752559744446,,,,,
5.0144,1432.45417539084,0.317232670712639,402.655313886325,,,,,
5.0291,457.743965937541,0.322427684050867,410.399440551662,,,,,
5.23435,0.0,0.332525767929208,414.672619578364,,,,,
5.1635,0.0,0.332193308788557,414.453047786389,,,,,
5.35175,0.0,0.332568741395835,414.62893313939,,,,,
5.4472,0.0,0.332713020492805,414.728495391438,,,,,
5.19395,0.0,0.332387357851394,414.584018874184,,,,,
5.4741,0.0,0.332610664219534,414.724003402176,,,,,
5.109,0.0,0.331550923021712,413.966043994456,,,,,
5.52075,0.0,0.332576175476242,414.621355869317,,,,,
5.38115,0.0,0.33257226866674,414.620760202966,,,,,
5.4789,0.0,0.332615484953539,414.660274160326,,,,,
5.8724,0.0,0.332576559974263,414.660770332164,,,,,
5.59395,0.0,0.33260613053299,414.720342303812,,,,,
5.5789,0.0,0.332614325577494,414.659367262138,,,,,
5.5491,0.0,0.33260521394422,414.652305488287,,,,,
5.47805,0.0,0.332666951709686,414.695351751513,,,,,
5.44685,0.0,0.332723006078234,414.739279384486,,,,,
5.9802,0.0,0.332577158871432,414.623111636727,,,,,
5.31005,0.0,0.332561536873892,414.616230114814,,,,,
5.92275,0.0,0.33257824454072,414.675482405667,,,,,
5.594,0.0,0.332608425822068,414.722197474189,,,,,
5.38175,0.0,0.33257256347029,414.631601030407,,,,,
5.87185,0.0,0.332576855320947,414.64168328481,,,,,
5.45645,0.0,0.332725591948849,414.748642069463,,,,,
5.5545,0.0,0.332634709225566,414.738230555181,,,,,
5.9348,0.0,0.332661543913291,414.748607516165,,,,,
5.00925,1613.30921419808,0.31692221407938,402.559982145909,,,,,
5.49935,0.0,0.332595559529727,414.644241908979,,,,,
5.92335,0.0,0.332588429969714,414.700735299104,,,,,
5.2031,0.0,0.332404571150531,414.570971847104,,,,,
5.73065,0.0,0.332576428708986,414.621495190149,,,,,
5.07075,0.0,0.329965262274851,413.073512147132,,,,,
5.9531,0.0,0.332582977689248,414.690625591014,,,,,
5.43245,0.0,0.332574792811124,414.656190350917,,,,,
5.46395,0.0,0.332603394978357,414.71823124125,,,,,
5.5606,0.0,0.33257635213755,414.621514615948,,,,,
5.7847,0.0,0.33265198737301,414.745438853953,,,,,
5.4449,0.0,0.332656401777426,414.74659557934,,,,,
5.8104,0.0,0.332576670455831,414.622049212073,,,,,
5.9916,0.0,0.332577106365422,414.635738083049,,,,,
5.68975,0.0,0.33258333373918,414.631840224688,,,,,
5.68575,0.0,0.332710786064274,414.756072901936,,,,,
5.9306,0.0,0.332576445117148,414.621508278521,,,,,
5.4691,0.0,0.332605775601242,414.652855711325,,,,,
5.3315,0.0,0.332564582351345,414.62064204676,,,,,
5.369,0.0,0.332607175637987,414.654626316883,,,,,
5.6124,0.0,0.332576420504904,414.657532607993,,,,,
5.498,0.0,0.33266992240613,414.697312010865,,,,,
5.1476,0.0,0.332191669908854,414.40124978949,,,,,
5.93945,0.0,0.332588352307203,414.637302993155,,,,,
5.56565,0.0,0.332704362066999,414.756139235792,,,,,
5.34025,0.0,0.3325678690072,414.618355193305,,,,,
5.4439,0.0,0.332600540724139,414.715790613126,,,,,
5.11025,0.0,0.33152468976636,413.937917219116,,,,,
5.8554,0.0,0.332696457919899,414.755747093046,,,,,
5.58305,0.0,0.332580189985586,414.683373213762,,,,,
5.9891,0.0,0.332599375826991,414.647463085414,,,,,
5.1228,0.0,0.331705447738352,414.112503765106,,,,,
5.3048,0.0,0.33262570205365,414.730308129097,,,,,
5.95825,0.0,0.332644799965172,414.680704754493,,,,,
5.8597,0.0,0.332583233104522,414.631727830534,,,,,
5.37375,0.0,0.332589697178684,414.706354437717,,,,,
5.1276,0.0,0.331940470892133,414.24233282439,,,,,
5.34875,0.0,0.332618068925704,414.662847119174,,,,,
5.08325,0.0,0.330640956232911,413.388276477717,,,,,
5.19185,0.0,0.332363070014532,414.499949238111,,,,,
5.89285,0.0,0.332579093383962,414.679247658216,,,,,
5.1291,0.0,0.331888020043695,414.196308410832,,,,,
5.0401,0.0,0.324419268192802,412.183901545594,,,,,
5.5238,0.0,0.332598666495602,414.71357721952,,,,,
5.6036,0.0,0.332592702473707,414.706729164733,,,,,
5.59315,0.0,0.332581758037588,414.687749368949,,,,,
5.39815,0.0,0.33265967276246,414.690638934289,,,,,
5.09055,0.0,0.331034949884054,413.58852318322,,,,,
5.9641,0.0,0.332619567893796,414.729990153138,,,,,
5.17635,0.0,0.332428198789543,414.571941217953,,,,,
5.21475,0.0,0.332502916390276,414.656653986552,,,,,
5.0301,401.087873986186,0.323685894330314,411.613627826517,,,,,
5.67655,0.0,0.332726788658913,414.745696483744,,,,,
5.6095,0.0,0.332589924149138,414.638867718432,,,,,
5.5028,0.0,0.332577191687684,414.67166106391,,,,,
5.252,0.0,0.332513322943793,414.599906352442,,,,,
5.53435,0.0,0.332625463623589,414.733454909784,,,,,
5.16375,0.0,0.332200723345077,414.464805012815,,,,,
5.088,0.0,0.331138500186095,413.678652935311,,,,,
5.95045,0.0,0.332576494888569,414.621651394388,,,,,
5.53,0.0,0.332579949882098,414.627691802166,,,,,
5.54225,0.0,0.332576305100802,414.651165844485,,,,,
5.5434,0.0,0.332586374094739,414.697549217318,,,,,
5.55765,0.0,0.332690402703352,414.711085769,,,,,
5.81695,0.0,0.332718735794199,414.733498136347,,,,,
5.5084,0.0,0.332644220875568,414.680331416689,,,,,
5.6299,0.0,0.332581077109043,414.629078559962,,,,,
5.00215,1734.64199934972,0.291831033293334,389.120731653574,,,,,
5.44035,0.0,0.332575923884125,414.622490226806,,,,,
5.24845,0.0,0.332581852109534,414.641006224483,,,,,
5.98155,0.0,0.332577139181679,414.634381396109,,,,,
5.7275,0.0,0.332695826432937,414.714903895627,,,,,
5.50535,0.0,0.332686766239978,414.754329063888,,,,,
5.7429,0.0,0.332579090102355,414.679298074725,,,,,
5.7433,0.0,0.332585704661039,414.696187652825,,,,,
5.0437,0.0,0.324237043486906,412.446148897845,,,,,
5.34385,0.0,0.332588331524275,414.707074631402,,,,,
5.9909,0.0,0.332576779296548,414.623151375622,,,,,
5.0813,0.0,0.33063645110267,413.354993426273,,,,,
5.4399,0.0,0.332580723791353,414.62948308266,,,,,
5.48615,0.0,0.332721527804059,414.753325357157,,,,,
5.114,0.0,0.331554291595716,414.056645177585,,,,,
5.7003,0.0,0.332577109647048,414.623024979594,,,,,
5.04895,0.0,0.327032550437913,412.621221679168,,,,,
5.96715,0.0,0.33270931921693,414.725096734956,,,,,
5.19095,0.0,0.332362427495608,414.486050542851,,,,,
5.97565,0.0,0.332710550428778,414.756097204257,,,,,
5.85955,0.0,0.332586469259224,414.635342298796,,,,,
5.56995,0.0,0.332580565181122,414.628449543688,,,,,
5.05895,0.0,0.328989028792438,412.949815364619,,,,,
5.0509,0.0,0.326821715960851,412.427418213907,,,,,
5.14775,0.0,0.332187204427136,414.396844760086,,,,,
5.5105,0.0,0.332576320962032,414.621826160346,,,,,
5.9425,0.0,0.332576840006681,414.665573102247,,,,,
5.6755,0.0,0.332698672215361,414.755926970754,,,,,
5.12,0.0,0.33170965045693,414.069254118175,,,,,
5.34725,0.0,0.332704526632222,414.723045530784,,,,,
5.2323,0.0,0.332481230237208,414.589322878351,,,,,
5.8549,0.0,0.332666295014328,414.749989893877,,,,,
5.7439,0.0,0.332606107563613,414.720331480189,,,,,
5.5415,0.0,0.332577034716582,414.629872370563,,,,,
5.27125,0.0,0.332534487894002,414.597496457655,,,,,
5.04745,0.0,0.325501031260893,411.764417248686,,,,,
5.85815,0.0,0.332653212782116,414.686295302651,,,,,
5.56495,0.0,0.332663336315001,414.749105491656,,,,,
5.2837,0.0,0.332558011677036,414.685192599701,,,,,
5.51095,0.0,0.332576299084474,414.622098322403,,,,,
5.78625,0.0,0.332725723701973,414.750894943137,,,,,
5.2802,0.0,0.33254409922819,414.60388042478,,,,,
5.777,0.0,0.332717524294087,414.732312343674,,,,,
5.01605,1326.31864091987,0.330146872944656,412.161661324163,,,,,
5.64425,0.0,0.332622038086599,414.731500922885,,,,,
5.83635,0.0,0.332726754217341,414.748815645914,,,,,
5.41085,0.0,0.332573990447044,414.620083323891,,,,,
5.8806,0.0,0.332576440741638,414.621496887728,,,,,
5.83015,0.0,0.332577745187981,414.624148451252,,,,,
5.55775,0.0,0.332684522886937,414.707049231616,,,,,
5.3627,0.0,0.332570015790167,414.661709236123,,,,,
5.5342,0.0,0.332617248072384,414.728513436313,,,,,
5.21795,0.0,0.332558078954223,414.627404125593,,,,,
5.8768,0.0,0.332722340746328,414.737482007733,,,,,
5.0474,0.0,0.32540374999649,411.719070707473,,,,,
5.45145,0.0,0.332576071010843,414.627723323734,,,,,
5.8796,0.0,0.332585168128645,414.633923307592,,,,,
5.70555,0.0,0.332701766736921,414.75611568784,,,,,
5.5367,0.0,0.332725812266284,414.743086510965,,,,,
5.2614,0.0,0.332525135571072,414.593549441111,,,,,
5.60325,0.0,0.332583627985995,414.692126194272,,,,,
5.44315,0.0,0.332579672040033,414.684875539138,,,,,
5.21135,0.0,0.33243420898936,414.5349286353,,,,,
5.52625,0.0,0.332724219198473,414.752048999346,,,,,
5.98505,0.0,0.332678435740436,414.752954662892,,,,,
5.5161,0.0,0.332720750395404,414.753930048269,,,,,
5.59205,0.0,0.332576637092589,414.645045524324,,,,,
5.8282,0.0,0.332650652596063,414.684592033889,,,,,
5.78925,0.0,0.332596173706061,414.644682792627,,,,,
5.31965,0.0,0.332572928282484,414.627532435894,,,,,
5.256,0.0,0.332655517588888,414.719371729828,,,,,
5.8624,0.0,0.332576538643659,414.660645067606,,,,,
5.5531,0.0,0.332580695897835,414.685032747318,,,,,
5.26195,0.0,0.332525011396798,414.605921141594,,,,,
5.41445,0.0,0.332626720301207,414.733977954193,,,,,
5.7703,0.0,0.332577023230889,414.622830571766,,,,,
5.8926,0.0,0.332577198797872,414.668931793124,,,,,
5.36955,0.0,0.332585165940947,414.636127432134,,,,,
5.75555,0.0,0.33270260159673,414.756156198867,,,,,
5.0055,1705.43313477999,0.299119040665538,390.10844657103,,,,,
5.7729,0.0,0.332579201676951,414.679708316699,,,,,
5.5945,0.0,0.332635585266792,414.738651614947,,,,,
5.20385,0.0,0.332422554005474,414.603990887685,,,,,
5.85055,0.0,0.332576438006945,414.621515645732,,,,,
5.52915,0.0,0.332603245676148,414.650723607444,,,,,
5.328,0.0,0.33266078386206,414.691681536989,,,,,
5.4339,0.0,0.332600114689458,414.71548038105,,,,,
5.5316,0.0,0.33257699314931,414.631945828222,,,,,
5.42185,0.0,0.332574998461046,414.63617519316,,,,,
5.25315,0.0,0.332516604088897,414.643384968709,,,,,
5.60275,0.0,0.332577448748213,414.671165319836,,,,,
5.00475,1720.14739643379,0.289695581164511,382.586876646501,,,,,
5.42945,0.0,0.332591647478784,414.641028948964,,,,,
5.97895,0.0,0.332605805680219,414.652766762101,,,,,
5.13055,0.0,0.331859244951511,414.165430366376,,,,,
5.72,0.0,0.332579400760941,414.626768134868,,,,,
5.58545,0.0,0.332694308672358,414.755488337941,,,,,
5.93685,0.0,0.332720524060897,414.735399634084,,,,,
5.8078,0.0,0.33267660569267,414.701721031567,,,,,
5.59865,0.0,0.332627613862822,414.668966128747,,,,,
5.28515,0.0,0.332636717226759,414.730657029626,,,,,
5.8348,0.0,0.332659464430871,414.747959478984,,,,,
5.81705,0.0,0.332715336912902,414.730240986879,,,,,
5.462,0.0,0.332575901459601,414.641617523793,,,,,
5.94185,0.0,0.332576802814889,414.642375657596,,,,,
5.3371,0.0,0.332707798784289,414.726805078932,,,,,
5.57,0.0,0.332579894641864,414.627538513818,,,,,
5.23955,0.0,0.332514025345702,414.591433664172,,,,,
5.6477,0.0,0.332685848233092,414.70795708445,,,,,
5.40425,0.0,0.332614823234688,414.727049411374,,,,,
5.01595,1326.31864091987,0.329212095321363,411.587659559822,,,,,
5.51745,0.0,0.332701773844447,414.719271475466,,,,,
5.42635,0.0,0.332723636420217,414.750025230123,,,,,
5.29565,0.0,0.332673081168371,414.739669855778,,,,,
5.2807,0.0,0.332541770128373,414.599583961519,,,,,
5.98675,0.0,0.332722654004655,414.737896181147,,,,,
5.27465,0.0,0.332596592089112,414.71450819546,,,,,
5.81015,0.0,0.332577791677589,414.624225336777,,,,,
5.0165,1310.42811059269,0.333628042170266,414.26426593377,,,,,
5.1558,0.0,0.332248079845601,414.479531086279,,,,,
5.4701,0.0,0.332578462221088,414.62599548116,,,,,
5.16655,0.0,0.332367866428317,414.529873155779,,,,,
5.03065,347.082753584375,0.323703125852422,411.646057659851,,,,,
5.78955,0.0,0.332587032041744,414.63593202729,,,,,
5.765,0.0,0.332670808196733,414.751184604068,,,,,
5.47735,0.0,0.332706864980431,414.723230226455,,,,,
5.73275,0.0,0.332577755579777,414.672929162055,,,,,
5.3079,0.0,0.332660827606063,414.691978726358,,,,,
5.9114,0.0,0.332577216299871,414.630407710885,,,,,
5.77905,0.0,0.332604258523524,414.651522915896,,,,,
5.4621,0.0,0.332575760349146,414.644761879715,,,,,
5.5821,0.0,0.33257654192529,414.646559511997,,,,,
5.54945,0.0,0.33259191601332,414.640822711732,,,,,
5.4397,0.0,0.332584778171326,414.634130499415,,,,,
5.6883,0.0,0.332647169355289,414.682286172401,,,,,
5.3748,0.0,0.332644377268138,414.741318072349,,,,,
5.94455,0.0,0.332645764565447,414.743081900778,,,,,
5.1732,0.0,0.332259642406852,414.483890242752,,,,,
5.7203,0.0,0.332577089410354,414.622968583345,,,,,
5.345,0.0,0.33265202018188,414.742663668706,,,,,
5.3937,0.0,0.332590064159751,414.705745084409,,,,,
5.30625,0.0,0.33270164044164,414.740120803899,,,,,
5.0639,0.0,0.328757173021651,412.627605438589,,,,,
5.9664,0.0,0.332726942279217,414.746933248903,,,,,
5.584,0.0,0.332608240427612,414.72206667026,,,,,
5.49885,0.0,0.332617960645369,414.66208633305,,,,,
5.59765,0.0,0.332689725277689,414.710609418371,,,,,
5.30285,0.0,0.332554372125049,414.656781195217,,,,,
5.7218,0.0,0.332576972912609,414.638788429691,,,,,
5.7804,0.0,0.332576673190523,414.622103024415,,,,,
5.3509,0.0,0.33256810255598,414.616437734238,,,,,
5.2844,0.0,0.332589559902504,414.711604147405,,,,,
5.9142,0.0,0.332624180145072,414.732741549639,,,,,
5.00255,1734.65359056511,0.291837894523871,387.82274073185,,,,,
5.425,0.0,0.332661759898756,414.748052097018,,,,,
5.0046,1720.23064775668,0.288774536332815,381.627500110926,,,,,
5.4109,0.0,0.332574036937177,414.620269803787,,,,,
5.81115,0.0,0.332577045655338,414.625410586088,,,,,
5.21645,0.0,0.332595042155016,414.670678244807,,,,,
5.4302,0.0,0.332576690145611,414.624112844254,,,,,
5.5851,0.0,0.332673360025982,414.751783697358,,,,,
5.95255,0.0,0.33257705221859,414.667701750766,,,,,
5.3722,0.0,0.332570982795139,414.644117632398,,,,,
5.6457,0.0,0.332708008179056,414.756187738986,,,,,
5.4277,0.0,0.332688331602637,414.709757864818,,,,,
5.481,0.0,0.332576090153719,414.622208838772,,,,,
5.6526,0.0,0.332576848210752,414.665790645752,,,,,
5.267,0.0,0.332676144761813,414.708944876068,,,,,
5.4808,0.0,0.33257587028404,414.621210749,,,,,
5.9413,0.0,0.332577179655059,414.628602816468,,,,,
5.3911,0.0,0.332573049704145,414.620821919345,,,,,
5.39855,0.0,0.332634364167495,414.673803123527,,,,,
5.19345,0.0,0.332371222344408,414.561988996763,,,,,
5.4511,0.0,0.332575699091876,414.622682004866,,,,,
5.46315,0.0,0.332580225536202,414.685433602845,,,,,
5.12965,0.0,0.331870859427095,414.180596115865,,,,,
5.86865,0.0,0.332622706353449,414.665481801956,,,,,
5.5403,0.0,0.332577218487621,414.623417641665,,,,,
5.2263,0.0,0.332615775343793,414.687140611313,,,,,
5.4242,0.0,0.332613569246509,414.726170745761,,,,,
5.8709,0.0,0.332576731712922,414.622806884145,,,,,
5.3025,0.0,0.332553314273643,414.642949461071,,,,,
5.4083,0.0,0.332650417464788,414.684518669601,,,,,
5.8321,0.0,0.332576536455904,414.649343193771,,,,,
5.3338,0.0,0.332584041462492,414.70353424999,,,,,
5.73865,0.0,0.332625051839159,414.667166114778,,,,,
5.72405,0.0,0.332612926117724,414.725567119441,,,,,
5.3818,0.0,0.332572521355513,414.632879094607,,,,,
5.84945,0.0,0.332589154636635,414.638108367548,,,,,
5.02865,466.54101918961,0.320904247889922,409.271390495588,,,,,
5.84685,0.0,0.3327213184178,414.73628481392,,,,,
5.34965,0.0,0.332579717435504,414.631729657295,,,,,
5.2698,0.0,0.332542628363623,414.606927640579,,,,,
5.6267,0.0,0.332725622563688,414.742444196706,,,,,
5.44655,0.0,0.332725708941252,414.746575940377,,,,,
5.28395,0.0,0.332567275562839,414.695281963333,,,,,
5.0034,1732.27217750567,0.290536151580172,383.285627405752,,,,,
5.79935,0.0,0.332592657080007,414.641477765446,,,,,
5.87405,0.0,0.332615412766092,414.727284252357,,,,,
5.2373,0.0,0.332629678779378,414.676433220562,,,,,
5.44885,0.0,0.332618113222195,414.662265539061,,,,,
5.74685,0.0,0.332722134640776,414.737250142364,,,,,
5.5376,0.0,0.332693541588278,414.713289076615,,,,,
5.28455,0.0,0.332598330150583,414.716337373238,,,,,
5.7689,0.0,0.332611345634389,414.657088283011,,,,,
5.98005,0.0,0.332578104525132,414.624785751876,,,,,
5.56385,0.0,0.332601323335848,414.716128078872,,,,,
5.7713,0.0,0.332577156683682,414.627592383076,,,,,
5.21705,0.0,0.332594897224324,414.658239939194,,,,,
5.15085,0.0,0.332095205979139,414.316800453278,,,,,
5.66075,0.0,0.332576454415106,414.621606564986,,,,,
5.6641,0.0,0.3326144502653,414.726636273962,,,,,
5.611,0.0,0.332576712023144,414.622911561075,,,,,
5.4649,0.0,0.332657260263739,414.747000707135,,,,,
5.20375,0.0,0.332418948538266,414.599689747303,,,,,
5.881,0.0,0.332576872276026,414.623804774214,,,,,
5.7489,0.0,0.332611655169087,414.65733063576,,,,,
5.5908,0.0,0.332576433084496,414.621654911942,,,,,
5.72395,0.0,0.332608106440405,414.721946955757,,,,,
5.8366,0.0,0.332726033676958,414.743270324673,,,,,
5.17475,0.0,0.332326622341959,414.549700439449,,,,,
5.75385,0.0,0.332604060001306,414.718569948229,,,,,
5.54135,0.0,0.332576969084044,414.627050955784,,,,,
5.90055,0.0,0.332576441835516,414.621501244176,,,,,
5.72665,0.0,0.332725856001737,414.74290730368,,,,,
5.07425,0.0,0.33001208687393,413.091408203139,,,,,
5.3826,0.0,0.332572043872021,414.659460741021,,,,,
5.91085,0.0,0.332576675925214,414.622516856067,,,,,
5.69415,0.0,0.332617547757908,414.728709887636,,,,,
5.69085,0.0,0.332576569819156,414.622052719396,,,,,
5.03375,0.0,0.323697761611136,413.87506405395,,,,,
5.2567,0.0,0.332669305085235,414.710140067341,,,,,
5.00115,1734.67251302633,0.291830496629601,390.501681036554,,,,,
5.9438,0.0,0.332604563689677,414.719015400935,,,,,
5.67105,0.0,0.332576832349547,414.623600357872,,,,,
5.60615,0.0,0.332722949768354,414.753168786757,,,,,
5.8121,0.0,0.332576551223246,414.649120503292,,,,,
5.1018,0.0,0.33130764892399,413.789086340408,,,,,
5.15325,0.0,0.332100188105713,414.386396422431,,,,,
5.8152,0.0,0.332684238024306,414.754076880367,,,,,
5.30545,0.0,0.332666969753754,414.741403579332,,,,,
5.7362,0.0,0.332724764800456,414.751935681574,,,,,
5.3549,0.0,0.3326476254049,414.741785453915,,,,,
5.31875,0.0,0.332611505870585,414.658740181558,,,,,
5.8164,0.0,0.332726918224797,414.747953394433,,,,,
5.399,0.0,0.332609254353548,414.655892531551,,,,,
5.80405,0.0,0.3326142462804,414.726487429678,,,,,
5.34635,0.0,0.33271566767254,414.745797129765,,,,,
5.05205,0.0,0.326833130998265,412.541389187619,,,,,
5.43625,0.0,0.332722385575636,414.751677275146,,,,,
5.90435,0.0,0.332632671682553,414.737261235899,,,,,
5.0057,1705.18572143367,0.302516652030104,392.468575051205,,,,,
5.34955,0.0,0.33258254670971,414.634535793874,,,,,
5.2125,0.0,0.33243364540095,414.566395747495,,,,,
5.3775,0.0,0.3326969953663,414.716255438921,,,,,
5.4211,0.0,0.332574757806869,414.621996601151,,,,,
5.47625,0.0,0.332723496465812,414.752018507649,,,,,
5.83655,0.0,0.332726495085395,414.744491499825,,,,,
5.19265,0.0,0.33236257143309,414.527168916799,,,,,
5.29065,0.0,0.332548188514754,414.603734583912,,,,,
5.6575,0.0,0.332697061521901,414.715783641666,,,,,
5.94525,0.0,0.332689675523207,414.754943835018,,,,,
5.0879,0.0,0.331144880404153,413.683061860059,,,,,
5.64845,0.0,0.332638596709267,414.676537372093,,,,,
5.3822,0.0,0.332572003944962,414.644876159507,,,,,
5.184,0.0,0.33234149733703,414.556572706242,,,,,
5.5802,0.0,0.332577865514011,414.624477974207,,,,,
5.8997,0.0,0.332582996831727,414.631438203393,,,,,
5.1799,0.0,0.332321289469187,414.46590350076,,,,,
5.6666,0.0,0.332726513126233,414.744604943156,,,,,
5.3705,0.0,0.332571168210364,414.618745440142,,,,,
5.71375,0.0,0.332599396062328,414.714202802386,,,,,
5.6269,0.0,0.332721839969752,414.736906525331,,,,,
5.3139,0.0,0.332581345652114,414.703384355453,,,,,
5.4567,0.0,0.332725259558995,414.743236033186,,,,,
5.82255,0.0,0.332576890871919,414.666010653325,,,,,
5.31595,0.0,0.332696268200565,414.74499338739,,,,,
5.7248,0.0,0.332657151449354,414.747213415776,,,,,
5.934,0.0,0.332613845419627,414.726216413068,,,,,
5.93965,0.0,0.332583695804927,414.632273087469,,,,,
5.089,0.0,0.331070802427898,413.628523637955,,,,,
5.4841,0.0,0.332610950785823,414.724200237578,,,,,
5.6984,0.0,0.332640691633467,414.677954340687,,,,,
5.1911,0.0,0.332362610290726,414.486924554366,,,,,
5.73495,0.0,0.332666994359298,414.750182499506,,,,,
5.9506,0.0,0.332576443476332,414.621514781725,,,,,
5.29185,0.0,0.332548762848727,414.618396253775,,,,,
5.6114,0.0,0.332577153948994,414.628438882786,,,,,
5.7502,0.0,0.33257757618453,414.623871895651,,,,,
5.2522,0.0,0.332513045046055,414.606175745608,,,,,
5.4466,0.0,0.332725653178523,414.745497692977,,,,,
5.1919,0.0,0.33236302349489,414.501294982137,,,,,
5.31755,0.0,0.332683973938386,414.707953953065,,,,,
5.86415,0.0,0.33262051123946,414.730574402736,,,,,
5.7183,0.0,0.332646562381815,414.681879315591,,,,,
5.8371,0.0,0.332713183413603,414.728327743953,,,,,
5.9322,0.0,0.332576444570209,414.654018841808,,,,,
5.44995,0.0,0.332580123259805,414.628556952722,,,,,
5.85065,0.0,0.332576442382454,414.621537666712,,,,,
5.3895,0.0,0.332588378559322,414.638592247509,,,,,
5.5394,0.0,0.332593612534031,414.642412654322,,,,,
5.76045,0.0,0.332576583492619,414.621879985163,,,,,
5.6387,0.0,0.33262404014882,414.666452437848,,,,,
5.451,0.0,0.332575557981336,414.621814470726,,,,,
5.86295,0.0,0.332580150059506,414.683042871952,,,,,
5.1492,0.0,0.332122645636145,414.346939873744,,,,,
5.16395,0.0,0.332208513899387,414.474020007717,,,,,
5.14075,0.0,0.331988062311316,414.248467493203,,,,,
5.13245,0.0,0.331859001037684,414.199397230796,,,,,
5.24615,0.0,0.332647513853255,414.710382597125,,,,,
5.61415,0.0,0.332616160889784,414.727796085497,,,,,
5.11735,0.0,0.331780370867709,414.141431566912,,,,,
5.5923,0.0,0.332576392611025,414.653598628133,,,,,
5.6314,0.0,0.332577156683682,414.628570553649,,,,,
5.51855,0.0,0.332634829530989,414.673981753233,,,,,
5.33175,0.0,0.332564548986891,414.626114414927,,,,,
5.7732,0.0,0.332583772374671,414.692380983957,,,,,
5.3354,0.0,0.332674723691012,414.747165934444,,,,,
5.0707,0.0,0.329965368118087,413.073801423202,,,,,
5.704,0.0,0.332610155071568,414.723537213774,,,,,
5.9739,0.0,0.332609574827877,414.723096608786,,,,,
5.30785,0.0,0.332663831711696,414.694015128331,,,,,
5.15165,0.0,0.332096039077408,414.326019884125,,,,,
5.8524,0.0,0.332576529892641,414.660520389501,,,,,
5.1814,0.0,0.332314941690019,414.459995378365,,,,,
5.5248,0.0,0.332652725024994,414.745631844018,,,,,
5.6466,0.0,0.332726543194294,414.744754431252,,,,,
5.2778,0.0,0.332650878431294,414.686113909657,,,,,
5.0674,0.0,0.330136691529581,413.210395396997,,,,,
5.42475,0.0,0.332645727381361,414.742629886647,,,,,
5.35315,0.0,0.332572212878284,414.679236193842,,,,,
5.90755,0.0,0.332689729104956,414.71061334493,,,,,
5.2948,0.0,0.332620413897249,414.727137961092,,,,,
5.4281,0.0,0.33266369173213,414.693237705152,,,,,
5.0809,0.0,0.330636088004875,413.353420288032,,,,,
5.42355,0.0,0.332587426371786,414.701030877131,,,,,
5.35225,0.0,0.332568128262745,414.643822963547,,,,,
5.1462,0.0,0.332171511519953,414.420870297503,,,,,
5.1603,0.0,0.33218505900329,414.376049413918,,,,,
5.8967,0.0,0.332724294642488,414.740136626213,,,,,
5.2137,0.0,0.332449374083398,414.617439889628,,,,,
5.57735,0.0,0.332705889076057,414.722392980853,,,,,
5.66545,0.0,0.332695806750207,414.755674150609,,,,,
5.9295,0.0,0.332587154005178,414.636051090966,,,,,
5.5123,0.0,0.33257612078232,414.652497615432,,,,,
5.0975,0.0,0.331395033073809,413.864633060285,,,,,
5.24145,0.0,0.332499272405753,414.577850871394,,,,,
5.74165,0.0,0.332577117304175,414.634933019113,,,,,
5.4854,0.0,0.332689132597447,414.754593362217,,,,,
5.0534,0.0,0.32679732618316,412.410808410442,,,,,
5.183,0.0,0.332316258657535,414.51173647675,,,,,
5.54905,0.0,0.33260747697325,414.654103424867,,,,,
5.1235,0.0,0.331715304082294,414.149898854049,,,,,
5.1137,0.0,0.331540464862658,414.03789323205,,,,,
5.06325,0.0,0.328775723848842,412.700592281655,,,,,
5.457,0.0,0.332719707287267,414.734974132639,,,,,
5.3932,0.0,0.33257783051008,414.684818501329,,,,,
5.81775,0.0,0.33267950248906,414.703659801499,,,,,
5.1519,0.0,0.332095937747356,414.332284373195,,,,,
5.7316,0.0,0.332577157230619,414.633611565028,,,,,
5.71205,0.0,0.332576637092589,414.646351393018,,,,,
5.4387,0.0,0.332626390546834,414.668207098935,,,,,
5.78495,0.0,0.332668032711628,414.750462944633,,,,,
5.2516,0.0,0.332513609046931,414.589798285275,,,,,
5.9268,0.0,0.332721937282289,414.737001547053,,,,,
5.01735,1268.33469302076,0.334850628717898,415.428540943954,,,,,
5.113,0.0,0.331524777005497,413.996087347201,,,,,
5.31385,0.0,0.332579387087594,414.701404914574,,,,,
5.47335,0.0,0.332584141549979,414.694138921961,,,,,
5.35455,0.0,0.332625643539866,414.732822206681,,,,,
5.7857,0.0,0.332710044713983,414.756123138198,,,,,
5.294,0.0,0.332575888879989,414.701244917244,,,,,
5.2476,0.0,0.332631819694952,414.675221279794,,,,,
5.4381,0.0,0.332663790702064,414.693301517778,,,,,
5.07385,0.0,0.329980676992229,413.06694547791,,,,,
5.4186,0.0,0.332631982655522,414.672121030809,,,,,
5.55355,0.0,0.332590553102598,414.703953976036,,,,,
5.8671,0.0,0.332712790872752,414.727990751827,,,,,
5.7114,0.0,0.332577198797872,414.629085176007,,,,,
5.3624,0.0,0.332569564009731,414.650218918827,,,,,
5.01275,1489.7942193395,0.317726994578683,402.893085389396,,,,,
5.36415,0.0,0.332605259883097,414.72077401751,,,,,
5.4528,0.0,0.332576388782454,414.670552136743,,,,,
5.22565,0.0,0.332587562008086,414.688484492008,,,,,
5.00535,1715.27221824744,0.296717870621225,388.372415819223,,,,,
5.18585,0.0,0.332460107308334,414.605821033423,,,,,
5.3351,0.0,0.332656017918498,414.743090702744,,,,,
5.0208,1007.67468475204,0.333093043204866,413.558208863507,,,,,
5.3258,0.0,0.332693244158195,414.74734178891,,,,,
5.6673,0.0,0.33270694425545,414.723193581092,,,,,
5.5008,0.0,0.332576061165934,414.621354639466,,,,,
5.92355,0.0,0.332594548843496,414.708955113806,,,,,
5.5744,0.0,0.332629193175154,414.735488004891,,,,,
5.90015,0.0,0.332577589857951,414.623887549283,,,,,
5.79695,0.0,0.332718934247994,414.733703675865,,,,,
5.7263,0.0,0.332726069758683,414.750378095577,,,,,
5.2303,0.0,0.332482732557689,414.564251497922,,,,,
5.8355,0.0,0.332701390037867,414.756103166395,,,,,
5.80495,0.0,0.332668462486842,414.750574084076,,,,,
5.095,0.0,0.33118353096637,413.793390427004,,,,,
5.37825,0.0,0.332652116968029,414.685699035424,,,,,
5.9546,0.0,0.332649140644383,414.744390725884,,,,,
5.00195,1734.64199934972,0.29181552325123,389.580708694432,,,,,
5.65905,0.0,0.332605975763107,414.65289907783,,,,,
5.718,0.0,0.332665773375293,414.694562570829,,,,,
5.4444,0.0,0.332625502450514,414.733414615414,,,,,
5.149,0.0,0.332130988980654,414.35366730642,,,,,
5.5808,0.0,0.332576398080414,414.621635006993,,,,,
5.50995,0.0,0.332580610576472,414.628673334334,,,,,
5.1772,0.0,0.332435114559028,414.557387156158,,,,,
5.14335,0.0,0.331994830550782,414.324273400071,,,,,
5.9393,0.0,0.332592789432703,414.641614237272,,,,,
5.698,0.0,0.332666174173492,414.694835196442,,,,,
5.2285,0.0,0.332546886687408,414.618793443431,,,,,
5.3227,0.0,0.332561399039123,414.655806335082,,,,,
5.0939,0.0,0.331065868544741,413.698331297161,,,,,
5.86345,0.0,0.332590707879659,414.704073701425,,,,,
5.19485,0.0,0.332439207922019,414.616780887743,,,,,
5.13645,0.0,0.332063382908823,414.346893330813,,,,,
5.7501,0.0,0.332578315095428,414.625115294786,,,,,
5.3425,0.0,0.33256616141605,414.651527445724,,,,,
5.0207,1024.0489724063,0.333088302559661,413.546292645308,,,,,
5.39435,0.0,0.332619407661484,414.729861099707,,,,,
5.3193,0.0,0.332584563776644,414.638224190721,,,,,
5.48935,0.0,0.332595597266329,414.644287206698,,,,,
5.82485,0.0,0.332662466361625,414.748881692895,,,,,
5.79315,0.0,0.332582945420495,414.690540824966,,,,,
5.32425,0.0,0.332601169657523,414.718633698261,,,,,
5.98995,0.0,0.332578999311235,414.626168648384,,,,,
5.31665,0.0,0.332709767527278,414.735598419487,,,,,
5.58015,0.0,0.332578269152829,414.625138107451,,,,,
5.2966,0.0,0.332701250620838,414.731561186743,,,,,
5.6621,0.0,0.332576577476296,414.647463170835,,,,,
5.40325,0.0,0.332579397479338,414.687501374161,,,,,
5.62445,0.0,0.332633172046526,414.737504016632,,,,,
5.9589,0.0,0.332608396290214,414.65480911805,,,,,
5.08935,0.0,0.331054659346035,413.613664351282,,,,,
5.0018,1734.64285204271,0.291808905847796,389.85370119745,,,,,
5.38835,0.0,0.332646379195909,414.681876447822,,,,,
5.20935,0.0,0.33245611706438,414.556630015879,,,,,
5.07775,0.0,0.3308194621581,413.493014400165,,,,,
5.3626,0.0,0.332569736298952,414.657767940305,,,,,
5.3199,0.0,0.332567323147818,414.621383754481,,,,,
5.79265,0.0,0.332577285213985,414.669640515709,,,,,
5.8142,0.0,0.332622370579602,414.731688369219,,,,,
5.1854,0.0,0.332431102127967,414.600904744815,,,,,
5.50485,0.0,0.332655373231353,414.746514958983,,,,,
5.708,0.0,0.332665978422181,414.694697394157,,,,,
5.8303,0.0,0.332576955957535,414.622672525875,,,,,
5.28875,0.0,0.332599029091559,414.650872322341,,,,,
5.4666,0.0,0.332726044064121,414.745605226577,,,,,
5.67315,0.0,0.332582232225558,414.688882720741,,,,,
5.8911,0.0,0.332577009557444,414.625076586381,,,,,
5.35365,0.0,0.33258336710175,414.700285987775,,,,,
5.78355,0.0,0.332593013666489,414.707107824515,,,,,
5.98425,0.0,0.332628310554851,414.73503052965,,,,,
5.8606,0.0,0.332576431443679,414.621494273601,,,,,
5.0873,0.0,0.331165979566251,413.700526479756,,,,,
5.7985,0.0,0.332632650902393,414.672466196216,,,,,
5.66945,0.0,0.332590845702281,414.639762837155,,,,,
5.363,0.0,0.332571988630473,414.674012944846,,,,,
5.50315,0.0,0.332580927249883,414.686298557875,,,,,
5.2019,0.0,0.332402218089593,414.526190097748,,,,,
5.18525,0.0,0.332420455517782,414.598108281938,,,,,
5.19775,0.0,0.332508414841697,414.597254830046,,,,,
5.97385,0.0,0.332607239077012,414.721256764269,,,,,
5.1714,0.0,0.332256065282452,414.422736982638,,,,,
5.50135,0.0,0.33257671968028,414.626689469941,,,,,
5.12535,0.0,0.331836703816106,414.239526056203,,,,,
5.23405,0.0,0.332510565290799,414.661420713869,,,,,
5.4201,0.0,0.332577336626092,414.625433529499,,,,,
5.23735,0.0,0.332627845729091,414.674779281243,,,,,
5.8573,0.0,0.332704019268084,414.720930152172,,,,,
5.8855,0.0,0.332702212323786,414.75613924963,,,,,
5.86955,0.0,0.332586404722393,414.63525874227,,,,,
5.836,0.0,0.332721167528403,414.754073854763,,,,,
5.6672,0.0,0.332711345902926,414.726765735564,,,,,
5.5297,0.0,0.332585263293475,414.634121402022,,,,,
5.09045,0.0,0.331035257046366,413.589189780297,,,,,
5.8456,0.0,0.332706430881023,414.756224308091,,,,,
5.70075,0.0,0.332576468088574,414.621647791366,,,,,
5.82085,0.0,0.332576633810958,414.622312619944,,,,,
5.96355,0.0,0.332594994574004,414.709479748201,,,,,
5.08575,0.0,0.33098043092756,413.631013866802,,,,,
5.3807,0.0,0.332571863926747,414.618609158245,,,,,
5.4338,0.0,0.332596157845778,414.711564341782,,,,,
5.3218,0.0,0.332561671426825,414.62550199042,,,,,
5.6661,0.0,0.33272227678255,414.753561084683,,,,,
5.2914,0.0,0.332548795120797,414.608689816385,,,,,
5.5331,0.0,0.332580531271339,414.684712169185,,,,,
5.71405,0.0,0.332612773538518,414.725452876691,,,,,
5.36755,0.0,0.332693509876995,414.713799286972,,,,,
5.73105,0.0,0.332576860243389,414.623816333408,,,,,
5.87055,0.0,0.332576451133474,414.621509063049,,,,,
5.0625,0.0,0.328784851983123,412.772515013755,,,,,
5.34645,0.0,0.33271691526213,414.744152521345,,,,,
5.90805,0.0,0.332658596107781,414.68984003852,,,,,
5.82525,0.0,0.332687406492239,414.75460297462,,,,,
5.6464,0.0,0.332726652532677,414.749024601294,,,,,
5.6888,0.0,0.332617738615884,414.661882854824,,,,,
5.64695,0.0,0.332720339275606,414.735207249748,,,,,
5.24305,0.0,0.332501125312047,414.63005043434,,,,,
5.11515,0.0,0.331645970600187,414.119466799133,,,,,
5.3454,0.0,0.332677127861494,414.748537829019,,,,,
5.9327,0.0,0.332577876452739,414.67354871521,,,,,
5.58645,0.0,0.332726755310724,414.748401471109,,,,,
5.4455,0.0,0.332693329997419,414.754770376508,,,,,
5.42905,0.0,0.332607770104931,414.654558066485,,,,,
5.9676,0.0,0.332685634450303,414.707808786851,,,,,
5.91755,0.0,0.332689545396066,414.710484453435,,,,,
5.4125,0.0,0.332573989353159,414.657304716051,,,,,
5.7993,0.0,0.332594313125649,414.643005961249,,,,,
5.334,0.0,0.332592100323049,414.711362940519,,,,,
5.61975,0.0,0.332583748309896,414.632342011263,,,,,
5.54265,0.0,0.332576745933317,414.666257127243,,,,,
5.8439,0.0,0.332607603851174,414.721543003378,,,,,
5.1411,0.0,0.331988276543304,414.249432693502,,,,,
5.79735,0.0,0.332702514666435,414.719788178603,,,,,
5.09865,0.0,0.331349336048856,413.823713053032,,,,,
5.985,0.0,0.332675318584029,414.752271527099,,,,,
5.01335,1481.36826676355,0.317596631170553,402.642861444233,,,,,
5.5462,0.0,0.332723477878114,414.752702666869,,,,,
5.77495,0.0,0.332667826572429,414.750409410785,,,,,
5.1385,0.0,0.332044905647316,414.301628542538,,,,,
5.11645,0.0,0.331755106496903,414.149543316111,,,,,
5.668,0.0,0.332666802982791,414.695240677965,,,,,
5.65835,0.0,0.332644628808482,414.680588861828,,,,,
5.58495,0.0,0.3326637978104,414.749251292557,,,,,
5.39955,0.0,0.332587420355659,414.637470836685,,,,,
5.6956,0.0,0.332704086515746,414.756199404181,,,,,
5.86455,0.0,0.332644132836361,414.742421334502,,,,,
5.0159,1326.31864091987,0.328730960842123,411.289212152488,,,,,
5.0768,0.0,0.330745762819429,413.4618107368,,,,,
5.07355,0.0,0.32997088459847,413.059277925508,,,,,
5.72475,0.0,0.332653941682402,414.746127235396,,,,,
5.06845,0.0,0.330170146483612,413.237762314272,,,,,
5.037,0.0,0.319064250678625,409.263965321054,,,,,
5.4681,0.0,0.332663807105917,414.693289615347,,,,,
5.0594,0.0,0.328900542499578,412.893320291445,,,,,
5.54325,0.0,0.33258312371899,414.691222460225,,,,,
5.7708,0.0,0.332576547941615,414.621933306516,,,,,
5.86555,0.0,0.3327043544128,414.756206961001,,,,,
5.963,0.0,0.332581330338054,414.686529165529,,,,,
5.36915,0.0,0.332600096641764,414.64912041569,,,,,
5.17435,0.0,0.332300814339865,414.535110954103,,,,,
5.3022,0.0,0.332553475084777,414.632287103332,,,,,
5.97185,0.0,0.332576794610816,414.642675366103,,,,,
5.5763,0.0,0.332725396779189,414.75114085614,,,,,
5.06165,0.0,0.328782132213998,412.779149596426,,,,,
5.49345,0.0,0.332586904609051,414.698770034684,,,,,
5.661,0.0,0.332576749761884,414.623074460325,,,,,
5.738,0.0,0.332665345236983,414.694289341758,,,,,
5.5722,0.0,0.332576415582455,414.649815491927,,,,,
5.44905,0.0,0.332608013469657,414.654673449974,,,,,
5.76735,0.0,0.332702993602873,414.720151752673,,,,,
5.7881,0.0,0.332657883621839,414.689373151459,,,,,
5.06455,0.0,0.328785643124108,412.606823820054,,,,,
5.5104,0.0,0.332576630529328,414.622494514053,,,,,
5.8179,0.0,0.332670090269098,414.697407197608,,,,,
5.5212,0.0,0.332576709288452,414.624634763807,,,,,
5.3931,0.0,0.332576384953882,414.680587477124,,,,,
5.7529,0.0,0.332579142061118,414.679435251749,,,,,
5.7957,0.0,0.332710195608424,414.756118330744,,,,,
5.0281,508.302462258431,0.318471451405513,407.746824750408,,,,,
5.05155,0.0,0.326829451626287,412.478367112361,,,,,
5.28825,0.0,0.332629630656468,414.671578227421,,,,,
5.87825,0.0,0.332646443721106,414.681798330829,,,,,
5.8973,0.0,0.332703385061823,414.720445173804,,,,,
5.947,0.0,0.332715610814708,414.730498260581,,,,,
5.3529,0.0,0.332569551429879,414.668748182413,,,,,
5.21885,0.0,0.332505375961518,414.591223520412,,,,,
5.8465,0.0,0.332726774444931,414.74558137954,,,,,
5.6027,0.0,0.332577174185683,414.669131290455,,,,,
5.3488,0.0,0.332615249250529,414.660846029678,,,,,
5.86395,0.0,0.332610258432497,414.723613783705,,,,,
5.93595,0.0,0.332720684244513,414.754255841521,,,,,
5.86105,0.0,0.332576922594322,414.624307440111,,,,,
5.2856,0.0,0.332664123153336,414.735742029787,,,,,
5.382,0.0,0.332572277964815,414.638502685794,,,,,
5.06245,0.0,0.328784828746786,412.775215221363,,,,,
5.83955,0.0,0.332586638805079,414.635509797659,,,,,
5.93645,0.0,0.332726854261899,414.746052926072,,,,,
5.1109,0.0,0.331522741968337,413.934180905085,,,,,
5.58145,0.0,0.332577113475611,414.629190169682,,,,,
5.89845,0.0,0.332633694830376,414.673186634951,,,,,
5.8192,0.0,0.332597658553332,414.645984233759,,,,,
5.84335,0.0,0.332587740304107,414.699650109384,,,,,
5.84105,0.0,0.332576921500446,414.624229174678,,,,,
5.62475,0.0,0.332651830984018,414.745372210517,,,,,
5.7513,0.0,0.332577153402056,414.627477919985,,,,,
5.4796,0.0,0.33258775069559,414.636902804766,,,,,
5.3167,0.0,0.332709572895055,414.734473202209,,,,,
5.22745,0.0,0.332605430513155,414.659927006676,,,,,
5.6405,0.0,0.332576532627334,414.621817781109,,,,,
5.3522,0.0,0.332568186239695,414.642130789318,,,,,
5.57765,0.0,0.332690046221254,414.710852145616,,,,,
5.6126,0.0,0.332576789688373,414.665259051916,,,,,
5.1177,0.0,0.331777414684818,414.13356118483,,,,,
5.50155,0.0,0.33257679953326,414.63050742436,,,,,
5.7417,0.0,0.332577071908348,414.636228464608,,,,,
5.8226,0.0,0.332577092145043,414.66801324225,,,,,
5.26635,0.0,0.332676879079591,414.722780970641,,,,,
5.0717,0.0,0.329966670207612,413.079270478545,,,,,
5.0132,1481.36826676355,0.317659309766505,402.729892822451,,,,,
5.4162,0.0,0.332720427294648,414.75193828123,,,,,
5.9065,0.0,0.332726673306966,414.745132137446,,,,,
5.7138,0.0,0.332601402636023,414.716151457679,,,,,
5.53445,0.0,0.332631264644089,414.736531112646,,,,,
5.88075,0.0,0.332576539190597,414.621867935023,,,,,
5.9226,0.0,0.332577250209992,414.669326177743,,,,,
5.31735,0.0,0.33269336006848,414.715267075025,,,,,
5.4292,0.0,0.332601043324043,414.649190819259,,,,,
5.1689,0.0,0.332297199888189,414.459380101775,,,,,
5.69775,0.0,0.332681870538492,414.705261797379,,,,,
5.7737,0.0,0.332598206003636,414.713003962915,,,,,
5.431,0.0,0.332574999554929,414.621414988249,,,,,
5.07185,0.0,0.329966933160715,413.079509827038,,,,,
5.7707,0.0,0.332576459884494,414.621581680611,,,,,
5.398,0.0,0.332669235643398,414.696947329457,,,,,
5.94705,0.0,0.332713735047526,414.728813842235,,,,,
5.2346,0.0,0.332540537197631,414.680878000426,,,,,
5.37205,0.0,0.332571188447418,414.63927861073,,,,,
5.31275,0.0,0.332558117789015,414.655505010927,,,,,
5.9971,0.0,0.332711062156696,414.726523109992,,,,,
5.4297,0.0,0.332584566511271,414.634018815744,,,,,
5.9149,0.0,0.332667554818436,414.750332201328,,,,,
5.72275,0.0,0.332577740812489,414.672794460264,,,,,
5.00325,1734.68257800021,0.291031479703647,384.247291194332,,,,,
5.66535,0.0,0.332690185642979,414.755006945155,,,,,
5.8057,0.0,0.332710336661861,414.756107836019,,,,,
5.8993,0.0,0.332593223680435,414.642008096298,,,,,
5.30925,0.0,0.33258325826319,414.637830241148,,,,,
5.73615,0.0,0.332723862752607,414.752647778542,,,,,
5.14325,0.0,0.33199306083906,414.319313178221,,,,,
5.6137,0.0,0.332596242616247,414.71091074722,,,,,
5.735,0.0,0.332670184316066,414.751028407907,,,,,
5.25565,0.0,0.33263874162092,414.719226935493,,,,,
5.2204,0.0,0.332460713527961,414.549577516044,,,,,
5.30125,0.0,0.332553804911451,414.609859354254,,,,,
5.48395,0.0,0.332603993280313,414.718662994486,,,,,
5.3445,0.0,0.332620593816257,414.730097723425,,,,,
5.3756,0.0,0.3326934721515,414.752697828345,,,,,
5.07105,0.0,0.329965399540291,413.07407050052,,,,,
5.58675,0.0,0.332725061655668,414.741456285911,,,,,
5.96595,0.0,0.332720953221607,414.754153541938,,,,,
5.90065,0.0,0.332576459337555,414.621566498187,,,,,
5.4,0.0,0.332577671898469,414.626668069339,,,,,
5.3551,0.0,0.332660514836316,414.745677762667,,,,,
5.21745,0.0,0.33258288635226,414.645921120422,,,,,
5.083,0.0,0.330638094390284,413.378344196961,,,,,
5.00365,1729.94692296888,0.289419755421038,381.678179911644,,,,,
5.09215,0.0,0.331035100992562,413.603267469228,,,,,
5.0385,0.0,0.323381919925708,411.396715164666,,,,,
5.8452,0.0,0.332684814310451,414.754176937667,,,,,
5.06425,0.0,0.328760664279982,412.606542468515,,,,,
5.6567,0.0,0.33272551814521,414.742205579665,,,,,
5.99465,0.0,0.3326531684903,414.745856842037,,,,,
5.09705,0.0,0.331396453045455,413.873327574144,,,,,
5.94335,0.0,0.332588596779975,414.701006076447,,,,,
5.4989,0.0,0.332615341672379,414.660153604764,,,,,
5.41325,0.0,0.332580025905773,414.687989934198,,,,,
5.16985,0.0,0.33226341602879,414.429860911874,,,,,
5.51875,0.0,0.332623187045386,414.6658556176,,,,,
5.2532,0.0,0.332517300466478,414.645532622472,,,,,
5.97765,0.0,0.332682431519333,414.705636139143,,,,,
5.20135,0.0,0.332402166103175,414.514586439161,,,,,
5.8755,0.0,0.33270205541167,414.756134381002,,,,,
5.84545,0.0,0.33269895979932,414.75595170681,,,,,
5.53325,0.0,0.332583024725052,414.691061067588,,,,,
5.29485,0.0,0.332623633284378,414.728355399313,,,,,
5.73825,0.0,0.332649309064657,414.683714732973,,,,,
5.19815,0.0,0.332486841199937,414.58195149516,,,,,
5.19685,0.0,0.332533688167717,414.624154467637,,,,,
5.51205,0.0,0.332576393704903,414.644046926354,,,,,
5.491,0.0,0.332576203370139,414.622304280383,,,,,
5.0555,0.0,0.326725185349566,411.934891153182,,,,,
5.2207,0.0,0.332459789425579,414.547627592813,,,,,
5.50955,0.0,0.332589124009235,414.638190947045,,,,,
5.95355,0.0,0.332594880817072,414.709349564964,,,,,
5.99345,0.0,0.332592008441654,414.705811411339,,,,,
5.1573,0.0,0.332292314321962,414.467762326865,,,,,
5.06885,0.0,0.330108693911843,413.20385627181,,,,,
5.86225,0.0,0.332576433631434,414.655011345655,,,,,
5.37535,0.0,0.332679251521854,414.750872605604,,,,,
5.0072,1675.11817469073,0.317959620666129,403.737509267179,,,,,
5.3096,0.0,0.33257094614964,414.626811121894,,,,,
5.1757,0.0,0.332394750020519,414.570799976782,,,,,
5.74265,0.0,0.332577187312184,414.668980521524,,,,,
5.3636,0.0,0.33258348086262,414.6993057392,,,,,
5.30355,0.0,0.332565277534548,414.686339996542,,,,,
5.7973,0.0,0.332704968935025,414.721653325895,,,,,
5.75175,0.0,0.332577027059454,414.63766564291,,,,,
5.78075,0.0,0.332576494341631,414.621736094998,,,,,
5.85985,0.0,0.332580736917714,414.628620856263,,,,,
5.7347,0.0,0.332650947876963,414.745063459236,,,,,
5.0915,0.0,0.331035200449396,413.591521647915,,,,,
5.20905,0.0,0.332469018297273,414.567070497353,,,,,
5.64365,0.0,0.332594819016415,414.709304287356,,,,,
5.5261,0.0,0.332720897458081,414.753925378543,,,,,
5.29785,0.0,0.332659612067443,414.691384310189,,,,,
5.89415,0.0,0.332621047167979,414.730899222226,,,,,
5.6947,0.0,0.332650117262059,414.744755441299,,,,,
5.05275,0.0,0.326833125989316,412.549923027672,,,,,
5.4832,0.0,0.332581446287343,414.688014268034,,,,,
5.0297,401.087873986186,0.323475284770283,411.355723616664,,,,,
5.62565,0.0,0.33270538116727,414.756200959078,,,,,
5.07625,0.0,0.330591990113539,413.394574845493,,,,,
5.99275,0.0,0.332578433780445,414.676428037926,,,,,
5.2912,0.0,0.332548558276549,414.605937043739,,,,,
5.2577,0.0,0.332638729590521,414.678966393289,,,,,
5.4829,0.0,0.332577700886114,414.675393619465,,,,,
5.6604,0.0,0.332576773280228,414.622335749413,,,,,
5.783,0.0,0.332580467280287,414.684055381407,,,,,
5.98095,0.0,0.332576835631176,414.623616263305,,,,,
5.90985,0.0,0.332580518691903,414.628316071525,,,,,
5.03805,0.0,0.3222098170124,410.720072071286,,,,,
5.3912,0.0,0.332573190268806,414.621898064447,,,,,
5.7453,0.0,0.332688796343888,414.754815463817,,,,,
5.6136,0.0,0.332592812949912,414.706869420733,,,,,
5.7807,0.0,0.332576456055923,414.621589121342,,,,,
5.00405,1725.16107644743,0.288098703597576,380.365928429765,,,,,
5.3521,0.0,0.332568320789938,414.638871135074,,,,,
5.6029,0.0,0.332578597861044,414.677363902251,,,,,
5.4362,0.0,0.332721336458918,414.752327711902,,,,,
5.0479,0.0,0.326274121182123,412.147124620637,,,,,
5.4332,0.0,0.332580114508882,414.686665544661,,,,,
5.33045,0.0,0.332564382711526,414.614774160857,,,,,
5.79665,0.0,0.332725588668688,414.74233166705,,,,,
5.53765,0.0,0.332690711070993,414.711305926621,,,,,
5.3619,0.0,0.332570127367807,414.633960966283,,,,,
5.8294,0.0,0.33259080796514,414.639713190098,,,,,
5.7758,0.0,0.332713995829548,414.755777309272,,,,,
5.1977,0.0,0.332510814197136,414.59906970919,,,,,
5.22015,0.0,0.332462825439688,414.552959730162,,,,,
5.74425,0.0,0.332623864059701,414.732569501545,,,,,
5.8984,0.0,0.332636716679919,414.675253075175,,,,,
5.22555,0.0,0.332581639353757,414.687696758165,,,,,
5.7895,0.0,0.332588326055083,414.637267799301,,,,,
5.34285,0.0,0.332567289236684,414.665368544091,,,,,
5.26765,0.0,0.332651190663285,414.687001541008,,,,,
5.22935,0.0,0.332503569578897,414.586671205341,,,,,
5.8236,0.0,0.332595154818077,414.709660947598,,,,,
5.91735,0.0,0.332700536586037,414.718312748126,,,,,
5.55365,0.0,0.332593721916114,414.708046684776,,,,,
5.68925,0.0,0.33259735939679,414.645725847412,,,,,
5.8514,0.0,0.332577203173372,414.630001538946,,,,,
5.56685,0.0,0.332723348857587,414.738874760394,,,,,
5.1862,0.0,0.332477267601858,414.605927558027,,,,,
5.0632,0.0,0.328777027330282,412.706630464111,,,,,
5.24335,0.0,0.332505531872338,414.642980140791,,,,,
5.6219,0.0,0.332576848210752,414.640725761652,,,,,
5.36275,0.0,0.332570217067452,414.663714850362,,,,,
5.6646,0.0,0.332643178621106,414.742024343534,,,,,
5.4896,0.0,0.332587775306995,414.636884701049,,,,,
5.69515,0.0,0.332678785126958,414.753026724748,,,,,
5.2187,0.0,0.332513653357337,414.59712104465,,,,,
5.20435,0.0,0.332446345606586,414.624017691308,,,,,
5.78015,0.0,0.332577839807999,414.624342539454,,,,,
5.6407,0.0,0.332576410113067,414.62149886969,,,,,
5.09485,0.0,0.331162669659558,413.780805881349,,,,,
5.61335,0.0,0.332585857252663,414.696490017617,,,,,
5.3708,0.0,0.332570843323442,414.617967110844,,,,,
5.87725,0.0,0.332706116513971,414.722537761647,,,,,
5.6262,0.0,0.332724109859291,414.752429773479,,,,,
5.775,0.0,0.332671012146951,414.751239436198,,,,,
5.12645,0.0,0.33192025285764,414.257236356817,,,,,
5.74755,0.0,0.332692693583791,414.71268274465,,,,,
5.4052,0.0,0.332673074607012,414.750634856778,,,,,
5.3461,0.0,0.332709889445719,414.74881190114,,,,,
5.44535,0.0,0.332684694569864,414.753582434045,,,,,
5.033,126.464256858937,0.323741215253123,413.52616199866,,,,,
5.57355,0.0,0.332590780072468,414.704252228283,,,,,
5.4372,0.0,0.332712881627363,414.728443666428,,,,,
5.0559,0.0,0.327003457665774,412.032106530174,,,,,
5.06435,0.0,0.328766162798354,412.604540931437,,,,,
5.81285,0.0,0.33257883140229,414.678159238439,,,,,
5.6049,0.0,0.332661034843198,414.748431260227,,,,,
5.3679,0.0,0.33267344313644,414.699839972069,,,,,
5.1158,0.0,0.331707335787745,414.141076060862,,,,,
5.07085,0.0,0.329965191712675,413.07330763008,,,,,
5.8451,0.0,0.332678718967723,414.753012672342,,,,,
5.00035,1734.75351933392,0.291845204972548,390.625529033452,,,,,
5.54635,0.0,0.332725830307159,414.750424582724,,,,,
5.0497,0.0,0.326942931533545,412.579191847658,,,,,
5.65445,0.0,0.332633781778657,414.73780091593,,,,,
5.2146,0.0,0.332493235481177,414.652089469972,,,,,
5.75955,0.0,0.332587275421645,414.636187947415,,,,,
5.4618,0.0,0.332576155786431,414.635893539354,,,,,
5.12045,0.0,0.33170552231733,414.062988078145,,,,,
5.0148,1384.97047351818,0.318963567447652,404.357062205782,,,,,
5.0932,0.0,0.331039293539279,413.647792439264,,,,,
5.89335,0.0,0.332588167448478,414.700329530336,,,,,
5.5222,0.0,0.332576264080377,414.649147560562,,,,,
5.82385,0.0,0.332605053158102,414.719430968145,,,,,
5.68505,0.0,0.332672319503156,414.75155794242,,,,,
5.67455,0.0,0.332640272212216,414.740790704086,,,,,
5.05725,0.0,0.328469443911305,412.655596402025,,,,,
5.28945,0.0,0.33256644528591,414.625476800413,,,,,
5.9454,0.0,0.332698029251086,414.755881388643,,,,,
5.896,0.0,0.332721669399392,414.75386199644,,,,,
5.5931,0.0,0.332580974832908,414.685633359957,,,,,
5.75925,0.0,0.332596524819716,414.644994949991,,,,,
5.5796,0.0,0.332587401760355,414.636363097137,,,,,
5.8744,0.0,0.332635102952245,414.738432521377,,,,,
5.8163,0.0,0.332726370986269,414.749868315132,,,,,
5.77505,0.0,0.332674173085957,414.752007868091,,,,,
5.56575,0.0,0.332708997745235,414.75609781353,,,,,
5.8965,0.0,0.332726695174637,414.74520968197,,,,,
5.63945,0.0,0.332591114237464,414.640039831966,,,,,
5.99145,0.0,0.332577200985622,414.63207363571,,,,,
5.6585,0.0,0.332635365436439,414.674331431195,,,,,
5.5737,0.0,0.332595711023016,414.710356543349,,,,,
5.41905,0.0,0.332607540959105,414.654440035727,,,,,
5.5112,0.0,0.33257664365585,414.624553861959,,,,,
5.02385,767.289842176287,0.33367360374901,418.449979847369,,,,,
5.5417,0.0,0.332576967990168,414.634442760942,,,,,
5.82725,0.0,0.332706874821469,414.723129741402,,,,,
5.2095,0.0,0.332450809796099,414.551903481131,,,,,
5.90595,0.0,0.332720418000713,414.754351594782,,,,,
5.59965,0.0,0.332586058520361,414.634911897345,,,,,
5.6701,0.0,0.332578536604296,414.625473334911,,,,,
5.98835,0.0,0.332637979877075,414.676114360747,,,,,
5.56755,0.0,0.332695839008014,414.714919052114,,,,,
5.86025,0.0,0.332577108553173,414.623011469371,,,,,
5.0329,126.464256858937,0.323734441334744,413.404656950338,,,,,
5.13615,0.0,0.332046642214037,414.346116097463,,,,,
5.08965,0.0,0.331045303129959,413.603574934819,,,,,
5.8503,0.0,0.332576915484128,414.622621903236,,,,,
5.2715,0.0,0.332534731312359,414.601367732131,,,,,
5.6264,0.0,0.332726611530788,414.749141030768,,,,,
5.02465,716.718079144211,0.333189401677293,418.17998031354,,,,,
5.21265,0.0,0.33243381721344,414.572244782563,,,,,
5.73425,0.0,0.332623686876766,414.732466287609,,,,,
5.07315,0.0,0.329967388504587,413.059828758082,,,,,
5.80455,0.0,0.332642919970883,414.741916210377,,,,,
5.8857,0.0,0.332711436111215,414.756034750701,,,,,
5.2004,0.0,0.332402563935873,414.51275920231,,,,,
5.11435,0.0,0.331576419094087,414.077957703639,,,,,
5.9467,0.0,0.332723987946061,414.739686006936,,,,,
5.52755,0.0,0.332696431676309,414.715344727713,,,,,
5.45785,0.0,0.332679588878599,414.703767831803,,,,,
5.0222,925.492360482822,0.333105850418714,414.23919349462,,,,,
5.4315,0.0,0.33257554266701,414.628208049907,,,,,
5.0336,89.4237336026715,0.323741164123381,413.903326020687,,,,,
5.94745,0.0,0.332694655855234,414.714065522156,,,,,
5.60405,0.0,0.332610966098519,414.724141972684,,,,,
5.7545,0.0,0.332638809975451,414.740143571559,,,,,
5.287,0.0,0.332691349675413,414.718233046977,,,,,
5.0747,0.0,0.330084258798808,413.139854923757,,,,,
5.56795,0.0,0.33267196300168,414.698651880169,,,,,
5.26305,0.0,0.332527082420691,414.646536450004,,,,,
5.95985,0.0,0.332580298278219,414.628017623378,,,,,
5.18755,0.0,0.332476126892468,414.578604864558,,,,,
5.6614,0.0,0.332577177467309,414.628764496357,,,,,
5.0378,0.0,0.321426011308707,410.312100622328,,,,,
5.87575,0.0,0.332713336493475,414.75585933341,,,,,
5.6677,0.0,0.332685480264165,414.707697367232,,,,,
5.70325,0.0,0.332584322582462,414.693528599238,,,,,
5.94755,0.0,0.332688972945393,414.710091894686,,,,,
5.5799,0.0,0.332581263612502,414.629366847206,,,,,
5.5562,0.0,0.332723578470354,414.752682243424,,,,,
5.0687,0.0,0.330132964124206,413.218166218435,,,,,
5.9884,0.0,0.332634939446361,414.674042128994,,,,,
5.8505,0.0,0.332576470276329,414.621604417079,,,,,
5.3286,0.0,0.332623006580918,414.666536027547,,,,,
5.02685,554.43460652318,0.316617322245055,407.07909032011,,,,,
5.4452,0.0,0.332675535654102,414.751812689483,,,,,
5.83025,0.0,0.332577170357121,414.623099714536,,,,,
5.3072,0.0,0.332695594067303,414.718171238845,,,,,
5.0323,253.187688045331,0.323725507928884,412.552189057554,,,,,
5.58585,0.0,0.332713468251452,414.755784444239,,,,,
5.1093,0.0,0.33154168340714,413.957440759766,,,,,
5.79185,0.0,0.332576882120911,414.640903284358,,,,,
5.9541,0.0,0.332619393442913,414.729882332113,,,,,
5.97485,0.0,0.332665586372421,414.749792525976,,,,,
5.7058,0.0,0.332713105780212,414.755875433,,,,,
5.88695,0.0,0.332718008675979,414.732770637761,,,,,
5.4845,0.0,0.332632886046227,414.737291463612,,,,,
5.0942,0.0,0.331088596212879,413.72377705514,,,,,
5.7345,0.0,0.332638395473358,414.739964000682,,,,,
5.68165,0.0,0.332577129336802,414.634437529356,,,,,
5.9153,0.0,0.332691996479838,414.755255427511,,,,,
5.1515,0.0,0.332095965681589,414.323004924717,,,,,
5.1051,0.0,0.331441446584119,413.977916731261,,,,,
5.63625,0.0,0.332725019560194,414.751657679502,,,,,
5.35725,0.0,0.332706060201232,414.723964456177,,,,,
5.19455,0.0,0.332419304216691,414.607324977136,,,,,
5.78215,0.0,0.332576488325305,414.650508817283,,,,,
5.09975,0.0,0.331314650122986,413.790164607067,,,,,
5.93805,0.0,0.332657956346875,414.689428291973,,,,,
5.27015,0.0,0.3325368990954,414.599783422134,,,,,
5.9488,0.0,0.332613398620626,414.658650097718,,,,,
5.2646,0.0,0.33258390527783,414.707238875456,,,,,
5.40255,0.0,0.332573478508216,414.658737340735,,,,,
5.76555,0.0,0.332702752494547,414.756159755243,,,,,
5.56015,0.0,0.332578299234293,414.625203128277,,,,,
5.24625,0.0,0.332650501674613,414.709476086065,,,,,
5.58635,0.0,0.332726050624435,414.750257256657,,,,,
5.98655,0.0,0.332726033676958,414.743300048337,,,,,
5.50775,0.0,0.332685258826502,414.70756992815,,,,,
5.1489,0.0,0.332135474386447,414.357144404285,,,,,
5.17865,0.0,0.332369602402189,414.506319486625,,,,,
5.65085,0.0,0.332576539737536,414.621976924305,,,,,
5.62535,0.0,0.332689409254591,414.754889282891,,,,,
5.8777,0.0,0.332681377355724,414.704917239499,,,,,
5.05575,0.0,0.326882957893767,411.987336050569,,,,,
5.51405,0.0,0.332609277869593,414.722914783685,,,,,
5.1733,0.0,0.332261225110608,414.488487994101,,,,,
5.25725,0.0,0.332658944968338,414.695071231969,,,,,
5.65175,0.0,0.332577042373711,414.636771288358,,,,,
5.73195,0.0,0.332576755231267,414.643356072639,,,,,
5.5251,0.0,0.332671949878919,414.751373640067,,,,,
5.7273,0.0,0.332706036692028,414.722487105239,,,,,
5.3694,0.0,0.332590071269663,414.64067842086,,,,,
5.7378,0.0,0.332677999963617,414.702665032398,,,,,
5.9751,0.0,0.33268131174377,414.753537892739,,,,,
5.55635,0.0,0.332725900830571,414.750391889559,,,,,
5.4116,0.0,0.332574711863779,414.629629158797,,,,,
5.5637,0.0,0.33259557320241,414.710210705285,,,,,
5.1269,0.0,0.331937748483386,414.254961132822,,,,,
5.85835,0.0,0.33264058062633,414.677875477347,,,,,
5.26915,0.0,0.332564497572807,414.626797413788,,,,,
5.82685,0.0,0.332721498828945,414.736479665343,,,,,
5.3812,0.0,0.332572338128825,414.62132631168,,,,,
5.45135,0.0,0.332576003737296,414.625972275756,,,,,
5.35125,0.0,0.332568561995726,414.619400911328,,,,,
5.51765,0.0,0.332690984993073,414.711506081338,,,,,
5.03995,0.0,0.324439837608767,412.203259662173,,,,,
5.69925,0.0,0.332597229233531,414.645621638714,,,,,
5.02135,1003.54071103356,0.333094363102945,413.56458229734,,,,,
5.5214,0.0,0.332576900169865,414.627756764367,,,,,
5.6456,0.0,0.332703269701761,414.756165520705,,,,,
5.53195,0.0,0.332576651859926,414.641228061558,,,,,
5.6928,0.0,0.332578030141827,414.674452709959,,,,,
5.5529,0.0,0.332578359397213,414.676628668715,,,,,
5.3817,0.0,0.33257259574005,414.630376696443,,,,,
5.15655,0.0,0.332286847329248,414.480626662412,,,,,
5.0116,1532.32913721076,0.317726336202147,403.283191988031,,,,,
5.15185,0.0,0.33209597882711,414.330911718835,,,,,
5.7272,0.0,0.332710526373173,414.726086852283,,,,,
5.7416,0.0,0.332577153948994,414.6336908297,,,,,
5.62375,0.0,0.332598222410724,414.713031302758,,,,,
5.932,0.0,0.332576613027298,414.647064648623,,,,,
5.37115,0.0,0.332571242595204,414.620073505495,,,,,
5.8929,0.0,0.332579655085096,414.681347514753,,,,,
5.60055,0.0,0.332576467541636,414.621659779188,,,,,
5.52125,0.0,0.33257676945166,414.625322141722,,,,,
5.46945,0.0,0.332592147904475,414.641223310202,,,,,
5.9766,0.0,0.332725466755999,414.742112574864,,,,,
5.26845,0.0,0.33260302363684,414.654371905033,,,,,
5.81345,0.0,0.332590239172933,414.70340344769,,,,,
5.51795,0.0,0.332672817073594,414.699222317297,,,,,
5.5976,0.0,0.332692584234248,414.71260160596,,,,,
5.82425,0.0,0.332625346049069,414.733402725075,,,,,
5.15785,0.0,0.332276036793902,414.451490437796,,,,,
5.3442,0.0,0.332604029375278,414.720234428033,,,,,
5.3671,0.0,0.332712555785391,414.729623249552,,,,,
5.8733,0.0,0.332586735610254,414.697965459022,,,,,
5.4979,0.0,0.332676225684477,414.701490012466,,,,,
5.3951,0.0,0.332665890935524,414.748649919355,,,,,
5.46645,0.0,0.332725799145646,414.748689852837,,,,,
5.33695,0.0,0.332711708376083,414.731303318832,,,,,
5.77295,0.0,0.332579779238967,414.681809988684,,,,,
5.5589,0.0,0.332614632921915,414.659589428029,,,,,
5.2206,0.0,0.332459946452038,414.548015861581,,,,,
5.1157,0.0,0.33169839336868,414.13859129608,,,,,
5.1009,0.0,0.331306920905001,413.778470976274,,,,,
5.3706,0.0,0.33257094122711,414.618220759916,,,,,
5.97355,0.0,0.33259510450254,414.709611506525,,,,,
5.9779,0.0,0.332666763067106,414.695219737072,,,,,
5.5453,0.0,0.332684797360873,414.754096906433,,,,,
5.5679,0.0,0.332675114089674,414.700740815635,,,,,
5.97805,0.0,0.33265712574947,414.688877957579,,,,,
5.6146,0.0,0.332642141831685,414.741585392068,,,,,
5.1712,0.0,0.332255799761275,414.420146825026,,,,,
5.59475,0.0,0.332651199959154,414.745132083757,,,,,
5.47015,0.0,0.332577953023824,414.62522798993,,,,,
5.53525,0.0,0.332681547399976,414.753492524396,,,,,
5.49225,0.0,0.332576013035266,414.650397870093,,,,,
5.9872,0.0,0.332706768756933,414.723057804206,,,,,
5.204,0.0,0.332428702197193,414.610291740289,,,,,
5.2481,0.0,0.332603525139204,414.655487602133,,,,,
5.6712,0.0,0.332577027606391,414.625467253897,,,,,
5.81635,0.0,0.332726723602607,414.748940516701,,,,,
5.41045,0.0,0.332574398466102,414.620982176373,,,,,
5.03985,0.0,0.324450584073107,412.210595652184,,,,,
5.27335,0.0,0.332541113732806,414.66544302509,,,,,
5.09415,0.0,0.331084277378245,413.719438469462,,,,,
5.49135,0.0,0.33257664365585,414.62657780752,,,,,
5.817,0.0,0.332717103329568,414.731890808128,,,,,
5.1186,0.0,0.331750190467124,414.107113893379,,,,,
5.40055,0.0,0.332573556721143,414.620020420302,,,,,
5.0599,0.0,0.328821222583691,412.821547827436,,,,,
5.90245,0.0,0.332576664439509,414.663088915451,,,,,
5.95875,0.0,0.332615778625038,414.660432678591,,,,,
5.30835,0.0,0.332632529502489,414.673193122163,,,,,
5.2047,0.0,0.332467865522997,414.635876985881,,,,,
5.54725,0.0,0.332710748340737,414.726290080529,,,,,
5.024,767.289842176287,0.333766351393359,418.650191186246,,,,,
5.3563,0.0,0.332716622773316,414.747548648183,,,,,
5.81455,0.0,0.332643124485029,414.742002983472,,,,,
5.76965,0.0,0.332584852006197,414.633574985502,,,,,
5.41305,0.0,0.332577088863417,414.679532993971,,,,,
5.34695,0.0,0.332713681469643,414.732471562491,,,,,
5.81425,0.0,0.332625166132631,414.733301055844,,,,,
5.06655,0.0,0.329746412247017,413.030354971519,,,,,
5.8365,0.0,0.332726798499362,414.745657742959,,,,,
5.16525,0.0,0.332292698601035,414.521118014813,,,,,
5.21775,0.0,0.332568980413513,414.635124576303,,,,,
5.1552,0.0,0.332202781606696,414.468035561466,,,,,
5.74455,0.0,0.332641685227725,414.741402172277,,,,,
5.4792,0.0,0.332601432168497,414.649306615956,,,,,
5.4784,0.0,0.332644567563894,414.680565049344,,,,,
5.071,0.0,0.329965319606608,413.073763005807,,,,,
5.26025,0.0,0.332526417790815,414.592288143351,,,,,
5.54385,0.0,0.332601011057043,414.715839493366,,,,,
5.9061,0.0,0.332723973731959,414.752575648505,,,,,
5.59545,0.0,0.332694523543062,414.75552029913,,,,,
5.08545,0.0,0.330914006889273,413.599273011783,,,,,
5.46275,0.0,0.332576328072238,414.668776120995,,,,,
5.0215,982.446573383058,0.333097803987662,413.592773889319,,,,,
5.59265,0.0,0.332576932986142,414.666979483054,,,,,
5.52505,0.0,0.332668771968394,414.750566382487,,,,,
5.1164,0.0,0.331752220270984,414.149355805275,,,,,
5.01135,1548.95857317596,0.317735035822358,403.369509259963,,,,,
5.48515,0.0,0.332673959295665,414.751733105397,,,,,
5.02885,457.743965937541,0.32165658202258,409.80530433098,,,,,
5.21165,0.0,0.332434391745008,414.540383012988,,,,,
5.0342,0.0,0.323327237383811,413.458388824056,,,,,
5.3409,0.0,0.332566204078588,414.615228853211,,,,,
5.3875,0.0,0.332697714329355,414.716682301395,,,,,
5.261,0.0,0.332524615898692,414.589167592977,,,,,
5.18925,0.0,0.332388767564085,414.514829571145,,,,,
5.5015,0.0,0.332576796798569,414.629464361972,,,,,
5.2897,0.0,0.332558985280523,414.618267996443,,,,,
5.44765,0.0,0.332691388494649,414.711853243364,,,,,
5.43755,0.0,0.332696789791787,414.715729160635,,,,,
5.4494,0.0,0.332593663943614,414.642724996514,,,,,
5.8079,0.0,0.332670301327954,414.697542212798,,,,,
5.61705,0.0,0.332717565297097,414.732354156478,,,,,
5.34865,0.0,0.332623889215295,414.666907841946,,,,,
5.77545,0.0,0.332697746040237,414.75586002124,,,,,
5.4247,0.0,0.3326425689062,414.741378047217,,,,,
5.30185,0.0,0.332553936185658,414.621766370814,,,,,
5.32155,0.0,0.332561756753047,414.619764097139,,,,,
5.6231,0.0,0.33258113180215,414.686063368392,,,,,
5.63585,0.0,0.33271414289521,414.755739780321,,,,,
5.1379,0.0,0.332069446820075,414.321300346662,,,,,
5.85675,0.0,0.33272357737696,414.73910671982,,,,,
5.0827,0.0,0.330636953387297,413.370033775312,,,,,
5.0646,0.0,0.328792544227051,412.608775937237,,,,,
5.39275,0.0,0.332573401389157,414.666073927812,,,,,
5.9276,0.0,0.332686420689143,414.70833615975,,,,,
5.02955,448.788829263732,0.323310825247889,411.183818186575,,,,,
5.8286,0.0,0.332626250004656,414.668000956117,,,,,
5.90735,0.0,0.332700697326011,414.718434906186,,,,,
5.25685,0.0,0.332668296263415,414.706637724175,,,,,
5.6927,0.0,0.332577367801515,414.670347469048,,,,,
5.99555,0.0,0.332706378942139,414.756226846286,,,,,
5.8285,0.0,0.332632075072722,414.672065642001,,,,,
5.6545,0.0,0.332636804721088,414.739230930255,,,,,
5.9006,0.0,0.332576440741638,414.621500606592,,,,,
5.5949,0.0,0.332660827059263,414.748363295183,,,,,
5.28485,0.0,0.332617180260293,414.724489022258,,,,,
5.71095,0.0,0.332576717492527,414.622786851134,,,,,
5.24895,0.0,0.332553204878269,414.620949969271,,,,,
5.2444,0.0,0.332546042684856,414.685028972857,,,,,
5.72085,0.0,0.332576584039558,414.622109838202,,,,,
5.8605,0.0,0.332576468088574,414.62159665927,,,,,
5.14235,0.0,0.331988257366533,414.278995688509,,,,,
5.4185,0.0,0.332638076120471,414.676268342893,,,,,
5.76885,0.0,0.332613826825801,414.658970586107,,,,,
5.9988,0.0,0.332612590334003,414.658037200198,,,,,
5.49315,0.0,0.332580807471892,414.686105611215,,,,,
5.5962,0.0,0.332723913595369,414.752551841438,,,,,
5.23175,0.0,0.332481871979453,414.572936395134,,,,,
5.177,0.0,0.332437575179076,414.562272938882,,,,,
5.81525,0.0,0.3326872173145,414.754575181215,,,,,
5.11915,0.0,0.331730227874292,414.090179015859,,,,,
5.9581,0.0,0.332654338667182,414.687036254086,,,,,
5.29885,0.0,0.332598498049684,414.650087127038,,,,,
5.058,0.0,0.328965128149779,412.909638820066,,,,,
5.29775,0.0,0.332665426709067,414.695392182862,,,,,
5.44835,0.0,0.332647818979726,414.682753182717,,,,,
5.61885,0.0,0.332616287217522,414.660812816151,,,,,
5.67135,0.0,0.33257715941837,414.627897199547,,,,,
5.67565,0.0,0.332706173373425,414.756220536782,,,,,
5.1384,0.0,0.332049403172082,414.305049530155,,,,,
5.1317,0.0,0.331859695506467,414.174788748557,,,,,
5.07865,0.0,0.330735126854997,413.443949155701,,,,,
5.9314,0.0,0.332577213565184,414.630545025889,,,,,
5.19755,0.0,0.332517459106886,414.604336910173,,,,,
5.5444,0.0,0.33262855773252,414.735137053423,,,,,
5.7651,0.0,0.332677103256698,414.752667152271,,,,,
5.64105,0.0,0.332576795157755,414.623492042024,,,,,
5.91445,0.0,0.332638935747751,414.740199322704,,,,,
5.06645,0.0,0.329683632111678,413.0025850421,,,,,
5.86015,0.0,0.332577663694418,414.624035062606,,,,,
5.1958,0.0,0.332502985319789,414.633170897002,,,,,
5.1886,0.0,0.332421001071137,414.538948786153,,,,,
5.2742,0.0,0.332570947243536,414.699857379492,,,,,
5.30405,0.0,0.332583410855936,414.706445017679,,,,,
5.7072,0.0,0.332710807386271,414.726314519544,,,,,
5.0525,0.0,0.326834580250943,412.564079075104,,,,,
5.03115,335.255924164333,0.323694444458304,411.629961546885,,,,,
5.40045,0.0,0.332573843319406,414.620651244586,,,,,
5.9206,0.0,0.332576448945719,414.621505436461,,,,,
5.99455,0.0,0.33264680024993,414.74348876827,,,,,
5.4646,0.0,0.332638257123601,414.739754227844,,,,,
5.5136,0.0,0.332591488873763,414.70536288879,,,,,
5.154,0.0,0.332122838969265,414.422367833891,,,,,
5.07505,0.0,0.33017171716664,413.191016038885,,,,,
5.24975,0.0,0.332522747259511,414.59489890376,,,,,
5.57245,0.0,0.332576384406943,414.658894045398,,,,,
5.7493,0.0,0.332594864409819,414.643511004191,,,,,
5.55235,0.0,0.332576296896718,414.654892143341,,,,,
5.88255,0.0,0.332576969084044,414.666789215854,,,,,
5.8405,0.0,0.332576483402857,414.621612428126,,,,,
5.3885,0.0,0.332636954555075,414.675576353301,,,,,
5.1266,0.0,0.331927455406488,414.257054483812,,,,,
5.64225,0.0,0.332576424880414,414.65241436988,,,,,
5.94715,0.0,0.332709611165444,414.725328339874,,,,,
5.055,0.0,0.326574297929202,411.920965283756,,,,,
5.7044,0.0,0.332631768291265,414.736813211376,,,,,
5.75995,0.0,0.332579841589352,414.627394536907,,,,,
5.6754,0.0,0.332693217914351,414.755399964757,,,,,
5.66835,0.0,0.332644427029395,414.680452908671,,,,,
5.6501,0.0,0.332578584187664,414.625563030688,,,,,
5.2361,0.0,0.332629417931251,414.700860501373,,,,,
5.3056,0.0,0.332675501207224,414.74245286737,,,,,
5.2119,0.0,0.33243424729145,414.546546270617,,,,,
5.3989,0.0,0.332614355655697,414.6597079707,,,,,
5.32175,0.0,0.332561710261198,414.624243449392,,,,,
5.626,0.0,0.332719184638563,414.754715139038,,,,,
5.83245,0.0,0.332576622325251,414.662201752969,,,,,
5.3516,0.0,0.332568799372679,414.625457465966,,,,,
5.63415,0.0,0.332616506513611,414.728029042863,,,,,
5.52745,0.0,0.33270167051195,414.719178181452,,,,,
5.0736,0.0,0.329971941357495,413.059996394603,,,,,
5.8927,0.0,0.332577787302097,414.673013259654,,,,,
5.59415,0.0,0.332615816906219,414.727558058549,,,,,
5.7063,0.0,0.33272600360885,414.750488288809,,,,,
5.74545,0.0,0.332697220076593,414.755812109529,,,,,
5.04245,0.0,0.324368693293142,412.56577244385,,,,,
5.54995,0.0,0.332580614404995,414.628541228674,,,,,
5.5995,0.0,0.332590004545864,414.638954172646,,,,,
5.96335,0.0,0.332588777810033,414.701276644596,,,,,
5.592,0.0,0.332576707647638,414.643458027754,,,,,
5.87095,0.0,0.332576803361827,414.62325562126,,,,,
5.1105,0.0,0.331523274184708,413.935393308688,,,,,
5.84285,0.0,0.332578921099587,414.678566662646,,,,,
5.1601,0.0,0.332187152407069,414.37916733624,,,,,
5.6944,0.0,0.332631576347643,414.736717844171,,,,,
5.6399,0.0,0.332581022962858,414.629018671592,,,,,
5.94895,0.0,0.332606249208082,414.653115628425,,,,,
5.50165,0.0,0.332576771092475,414.632764603031,,,,,
5.0642,0.0,0.328758809657352,412.608274172371,,,,,
5.4303,0.0,0.33257594248007,414.622859443077,,,,,
5.17965,0.0,0.332327044348456,414.472125896725,,,,,
5.6708,0.0,0.33257650692122,414.621782811207,,,,,
5.936,0.0,0.332721988125346,414.753715255489,,,,,
5.61735,0.0,0.332705337429125,414.721944171018,,,,,
5.57045,0.0,0.332576632170143,414.622149703682,,,,,
5.16355,0.0,0.332194592289101,414.455409300896,,,,,
5.23585,0.0,0.332618704388376,414.701527329568,,,,,
5.0502,0.0,0.326857228163254,412.488962409461,,,,,
5.77915,0.0,0.332600088438266,414.648074375437,,,,,
5.52385,0.0,0.332600651744641,414.715532073071,,,,,
5.81935,0.0,0.332592447065704,414.641282741393,,,,,
5.42285,0.0,0.332575728079693,414.671619271412,,,,,
5.79815,0.0,0.332654469901716,414.687120007576,,,,,
5.82015,0.0,0.332577761049142,414.624186779991,,,,,
5.3106,0.0,0.332557676384838,414.609878050128,,,,,
5.7771,0.0,0.332713929130602,414.728993189709,,,,,
5.63645,0.0,0.332726851528441,414.748109777414,,,,,
5.1771,0.0,0.332436646087856,414.559930569247,,,,,
5.5037,0.0,0.332594602987479,414.709250855723,,,,,
5.01265,1498.29893176664,0.317729875961856,402.92134363998,,,,,
5.73835,0.0,0.332642999261142,414.679505782812,,,,,
5.9954,0.0,0.332698899658208,414.75594919123,,,,,
5.467,0.0,0.33271980132021,414.734982036922,,,,,
5.1071,0.0,0.331595063440078,414.018808086562,,,,,
5.3046,0.0,0.332613149791056,414.724944641584,,,,,
5.32015,0.0,0.332563730736267,414.616652130429,,,,,
5.3816,0.0,0.332572628556753,414.628093992383,,,,,
5.0864,0.0,0.331101784214977,413.68209173399,,,,,
5.4637,0.0,0.332593650817764,414.708415010834,,,,,
5.08355,0.0,0.330648592643301,413.404527883183,,,,,
5.6502,0.0,0.332577771440937,414.624237242412,,,,,
5.7901,0.0,0.332578207896021,414.624940247771,,,,,
5.95425,0.0,0.33262775768555,414.734730419076,,,,,
5.09855,0.0,0.331353789216943,413.827499249983,,,,,
5.8732,0.0,0.332584457126177,414.693754937597,,,,,
5.6073,0.0,0.332707812999081,414.723880551663,,,,,
5.5185,0.0,0.332637872696896,414.676054628227,,,,,
5.39035,0.0,0.332573650248466,414.621141822709,,,,,
5.0347,0.0,0.322356001416535,412.490630845577,,,,,
5.28645,0.0,0.332694410366907,414.730857957899,,,,,
5.8703,0.0,0.332576904545369,414.622572350074,,,,,
5.89305,0.0,0.332581768429258,414.687683236806,,,,,
5.5398,0.0,0.332583143955316,414.631702922902,,,,,
5.96845,0.0,0.332632327716063,414.672251038731,,,,,
5.5357,0.0,0.332706201256423,414.756101175631,,,,,
5.9787,0.0,0.332618045957151,414.662113060507,,,,,
5.9952,0.0,0.332687714862657,414.754653401722,,,,,
5.5097,0.0,0.332585288998913,414.634213111859,,,,,
5.76465,0.0,0.332648392048042,414.744104733364,,,,,
5.1547,0.0,0.332164647214323,414.452017361509,,,,,
5.7064,0.0,0.332726778818464,414.748658704046,,,,,
5.3682,0.0,0.332654475369821,414.687281508789,,,,,
5.1057,0.0,0.331507423098146,414.005725833396,,,,,
5.73915,0.0,0.332600605258228,414.648512665676,,,,,
5.11365,0.0,0.331538617011782,414.034773081423,,,,,
5.6657,0.0,0.332708319810712,414.756184605524,,,,,
5.1622,0.0,0.332183624879929,414.397354603075,,,,,
5.8181,0.0,0.332657263544574,414.688961933483,,,,,
5.3091,0.0,0.332589897897142,414.643157718509,,,,,
5.25205,0.0,0.332513254016423,414.601403943907,,,,,
5.24085,0.0,0.332498572708013,414.572166366083,,,,,
5.5762,0.0,0.33272373537232,414.752622171404,,,,,
5.17815,0.0,0.332397280438038,414.525671960208,,,,,
5.61345,0.0,0.33258836707402,414.700678923151,,,,,
5.97915,0.0,0.33259757597084,414.645919652919,,,,,
5.3088,0.0,0.332605369808241,414.654649177238,,,,,
5.6122,0.0,0.332576468635513,414.650300092121,,,,,
5.3156,0.0,0.332679730491782,414.744927581577,,,,,
5.55735,0.0,0.332706176107052,414.722604792388,,,,,
5.621,0.0,0.332576706553761,414.622945131084,,,,,
5.0328,126.464256858937,0.323729021423724,413.27273397251,,,,,
5.3342,0.0,0.332601583659111,414.718717884784,,,,,
5.4997,0.0,0.332585288451989,414.634247407646,,,,,
5.89215,0.0,0.332576477386532,414.65176362401,,,,,
5.86675,0.0,0.332723512320025,414.739012916153,,,,,
5.92235,0.0,0.332576509655913,414.659477564623,,,,,
5.50645,0.0,0.33272632889096,414.748725220588,,,,,
5.16155,0.0,0.332184079375593,414.379763604528,,,,,
5.88315,0.0,0.332583505474342,414.691778201145,,,,,
5.1242,0.0,0.331745326453853,414.18893466798,,,,,
5.36025,0.0,0.332571251893308,414.620443634579,,,,,
5.29835,0.0,0.332628398051392,414.670598036642,,,,,
5.8594,0.0,0.332590500598703,414.63943214555,,,,,
5.0476,0.0,0.325781774118443,411.898379859235,,,,,
5.46805,0.0,0.332667008029045,414.695397665553,,,,,
5.9509,0.0,0.332576760700649,414.62303217712,,,,,
5.2832,0.0,0.332546346263467,414.664004445961,,,,,
5.5761,0.0,0.332721467667027,414.753851498332,,,,,
5.3514,0.0,0.332568721158632,414.621631426679,,,,,
5.8519,0.0,0.332576777108795,414.643015637332,,,,,
5.17045,0.0,0.332256188462307,414.419874150198,,,,,
5.23875,0.0,0.332549782972815,414.619767638666,,,,,
5.7048,0.0,0.332656727127595,414.747074023075,,,,,
5.5399,0.0,0.332581390500426,414.629564299812,,,,,
5.56,0.0,0.332579912690654,414.627581981149,,,,,
5.07305,0.0,0.329967305815069,413.061275270191,,,,,
5.4512,0.0,0.332575837467658,414.623808151693,,,,,
5.51685,0.0,0.332723497559206,414.739220399194,,,,,
5.39765,0.0,0.332690262188215,414.711220973823,,,,,
5.61555,0.0,0.332700242442619,414.756017512846,,,,,
5.6645,0.0,0.332636998302211,414.739321697502,,,,,
5.56725,0.0,0.332710512705214,414.726093883381,,,,,
5.7507,0.0,0.332576456602861,414.621567471907,,,,,
5.2576,0.0,0.332643930510146,414.682768213783,,,,,
5.0573,0.0,0.328516641179661,412.677824982316,,,,,
5.09685,0.0,0.331391289632731,413.874624085861,,,,,
5.6173,0.0,0.332707669757682,414.72377122745,,,,,
5.89795,0.0,0.332665232050901,414.694207169171,,,,,
5.87545,0.0,0.332699485760214,414.755990006437,,,,,
5.74465,0.0,0.332647970996036,414.743946159763,,,,,
5.2957,0.0,0.332675689298074,414.739831823983,,,,,
5.0228,845.103122171022,0.333098052455187,415.630628998472,,,,,
5.77265,0.0,0.332577243646743,414.669376590306,,,,,
5.26985,0.0,0.332541571568851,414.605736616637,,,,,
5.83325,0.0,0.332585254542687,414.695315945187,,,,,
5.1929,0.0,0.33236358391932,414.537595705524,,,,,
5.0048,1717.70343520139,0.290081762873722,382.959905074742,,,,,
5.1565,0.0,0.332285217122162,414.481012556238,,,,,
5.40075,0.0,0.332573374588913,414.619552825751,,,,,
5.339,0.0,0.332602925742615,414.652001720085,,,,,
5.3309,0.0,0.332563894824121,414.613752152078,,,,,
5.13135,0.0,0.331859434601238,414.168152430577,,,,,
5.18865,0.0,0.332418213103516,414.536990699221,,,,,
5.11195,0.0,0.331523436592832,413.950415553913,,,,,
5.18315,0.0,0.332317860249401,414.518418772981,,,,,
5.7356,0.0,0.332704723454308,414.756214364758,,,,,
5.84785,0.0,0.332672635542487,414.699093704599,,,,,
5.2569,0.0,0.332667646678966,414.705362777843,,,,,
5.70505,0.0,0.332672732322638,414.751660119183,,,,,
5.11945,0.0,0.331721084279955,414.081761106141,,,,,
5.5592,0.0,0.332600844253008,414.648726444982,,,,,
5.66355,0.0,0.332591764518303,414.70550419831,,,,,
5.1541,0.0,0.332127637756985,414.426970706743,,,,,
5.53735,0.0,0.332706415025997,414.722802827322,,,,,
5.56145,0.0,0.332577077377725,414.629037143397,,,,,
5.9696,0.0,0.332584523304163,414.633215911092,,,,,
5.27955,0.0,0.332556901328007,414.618509591822,,,,,
5.08315,0.0,0.33063951871298,413.383935877879,,,,,
5.14505,0.0,0.332085875793035,414.400173498651,,,,,
5.20495,0.0,0.33248477484919,414.642902738235,,,,,
5.2134,0.0,0.332441448553187,414.604318197061,,,,,
5.9606,0.0,0.332576447851842,414.621518444012,,,,,
5.928,0.0,0.332661396824375,414.691681185729,,,,,
5.83795,0.0,0.332666484750755,414.695029506403,,,,,
5.40635,0.0,0.332722611908876,414.74955754858,,,,,
5.34415,0.0,0.332601527328674,414.718451162012,,,,,
5.7407,0.0,0.332576446211026,414.621560680202,,,,,
5.49675,0.0,0.332725118511884,414.74199466676,,,,,
5.11985,0.0,0.331712036397291,414.072203735108,,,,,
5.44495,0.0,0.332659619722671,414.747615116366,,,,,
5.2092,0.0,0.332462201168732,414.561701592879,,,,,
5.85135,0.0,0.332577191687684,414.629000778635,,,,,
5.1288,0.0,0.331899814918169,414.205917687818,,,,,
5.11865,0.0,0.331748311434491,414.105540192578,,,,,
5.785,0.0,0.332671216097044,414.751288957342,,,,,
5.33165,0.0,0.332564596025301,414.623754841525,,,,,
5.8206,0.0,0.332576440741638,414.621492314066,,,,,
5.7572,0.0,0.332710122894807,414.725745669652,,,,,
5.72845,0.0,0.332637020722616,414.675467091556,,,,,
5.82855,0.0,0.33262913356828,414.670024001458,,,,,
5.47365,0.0,0.33259226931912,414.706621820979,,,,,
5.95925,0.0,0.332594243668154,414.642944838758,,,,,
5.9896,0.0,0.332584394776657,414.633061265375,,,,,
5.282,0.0,0.332542217570609,414.618500093573,,,,,
5.45005,0.0,0.332578740611099,414.626701726392,,,,,
5.46435,0.0,0.332623476882055,414.732310000385,,,,,
5.12575,0.0,0.331871553871063,414.249881810949,,,,,
5.2131,0.0,0.332436636785987,414.591139464958,,,,,
5.754,0.0,0.332610955160879,414.724129602873,,,,,
5.6162,0.0,0.332724048082637,414.752474316581,,,,,
5.02075,1015.89342873836,0.333091198506111,413.553445377416,,,,,
5.50095,0.0,0.3325762154028,414.622030045053,,,,,
5.25065,0.0,0.332512920867267,414.581407167907,,,,,
5.624,0.0,0.332608895050051,414.722571435284,,,,,
5.2889,0.0,0.332590750539048,414.644937793094,,,,,
5.3594,0.0,0.332588912898864,414.639981128417,,,,,
5.64115,0.0,0.332576931892267,414.624648221802,,,,,
5.18475,0.0,0.332384837208908,414.584979380612,,,,,
5.0355,0.0,0.319963254468781,410.519620642626,,,,,
5.81795,0.0,0.332666899217848,414.695303349241,,,,,
5.22515,0.0,0.332555696895953,414.681967209958,,,,,
5.998,0.0,0.332659930306054,414.690719640716,,,,,
5.47205,0.0,0.332576010847509,414.643375241599,,,,,
5.84985,0.0,0.332580785047698,414.628682484581,,,,,
5.6735,0.0,0.332590352931452,414.70358241923,,,,,
5.07475,0.0,0.330095070579944,413.14652152892,,,,,
5.9275,0.0,0.332692223927249,414.712348217683,,,,,
5.8279,0.0,0.3326698868651,414.697269474191,,,,,
5.31245,0.0,0.33255753636059,414.643875854088,,,,,
5.47165,0.0,0.332576451680413,414.632320570916,,,,,
5.74645,0.0,0.332726941185835,414.747386689153,,,,,
5.20455,0.0,0.3324582519849,414.631059893343,,,,,
5.80195,0.0,0.332576743745564,414.644072680675,,,,,
5.1444,0.0,0.332038109941652,414.375141281941,,,,,
5.2464,0.0,0.332653876611849,414.707636398473,,,,,
5.7045,0.0,0.332637796139605,414.739689876897,,,,,
5.07615,0.0,0.330557570293585,413.379257576644,,,,,
5.69975,0.0,0.332583261544755,414.631768188567,,,,,
5.9049,0.0,0.332667338289944,414.750273898136,,,,,
5.36245,0.0,0.332569568385331,414.652059771853,,,,,
5.2603,0.0,0.332526011353949,414.591624831723,,,,,
5.06205,0.0,0.328783702335697,412.785543949753,,,,,
5.0703,0.0,0.329969379110675,413.081925475771,,,,,
5.16595,0.0,0.332341617748594,414.531370849046,,,,,
5.86525,0.0,0.332688161561853,414.754721089919,,,,,
5.0458,0.0,0.323013307330932,410.838748777348,,,,,
5.02635,624.117664275658,0.319589951534252,408.931381196761,,,,,
5.5871,0.0,0.332716148230171,414.731016280498,,,,,
5.5677,0.0,0.332687312450139,414.708958073104,,,,,
5.7222,0.0,0.332576469182452,414.651575621112,,,,,
5.98335,0.0,0.332588947901629,414.701547001642,,,,,
5.14095,0.0,0.331988098473247,414.248615652168,,,,,
5.59195,0.0,0.332576778749609,414.641915328881,,,,,
5.97505,0.0,0.332678233435083,414.752913892065,,,,,
5.6438,0.0,0.332600436266393,414.715255484527,,,,,
5.95085,0.0,0.332576690145611,414.622614710357,,,,,
5.3132,0.0,0.332562264334224,414.674262834156,,,,,
5.5696,0.0,0.33258748161077,414.636437856987,,,,,
5.1506,0.0,0.332095454649058,414.317421944967,,,,,
5.8644,0.0,0.332634888043157,414.738337547435,,,,,
5.49455,0.0,0.332636220149161,414.738889183558,,,,,
5.4839,0.0,0.332601849451139,414.716755200597,,,,,
5.5363,0.0,0.332725122885439,414.751278867435,,,,,
5.30535,0.0,0.332660947902041,414.740377901582,,,,,
5.0387,0.0,0.323764328440898,411.644644769929,,,,,
5.766,0.0,0.332720538275146,414.754305141273,,,,,
5.08155,0.0,0.330636714073249,413.356627356208,,,,,
5.9578,0.0,0.332673540463135,414.699691326638,,,,,
5.6831,0.0,0.332581457225953,414.686904080927,,,,,
5.49275,0.0,0.332576813753652,414.669432260132,,,,,
5.43305,0.0,0.33257799841953,414.680326787549,,,,,
5.1375,0.0,0.33207952899145,414.332364750102,,,,,
5.5896,0.0,0.332587350896724,414.636285943942,,,,,
5.83995,0.0,0.332579539135183,414.626953234883,,,,,
5.93545,0.0,0.332700481365824,414.756054158572,,,,,
5.9082,0.0,0.332648989722247,414.683494561932,,,,,
5.51085,0.0,0.332576184227269,414.621573283288,,,,,
5.9252,0.0,0.332686369293893,414.754437875522,,,,,
5.45915,0.0,0.332603515295108,414.651084252467,,,,,
5.0299,401.087873986186,0.323615261577632,411.518437977269,,,,,
5.2281,0.0,0.332571206496681,414.635164972673,,,,,
5.61965,0.0,0.3325859146796,414.634758675758,,,,,
5.20005,0.0,0.332406004867866,414.517958125696,,,,,
5.23295,0.0,0.332482757723961,414.614734134568,,,,,
5.92145,0.0,0.332577212471309,414.631561220564,,,,,
5.6392,0.0,0.332599879522456,414.647908295247,,,,,
5.2342,0.0,0.332517782404862,414.667175273076,,,,,
5.8287,0.0,0.332620675846168,414.664018623087,,,,,
5.7436,0.0,0.332594243668154,414.708609743985,,,,,
5.31085,0.0,0.332557559333323,414.60959776613,,,,,
5.43315,0.0,0.332579334581936,414.684548674418,,,,,
5.5867,0.0,0.332725738462693,414.742750914036,,,,,
5.541,0.0,0.332576539190597,414.622633108898,,,,,
5.254,0.0,0.332540195870832,414.679128310696,,,,,
5.64,0.0,0.332579675321633,414.627191380175,,,,,
5.2895,0.0,0.332564769411013,414.623940325495,,,,,
5.6425,0.0,0.33257655723957,414.661731038575,,,,,
5.5167,0.0,0.332725775637837,414.743187852636,,,,,
5.0723,0.0,0.329967582549243,413.075884566689,,,,,
5.52215,0.0,0.332576320962032,414.647453198277,,,,,
5.64245,0.0,0.332576477386532,414.659806645503,,,,,
5.8277,0.0,0.33268236864141,414.705582833879,,,,,
5.8578,0.0,0.332675579396166,414.701046832335,,,,,
5.69835,0.0,0.33264380856753,414.680048605455,,,,,
5.36545,0.0,0.332683743751523,414.751034553989,,,,,
5.3517,0.0,0.332568771478161,414.627718992446,,,,,
5.3,0.0,0.33255805926334,414.61455660927,,,,,
5.14185,0.0,0.331988840339871,414.262562312471,,,,,
5.9807,0.0,0.332576508015097,414.621793946185,,,,,
5.18785,0.0,0.332462656377818,414.568053930588,,,,,
5.1609,0.0,0.332183316589143,414.37267756363,,,,,
5.176,0.0,0.332412653514373,414.572726208484,,,,,
5.3297,0.0,0.332574391355855,414.627906573101,,,,,
5.29735,0.0,0.332685432149327,414.710393656738,,,,,
5.9795,0.0,0.332586736157176,414.635626851394,,,,,
5.1294,0.0,0.331877767627431,414.187321847787,,,,,
5.23475,0.0,0.332550080531209,414.685274454799,,,,,
5.64635,0.0,0.332726282968799,414.749946084795,,,,,
5.63905,0.0,0.332606244286074,414.653127039209,,,,,
5.26205,0.0,0.332524876829031,414.608869739608,,,,,
5.85195,0.0,0.332576705459884,414.644589379121,,,,,
5.6064,0.0,0.332726560688438,414.749253134385,,,,,
5.43215,0.0,0.332574967285401,414.645597218106,,,,,
5.3403,0.0,0.332567491609526,414.617723288514,,,,,
5.9758,0.0,0.332716386595246,414.755404803045,,,,,
5.4522,0.0,0.332575439295293,414.64783927202,,,,,
5.9064,0.0,0.332726947199439,414.747347032615,,,,,
5.6918,0.0,0.33257698549218,414.638510778932,,,,,
5.1232,0.0,0.331709117442856,414.133276537712,,,,,
5.50875,0.0,0.332623307354977,414.665945062212,,,,,
5.7865,0.0,0.332726848248292,414.746021702118,,,,,
5.7526,0.0,0.332576995337061,414.66709872602,,,,,
5.22415,0.0,0.332493883765146,414.652123302117,,,,,
5.459,0.0,0.332610453122835,414.656536393358,,,,,
5.61875,0.0,0.332621631766572,414.664716170755,,,,,
5.79515,0.0,0.332680802703926,414.753436175766,,,,,
5.9018,0.0,0.332576901263741,414.64048178398,,,,,
5.80755,0.0,0.33269160227374,414.711910174826,,,,,
5.3617,0.0,0.332570306767072,414.628772484692,,,,,
5.2304,0.0,0.332482068933347,414.56309256385,,,,,
5.5848,0.0,0.332654157672803,414.746182143167,,,,,
5.025,687.142064711925,0.331662209946792,416.880475854075,,,,,
5.5254,0.0,0.332690204779289,414.754894101558,,,,,
5.747,0.0,0.332717847944369,414.732623737481,,,,,
5.0523,0.0,0.326834186771685,412.560589651569,,,,,
5.79355,0.0,0.332593133986995,414.707241502727,,,,,
5.45965,0.0,0.332586296978671,414.635544828172,,,,,
5.93315,0.0,0.332583817769583,414.692465991932,,,,,
5.62825,0.0,0.332651570700077,414.685206674007,,,,,
5.57675,0.0,0.332725088443694,414.741535844292,,,,,
5.6193,0.0,0.332596330121224,414.644828808591,,,,,
5.15695,0.0,0.332294184804375,414.475332427107,,,,,
5.88355,0.0,0.332594110222217,414.708429100381,,,,,
5.8567,0.0,0.332724523707907,414.740491797059,,,,,
5.82195,0.0,0.332576727337416,414.644278812199,,,,,
5.03885,0.0,0.32399011634027,411.802212617379,,,,,
5.50215,0.0,0.332576184774208,414.647150749886,,,,,
5.5831,0.0,0.332580892246274,414.685485754071,,,,,
5.7182,0.0,0.332652926799047,414.686101779635,,,,,
5.20095,0.0,0.332401636388473,414.510909276189,,,,,
5.4693,0.0,0.332597434869581,414.645960819727,,,,,
5.47765,0.0,0.332691380840152,414.711802317885,,,,,
5.68465,0.0,0.332646734631157,414.743462342727,,,,,
5.9998,0.0,0.332580812394276,414.628706752976,,,,,
5.504,0.0,0.33260671078269,414.720906342005,,,,,
5.6484,0.0,0.332641688508714,414.678624533873,,,,,
5.74575,0.0,0.332711607233538,414.756018072178,,,,,
5.30415,0.0,0.33258813299255,414.710155764855,,,,,
5.46525,0.0,0.332679470776439,414.752812455345,,,,,
5.1491,0.0,0.332126702869632,414.350260429937,,,,,
5.7683,0.0,0.332645538179919,414.681196284427,,,,,
5.88715,0.0,0.332710458033375,414.726019437913,,,,,
5.54505,0.0,0.332669275012,414.750727895365,,,,,
5.2945,0.0,0.332601829215951,414.718740062298,,,,,
5.70105,0.0,0.332576843835247,414.623707964711,,,,,
5.59885,0.0,0.332616609872566,414.661051894477,,,,,
5.45935,0.0,0.332595517417862,414.644336376815,,,,,
5.4578,0.0,0.332682630541548,414.705819345113,,,,,
5.30025,0.0,0.332555134607378,414.610389433529,,,,,
5.02825,508.302462258431,0.319154090554227,408.148086146429,,,,,
5.2059,0.0,0.33254560290562,414.655991084363,,,,,
5.29495,0.0,0.332630122275408,414.730622951249,,,,,
5.042,0.0,0.324368846385595,412.367297918487,,,,,
5.1944,0.0,0.332410174104628,414.601980403504,,,,,
5.4917,0.0,0.332576671549708,414.633838615283,,,,,
5.99325,0.0,0.332586455039246,414.697503457206,,,,,
5.38205,0.0,0.332572207408827,414.640029485556,,,,,
5.73565,0.0,0.332707084216818,414.756219819523,,,,,
5.43275,0.0,0.332575537744548,414.667905254078,,,,,
5.1333,0.0,0.331864771607078,414.239733597635,,,,,
5.46705,0.0,0.332718348180248,414.733432083414,,,,,
5.2046,0.0,0.332461399080052,414.632712425956,,,,,
5.03825,0.0,0.322778443449424,411.036235750669,,,,,
5.072,0.0,0.329967183985807,413.079040731608,,,,,
5.67525,0.0,0.332684487894228,414.754117711518,,,,,
5.8782,0.0,0.332649615283119,414.683906922472,,,,,
5.1936,0.0,0.332375040122949,414.568714715932,,,,,
5.7245,0.0,0.332638201346212,414.739871455935,,,,,
5.91765,0.0,0.33268362401055,414.70643436053,,,,,
5.79135,0.0,0.332577188952997,414.628626022026,,,,,
5.24325,0.0,0.332503757219947,414.638652392188,,,,,
5.78295,0.0,0.33257981533656,414.681946412222,,,,,
5.131,0.0,0.331858938551866,414.164854094618,,,,,
5.94095,0.0,0.332576813206713,414.623481324973,,,,,
5.7315,0.0,0.332577195516247,414.631299036752,,,,,
5.93015,0.0,0.332577532429577,414.623779714917,,,,,
5.33545,0.0,0.332677673540707,414.747621692936,,,,,
5.1513,0.0,0.332095737278079,414.319893067429,,,,,
5.7225,0.0,0.332576640374219,414.662754284485,,,,,
5.2051,0.0,0.332495181970508,414.646459875372,,,,,
5.0649,0.0,0.328853947928034,412.63259201383,,,,,
5.9325,0.0,0.332576840006681,414.665444292767,,,,,
5.3169,0.0,0.332707219804336,414.7294285653,,,,,
5.1011,0.0,0.331307088360491,413.779179950114,,,,,
5.78365,0.0,0.332596461378647,414.711144793776,,,,,
5.3686,0.0,0.332629339184606,414.670493956002,,,,,
5.46925,0.0,0.332599383483605,414.647625880298,,,,,
5.13425,0.0,0.331900771270596,414.288811942268,,,,,
5.8949,0.0,0.332667131056736,414.750219137601,,,,,
5.76775,0.0,0.332680494327101,414.704327831631,,,,,
5.38925,0.0,0.332597426666018,414.646593241941,,,,,
5.05125,0.0,0.326825364252384,412.444700025556,,,,,
5.7395,0.0,0.332588757027131,414.637711786068,,,,,
5.4702,0.0,0.332577506723539,414.624522872923,,,,,
5.4325,0.0,0.332574832190906,414.658075729426,,,,,
5.6785,0.0,0.332634972803755,414.674066233442,,,,,
5.6242,0.0,0.332618969072986,414.729615699019,,,,,
5.9311,0.0,0.332577021043138,414.625255887924,,,,,
5.79305,0.0,0.332581254314678,414.686307407739,,,,,
5.47685,0.0,0.332723389859879,414.73935596391,,,,,
5.4818,0.0,0.332576473011022,414.636258657543,,,,,
5.17495,0.0,0.332340924834176,414.555875871635,,,,,
5.1248,0.0,0.331788593435232,414.218607806987,,,,,
5.56115,0.0,0.332576810472023,414.624261872724,,,,,
5.56345,0.0,0.332587850235041,414.699952205387,,,,,
5.1211,0.0,0.331704945426567,414.062178460391,,,,,
5.8611,0.0,0.332576987679931,414.624944854779,,,,,
5.54175,0.0,0.332576924782073,414.635722396481,,,,,
5.1366,0.0,0.332069859293485,414.346395584048,,,,,
5.004,1725.16107644743,0.288203529754718,380.429790976165,,,,,
5.21085,0.0,0.332433609287485,414.530954314476,,,,,
5.2121,0.0,0.33243399230888,414.552436725251,,,,,
5.19055,0.0,0.332362712086767,414.48664280763,,,,,
5.631,0.0,0.332576721868033,414.622978074241,,,,,
5.4074,0.0,0.332703581337855,414.720981015715,,,,,
5.91215,0.0,0.332576471370206,414.651993659419,,,,,
5.06795,0.0,0.33020691756829,413.251154027205,,,,,
5.8372,0.0,0.332708991184585,414.724820781745,,,,,
5.492,0.0,0.332576324790605,414.642178078297,,,,,
5.8576,0.0,0.332687756962852,414.709257281785,,,,,
5.1081,0.0,0.331582409075507,413.994445593741,,,,,
5.04395,0.0,0.324119475136843,412.259143346291,,,,,
5.0789,0.0,0.330708235406997,413.42546159406,,,,,
5.37865,0.0,0.332627200440488,414.668967749208,,,,,
5.07545,0.0,0.330301127679052,413.258884322879,,,,,
5.93875,0.0,0.332616104014943,414.660682385232,,,,,
5.78375,0.0,0.332600282040759,414.715093735047,,,,,
5.2056,0.0,0.332528614619976,414.654362428465,,,,,
5.79115,0.0,0.332577024871702,414.625318391523,,,,,
5.09225,0.0,0.331034997689298,413.60597633021,,,,,
5.3919,0.0,0.332573254261258,414.636214767531,,,,,
5.2284,0.0,0.332552941235271,414.622889022084,,,,,
5.34815,0.0,0.332655207001386,414.687851521177,,,,,
5.9464,0.0,0.332726945559365,414.747072156508,,,,,
5.9648,0.0,0.332662171090949,414.748795380558,,,,,
5.63885,0.0,0.332615945421583,414.660570411245,,,,,
5.26395,0.0,0.332549782972815,414.684422837176,,,,,
5.5812,0.0,0.332576913843314,414.625015799936,,,,,
5.4717,0.0,0.332576423239598,414.633521843751,,,,,
5.1807,0.0,0.332314339036061,414.455523545024,,,,,
5.1054,0.0,0.331474989354911,413.993368737754,,,,,
5.38865,0.0,0.332627865962696,414.669372035484,,,,,
5.67645,0.0,0.332726906197586,414.747855055738,,,,,
5.3016,0.0,0.332554065818887,414.615782840661,,,,,
5.26615,0.0,0.332671826306228,414.725000834279,,,,,
5.85845,0.0,0.332634469708274,414.673722317142,,,,,
5.68935,0.0,0.332593820359958,414.642560286294,,,,,
5.20915,0.0,0.33246439513948,414.563460628399,,,,,
5.68895,0.0,0.3326101736656,414.656191108012,,,,,
5.9412,0.0,0.332577115663362,414.626829592471,,,,,
5.69045,0.0,0.332576626700759,414.621985969712,,,,,
5.0318,253.187688045331,0.323724888160844,411.954162338721,,,,,
5.44915,0.0,0.332603462246364,414.651068174308,,,,,
5.16095,0.0,0.332183354920162,414.372823349198,,,,,
5.8005,0.0,0.332576497623263,414.621647177599,,,,,
5.3141,0.0,0.332590095880897,414.711028165823,,,,,
5.6776,0.0,0.33269113862991,414.711596684527,,,,,
5.6199,0.0,0.332581119222736,414.629138126877,,,,,
5.05965,0.0,0.328855865070563,412.856318280815,,,,,
5.00225,1734.64199934972,0.291839290684751,388.845534785915,,,,,
5.7351,0.0,0.332676490323322,414.75253529107,,,,,
5.0488,0.0,0.327009969736644,412.597177745892,,,,,
5.65775,0.0,0.332682668815037,414.70578930273,,,,,
5.3393,0.0,0.332589469661158,414.641277235849,,,,,
5.50185,0.0,0.332576593337512,414.637930818685,,,,,
5.14815,0.0,0.332171296310929,414.38379393746,,,,,
5.27815,0.0,0.332629614250929,414.671789466631,,,,,
5.574,0.0,0.332608064877015,414.721938231582,,,,,
5.4888,0.0,0.332620745298144,414.664114057173,,,,,
5.5083,0.0,0.332650555809489,414.684546393946,,,,,
5.22575,0.0,0.332593148206689,414.689007667764,,,,,
5.47905,0.0,0.332608075267863,414.654640192976,,,,,
5.79405,0.0,0.332614076748618,414.72637469854,,,,,
5.09875,0.0,0.331345024455571,413.819996498036,,,,,
5.25605,0.0,0.332657446724486,414.719126858147,,,,,
5.89955,0.0,0.33258616626416,414.635009904773,,,,,
5.6771,0.0,0.33271515212473,414.730083820902,,,,,
5.9291,0.0,0.332600152972443,414.648117403176,,,,,
5.99765,0.0,0.332682043316317,414.705369494404,,,,,
5.34445,0.0,0.332617667522668,414.728561593795,,,,,
5.81535,0.0,0.332692985000148,414.755376698163,,,,,
5.9575,0.0,0.332691667883664,414.711962270649,,,,,
5.50295,0.0,0.332578402058186,414.677874873306,,,,,
5.7714,0.0,0.332577202079497,414.629473062725,,,,,
5.5865,0.0,0.332726870115952,414.74738484985,,,,,
5.83535,0.0,0.332693349133549,414.755419824629,,,,,
5.08755,0.0,0.331161712823414,413.695482258293,,,,,
5.72435,0.0,0.332629219424049,414.735503484011,,,,,
5.56425,0.0,0.332620526004849,414.730584698613,,,,,
5.0216,965.25807055406,0.33310094886295,413.627846716434,,,,,
5.97905,0.0,0.332601508734159,414.649265024549,,,,,
5.38,0.0,0.33257624548445,414.625823064593,,,,,
5.0916,0.0,0.331035269684523,413.592753368515,,,,,
5.4816,0.0,0.332576607010974,414.631333635006,,,,,
5.60395,0.0,0.332606277646346,414.720469050716,,,,,
5.00185,1734.64199934972,0.291810505981617,389.769064922803,,,,,
5.4384,0.0,0.332644599826669,414.680624513477,,,,,
5.51615,0.0,0.332722016007018,414.753372450935,,,,,
5.31015,0.0,0.332560312767877,414.614508463233,,,,,
5.1994,0.0,0.332422231162076,414.53474484711,,,,,
5.67485,0.0,0.332659314060221,414.747911993766,,,,,
5.03565,0.0,0.319537411715565,410.190247820191,,,,,
5.02795,508.302462258431,0.317813574664544,407.379109348585,,,,,
5.9634,0.0,0.332590193231982,414.70335092421,,,,,
5.676,0.0,0.332719694166389,414.754584413367,,,,,
5.11675,0.0,0.331769191291972,414.149147849026,,,,,
5.512,0.0,0.332576465353881,414.642482472471,,,,,
5.44155,0.0,0.332575838561537,414.629486496859,,,,,
5.9841,0.0,0.33261990804541,414.730207747759,,,,,
5.45365,0.0,0.33259167482447,414.706127972507,,,,,
5.56175,0.0,0.332576970724858,414.635930602189,,,,,
5.43795,0.0,0.332673320657863,414.69959678923,,,,,
5.80305,0.0,0.332581309007756,414.68644435501,,,,,
5.96605,0.0,0.332723357058046,414.752983399068,,,,,
5.51645,0.0,0.332726428388954,414.748708946616,,,,,
5.9161,0.0,0.332724045349157,414.752532986398,,,,,
5.4165,0.0,0.332724545575719,414.747159680085,,,,,
5.3716,0.0,0.332571606314954,414.627371945677,,,,,
5.78325,0.0,0.332584880446291,414.694629510603,,,,,
5.42155,0.0,0.332575171841334,414.628919777635,,,,,
5.7184,0.0,0.332640303928574,414.67768438759,,,,,
5.18735,0.0,0.332483012669133,414.584967800932,,,,,
5.07985,0.0,0.330646186926242,413.36959549512,,,,,
5.75515,0.0,0.33268000551644,414.75327654032,,,,,
5.2245,0.0,0.332513105767825,414.664700017527,,,,,
5.9074,0.0,0.332698079551057,414.716518566256,,,,,
5.4686,0.0,0.332632327169216,414.672285380067,,,,,
5.6623,0.0,0.33257642214572,414.654454293384,,,,,
5.30035,0.0,0.3325544060375,414.609157062563,,,,,
5.85775,0.0,0.332678693269504,414.703122610456,,,,,
5.2151,0.0,0.332526628940862,414.66545861894,,,,,
5.1503,0.0,0.332096983910194,414.320283974919,,,,,
5.6329,0.0,0.332578705060325,414.677786863938,,,,,
5.4141,0.0,0.332607968624935,414.722227386707,,,,,
5.78255,0.0,0.332576832349547,414.665493202946,,,,,
5.03125,335.255924164333,0.323697956604494,411.646753874619,,,,,
5.37615,0.0,0.332715972189799,414.750893735129,,,,,
5.2915,0.0,0.332548864587785,414.610438936385,,,,,
5.08705,0.0,0.331161538153831,413.701539446894,,,,,
5.76425,0.0,0.332624239752833,414.732779164958,,,,,
5.54215,0.0,0.332576405737557,414.647727991784,,,,,
5.6893,0.0,0.332595543122508,414.644120979143,,,,,
5.14145,0.0,0.331988764180819,414.253710251724,,,,,
5.69885,0.0,0.332614963781694,414.659833943386,,,,,
5.72295,0.0,0.332579584530672,414.68112370577,,,,,
5.5354,0.0,0.332690446990211,414.754952722391,,,,,
5.53975,0.0,0.332584143190758,414.63285728006,,,,,
5.90125,0.0,0.332577153402056,414.627457487922,,,,,
5.67615,0.0,0.33272346749087,414.752903443137,,,,,
5.66955,0.0,0.332588025249388,414.63696171912,,,,,
5.39695,0.0,0.332719146915979,414.735603029456,,,,,
5.40135,0.0,0.332574038031062,414.624475737752,,,,,
5.17065,0.0,0.332255538619622,414.418495148374,,,,,
5.6958,0.0,0.332712970741807,414.75589155503,,,,,
5.51115,0.0,0.332576578023234,414.623933880302,,,,,
5.98375,0.0,0.332602962931486,414.717606481172,,,,,
5.0453,0.0,0.323074569656125,411.033243797251,,,,,
5.4614,0.0,0.332576238921181,414.627003805654,,,,,
5.8998,0.0,0.33258129697528,414.629338664865,,,,,
5.038,0.0,0.322058215370994,410.638842118357,,,,,
5.1559,0.0,0.332254777092164,414.48054109843,,,,,
5.0493,0.0,0.327017386675544,412.62892934294,,,,,
5.6469,0.0,0.332721675959792,414.736719944001,,,,,
5.7076,0.0,0.332690586411768,414.711208814393,,,,,
5.54545,0.0,0.332693496755084,414.755349307563,,,,,
5.5196,0.0,0.332587727724943,414.636764427966,,,,,
5.85525,0.0,0.332687972384543,414.754694257896,,,,,
5.7066,0.0,0.332726420735263,414.744299263911,,,,,
5.01475,1390.983108533,0.318671517610152,404.097389719373,,,,,
5.7974,0.0,0.332699962514068,414.717892486582,,,,,
5.08925,0.0,0.331058681316781,413.617594506786,,,,,
5.2191,0.0,0.332492838304046,414.58182588958,,,,,
5.8059,0.0,0.332717915735942,414.755080498176,,,,,
5.2659,0.0,0.332662383795222,414.726312118851,,,,,
5.2927,0.0,0.332548498655222,414.647317456918,,,,,
5.7469,0.0,0.332720848254962,414.735753808685,,,,,
5.4738,0.0,0.33259757870536,414.712648127743,,,,,
5.63675,0.0,0.332724848444769,414.741056054957,,,,,
5.6549,0.0,0.332662115864367,414.748772118112,,,,,
5.66285,0.0,0.3325783561156,414.676116955832,,,,,
5.4952,0.0,0.332677402341531,414.752545635754,,,,,
5.28665,0.0,0.332695506041691,414.727048695391,,,,,
5.28845,0.0,0.332617032058015,414.663199058043,,,,,
5.43705,0.0,0.332717978607146,414.733327683935,,,,,
5.66695,0.0,0.332720171984692,414.735011650817,,,,,
5.722,0.0,0.332576695068056,414.6448346675,,,,,
5.3993,0.0,0.332595976819737,414.645237500465,,,,,
5.9084,0.0,0.332636518177073,414.675117656304,,,,,
5.1787,0.0,0.332366902116089,414.504395965158,,,,,
5.5892,0.0,0.332600503534998,414.648429657272,,,,,
5.37035,0.0,0.332571815248525,414.620024236889,,,,,
5.9388,0.0,0.332613551199544,414.658773539914,,,,,
5.9184,0.0,0.332636326236191,414.674983705455,,,,,
5.36565,0.0,0.332694700141527,414.752123594541,,,,,
5.1324,0.0,0.331859026251257,414.197367017781,,,,,
5.1293,0.0,0.331880967910474,414.190223243172,,,,,
5.44515,0.0,0.332672398786407,414.751096050733,,,,,
5.3288,0.0,0.332611365322117,414.658417565727,,,,,
5.158,0.0,0.332269503661643,414.446371117144,,,,,
5.1591,0.0,0.332215374560968,414.40642484591,,,,,
5.6654,0.0,0.332693033660641,414.755373389393,,,,,
5.11885,0.0,0.33174083303136,414.0992782575,,,,,
5.24015,0.0,0.332501577185473,414.577476181397,,,,,
5.7401,0.0,0.332578334238175,414.625159607897,,,,,
5.2846,0.0,0.332601368181466,414.717822460083,,,,,
5.6181,0.0,0.33266140557316,414.691690243609,,,,,
5.9617,0.0,0.332577006275817,414.638172487075,,,,,
5.2696,0.0,0.332547726858917,414.612216669787,,,,,
5.7982,0.0,0.332651269951572,414.685004811067,,,,,
5.46855,0.0,0.332635337547503,414.674348351259,,,,,
5.95385,0.0,0.332606948132417,414.721015259203,,,,,
5.99315,0.0,0.332584214838066,414.693289997261,,,,,
5.87895,0.0,0.332607288296937,414.653935881063,,,,,
5.6943,0.0,0.332625770957718,414.733645725377,,,,,
5.61715,0.0,0.332713981068307,414.729038351342,,,,,
5.4489,0.0,0.332615470734801,414.660324458644,,,,,
5.94215,0.0,0.332576450586535,414.652339714165,,,,,
5.46455,0.0,0.332635198649632,414.738361310876,,,,,
5.81085,0.0,0.332576640374219,414.622291273503,,,,,
5.2686,0.0,0.332593870675689,414.648171267992,,,,,
5.7954,0.0,0.332695398880045,414.755643370201,,,,,
5.08065,0.0,0.330636229393003,413.353801188885,,,,,
5.29145,0.0,0.332548835050642,414.609533957461,,,,,
5.9934,0.0,0.332590482550487,414.703754443727,,,,,
5.9665,0.0,0.332726544287678,414.744674316722,,,,,
5.5785,0.0,0.33263686213923,414.675366831213,,,,,
5.10075,0.0,0.331306933532795,413.778500019208,,,,,
5.91045,0.0,0.33257651457836,414.621691359966,,,,,
5.95545,0.0,0.332700821981448,414.756073286824,,,,,
5.2878,0.0,0.332657326427242,414.690132001007,,,,,
5.03015,401.087873986186,0.323695485181436,411.628344175066,,,,,
5.26645,0.0,0.332678499165872,414.721292416689,,,,,
5.48765,0.0,0.332691305935423,414.711742885965,,,,,
5.79845,0.0,0.332635654715655,414.674527453572,,,,,
5.3506,0.0,0.332568148499983,414.616471086676,,,,,
5.01215,1515.57163720433,0.31772605624858,403.076829496936,,,,,
5.60505,0.0,0.332670640334127,414.751121768935,,,,,
5.52725,0.0,0.332710944612425,414.726469416982,,,,,
5.4149,0.0,0.332654676596002,414.745719029,,,,,
5.3401,0.0,0.332569368748505,414.620626744817,,,,,
5.89575,0.0,0.332713579780984,414.755830052499,,,,,
5.94285,0.0,0.332579256370367,414.679928646345,,,,,
5.9597,0.0,0.332582641875291,414.631010863517,,,,,
5.2415,0.0,0.332499306323824,414.578738864518,,,,,
5.6151,0.0,0.332674014520281,414.751954222434,,,,,
5.2672,0.0,0.332670720711346,414.702907337914,,,,,
5.2601,0.0,0.332528012353267,414.594649816681,,,,,
5.9764,0.0,0.332726936812304,414.746865218572,,,,,
5.9225,0.0,0.332576835084238,414.665315069134,,,,,
5.8088,0.0,0.332615725031376,414.660383336838,,,,,
5.66155,0.0,0.332577184577496,414.631899468878,,,,,
5.77605,0.0,0.33272193673559,414.753737432191,,,,,
5.198,0.0,0.332495325303449,414.587823667003,,,,,
5.19365,0.0,0.332376502972859,414.570942656521,,,,,
5.00895,1613.30921419808,0.316798484358987,402.626904036158,,,,,
5.834,0.0,0.332612234315389,414.725063698997,,,,,
5.23965,0.0,0.332511102490617,414.588582398096,,,,,
5.3718,0.0,0.332571500754226,414.632143247172,,,,,
5.75225,0.0,0.332576445664087,414.653710193527,,,,,
5.2979,0.0,0.332656619953457,414.689352498944,,,,,
5.09,0.0,0.331038795711477,413.595137244574,,,,,
5.92895,0.0,0.332606549997295,414.653349148721,,,,,
5.47245,0.0,0.332575724798053,414.65726101592,,,,,
5.9621,0.0,0.33257649051306,414.650805720937,,,,,
5.3019,0.0,0.332553882035054,414.623124233441,,,,,
5.7311,0.0,0.332576928063701,414.62439992484,,,,,
5.41105,0.0,0.332574227820123,414.621225280628,,,,,
5.9647,0.0,0.332655742327199,414.746745452443,,,,,
5.14005,0.0,0.331992568276751,414.255901053143,,,,,
5.71695,0.0,0.332719722594957,414.734516635582,,,,,
5.5487,0.0,0.332625588854078,414.667543773648,,,,,
5.1461,0.0,0.332165652637241,414.420442174669,,,,,
5.88765,0.0,0.332684208499183,414.706831124816,,,,,
5.38705,0.0,0.332715879795903,414.732233103255,,,,,
5.7696,0.0,0.332585980310373,414.634811977071,,,,,
5.95635,0.0,0.33272689963729,414.748044937084,,,,,
5.06225,0.0,0.328784399427494,412.782838883321,,,,,
5.85255,0.0,0.332576914390252,414.666399865204,,,,,
5.22685,0.0,0.332620856858767,414.677611048062,,,,,
5.20265,0.0,0.332401774289489,414.551963119084,,,,,
5.29655,0.0,0.332701082226858,414.732554225086,,,,,
5.16195,0.0,0.332183950693149,414.389464063578,,,,,
5.0054,1712.82450041651,0.297498738312876,388.944784820072,,,,,
5.69285,0.0,0.33257844635996,414.676527675281,,,,,
5.6401,0.0,0.332578603877331,414.625607597864,,,,,
5.91575,0.0,0.332713838376276,414.755799642149,,,,,
5.77775,0.0,0.332680286008551,414.704195727734,,,,,
5.84635,0.0,0.332726761871024,414.748750462229,,,,,
5.2922,0.0,0.332548303928613,414.628902238086,,,,,
5.7504,0.0,0.332576704366008,414.622159016684,,,,,
5.2197,0.0,0.332471070521035,414.562742914165,,,,,
5.29365,0.0,0.332562893886956,414.687178285904,,,,,
5.923,0.0,0.332581138365323,414.685979210092,,,,,
5.7092,0.0,0.332599020888035,414.647158679827,,,,,
5.6436,0.0,0.332593133440084,414.707277503213,,,,,
5.82185,0.0,0.332576868994398,414.641194334336,,,,,
5.2174,0.0,0.332584838879999,414.647604912308,,,,,
5.71735,0.0,0.332703804403512,414.720759438273,,,,,
5.663,0.0,0.332579947694366,414.682401063488,,,,,
5.6691,0.0,0.332603639986967,414.651014023561,,,,,
5.5384,0.0,0.332643774117366,414.680020700409,,,,,
5.6413,0.0,0.332577093238918,414.626856204214,,,,,
5.854,0.0,0.332612539474225,414.725295513031,,,,,
5.2575,0.0,0.332648767166653,414.686454840178,,,,,
5.72895,0.0,0.332609549124316,414.655713978446,,,,,
5.52545,0.0,0.33269304678257,414.755254925542,,,,,
5.6493,0.0,0.332595988304776,414.644527068438,,,,,
5.56265,0.0,0.332576821410785,414.666554449905,,,,,
5.6829,0.0,0.332578885548832,414.678476963104,,,,,
5.04865,0.0,0.326963537455867,412.558858608761,,,,,
5.52535,0.0,0.332687293860419,414.754467921973,,,,,
5.21495,0.0,0.332516361204307,414.662019047525,,,,,
5.18265,0.0,0.332314508173385,414.496852435057,,,,,
5.2936,0.0,0.332561412166247,414.685092217281,,,,,
5.2419,0.0,0.332499185422299,414.58794454471,,,,,
5.3799,0.0,0.332577848012046,414.62784973326,,,,,
5.36885,0.0,0.332614980187956,414.660403406881,,,,,
5.1518,0.0,0.332096010047721,414.329597948299,,,,,
5.63375,0.0,0.332598350385984,414.713165425394,,,,,
5.1544,0.0,0.332144507996072,414.440133461662,,,,,
5.6125,0.0,0.332576538643659,414.661341550353,,,,,
5.35975,0.0,0.33257871217048,414.630025618446,,,,,
5.46335,0.0,0.332583887229256,414.693896644686,,,,,
5.65245,0.0,0.332576495435508,414.659933961634,,,,,
5.3732,0.0,0.332575860986066,414.68337767828,,,,,
5.14125,0.0,0.331988501185394,414.250860260288,,,,,
5.84025,0.0,0.332577150667369,414.623070037021,,,,,
5.3165,0.0,0.332709397944644,414.7386296537,,,,,
5.0005,1734.74803875892,0.29185507992682,390.646703624358,,,,,
5.2934,0.0,0.332556397020475,414.676637744582,,,,,
5.44275,0.0,0.332575840749296,414.668227945845,,,,,
5.0713,0.0,0.329965898987552,413.076238908146,,,,,
5.9008,0.0,0.332576600447713,414.622162368583,,,,,
5.88905,0.0,0.332602737063721,414.650273108415,,,,,
5.89615,0.0,0.332724809082742,414.75190774157,,,,,
5.2407,0.0,0.33249859732602,414.572225858717,,,,,
5.77145,0.0,0.332577208095809,414.630501859508,,,,,
5.79005,0.0,0.332578649272948,414.62564040474,,,,,
5.6988,0.0,0.332617559789073,414.661758600578,,,,,
5.1392,0.0,0.332014758606839,414.278035690747,,,,,
5.8877,0.0,0.332681174505393,414.704782300581,,,,,
5.60795,0.0,0.332671210082432,414.698142736128,,,,,
5.42575,0.0,0.332705126392495,414.755044472958,,,,,
5.0672,0.0,0.330074207161684,413.179660517968,,,,,
5.92265,0.0,0.332577528054081,414.671361655003,,,,,
5.0186,1176.01470456078,0.332366718776047,413.549630498088,,,,,
5.04545,0.0,0.323014471321466,410.948940084403,,,,,
5.16995,0.0,0.332261524022336,414.427631607539,,,,,
5.0248,687.142064711925,0.332662906533165,417.709665340079,,,,,
5.76445,0.0,0.332635946181982,414.738836273352,,,,,
5.83155,0.0,0.332577184577496,414.633192808593,,,,,
5.2651,0.0,0.332616210655262,414.719450967771,,,,,
5.71515,0.0,0.332679203952886,414.753111568533,,,,,
5.0622,0.0,0.328784238985862,412.783960155455,,,,,
5.21825,0.0,0.332540369269265,414.615356808683,,,,,
5.83415,0.0,0.332619996637896,414.730250947376,,,,,
5.05975,0.0,0.328840658161323,412.841902949999,,,,,
5.1495,0.0,0.332112086628913,414.337652137339,,,,,
5.24765,0.0,0.332629297077018,414.67334706553,,,,,
5.07115,0.0,0.329965589175985,413.074846988634,,,,,
5.54975,0.0,0.332584108734413,414.632801357042,,,,,
5.0128,1484.18151467875,0.317724565448746,402.878716250258,,,,,
5.41025,0.0,0.332575501099551,414.623008581555,,,,,
5.74235,0.0,0.332576436913067,414.657267371498,,,,,
5.424,0.0,0.332603912886969,414.71893366676,,,,,
5.31435,0.0,0.3326029388681,414.719828171686,,,,,
5.8812,0.0,0.332577112928674,414.626512139942,,,,,
5.56465,0.0,0.332644167286488,414.742413381632,,,,,
5.70145,0.0,0.332577196610122,414.630023222391,,,,,
5.78635,0.0,0.332726649799218,414.749123140874,,,,,
5.99035,0.0,0.332576641468096,414.622004515253,,,,,
5.9237,0.0,0.332600114689458,414.714918736573,,,,,
5.9157,0.0,0.332711842321569,414.7560047195,,,,,
5.0616,0.0,0.328781914233155,412.777606299285,,,,,
5.61765,0.0,0.332689359500063,414.710360500115,,,,,
5.5534,0.0,0.332586487854581,414.69770758192,,,,,
5.85105,0.0,0.332576916031066,414.62426818573,,,,,
5.4652,0.0,0.332676377141032,414.752167505948,,,,,
5.6142,0.0,0.332618792981182,414.729503638676,,,,,
5.68965,0.0,0.332585422448389,414.634206909078,,,,,
5.394,0.0,0.332601784917292,414.717527109441,,,,,
5.897,0.0,0.332716195247148,414.731038466098,,,,,
5.2565,0.0,0.332668427492443,414.714014505171,,,,,
5.2956,0.0,0.33267038225204,414.739441578459,,,,,
5.42295,0.0,0.33257653043958,414.675763681253,,,,,
5.19615,0.0,0.332520125895513,414.633323004166,,,,,
5.30635,0.0,0.332703649132335,414.738785553141,,,,,
5.6119,0.0,0.332576859696451,414.640624583042,,,,,
5.7046,0.0,0.3326439966763,414.74236580388,,,,,
5.8807,0.0,0.332576491606937,414.621677857871,,,,,
5.39095,0.0,0.332572847334686,414.619695128463,,,,,
5.32535,0.0,0.332668771421607,414.7449507793,,,,,
5.974,0.0,0.33261449784353,414.72667308303,,,,,
5.5827,0.0,0.33257710691236,414.668851506174,,,,,
5.6686,0.0,0.332629233095348,414.670096709669,,,,,
5.06895,0.0,0.330092512044151,413.193643547896,,,,,
5.38445,0.0,0.332624083897655,414.732414911612,,,,,
5.1844,0.0,0.332362338834466,414.57277976574,,,,,
5.73985,0.0,0.332581312289341,414.629376239517,,,,,
5.23795,0.0,0.332597981226447,414.652441997174,,,,,
5.83095,0.0,0.332576784765929,414.623132543603,,,,,
5.60185,0.0,0.332576918765756,414.639070544382,,,,,
5.1895,0.0,0.332379591737678,414.506821731098,,,,,
5.4406,0.0,0.33257514340041,414.620835614249,,,,,
5.28995,0.0,0.332553735445495,414.612345880193,,,,,
5.0326,200.077653408472,0.323723450833844,412.988537028596,,,,,
5.8975,0.0,0.33269277450243,414.712735951419,,,,,
5.3936,0.0,0.332586900233679,414.701645579326,,,,,
5.9094,0.0,0.332590033532434,414.638967230987,,,,,
5.84575,0.0,0.332712935205375,414.755898678347,,,,,
5.2664,0.0,0.332677766491987,414.722067672524,,,,,
5.36095,0.0,0.332569697465516,414.617658970628,,,,,
5.888,0.0,0.332662229598307,414.692230821947,,,,,
5.8247,0.0,0.332652830559948,414.745736172565,,,,,
5.58805,0.0,0.332665209632397,414.69419389495,,,,,
5.3076,0.0,0.332677910839806,414.703891920316,,,,,
5.63705,0.0,0.332717345520909,414.732151637823,,,,,
5.85515,0.0,0.332681988093035,414.753666775044,,,,,
5.62415,0.0,0.332616332607996,414.727910781456,,,,,
5.6738,0.0,0.332600854097183,414.715643063968,,,,,
5.76505,0.0,0.33267397132479,414.751957029644,,,,,
5.9533,0.0,0.332587370038952,414.699054790711,,,,,
5.59035,0.0,0.332577000806439,414.622862269791,,,,,
5.1458,0.0,0.332145460358059,414.417553554257,,,,,
5.7338,0.0,0.332601655302662,414.716403942116,,,,,
5.0753,0.0,0.330249578089385,413.232674378277,,,,,
5.64135,0.0,0.33257712988374,414.627715675083,,,,,
5.1065,0.0,0.331573847850808,414.021879437109,,,,,
5.5938,0.0,0.332599777252103,414.714597495279,,,,,
5.0824,0.0,0.330636856561404,413.364650877969,,,,,
5.2445,0.0,0.332551869157855,414.688338071718,,,,,
5.0365,0.0,0.318408227154236,409.130275161752,,,,,
5.3383,0.0,0.332643886217093,414.680442857957,,,,,
5.91335,0.0,0.332588348478769,414.700600592126,,,,,
5.64145,0.0,0.332577171450996,414.629614828964,,,,,
5.41005,0.0,0.332577518209216,414.626049010281,,,,,
5.9476,0.0,0.332686030303748,414.708072636845,,,,,
5.5804,0.0,0.332576784218991,414.622478391665,,,,,
5.49685,0.0,0.332723483891781,414.739311238512,,,,,
5.26105,0.0,0.332524680447516,414.589488155969,,,,,
5.87885,0.0,0.332612048923056,414.657623397714,,,,,
5.13545,0.0,0.331993381360303,414.334901486622,,,,,
5.2951,0.0,0.332639882319496,414.733589844741,,,,,
5.89645,0.0,0.332726902370747,414.746341842127,,,,,
5.93435,0.0,0.332633254620181,414.737548920088,,,,,
5.70265,0.0,0.33257712769599,414.668452869045,,,,,
5.07715,0.0,0.330801972822688,413.486223927731,,,,,
5.8288,0.0,0.332615385969233,414.660134372176,,,,,
5.1563,0.0,0.332277199540025,414.481912243374,,,,,
5.0578,0.0,0.328880086147372,412.860630435604,,,,,
5.80395,0.0,0.332609341308217,414.722903598382,,,,,
5.29925,0.0,0.332579130575497,414.635243798162,,,,,
5.0016,1734.65287839709,0.291808523110942,390.134847247797,,,,,
5.35935,0.0,0.332590739600744,414.641590660418,,,,,
5.90875,0.0,0.33261662081002,414.661057339103,,,,,
5.87695,0.0,0.332718119657284,414.732876742413,,,,,
5.48895,0.0,0.332612878539269,414.658312824779,,,,,
5.4588,0.0,0.332620845921453,414.664235483545,,,,,
5.78235,0.0,0.332576450039597,414.657755615617,,,,,
5.315,0.0,0.33264299269919,414.737384440078,,,,,
5.0805,0.0,0.330636664009829,413.354834308247,,,,,
5.04695,0.0,0.324497169086988,411.319330986253,,,,,
5.7067,0.0,0.332725293454029,414.741786617179,,,,,
5.20115,0.0,0.332401893584766,414.512223187701,,,,,
5.96635,0.0,0.332726902370747,414.747977244562,,,,,
5.43745,0.0,0.332701915448187,414.71952686844,,,,,
5.03725,0.0,0.319697159974571,409.511367286799,,,,,
5.20415,0.0,0.332435718088379,414.61636431039,,,,,
5.9285,0.0,0.332630155086435,414.670737201135,,,,,
5.2791,0.0,0.332574464099148,414.633451447046,,,,,
5.14385,0.0,0.332009518794004,414.34924453578,,,,,
5.23505,0.0,0.332569999381687,414.692636892182,,,,,
5.49665,0.0,0.332726129348191,414.744467176734,,,,,
5.8118,0.0,0.332576953769783,414.63962790744,,,,,
5.13255,0.0,0.331859010355744,414.20360006455,,,,,
5.78815,0.0,0.332654671674711,414.68725625217,,,,,
5.5304,0.0,0.332576728978231,414.62251294703,,,,,
5.2823,0.0,0.332541828656915,414.62818232778,,,,,
5.09105,0.0,0.331034741628944,413.588140952782,,,,,
5.71145,0.0,0.332577209189684,414.630091221699,,,,,
5.37065,0.0,0.332570877781161,414.618057661169,,,,,
5.4761,0.0,0.332720027108505,414.753831311892,,,,,
5.90405,0.0,0.332615901671678,414.727621246629,,,,,
5.3573,0.0,0.332704056992383,414.722241655682,,,,,
5.04785,0.0,0.326199659217776,412.108108955287,,,,,
5.1055,0.0,0.331486031791072,413.997850564923,,,,,
5.55485,0.0,0.332656684476667,414.747020672809,,,,,
5.2554,0.0,0.332624023196145,414.717138265561,,,,,
5.607,0.0,0.33271924914964,414.734041839961,,,,,
5.38155,0.0,0.332572628556753,414.627037872029,,,,,
5.9786,0.0,0.332623486178698,414.666049596001,,,,,
5.90975,0.0,0.332582053379656,414.630291383458,,,,,
5.96305,0.0,0.332582144716872,414.688645769335,,,,,
5.39615,0.0,0.332717875826388,414.751881305006,,,,,
5.53165,0.0,0.332576971271796,414.633113397694,,,,,
5.44235,0.0,0.332575072298089,414.652824915794,,,,,
5.906,0.0,0.332721749764284,414.753823561874,,,,,
5.802,0.0,0.332576674284399,414.64567609702,,,,,
5.71875,0.0,0.332619893826861,414.663456435197,,,,,
5.51955,0.0,0.332589090100324,414.638138757731,,,,,
5.148,0.0,0.332177819327598,414.388872884288,,,,,
5.232,0.0,0.332481626881112,414.579650372179,,,,,
5.11995,0.0,0.331710385269166,414.070194001678,,,,,
5.3655,0.0,0.332686602212727,414.751405623332,,,,,
5.36255,0.0,0.332569650974777,414.655836143689,,,,,
5.27435,0.0,0.332578883361093,414.705122931577,,,,,
5.9354,0.0,0.332697855934823,414.755869326299,,,,,
5.87115,0.0,0.332577065892034,414.625693130345,,,,,
5.7792,0.0,0.332598140922179,414.64640967808,,,,,
5.69335,0.0,0.332586504262247,414.697604176339,,,,,
5.47985,0.0,0.332582147998448,414.630755383873,,,,,
5.8315,0.0,0.332577205908059,414.63202806302,,,,,
5.13125,0.0,0.33185929044553,414.166868080192,,,,,
5.7892,0.0,0.332598022244194,414.64630276082,,,,,
5.48285,0.0,0.332577306544541,414.673323367796,,,,,
5.1574,0.0,0.332290455324619,414.465159511768,,,,,
5.3512,0.0,0.332568496361515,414.61878325605,,,,,
5.73205,0.0,0.332576616308928,414.646566453772,,,,,
5.14365,0.0,0.332002397468712,414.339291850433,,,,,
5.79755,0.0,0.332691782701,414.712040998485,,,,,
5.41485,0.0,0.332651462977462,414.744629223385,,,,,
5.7457,0.0,0.33270947776578,414.75614990125,,,,,
5.6494,0.0,0.332592588169079,414.64142774429,,,,,
5.98635,0.0,0.332726912757883,414.74784487632,,,,,
5.0038,1727.57138802519,0.288810673926432,380.974533944821,,,,,
5.86905,0.0,0.332603016527204,414.650498936269,,,,,
5.73465,0.0,0.332647767031691,414.74386882722,,,,,
5.76475,0.0,0.332654778849477,414.746416725557,,,,,
5.9236,0.0,0.332596310979512,414.71096547693,,,,,
5.89655,0.0,0.332726329984345,414.744021881022,,,,,
5.33255,0.0,0.332563906310267,414.651849683567,,,,,
5.24735,0.0,0.332642928173325,414.684118020314,,,,,
5.6838,0.0,0.33260098535282,414.715769040316,,,,,
5.5226,0.0,0.332576468635513,414.663960049268,,,,,
5.49835,0.0,0.332647510025501,414.682526895026,,,,,
5.98795,0.0,0.33266334834451,414.692971119949,,,,,
5.00465,1720.2059941847,0.289042083782023,381.91954003705,,,,,
5.2583,0.0,0.332602863943453,414.654617806797,,,,,
5.8281,0.0,0.332657058492314,414.688823300119,,,,,
5.13655,0.0,0.332067849507854,414.346625724636,,,,,
5.35855,0.0,0.332631284330638,414.671891251231,,,,,
5.33955,0.0,0.332580745121689,414.633431489044,,,,,
5.6175,0.0,0.332697736198929,414.716274197896,,,,,
5.2405,0.0,0.332499036073296,414.573231972762,,,,,
5.56615,0.0,0.33272258512065,414.753291829559,,,,,
5.99645,0.0,0.332726788658913,414.745612370526,,,,,
5.1169,0.0,0.331774093881934,414.148025750383,,,,,
5.5653,0.0,0.332685233675548,414.754198415607,,,,,
5.81265,0.0,0.332577326234284,414.669904642145,,,,,
5.3922,0.0,0.332572846787741,414.645516453785,,,,,
5.6435,0.0,0.33259004173618,414.703171331464,,,,,
5.09425,0.0,0.33109312760481,413.728143604316,,,,,
5.92555,0.0,0.332705298611516,414.756221262581,,,,,
5.28865,0.0,0.33260484971433,414.654926927913,,,,,
5.21615,0.0,0.332586714827224,414.673650830019,,,,,
5.4095,0.0,0.332589409500248,414.639192034129,,,,,
5.5684,0.0,0.332643234944489,414.679662853377,,,,,
5.9805,0.0,0.332576440741638,414.621525255071,,,,,
5.81895,0.0,0.332608185738963,414.654644161448,,,,,
5.61045,0.0,0.332576664439509,414.622106315724,,,,,
5.8172,0.0,0.332709277666184,414.725053052579,,,,,
5.13795,0.0,0.332067731735901,414.319771418946,,,,,
5.6429,0.0,0.33257873514175,414.677925236762,,,,,
5.5441,0.0,0.332612337128791,414.725157842981,,,,,
5.48145,0.0,0.332576593884451,414.628228028509,,,,,
5.47125,0.0,0.332576285957938,414.624792058515,,,,,
5.39245,0.0,0.332572712239329,414.654394638124,,,,,
5.15875,0.0,0.332231798507777,414.418939340652,,,,,
5.50205,0.0,0.332576319321215,414.643896811204,,,,,
5.12325,0.0,0.331709912576705,414.136002671185,,,,,
5.06465,0.0,0.328800340296406,412.611298194897,,,,,
5.26965,0.0,0.332546318914054,414.610818292296,,,,,
5.2702,0.0,0.332536372330344,414.598999463857,,,,,
5.6082,0.0,0.332655185129016,414.687587718359,,,,,
5.61205,0.0,0.332576647484419,414.645268864899,,,,,
5.43205,0.0,0.332575105114547,414.642381748723,,,,,
5.3921,0.0,0.332572978054432,414.642236822063,,,,,
5.538,0.0,0.332669333518109,414.696911963725,,,,,
5.88055,0.0,0.332576444023271,414.621506173594,,,,,
5.18105,0.0,0.332314467120645,414.456136172655,,,,,
5.11585,0.0,0.331711685992507,414.14219983889,,,,,
5.80295,0.0,0.33257991378452,414.682220482413,,,,,
5.10925,0.0,0.33154311317492,413.958813723937,,,,,
5.22385,0.0,0.332480809520606,414.640066645038,,,,,
5.5041,0.0,0.332611458838808,414.724556494829,,,,,
5.05775,0.0,0.328853351100366,412.846068478915,,,,,
5.921,0.0,0.332576894700485,414.62394996407,,,,,
5.01645,1316.80451532739,0.333316013227804,414.074946806056,,,,,
5.5926,0.0,0.332576753590452,414.664987747776,,,,,
5.496,0.0,0.332717432994036,414.754808671311,,,,,
5.6795,0.0,0.332589295194489,414.638248172073,,,,,
5.96295,0.0,0.332580592527719,414.684414856988,,,,,
5.16135,0.0,0.332183891553966,414.376397330295,,,,,
5.32605,0.0,0.332703276262524,414.746351670986,,,,,
5.14985,0.0,0.332103183589768,414.328510496452,,,,,
5.88565,0.0,0.332709296254676,414.756160593884,,,,,
5.6953,0.0,0.332687842256736,414.754671908582,,,,,
5.2196,0.0,0.332473817012353,414.565497074118,,,,,
5.92105,0.0,0.332576961973852,414.624548553281,,,,,
5.8471,0.0,0.332713045094944,414.728214275825,,,,,
5.12315,0.0,0.331708407852832,414.130573788713,,,,,
5.56155,0.0,0.332577086128728,414.63111020765,,,,,
5.1423,0.0,0.33198830832195,414.277113603086,,,,,
5.69695,0.0,0.332719889339394,414.734717040168,,,,,
5.73895,0.0,0.332609393809139,414.65559527344,,,,,
5.3793,0.0,0.332594705806332,414.644481969691,,,,,
5.4902,0.0,0.332577703073861,414.624592697216,,,,,
5.85335,0.0,0.33258781741984,414.699786783907,,,,,
5.10955,0.0,0.331535296011621,413.951013461665,,,,,
5.49605,0.0,0.332719001492641,414.754389089664,,,,,
5.9486,0.0,0.33262403960196,414.666437880502,,,,,
5.3334,0.0,0.332572377508897,414.686953448495,,,,,
5.1035,0.0,0.331318645329983,413.868977564663,,,,,
5.40815,0.0,0.332660041853536,414.690862078685,,,,,
5.83675,0.0,0.332723715144544,414.739289525786,,,,,
5.37965,0.0,0.33258329545426,414.633899666798,,,,,
5.3151,0.0,0.332649465454835,414.739266892196,,,,,
5.78795,0.0,0.33266751544963,414.69571240709,,,,,
5.29545,0.0,0.332661806376622,414.738361309199,,,,,
5.53575,0.0,0.332708486014142,414.75606030526,,,,,
5.9902,0.0,0.332577154495932,414.623081791653,,,,,
5.8996,0.0,0.332585024834424,414.63376453211,,,,,
5.6107,0.0,0.332576408472251,414.621477126837,,,,,
5.7797,0.0,0.332583736277508,414.632317985804,,,,,
5.37905,0.0,0.332605605518252,414.65329573572,,,,,
5.20235,0.0,0.332401658824753,414.540528726813,,,,,
5.65355,0.0,0.332591662792368,414.705370054942,,,,,
5.66055,0.0,0.332576471370206,414.621624984539,,,,,
5.6793,0.0,0.332595651957049,414.644223071355,,,,,
5.2649,0.0,0.3326030608257,414.715228848118,,,,,
5.1161,0.0,0.331731944703392,414.146628615594,,,,,
5.212,0.0,0.332434129102129,414.549390821693,,,,,
5.55315,0.0,0.332581459413675,414.687148190116,,,,,
5.99445,0.0,0.332640538520164,414.740904980056,,,,,
5.33725,0.0,0.33270263877446,414.72190710267,,,,,
5.1246,0.0,0.331772661271715,414.209369348054,,,,,
5.3806,0.0,0.33257195964233,414.618860332431,,,,,
5.3451,0.0,0.332658461047247,414.744503395334,,,,,
5.48845,0.0,0.332641343457883,414.678400870267,,,,,
5.2617,0.0,0.332525225829876,414.599449127225,,,,,
5.45345,0.0,0.33258594257268,414.697842515013,,,,,
5.1636,0.0,0.332195973251298,414.45776788256,,,,,
5.50705,0.0,0.332718384262807,414.73329742208,,,,,
5.26365,0.0,0.332538987002268,414.672158790333,,,,,
5.8953,0.0,0.33269162086322,414.755208317695,,,,,
5.14445,0.0,0.33204133004427,414.377323928863,,,,,
5.99195,0.0,0.332576651859926,414.646059390201,,,,,
5.0394,0.0,0.324417508739901,412.154517188165,,,,,
5.7561,0.0,0.332722969996176,414.753216774846,,,,,
5.16735,0.0,0.332368768895059,414.514267906998,,,,,
5.87275,0.0,0.332578119292404,414.674809199988,,,,,
5.7073,0.0,0.33270634613863,414.722723907694,,,,,
5.5782,0.0,0.332655749435708,414.687978530935,,,,,
5.62755,0.0,0.332694846122231,414.714201862022,,,,,
5.88295,0.0,0.332580248507367,414.68331712155,,,,,
5.6187,0.0,0.332624410373155,414.66670454318,,,,,
5.9734,0.0,0.332590285660794,414.70348597944,,,,,
5.898,0.0,0.332662020721522,414.692094467679,,,,,
5.3098,0.0,0.33256591911461,414.621561525432,,,,,
5.3847,0.0,0.332639252912472,414.739520718634,,,,,
5.3014,0.0,0.332553972286056,414.61203055909,,,,,
5.16885,0.0,0.332299671929962,414.461222553042,,,,,
5.02915,457.743965937541,0.322557553842165,410.505863139707,,,,,
5.4986,0.0,0.332632086556515,414.672103532229,,,,,
5.544,0.0,0.332607545881094,414.721525732369,,,,,
5.7887,0.0,0.332621373099595,414.664530566413,,,,,
5.01745,1258.41179111048,0.334570097282103,415.333853033936,,,,,
5.5391,0.0,0.332605322775597,414.652400905045,,,,,
5.5971,0.0,0.332716062396834,414.730920278285,,,,,
5.40025,0.0,0.332574958534343,414.622694418824,,,,,
5.16745,0.0,0.332366204876106,414.5114108438,,,,,
5.97165,0.0,0.332577054406341,414.636890616554,,,,,
5.04005,0.0,0.324426470187824,412.19125850439,,,,,
5.17655,0.0,0.33243392993114,414.570058717085,,,,,
5.88205,0.0,0.332576574194665,414.648194721184,,,,,
5.45865,0.0,0.332629377464228,414.670265462134,,,,,
5.90325,0.0,0.332585762088002,414.696273371529,,,,,
5.9518,0.0,0.33257687665153,414.64096315604,,,,,
5.25865,0.0,0.332581439177246,414.640152434143,,,,,
5.5386,0.0,0.332631549005238,414.671714732125,,,,,
5.75495,0.0,0.332667420855118,414.750296593066,,,,,
5.69945,0.0,0.332590548180359,414.639485106666,,,,,
5.9336,0.0,0.332596425282861,414.711096318018,,,,,
5.15455,0.0,0.332154218236312,414.44625890021,,,,,
5.6627,0.0,0.33257730873229,414.669945886527,,,,,
5.38545,0.0,0.332686320632425,414.752417068606,,,,,
5.34265,0.0,0.332566409186867,414.657313807789,,,,,
5.1378,0.0,0.332072608007587,414.324271551507,,,,,
5.3229,0.0,0.332562444284692,414.663939975516,,,,,
5.9137,0.0,0.332599992730778,414.714792816024,,,,,
5.0808,0.0,0.330636083053538,413.353401385723,,,,,
5.3471,0.0,0.332709728163466,414.727957799573,,,,,
5.5943,0.0,0.332623901246231,414.732574591677,,,,,
5.7189,0.0,0.332612138611395,414.657695214246,,,,,
5.8175,0.0,0.332694231581308,414.713761694585,,,,,
5.82115,0.0,0.33257704018596,414.625457038729,,,,,
5.25435,0.0,0.332557564256051,414.692072852967,,,,,
5.50125,0.0,0.332576620137497,414.625143775117,,,,,
5.75985,0.0,0.332581223139619,414.629248210654,,,,,
5.40385,0.0,0.332596310432606,414.712294302617,,,,,
5.55155,0.0,0.332577068079784,414.631022153098,,,,,
5.72715,0.0,0.332712597335727,414.727832455954,,,,,
5.971,0.0,0.332576901810679,414.624137500468,,,,,
5.4487,0.0,0.332626463825612,414.668234174008,,,,,
5.50335,0.0,0.332584675349404,414.69475867822,,,,,
5.47405,0.0,0.332608263943729,414.722188070955,,,,,
5.5278,0.0,0.33268198754627,414.705334961979,,,,,
5.12005,0.0,0.33170897486693,414.068359425106,,,,,
5.4368,0.0,0.332723629313159,414.740551810136,,,,,
5.7247,0.0,0.332650743914443,414.744984504948,,,,,
5.5712,0.0,0.332576901810679,414.624960306818,,,,,
5.9695,0.0,0.332586815460829,414.635711172165,,,,,
5.57135,0.0,0.33257705003084,414.627269957905,,,,,
5.73405,0.0,0.332613083071887,414.725684723525,,,,,
5.4999,0.0,0.332581363700825,414.629686576877,,,,,
5.3616,0.0,0.332570336849256,414.626503949914,,,,,
5.1939,0.0,0.332385299090985,414.581884397087,,,,,
5.3456,0.0,0.332688463370516,414.749940065364,,,,,
5.9403,0.0,0.332576806643456,414.622407483761,,,,,
5.0851,0.0,0.330837740651397,413.558682758654,,,,,
5.60175,0.0,0.332577035810458,414.636315919758,,,,,
5.28205,0.0,0.332542148649228,414.620001898826,,,,,
5.68625,0.0,0.332725279786677,414.75141276196,,,,,
5.0562,0.0,0.327294099507714,412.146820610454,,,,,
5.22605,0.0,0.332607399315186,414.688979796292,,,,,
5.81665,0.0,0.332725508851417,414.742164023678,,,,,
5.17705,0.0,0.332437187237298,414.561127572947,,,,,
5.59605,0.0,0.332720352396459,414.754324802325,,,,,
5.3882,0.0,0.33265598018875,414.688216288339,,,,,
5.588,0.0,0.332668408901667,414.696301111651,,,,,
5.48815,0.0,0.332660437190634,414.691061960913,,,,,
5.71595,0.0,0.332718580529991,414.754913755958,,,,,
5.5566,0.0,0.33272662683816,414.745370912433,,,,,
5.9883,0.0,0.332641063479767,414.678199173207,,,,,
5.11055,0.0,0.331523107387092,413.935044760004,,,,,
5.63615,0.0,0.332723171180933,414.753062854788,,,,,
5.6748,0.0,0.332656099392866,414.746864543252,,,,,
5.15665,0.0,0.332289639136105,414.47966604843,,,,,
5.69705,0.0,0.332716702592719,414.731527136118,,,,,
5.7971,0.0,0.33271368967034,414.728772129272,,,,,
5.72355,0.0,0.33259238854607,414.706309758096,,,,,
5.99875,0.0,0.332615111984894,414.659934682639,,,,,
5.2969,0.0,0.332698931915715,414.724423909797,,,,,
5.216,0.0,0.332580651596361,414.674258474992,,,,,
5.5016,0.0,0.332576790782249,414.631607867039,,,,,
5.98945,0.0,0.332587931179188,414.636862780879,,,,,
5.10535,0.0,0.331469416689322,413.990997343791,,,,,
5.7899,0.0,0.332580362816236,414.628112427982,,,,,
5.46885,0.0,0.332618141659445,414.662248809152,,,,,
5.1517,0.0,0.332096040720598,414.327151098795,,,,,
5.79575,0.0,0.332712285708078,414.755964941218,,,,,
5.79685,0.0,0.332721743203885,414.736772666221,,,,,
5.3531,0.0,0.332571545603866,414.677121344993,,,,,
5.23315,0.0,0.332484824087244,414.623294817433,,,,,
5.8083,0.0,0.332644728330913,414.680650452524,,,,,
5.84075,0.0,0.332576525517133,414.621812005265,,,,,
5.11835,0.0,0.331759374928988,414.11494035281,,,,,
5.48605,0.0,0.332718795385021,414.754350328492,,,,,
5.6108,0.0,0.332576466447758,414.621690712254,,,,,
5.022,925.492360482822,0.333109590973688,413.948928960343,,,,,
5.92055,0.0,0.332576446211026,414.621497425728,,,,,
5.8992,0.0,0.332596693813539,414.645141287364,,,,,
5.72075,0.0,0.332576480121225,414.621668781179,,,,,
5.0416,0.0,0.324363844767298,412.196707615142,,,,,
5.87395,0.0,0.33261043288817,414.723732909585,,,,,
5.1532,0.0,0.332099434985614,414.384008442175,,,,,
5.3857,0.0,0.332699714842713,414.753556717399,,,,,
5.80555,0.0,0.332703407477755,414.756182265154,,,,,
5.0612,0.0,0.328779823490777,412.764311254172,,,,,
5.75145,0.0,0.332577209189684,414.630364320163,,,,,
5.1296,0.0,0.33187210964443,414.18187391103,,,,,
5.16235,0.0,0.332183452390448,414.402682384432,,,,,
5.34245,0.0,0.332566137896957,414.649657401574,,,,,
5.40115,0.0,0.332573796282304,414.621798090687,,,,,
5.6336,0.0,0.332593031167657,414.707143351955,,,,,
5.6655,0.0,0.332698497805957,414.755908931963,,,,,
5.99785,0.0,0.332669547311374,414.697050809068,,,,,
5.13455,0.0,0.331920352049247,414.302847473624,,,,,
5.68385,0.0,0.332603065747754,414.717696089027,,,,,
5.57835,0.0,0.332646182886125,414.681640879169,,,,,
5.52205,0.0,0.332576454962045,414.644188280621,,,,,
5.5739,0.0,0.332603585297561,414.718188641415,,,,,
5.8767,0.0,0.332724423115952,414.740314650494,,,,,
5.5428,0.0,0.332577517662279,414.672335337787,,,,,
5.82215,0.0,0.332576489966121,414.650963058499,,,,,
5.7302,0.0,0.332577610641551,414.623944132184,,,,,
5.4574,0.0,0.332704495468714,414.721440468998,,,,,
5.842,0.0,0.332576648578296,414.646100277767,,,,,
5.77225,0.0,0.332576435272251,414.653945776601,,,,,
5.4776,0.0,0.33269418073401,414.713775849321,,,,,
5.1598,0.0,0.332192356563746,414.385504417789,,,,,
5.9756,0.0,0.332708361908299,414.756195467802,,,,,
5.73225,0.0,0.332576431990618,414.653474926538,,,,,
5.0243,767.289842176287,0.33376923709685,418.732318777468,,,,,
5.81365,0.0,0.332596834915112,414.711535457347,,,,,
5.6967,0.0,0.332725331175916,414.741873690496,,,,,
5.03915,0.0,0.324293300780313,412.038033895063,,,,,
5.3298,0.0,0.332572076141832,414.625397637158,,,,,
5.66905,0.0,0.332605834118521,414.652784083414,,,,,
5.8003,0.0,0.332576988226869,414.622750420509,,,,,
5.98805,0.0,0.332656918509899,414.688739562709,,,,,
5.1619,0.0,0.332184001618548,414.388046623864,,,,,
5.7331,0.0,0.332581721393276,414.687596831878,,,,,
5.04365,0.0,0.32425508606122,412.47774070655,,,,,
5.6851,0.0,0.332675468400669,414.752300553812,,,,,
5.10235,0.0,0.331307086164354,413.806124736637,,,,,
5.0052,1715.27221824744,0.294521507830244,386.711084490383,,,,,
5.6448,0.0,0.332655451425026,414.746644244997,,,,,
5.67205,0.0,0.332576644749727,414.645921276524,,,,,
5.09575,0.0,0.331291906666472,413.845858108514,,,,,
5.32495,0.0,0.332643339935625,414.738471042231,,,,,
5.2842,0.0,0.33257883140229,414.704703214076,,,,,
5.3364,0.0,0.332714220528359,414.743771465299,,,,,
5.1816,0.0,0.33231508017438,414.463613938727,,,,,
5.00545,1707.91949782363,0.298300127707126,389.524046770258,,,,,
5.1069,0.0,0.331590878468931,414.021097118632,,,,,
5.93465,0.0,0.33265191355304,414.745412614149,,,,,
5.5863,0.0,0.332725461835755,414.751094589034,,,,,
5.4467,0.0,0.332725064935835,414.743172257435,,,,,
5.03345,126.464256858937,0.323759045555971,413.87799831815,,,,,
5.8167,0.0,0.332724755506642,414.740843400013,,,,,
5.88515,0.0,0.332682588987469,414.753776187441,,,,,
5.9482,0.0,0.332648165117481,414.682946242774,,,,,
5.1662,0.0,0.33235493280918,414.531900224879,,,,,
5.9637,0.0,0.332600633150076,414.715425386607,,,,,
5.224,0.0,0.332486921621589,414.646214587744,,,,,
5.7668,0.0,0.332723137285684,414.738513800576,,,,,
5.07195,0.0,0.329967101847501,413.079279904524,,,,,
5.62205,0.0,0.33257663654565,414.645378819456,,,,,
5.614,0.0,0.332608739187682,414.722449505254,,,,,
5.3287,0.0,0.332617074167156,414.662441143928,,,,,
5.24055,0.0,0.332498871953435,414.572881844701,,,,,
5.552,0.0,0.332576639827281,414.64300093474,,,,,
5.7059,0.0,0.332716810294212,414.755315325792,,,,,
5.46765,0.0,0.332691411458138,414.711838716743,,,,,
5.30655,0.0,0.332705810347512,414.735374046891,,,,,
5.61835,0.0,0.332645424987098,414.681122578895,,,,,
5.65995,0.0,0.332580244678839,414.627961794888,,,,,
5.8389,0.0,0.332610249135483,414.656243619779,,,,,
5.63525,0.0,0.332683685794711,414.753969776762,,,,,
5.9497,0.0,0.332582697115069,414.631081420491,,,,,
5.3666,0.0,0.332720714859803,414.743001842506,,,,,
5.6145,0.0,0.332635987195047,414.738849439887,,,,,
5.0917,0.0,0.331035309247446,413.594175282581,,,,,
5.4689,0.0,0.332615508469144,414.660311036326,,,,,
5.85045,0.0,0.33257653043958,414.62175961458,,,,,
5.58425,0.0,0.332620924123242,414.730824475944,,,,,
5.72145,0.0,0.332577203720309,414.630159270144,,,,,
5.9922,0.0,0.332576439647761,414.654728005909,,,,,
5.90965,0.0,0.332583903090124,414.632498012464,,,,,
5.56255,0.0,0.332576519500808,414.662603800917,,,,,
5.6221,0.0,0.332576570366095,414.647017759719,,,,,
5.55935,0.0,0.332595159740249,414.643805166568,,,,,
5.93905,0.0,0.332602043052607,414.649711591614,,,,,
5.15015,0.0,0.332098455653068,414.322531144553,,,,,
5.41075,0.0,0.332573941769134,414.619909576064,,,,,
5.86745,0.0,0.332696086135512,414.715082528676,,,,,
5.26945,0.0,0.332552497636311,414.616696549378,,,,,
5.73815,0.0,0.332655704597421,414.687943974561,,,,,
5.06545,0.0,0.329065956216824,412.728071900918,,,,,
5.70455,0.0,0.332640877556669,414.741053612,,,,,
5.17375,0.0,0.332272792141373,414.509248646898,,,,,
5.03945,0.0,0.324431157986731,412.169693246628,,,,,
5.8948,0.0,0.332660712231243,414.748351327388,,,,,
5.6215,0.0,0.332577169810183,414.630506932804,,,,,
5.387,0.0,0.33271724984715,414.733755756621,,,,,
5.1642,0.0,0.332220604556733,414.485085751109,,,,,
5.7512,0.0,0.332577065345096,414.625855179356,,,,,
5.1257,0.0,0.331867359780094,414.248828479072,,,,,
5.58175,0.0,0.332576999712564,414.636127041772,,,,,
5.8312,0.0,0.332577101989921,414.626254619293,,,,,
5.77075,0.0,0.332576497623263,414.621724340103,,,,,
5.6868,0.0,0.332723670862113,414.739245967519,,,,,
5.7309,0.0,0.332576649125234,414.622452980948,,,,,
5.4629,0.0,0.332577326781221,414.674934060944,,,,,
5.31135,0.0,0.332558170298024,414.613979464071,,,,,
5.8197,0.0,0.332583490707309,414.632021148552,,,,,
5.54805,0.0,0.332665965845976,414.694689134318,,,,,
5.43955,0.0,0.332588734603472,414.63817829286,,,,,
5.95525,0.0,0.332689868526814,414.754972296653,,,,,
5.5551,0.0,0.332672690767323,414.75160024852,,,,,
5.2503,0.0,0.332514400615896,414.584279505482,,,,,
5.3107,0.0,0.332557553863625,414.609566567236,,,,,
5.48885,0.0,0.332618048144632,414.662153631021,,,,,
5.76675,0.0,0.332724146487921,414.739919609839,,,,,
5.26285,0.0,0.332525473084171,414.638158229034,,,,,
5.5572,0.0,0.332712701211545,414.727938643862,,,,,
5.6204,0.0,0.332576794063878,414.622412693599,,,,,
5.8368,0.0,0.332722637603703,414.73786120144,,,,,
5.56235,0.0,0.332576313851826,414.655027835939,,,,,
5.4993,0.0,0.332597397680092,414.645856864648,,,,,
5.99865,0.0,0.332620386553926,414.6638134312,,,,,
5.16505,0.0,0.332277482014457,414.515946913118,,,,,
5.97515,0.0,0.332684342455741,414.754098031959,,,,,
5.34215,0.0,0.332566364336534,414.639181004531,,,,,
5.6599,0.0,0.33258094639248,414.628897701132,,,,,
5.3995,0.0,0.332588945713956,414.638932519647,,,,,
5.2703,0.0,0.332535506420863,414.597617797785,,,,,
5.7749,0.0,0.332664624016796,414.749518611169,,,,,
5.0356,0.0,0.31967478718713,410.29660122753,,,,,
5.28915,0.0,0.332578417919316,414.635570253368,,,,,
5.22045,0.0,0.332460455830042,414.549089994339,,,,,
5.263,0.0,0.332526590102392,414.644420798369,,,,,
5.296,0.0,0.33268910033899,414.73940769193,,,,,
5.83825,0.0,0.332647265596027,414.682345747654,,,,,
5.76985,0.0,0.332581174462768,414.629184407361,,,,,
5.27055,0.0,0.332534270731856,414.595280322568,,,,,
5.8513,0.0,0.332577168716308,414.628059137536,,,,,
5.0275,554.43460652318,0.316294684653403,406.631283635684,,,,,
5.6434,0.0,0.332587316440712,414.699008561116,,,,,
5.16205,0.0,0.332183829129262,414.392463479783,,,,,
5.7778,0.0,0.332677192927499,414.702127016665,,,,,
5.81975,0.0,0.33258255928907,414.630912869505,,,,,
5.7491,0.0,0.332602539087491,414.650115131275,,,,,
5.6968,0.0,0.332723603071712,414.739158583588,,,,,
5.42465,0.0,0.332639441570654,414.740073162644,,,,,
5.90415,0.0,0.332621223258589,414.731005247182,,,,,
5.1632,0.0,0.332187520928,414.438935176908,,,,,
5.46605,0.0,0.332718308270747,414.754236188416,,,,,
5.25305,0.0,0.332515425768756,414.63911228229,,,,,
5.4222,0.0,0.332574531373006,414.646921842879,,,,,
5.1049,0.0,0.331419560348943,413.966130062679,,,,,
5.35005,0.0,0.33257185900423,414.622644551505,,,,,
5.3646,0.0,0.332630387497783,414.735270958745,,,,,
5.18355,0.0,0.332325581828188,414.536588280416,,,,,
5.2484,0.0,0.332584932404149,414.643075541446,,,,,
5.80675,0.0,0.332723909221798,414.739559713649,,,,,
5.64745,0.0,0.332699862461424,414.717829890245,,,,,
5.53145,0.0,0.332576990961558,414.628783900709,,,,,
5.2208,0.0,0.332459745107994,414.547504216988,,,,,
5.90375,0.0,0.332601882264955,414.716607191291,,,,,
5.61275,0.0,0.3325774810175,414.671304903116,,,,,
5.447,0.0,0.332719578811981,414.734931905053,,,,,
5.9643,0.0,0.332630864350675,414.736354247915,,,,,
5.5946,0.0,0.332641729521071,414.741400786667,,,,,
5.617,0.0,0.332719156756653,414.733948406204,,,,,
5.0011,1734.67251302633,0.291833547060491,390.525275180811,,,,,
5.1467,0.0,0.332192536714596,414.419078698337,,,,,
5.6874,0.0,0.332701781498704,414.719243396395,,,,,
5.95245,0.0,0.332576706553761,414.663726134582,,,,,
5.32985,0.0,0.332571047334964,414.624224478229,,,,,
5.6452,0.0,0.33268084207116,414.753435111771,,,,,
5.7437,0.0,0.332597829734193,414.712615979798,,,,,
5.6017,0.0,0.332577082300165,414.635015727721,,,,,
5.24165,0.0,0.332499341883087,414.581763195575,,,,,
5.9098,0.0,0.332581248298439,414.629274303296,,,,,
5.74075,0.0,0.332576480668164,414.621690394262,,,,,
5.77235,0.0,0.332576451680413,414.65763368253,,,,,
5.98865,0.0,0.332620558269956,414.663940764293,,,,,
5.62405,0.0,0.332611292586894,414.724386910149,,,,,
5.71755,0.0,0.332693251812649,414.713068931998,,,,,
5.0028,1734.6793975361,0.291745094684404,386.734238565903,,,,,
5.1706,0.0,0.332255643733268,414.418742834054,,,,,
5.5208,0.0,0.332576203370139,414.621457034638,,,,,
5.14275,0.0,0.331988577344507,414.295630297757,,,,,
5.02,1075.72314131441,0.332871344064898,413.233384848653,,,,,
5.1493,0.0,0.332118844125506,414.343721430269,,,,,
5.51255,0.0,0.332576273378341,414.66183923495,,,,,
5.33025,0.0,0.332565588752994,414.61693354026,,,,,
5.8991,0.0,0.332600536895845,414.648447134397,,,,,
5.59735,0.0,0.332705638128755,414.722171794075,,,,,
5.99965,0.0,0.332583328269906,414.631829406791,,,,,
5.9882,0.0,0.332647336136095,414.682398294036,,,,,
5.7765,0.0,0.332726860275505,414.746096821794,,,,,
5.6836,0.0,0.332593585735415,414.70781441667,,,,,
5.3277,0.0,0.3326787156871,414.703877048124,,,,,
5.439,0.0,0.332610319136519,414.656489704107,,,,,
5.8529,0.0,0.33257949264582,414.680800773924,,,,,
5.3629,0.0,0.332571112968671,414.669847779285,,,,,
5.7467,0.0,0.332725101017665,414.741446755938,,,,,
5.7405,0.0,0.332576506374281,414.621706799856,,,,,
5.28905,0.0,0.332583111139651,414.639227333119,,,,,
5.8382,0.0,0.332650442071557,414.684455811425,,,,,
5.87905,0.0,0.332602876522044,414.650386279803,,,,,
5.8481,0.0,0.332656630342788,414.688548275019,,,,,
5.36165,0.0,0.332570327551127,414.62761008783,,,,,
5.638,0.0,0.332667401170708,414.695646168573,,,,,
5.5749,0.0,0.332660352436524,414.748214745785,,,,,
5.02595,624.117664275658,0.32328608226008,411.185775993556,,,,,
5.08775,0.0,0.331153325283771,413.689029926423,,,,,
5.2254,0.0,0.33257224624197,414.686025030381,,,,,
5.83665,0.0,0.332725415366781,414.741995422976,,,,,
5.83475,0.0,0.332656250311777,414.746914348985,,,,,
5.26315,0.0,0.332528268904796,414.650797608449,,,,,
5.05345,0.0,0.326791514000888,412.3947876325,,,,,
5.417,0.0,0.332718846228557,414.734609715356,,,,,
5.42095,0.0,0.332574552703739,414.620831583711,,,,,
5.7149,0.0,0.332663382245851,414.749152736868,,,,,
5.68705,0.0,0.332716818494832,414.731629717695,,,,,
5.33055,0.0,0.332564059458852,414.614083768073,,,,,
5.83335,0.0,0.332587663188355,414.69951508888,,,,,
5.03325,126.464256858937,0.323758148305332,413.767553544281,,,,,
5.9456,0.0,0.33270792453051,414.756204939285,,,,,
5.0358,0.0,0.319159930684256,409.895149335443,,,,,
5.80525,0.0,0.332687023762598,414.754542187826,,,,,
5.7602,0.0,0.332577555947865,414.623836086087,,,,,
5.08495,0.0,0.330807305444166,413.540826650852,,,,,
5.09385,0.0,0.331062812027677,413.694258063994,,,,,
5.9644,0.0,0.33263686159239,414.739261073728,,,,,
5.94645,0.0,0.332726846608218,414.745978211208,,,,,
5.366,0.0,0.332710022298499,414.751476107695,,,,,
5.4862,0.0,0.33272267587259,414.752716610603,,,,,
5.88455,0.0,0.332644547331304,414.74258784702,,,,,
5.34,0.0,0.332570708227271,414.622446610088,,,,,
5.2458,0.0,0.332632893155224,414.711485839866,,,,,
5.35325,0.0,0.332573772216807,414.683477203301,,,,,
5.357,0.0,0.332714107905616,414.731956164258,,,,,
5.7869,0.0,0.332720490165378,414.735358257799,,,,,
5.7951,0.0,0.332677717282489,414.752801388666,,,,,
5.4495,0.0,0.332590395043971,414.639690353956,,,,,
5.34305,0.0,0.332569018153131,414.673694856488,,,,,
5.4084,0.0,0.332644059561476,414.680299393712,,,,,
5.5732,0.0,0.332582447715601,414.689570921969,,,,,
5.9132,0.0,0.332584731682695,414.694303688087,,,,,
5.4064,0.0,0.332723234597842,414.748733893528,,,,,
5.3296,0.0,0.332577062610407,414.630623927601,,,,,
5.4336,0.0,0.332589361371512,414.70346725245,,,,,
5.8937,0.0,0.332599726390365,414.71453863886,,,,,
5.00455,1720.25218491237,0.288545469448092,381.364129339956,,,,,
5.12885,0.0,0.331897778344161,414.204290259721,,,,,
5.56545,0.0,0.332693907361307,414.755425182155,,,,,
5.5433,0.0,0.33258412186064,414.693336609036,,,,,
5.4192,0.0,0.332600798313521,414.64906603496,,,,,
5.77445,0.0,0.332636140310445,414.738930719564,,,,,
5.8683,0.0,0.332643502890551,414.679832158781,,,,,
5.9613,0.0,0.332577192781559,414.628726379574,,,,,
5.96685,0.0,0.33272025344335,414.735098692503,,,,,
5.49095,0.0,0.332576136643558,414.621951540097,,,,,
5.8065,0.0,0.332726839501228,414.745875957195,,,,,
5.213,0.0,0.332435620144887,414.586811861351,,,,,
5.1948,0.0,0.332435774446912,414.615328978589,,,,,
5.8424,0.0,0.332576532627334,414.660395338061,,,,,
5.06745,0.0,0.33014913133711,413.21676706931,,,,,
5.8818,0.0,0.332576916031066,414.640290647868,,,,,
5.6286,0.0,0.332629974078897,414.67061545686,,,,,
5.591,0.0,0.332576673737461,414.622841540947,,,,,
5.18885,0.0,0.332407453901088,414.529275579862,,,,,
5.86195,0.0,0.332576703272131,414.644693127542,,,,,
5.187,0.0,0.332489915262709,414.594438446882,,,,,
5.7373,0.0,0.332705882515345,414.722370559839,,,,,
5.2025,0.0,0.332401610121606,414.546088385768,,,,,
5.93995,0.0,0.332579157375278,414.626423752113,,,,,
5.38525,0.0,0.332674321809557,414.750328150303,,,,,
5.64815,0.0,0.332657566474882,414.689170137003,,,,,
5.1381,0.0,0.33206212464706,414.315033498064,,,,,
5.17905,0.0,0.332349285686101,414.491341485717,,,,,
5.35525,0.0,0.332670009344942,414.747960594893,,,,,
5.3186,0.0,0.332620325851741,414.664856061321,,,,,
5.73305,0.0,0.332580945298617,414.685481063775,,,,,
5.8461,0.0,0.332723585577413,414.752838548037,,,,,
5.2531,0.0,0.332515980465944,414.641244162595,,,,,
5.1801,0.0,0.332318098352796,414.461869903274,,,,,
5.6444,0.0,0.332630594207034,414.736219691612,,,,,
5.3474,0.0,0.33269819819335,414.717778534653,,,,,
5.3878,0.0,0.332681058044096,414.704888754688,,,,,
5.4819,0.0,0.332576353778367,414.639035622472,,,,,
5.5828,0.0,0.332577694869811,414.672932456505,,,,,
5.4606,0.0,0.332575584781404,414.621102256965,,,,,
5.44485,0.0,0.332653188722365,414.745518244483,,,,,
5.5928,0.0,0.332577750657347,414.673076105436,,,,,
5.86785,0.0,0.332672232564948,414.69882175853,,,,,
5.52175,0.0,0.33257683727199,414.635496121553,,,,,
5.60035,0.0,0.332577002447253,414.622842016529,,,,,
5.48805,0.0,0.332666852740694,414.695284532801,,,,,
5.88755,0.0,0.332690106910718,414.710873511057,,,,,
5.5383,0.0,0.332650099217077,414.684233560298,,,,,
5.4787,0.0,0.332626425545656,414.668166534193,,,,,
5.30085,0.0,0.332553313179689,414.606904127708,,,,,
5.58105,0.0,0.332576710382329,414.623260761427,,,,,
5.1478,0.0,0.332185505830838,414.395308546443,,,,,
5.97205,0.0,0.332576531533457,414.649188981983,,,,,
5.4835,0.0,0.332588017592512,414.700651620461,,,,,
5.27045,0.0,0.33253462464591,414.596021113126,,,,,
5.48055,0.0,0.332575973108684,414.621456345413,,,,,
5.376,0.0,0.332711324580964,414.75217753797,,,,,
5.05515,0.0,0.326597762002543,411.912272724388,,,,,
5.5834,0.0,0.332586779363996,414.698156686757,,,,,
5.6571,0.0,0.332715391583939,414.730297602793,,,,,
5.8252,0.0,0.332684431031068,414.754108899506,,,,,
5.2345,0.0,0.332534434834246,414.677706726356,,,,,
5.0779,0.0,0.330811212752788,413.488613732327,,,,,
5.5952,0.0,0.332679834377863,414.753215409541,,,,,
5.1244,0.0,0.331758151152919,414.199434315579,,,,,
5.9152,0.0,0.332686182302597,414.754408231473,,,,,
5.9337,0.0,0.332600241570191,414.715046550631,,,,,
5.17615,0.0,0.332420113520488,414.572787344009,,,,,
5.2271,0.0,0.332616898074349,414.671044975323,,,,,
5.71855,0.0,0.332631220896198,414.671479821133,,,,,
5.17,0.0,0.332260692433915,414.426596529129,,,,,
5.7693,0.0,0.332594643458734,414.643308438016,,,,,
5.9848,0.0,0.332662584469822,414.748920529254,,,,,
5.55585,0.0,0.332713036347517,414.755793676834,,,,,
5.5559,0.0,0.332714949841702,414.755545088491,,,,,
5.1136,0.0,0.331536894792326,414.031662312964,,,,,
5.1187,0.0,0.3317464312946,414.1039679744,,,,,
5.5422,0.0,0.332576349949795,414.649427503541,,,,,
5.7393,0.0,0.332594969963132,414.64361278938,,,,,
5.85895,0.0,0.332607577053685,414.654171431253,,,,,
5.77715,0.0,0.332711940183747,414.727273333994,,,,,
5.49215,0.0,0.332576119141502,414.646985214445,,,,,
5.0146,1408.88712950095,0.317922976709595,403.392676225115,,,,,
5.5514,0.0,0.332577035810458,414.628011963585,,,,,
5.1435,0.0,0.331998169417735,414.33177316293,,,,,
5.65025,0.0,0.332577449842088,414.623669755039,,,,,
5.4982,0.0,0.332657100049583,414.688869235319,,,,,
5.73955,0.0,0.332587432934834,414.636359290408,,,,,
5.8861,0.0,0.332723853458768,414.752664368546,,,,,
5.9455,0.0,0.332703175664146,414.756176063159,,,,,
5.95625,0.0,0.332726323424037,414.749949146539,,,,,
5.8101,0.0,0.332578166875831,414.624854111642,,,,,
5.7185,0.0,0.332634201208092,414.673533563036,,,,,
5.9411,0.0,0.332577013386009,414.625301363874,,,,,
5.24395,0.0,0.33252371604302,414.668272087748,,,,,
5.8367,0.0,0.332724641794075,414.740668053242,,,,,
5.5271,0.0,0.332716669790227,414.731552728783,,,,,
5.9569,0.0,0.332718870830265,414.733641096819,,,,,
5.85965,0.0,0.332584226323511,414.632877760822,,,,,
5.521,0.0,0.332576431443679,414.622523746569,,,,,
5.67665,0.0,0.332726036957115,414.743313453844,,,,,
5.2209,0.0,0.332459784501403,414.547646814115,,,,,
5.5001,0.0,0.332578685370664,414.626055548594,,,,,
5.76955,0.0,0.332587196665023,414.636102344922,,,,,
5.8076,0.0,0.332688718158052,414.709909922325,,,,,
5.6325,0.0,0.332576550129369,414.661602166453,,,,,
5.0178,1211.10232581276,0.333665978238861,414.862785221714,,,,,
5.0343,0.0,0.32318272040926,413.301760371053,,,,,
5.2292,0.0,0.332509694937725,414.591769332496,,,,,
5.04185,0.0,0.324367983907755,412.298732837293,,,,,
5.35065,0.0,0.332568080677881,414.616299376518,,,,,
5.4229,0.0,0.332576099998627,414.673684600376,,,,,
5.56485,0.0,0.332656906480157,414.747102110317,,,,,
5.5924,0.0,0.332576401362046,414.657275439249,,,,,
5.5099,0.0,0.33258138503112,414.629666926901,,,,,
5.0863,0.0,0.33108646015211,413.676162458759,,,,,
5.9542,0.0,0.332624903640388,414.733157601358,,,,,
5.85285,0.0,0.33257894735245,414.678703183144,,,,,
5.1181,0.0,0.331767697254124,414.12252515702,,,,,
5.77185,0.0,0.332576885949477,414.640710059515,,,,,
5.15895,0.0,0.332222115721082,414.411686672472,,,,,
5.5142,0.0,0.332616785965526,414.728224184209,,,,,
5.84235,0.0,0.3325764741049,414.658490828685,,,,,
5.57625,0.0,0.332724642887465,414.751912669894,,,,,
5.7883,0.0,0.332645125873514,414.68092336434,,,,,
5.21115,0.0,0.332433937591565,414.532551555432,,,,,
5.9441,0.0,0.332619215710729,414.729771868213,,,,,
5.5658,0.0,0.332711146897888,414.755977389696,,,,,
5.48165,0.0,0.332576588962004,414.632483137213,,,,,
5.36895,0.0,0.332609700064349,414.656524375845,,,,,
5.40505,0.0,0.332663552846097,414.748245105157,,,,,
5.4929,0.0,0.332577843636554,414.675599198142,,,,,
5.547,0.0,0.332719716581221,414.734580803895,,,,,
5.34835,0.0,0.332642423996215,414.679412192897,,,,,
5.3083,0.0,0.332635702837693,414.675296232714,,,,,
5.32305,0.0,0.332563806763649,414.670208055646,,,,,
5.15305,0.0,0.332097632967681,414.376932489359,,,,,
5.04445,0.0,0.323754408704196,411.786116494516,,,,,
5.0483,0.0,0.326742616218566,412.411024820874,,,,,
5.52405,0.0,0.332609493888997,414.723067559713,,,,,
5.6925,0.0,0.332576616308928,414.662372130461,,,,,
5.09815,0.0,0.331372095874034,413.842852711368,,,,,
5.4925,0.0,0.332576032725086,414.659557834036,,,,,
5.46595,0.0,0.33271498045752,414.754983492107,,,,,
5.7505,0.0,0.332576509655913,414.621696304916,,,,,
5.41765,0.0,0.332690972417813,414.711632785305,,,,,
5.9789,0.0,0.332608086205597,414.654571968081,,,,,
5.4754,0.0,0.332688818760802,414.75449211678,,,,,
5.8339,0.0,0.332607462754169,414.721423921894,,,,,
5.98925,0.0,0.332593912787762,414.642643482276,,,,,
5.6419,0.0,0.332576844929123,414.640926314419,,,,,
5.14175,0.0,0.331988888555666,414.259967659974,,,,,
5.48675,0.0,0.332725056188723,414.742012499896,,,,,
5.50025,0.0,0.332577378193322,414.623977532789,,,,,
5.36065,0.0,0.332569613235232,414.617267829832,,,,,
5.8013,0.0,0.332577172544871,414.627765661162,,,,,
5.80015,0.0,0.332577807538748,414.624264170093,,,,,
5.1134,0.0,0.331531205204751,414.019370953315,,,,,
5.1885,0.0,0.332426656278094,414.542885559009,,,,,
5.622,0.0,0.332576706553761,414.643782795934,,,,,
5.77175,0.0,0.332577016120698,414.637845488128,,,,,
5.0066,1685.2281037188,0.315547283397288,401.312521291183,,,,,
5.50655,0.0,0.33272656670205,414.74669525444,,,,,
5.02905,457.743965937541,0.322289604253073,410.288604792785,,,,,
5.95225,0.0,0.332576438006945,414.656087945603,,,,,
5.4858,0.0,0.33270959312369,414.75576908756,,,,,
5.72235,0.0,0.332576442929393,414.657023596793,,,,,
5.34195,0.0,0.332566642189717,414.633029092805,,,,,
5.01965,1102.55691014872,0.332636134295199,413.060134052437,,,,,
5.5109,0.0,0.332576237280364,414.621802790926,,,,,
5.3279,0.0,0.332666961551905,414.695813146049,,,,,
5.46505,0.0,0.332666895937108,414.749857318154,,,,,
5.6506,0.0,0.332576428162047,414.621523122158,,,,,
5.1964,0.0,0.332528426992953,414.63145147671,,,,,
5.68065,0.0,0.332576423239598,414.621486058997,,,,,
5.42005,0.0,0.33257793442799,414.626282427315,,,,,
5.2018,0.0,0.332402303456746,414.523556568293,,,,,
5.94155,0.0,0.332577147385743,414.634059448873,,,,,
5.6489,0.0,0.332613243854124,414.658542125314,,,,,
5.40915,0.0,0.332602640263203,414.650644161207,,,,,
5.52345,0.0,0.332587367304348,414.699316083484,,,,,
5.01125,1548.95857317596,0.317739421609279,403.397870942526,,,,,
5.21055,0.0,0.332433940874604,414.531746097883,,,,,
5.9677,0.0,0.332679566461063,414.703710972793,,,,,
5.33885,0.0,0.332610763205246,414.65778927668,,,,,
5.23065,0.0,0.33248121820111,414.561323750451,,,,,
5.62125,0.0,0.332577033622707,414.625951195367,,,,,
5.774,0.0,0.332611259774007,414.724364226166,,,,,
5.42965,0.0,0.332585800919562,414.635319957381,,,,,
5.57585,0.0,0.332713322278919,414.755793017887,,,,,
5.623,0.0,0.332579761737103,414.681841049187,,,,,
5.84345,0.0,0.332590519193834,414.703805426977,,,,,
5.9731,0.0,0.332583096919529,414.690900641638,,,,,
5.70225,0.0,0.332576439100822,414.653122092704,,,,,
5.2504,0.0,0.332513747448551,414.583135352337,,,,,
5.63105,0.0,0.332576792970002,414.623455401723,,,,,
5.17015,0.0,0.332258627961497,414.423824352689,,,,,
5.17575,0.0,0.332397970498816,414.57128758321,,,,,
5.19415,0.0,0.332396573958788,414.592310899677,,,,,
5.97795,0.0,0.332663556673666,414.693109316098,,,,,
5.33775,0.0,0.332678104397009,414.703277344497,,,,,
5.7017,0.0,0.332577086675666,414.63588417427,,,,,
5.1454,0.0,0.332114364519808,414.410017127208,,,,,
5.8302,0.0,0.3325774323401,414.623591851747,,,,,
5.21305,0.0,0.332436095635649,414.588969162335,,,,,
5.40355,0.0,0.33258622095643,414.700130327289,,,,,
5.12115,0.0,0.331705016715404,414.062569199722,,,,,
5.7164,0.0,0.332726804512969,414.748599057971,,,,,
5.2632,0.0,0.332528969087067,414.652938965933,,,,,
5.7449,0.0,0.332663994656584,414.749334584964,,,,,
5.30815,0.0,0.332645246721996,414.681602677362,,,,,
5.1774,0.0,0.332430347021657,414.551743974252,,,,,
5.65375,0.0,0.332598618915108,414.713427766308,,,,,
5.93495,0.0,0.332671141187775,414.751271814969,,,,,
5.75585,0.0,0.332715633229816,414.755539503241,,,,,
5.96835,0.0,0.332638373053046,414.676384641231,,,,,
5.3774,0.0,0.332701832344841,414.71996140588,,,,,
5.6531,0.0,0.332581302444587,414.686486892247,,,,,
5.9628,0.0,0.332578808977962,414.67810655916,,,,,
5.99395,0.0,0.332612326738077,414.72513478519,,,,,
5.05795,0.0,0.32894711277597,412.898793339019,,,,,
5.34475,0.0,0.332635958759323,414.737048884148,,,,,
5.27505,0.0,0.332622424172193,414.724182270425,,,,,
5.40235,0.0,0.332573382793069,414.651284922626,,,,,
5.04045,0.0,0.324372214401285,412.121727573313,,,,,
5.859,0.0,0.332605315119119,414.652373917642,,,,,
5.1325,0.0,0.33185899446023,414.20147547645,,,,,
5.6037,0.0,0.332596119015427,414.710772935855,,,,,
5.99565,0.0,0.332710837455752,414.756079523864,,,,,
5.43945,0.0,0.332591830694835,414.641124938803,,,,,
5.1595,0.0,0.332200357576581,414.393575035371,,,,,
5.181,0.0,0.332314405267839,414.455848773005,,,,,
5.4947,0.0,0.332645532711668,414.742883034733,,,,,
5.8695,0.0,0.332587651703029,414.636567502667,,,,,
5.1825,0.0,0.332314354362424,414.490903625788,,,,,
5.5754,0.0,0.332691290079675,414.755122775512,,,,,
5.8417,0.0,0.332577052765528,414.637100010221,,,,,
5.80335,0.0,0.332587412698769,414.699106193446,,,,,
5.2035,0.0,0.332411637894343,414.588703375124,,,,,
5.4145,0.0,0.332629665108097,414.735485248004,,,,,
5.0697,0.0,0.329997858732737,413.118095125154,,,,,
5.2988,0.0,0.332601260442592,414.652066967261,,,,,
5.1685,0.0,0.332318007490371,414.474431033861,,,,,
5.9713,0.0,0.332577188406059,414.628788546723,,,,,
5.5891,0.0,0.332604715725756,414.651896104385,,,,,
5.90195,0.0,0.332576689051735,414.645110267959,,,,,
5.82755,0.0,0.332691231030677,414.711651643945,,,,,
5.7605,0.0,0.332576505280404,414.621686001927,,,,,
5.76035,0.0,0.332576844382185,414.622466154463,,,,,
5.0527,0.0,0.326833702574493,412.554519679844,,,,,
5.67805,0.0,0.332663385526626,414.692996270961,,,,,
5.70975,0.0,0.332583212321274,414.631695956668,,,,,
5.82805,0.0,0.332660274244003,414.690940022313,,,,,
5.8025,0.0,0.332576720227218,414.663774831028,,,,,
5.4428,0.0,0.33257611312517,414.67026180399,,,,,
5.80875,0.0,0.332618342907607,414.662315779606,,,,,
5.39515,0.0,0.332669069967144,414.749451615409,,,,,
5.0868,0.0,0.331147016637383,413.697977254498,,,,,
5.0784,0.0,0.330763492699666,413.461686951601,,,,,
5.0231,840.149543741029,0.333163560049692,416.522303694151,,,,,
5.03715,0.0,0.319425312160364,409.400449740458,,,,,
5.4207,0.0,0.332574399559987,414.620210033172,,,,,
5.8032,0.0,0.332583982941379,414.692792771681,,,,,
5.1997,0.0,0.332412967064542,414.525965582134,,,,,
5.76485,0.0,0.332661205991447,414.7485014368,,,,,
5.44085,0.0,0.332575123710538,414.620835970897,,,,,
5.4654,0.0,0.332688453528934,414.754363063388,,,,,
5.5327,0.0,0.332576907280059,414.668107826485,,,,,
5.3142,0.0,0.332594994574004,414.714659537032,,,,,
5.6663,0.0,0.332725849441419,414.750703273223,,,,,
5.9171,0.0,0.332712143562036,414.727430652216,,,,,
5.97695,0.0,0.332717022963554,414.731826096279,,,,,
5.88835,0.0,0.332639984030684,414.677467738534,,,,,
5.2747,0.0,0.332599728031066,414.715905875687,,,,,
5.67995,0.0,0.332580162092024,414.627847912449,,,,,
5.8646,0.0,0.332647284734806,414.743678559772,,,,,
5.4324,0.0,0.332574778590646,414.654336222574,,,,,
5.52355,0.0,0.332590133071202,414.703473760025,,,,,
5.8018,0.0,0.332576954316721,414.639533918615,,,,,
5.21675,0.0,0.332597814420893,414.665473836752,,,,,
5.8186,0.0,0.332626430467365,414.668132446084,,,,,
5.7424,0.0,0.332576476839593,414.659152604574,,,,,
5.6268,0.0,0.332724035508627,414.739775931472,,,,,
5.9545,0.0,0.332642834118651,414.741885611307,,,,,
5.2557,0.0,0.332641450090111,414.719447130618,,,,,
5.3587,0.0,0.332622320815045,414.665726680259,,,,,
5.42935,0.0,0.332595127472677,414.644166176721,,,,,
5.99005,0.0,0.332578090851731,414.624743382992,,,,,
5.2606,0.0,0.332524636138579,414.588990967981,,,,,
5.18205,0.0,0.332314783500303,414.475215356084,,,,,
5.4976,0.0,0.332694025458342,414.713653265438,,,,,
5.4517,0.0,0.33257604694551,414.63312789143,,,,,
5.9402,0.0,0.332577217940683,414.623233742927,,,,,
5.00105,1734.67251302633,0.291836528897548,390.546235672503,,,,,
5.1859,0.0,0.332462909697028,414.606036526011,,,,,
5.1451,0.0,0.332089917591288,414.401753259836,,,,,
5.818,0.0,0.332663693372516,414.693193132513,,,,,
5.74895,0.0,0.332609246150276,414.655475523287,,,,,
5.2767,0.0,0.332688379170301,414.721724442575,,,,,
5.61175,0.0,0.332577044561462,414.636408508388,,,,,
5.5521,0.0,0.332576499811017,414.646196613435,,,,,
5.03895,0.0,0.324112279228289,411.892723666162,,,,,
5.59705,0.0,0.332717771952186,414.732551987951,,,,,
5.371,0.0,0.33257103202043,414.618776193946,,,,,
5.73015,0.0,0.33257795794625,414.624542331586,,,,,
5.67545,0.0,0.332695986081702,414.755696467408,,,,,
5.3264,0.0,0.332711568963377,414.742233612944,,,,,
5.17155,0.0,0.332256187914841,414.425356150955,,,,,
5.9727,0.0,0.332577967244166,414.674085163218,,,,,
5.9529,0.0,0.332579888078667,414.682168445105,,,,,
5.5719,0.0,0.332576811018961,414.640207237431,,,,,
5.7249,0.0,0.332663580732668,414.749211894557,,,,,
5.21295,0.0,0.332435207030958,414.584669611049,,,,,
5.23625,0.0,0.332634265188807,414.699670433952,,,,,
5.07345,0.0,0.329969293665355,413.058434376344,,,,,
5.6184,0.0,0.332642290569607,414.679023548639,,,,,
5.97405,0.0,0.332617079635875,414.728406181825,,,,,
5.93085,0.0,0.332576681394598,414.622565233712,,,,,
5.69275,0.0,0.332577671898469,414.6723919628,,,,,
5.8826,0.0,0.332577187312184,414.668800067473,,,,,
5.8227,0.0,0.33257763470677,414.672078165288,,,,,
5.4212,0.0,0.332574897276925,414.623097755633,,,,,
5.0184,1204.17984193381,0.33255762825151,413.847622522375,,,,,
5.91825,0.0,0.332645625125104,414.681251305797,,,,,
5.48035,0.0,0.332576629982389,414.622843583319,,,,,
5.74985,0.0,0.332581272910326,414.629312056587,,,,,
5.47455,0.0,0.332635579251536,414.738557253308,,,,,
5.0032,1734.68257800021,0.291162530771437,384.554519561586,,,,,
5.2105,0.0,0.332434112139769,414.532108217961,,,,,
5.77975,0.0,0.332582782435897,414.631195006618,,,,,
5.66315,0.0,0.332582174251056,414.688742391332,,,,,
5.77785,0.0,0.332674061543213,414.700045198695,,,,,
5.08605,0.0,0.331042168947243,413.658111749248,,,,,
5.83285,0.0,0.332578895940592,414.678431150501,,,,,
5.2662,0.0,0.332673309175494,414.724542086801,,,,,
5.203,0.0,0.332403560978039,414.566613947991,,,,,
5.364,0.0,0.332598233895685,414.715241685713,,,,,
5.53415,0.0,0.332614655343827,414.726785495249,,,,,
5.0912,0.0,0.33103489218806,413.588887163588,,,,,
5.7617,0.0,0.332577077377725,414.63640134741,,,,,
5.71995,0.0,0.332580002934592,414.627620219029,,,,,
5.11775,0.0,0.331776522122937,414.13228279134,,,,,
5.89015,0.0,0.332577614470109,414.623924019194,,,,,
5.8736,0.0,0.332595738915274,414.710315422655,,,,,
5.1616,0.0,0.332184101278983,414.380764452178,,,,,
5.8403,0.0,0.332576938455522,414.622647080845,,,,,
5.0959,0.0,0.331311597548139,413.853483976407,,,,,
5.71305,0.0,0.332580865446633,414.685205084258,,,,,
5.07845,0.0,0.330757842603098,413.458273359988,,,,,
5.09155,0.0,0.331035238363872,413.592114360738,,,,,
5.42695,0.0,0.332720426201244,414.736247725079,,,,,
5.0621,0.0,0.328783887120492,412.785302817998,,,,,
5.98775,0.0,0.332676063292355,414.701368806687,,,,,
5.46755,0.0,0.332696921556317,414.715757065405,,,,,
5.5888,0.0,0.332619414223901,414.663112622494,,,,,
5.5671,0.0,0.332716337938168,414.731208502695,,,,,
5.2328,0.0,0.332481831494472,414.608473791926,,,,,
5.60245,0.0,0.332576449492658,414.659292277232,,,,,
5.4499,0.0,0.332580927796814,414.629573309922,,,,,
5.66065,0.0,0.332576419957965,414.62148273359,,,,,
5.5968,0.0,0.332724204437686,414.74003212288,,,,,
5.59555,0.0,0.332699896359044,414.75598400458,,,,,
5.06625,0.0,0.329553522651808,412.945233913746,,,,,
5.41715,0.0,0.33271421834151,414.729875028519,,,,,
5.91315,0.0,0.332583699633414,414.69219118639,,,,,
5.8125,0.0,0.332576731165984,414.66390298914,,,,,
5.44465,0.0,0.332640511178496,414.74065301325,,,,,
5.24295,0.0,0.332500217186839,414.625809491484,,,,,
5.3745,0.0,0.332625817440613,414.733220632312,,,,,
5.89355,0.0,0.33259421522886,414.708561670631,,,,,
5.9685,0.0,0.33262938129219,414.670207814692,,,,,
5.63215,0.0,0.332576512390606,414.648812916106,,,,,
5.0611,0.0,0.328779278534572,412.761707982487,,,,,
5.08885,0.0,0.331079445337088,413.635718924643,,,,,
5.92375,0.0,0.332602154619503,414.716857729868,,,,,
5.98225,0.0,0.33257643581919,414.656449042069,,,,,
5.73295,0.0,0.332579615158951,414.681261602464,,,,,
5.86135,0.0,0.332577193328497,414.629064053723,,,,,
5.55665,0.0,0.332726295542725,414.744194818166,,,,,
5.68855,0.0,0.332631789618328,414.671875413195,,,,,
5.6097,0.0,0.33258486349162,414.633596404783,,,,,
5.43505,0.0,0.332665547003382,414.749244478803,,,,,
5.8907,0.0,0.332576497076324,414.621688227699,,,,,
5.32,0.0,0.332565663139082,414.619313637122,,,,,
5.8379,0.0,0.332669677993123,414.697134299314,,,,,
5.0374,0.0,0.320140824895718,409.702894563419,,,,,
5.36355,0.0,0.332582055020444,414.69722788478,,,,,
5.2623,0.0,0.332524551349856,414.61704107297,,,,,
5.06295,0.0,0.328781997774053,412.735093940138,,,,,
5.35865,0.0,0.332625257458008,414.667765889735,,,,,
5.0944,0.0,0.331107978906042,413.741360212249,,,,,
5.5693,0.0,0.332596861166561,414.645311661906,,,,,
5.03555,0.0,0.319816942691847,410.406490923086,,,,,
5.9574,0.0,0.33269721078201,414.715891355657,,,,,
5.83875,0.0,0.332617820646499,414.66193772132,,,,,
5.7584,0.0,0.332639502816185,414.67714369961,,,,,
5.39685,0.0,0.332721175182215,414.73841644339,,,,,
5.2404,0.0,0.33249949506141,414.574127149339,,,,,
5.16645,0.0,0.332364914923553,414.530775296517,,,,,
5.16465,0.0,0.332248325663708,414.503011360472,,,,,
5.86035,0.0,0.332576739370058,414.622247958084,,,,,
5.61235,0.0,0.332576402455924,414.655673566376,,,,,
5.19225,0.0,0.332362568149346,414.512153351101,,,,,
5.27755,0.0,0.33266432163971,414.695774507862,,,,,
5.7564,0.0,0.332726855901973,414.748344431799,,,,,
5.4148,0.0,0.332648261904751,414.743482903968,,,,,
5.61015,0.0,0.332578247822335,414.625027604912,,,,,
5.0897,0.0,0.331044109132925,413.602150192513,,,,,
5.8385,0.0,0.332631880941887,414.671933256651,,,,,
5.29585,0.0,0.332682908844391,414.739918765425,,,,,
5.8352,0.0,0.332684627865043,414.754145398946,,,,,
5.5951,0.0,0.332673600062052,414.751844756142,,,,,
5.2512,0.0,0.332513255657551,414.58342288139,,,,,
5.0829,0.0,0.330637516187237,413.375180156262,,,,,
5.0106,1565.26364226325,0.317730497118921,403.410163020079,,,,,
5.83065,0.0,0.3325764571498,414.621528043068,,,,,
5.6598,0.0,0.332582577337716,414.630946165334,,,,,
5.22095,0.0,0.332459827724722,414.547817901794,,,,,
5.97305,0.0,0.332582197769016,414.688783862873,,,,,
5.25965,0.0,0.33253687174521,414.60486299204,,,,,
5.47755,0.0,0.332696901326911,414.715724367114,,,,,
5.4263,0.0,0.332722880884411,414.750796421465,,,,,
5.1083,0.0,0.331575745426984,413.988141731425,,,,,
5.1555,0.0,0.332226183237636,414.47492263667,,,,,
5.0396,0.0,0.32445449505192,412.200605824227,,,,,
5.01165,1532.12001171533,0.317725239286558,403.264348874427,,,,,
5.697,0.0,0.332718364581412,414.733143955349,,,,,
5.6324,0.0,0.332576425974292,414.657785718626,,,,,
5.84195,0.0,0.332576716945589,414.644485621732,,,,,
5.01045,1573.48880673073,0.317701395321711,403.352186249522,,,,,
5.4665,0.0,0.332726040237272,414.747719934055,,,,,
5.68435,0.0,0.332628453283572,414.735101269655,,,,,
5.89745,0.0,0.332695554701815,414.714703453634,,,,,
5.2249,0.0,0.332538799381097,414.67640271131,,,,,
5.57985,0.0,0.332582080179201,414.630392359635,,,,,
5.47525,0.0,0.332679849687388,414.752954516613,,,,,
5.12065,0.0,0.331704875782843,414.061620808893,,,,,
5.3299,0.0,0.332570101661197,414.623107099983,,,,,
5.78565,0.0,0.332707829400764,414.756205806991,,,,,
5.6463,0.0,0.332725755410186,414.750807238098,,,,,
5.5507,0.0,0.33257629580284,414.621400765578,,,,,
5.0417,0.0,0.324365947149942,412.234990787551,,,,,
5.45315,0.0,0.33257997613488,414.685170155874,,,,,
5.4037,0.0,0.332590845702281,414.706297930043,,,,,
5.63165,0.0,0.332577123320489,414.634023072086,,,,,
5.47275,0.0,0.332576529345703,414.669013256236,,,,,
5.4905,0.0,0.332576183133391,414.621756946876,,,,,
5.30175,0.0,0.332554018778987,414.619208133021,,,,,
5.5303,0.0,0.332577200985622,414.623425711977,,,,,
5.061,0.0,0.328778822098477,412.75981289749,,,,,
5.49785,0.0,0.332679325335758,414.703560923517,,,,,
5.58295,0.0,0.3325789987643,414.679166303604,,,,,
5.3276,0.0,0.332684182254626,414.707777356554,,,,,
5.56875,0.0,0.332622459171432,414.665318645751,,,,,
5.06935,0.0,0.330034167306637,413.151311579191,,,,,
5.10005,0.0,0.331310434158345,413.784622899905,,,,,
5.28045,0.0,0.332542368541203,414.600921499451,,,,,
5.22905,0.0,0.332516575095926,414.597174571869,,,,,
5.86965,0.0,0.332584173271691,414.63280127013,,,,,
5.76605,0.0,0.332721857464142,414.753771303508,,,,,
5.12615,0.0,0.331902093169815,414.255767616949,,,,,
5.77555,0.0,0.332702911046527,414.75616862591,,,,,
5.36295,0.0,0.332571520444312,414.671924066945,,,,,
5.9397,0.0,0.332582745791698,414.631152354708,,,,,
5.74085,0.0,0.332576586227312,414.622148647885,,,,,
5.1539,0.0,0.332118470599134,414.417683523643,,,,,
5.373,0.0,0.332573291453447,414.674938357672,,,,,
5.9855,0.0,0.332703813151182,414.756194950481,,,,,
5.77665,0.0,0.332725662472312,414.742498315235,,,,,
5.2391,0.0,0.332531608979778,414.606363663792,,,,,
5.6762,0.0,0.332724428036212,414.752215834268,,,,,
5.21905,0.0,0.332495201665114,414.583653102104,,,,,
5.8623,0.0,0.332576442929393,414.656858272137,,,,,
5.5856,0.0,0.332702252235218,414.756097408293,,,,,
5.67425,0.0,0.332622598074623,414.731828438975,,,,,
5.3202,0.0,0.332563223704289,414.615886878929,,,,,
5.3821,0.0,0.332572136305878,414.641601705287,,,,,
5.40335,0.0,0.33258132705647,414.691735246666,,,,,
5.3226,0.0,0.332561138684405,414.651871488257,,,,,
5.78285,0.0,0.332578719280635,414.677751009571,,,,,
5.10825,0.0,0.331577469638996,413.989733875336,,,,,
5.44045,0.0,0.332575490707685,414.621631495658,,,,,
5.9912,0.0,0.33257714136943,414.627101215125,,,,,
5.19015,0.0,0.332365525695093,414.491369370036,,,,,
5.58435,0.0,0.332626515230118,414.734049029673,,,,,
5.90345,0.0,0.332591101658428,414.704609406227,,,,,
5.7257,0.0,0.332709192377795,414.756161194786,,,,,
5.5309,0.0,0.332576367451839,414.62190730917,,,,,
5.7447,0.0,0.33265115293299,414.74513717391,,,,,
5.73005,0.0,0.332578828120681,414.625928639533,,,,,
5.94635,0.0,0.332726885423312,414.748108622005,,,,,
5.38185,0.0,0.332572469942661,414.634209629128,,,,,
5.5061,0.0,0.332720580371187,414.753917324433,,,,,
5.5098,0.0,0.332583170207845,414.631827819715,,,,,
5.74595,0.0,0.332718872470379,414.754829918446,,,,,
5.53095,0.0,0.332576430896741,414.622211401267,,,,,
5.56195,0.0,0.33257672296191,414.641585139723,,,,,
5.6543,0.0,0.332625033245959,414.733226728427,,,,,
5.0693,0.0,0.330040611862244,413.156512258645,,,,,
5.88495,0.0,0.332670117608336,414.751007651316,,,,,
5.771,0.0,0.332576814847528,414.623427134944,,,,,
5.59115,0.0,0.332576884308663,414.624416531192,,,,,
5.67225,0.0,0.332576443476332,414.652769344958,,,,,
5.74885,0.0,0.332614146201971,414.659216879211,,,,,
5.15475,0.0,0.332168261465523,414.453847729205,,,,,
5.81,0.0,0.332579096665568,414.626300622612,,,,,
5.16425,0.0,0.332223326837692,414.487218782422,,,,,
5.4965,0.0,0.332726457910331,414.747759351038,,,,,
5.812,0.0,0.332576674284399,414.645782009424,,,,,
5.63455,0.0,0.332639451413686,414.740428881102,,,,,
5.39235,0.0,0.332572716614888,414.650735525282,,,,,
5.06565,0.0,0.329173496759267,412.776619940383,,,,,
5.50425,0.0,0.332619189461044,414.729761253818,,,,,
5.62595,0.0,0.332717595912673,414.755125121269,,,,,
5.421,0.0,0.332574617789813,414.621154453155,,,,,
5.55475,0.0,0.33265027912003,414.74477950665,,,,,
5.935,0.0,0.332674300485221,414.75203777448,,,,,
5.68725,0.0,0.332708916830542,414.724767947878,,,,,
5.87045,0.0,0.332576535362027,414.621735764295,,,,,
5.56225,0.0,0.332576352684489,414.651432443967,,,,,
5.48155,0.0,0.332576613574236,414.630240572588,,,,,
5.2536,0.0,0.332525818802259,414.66270970619,,,,,
5.46865,0.0,0.332629368167749,414.670238283221,,,,,
5.92645,0.0,0.332726875582866,414.74612355183,,,,,
5.80275,0.0,0.332577939897353,414.673867890647,,,,,
5.7254,0.0,0.332694130433449,414.755505181577,,,,,
5.11345,0.0,0.331532453959625,414.022415332631,,,,,
5.66455,0.0,0.332640068789984,414.740698619511,,,,,
5.6706,0.0,0.332576438553883,414.621517991817,,,,,
5.62775,0.0,0.332683240183032,414.706177605957,,,,,
5.8159,0.0,0.332718026170572,414.755057833821,,,,,
5.4299,0.0,0.332580490251435,414.629357236673,,,,,
5.0711,0.0,0.329965490499285,413.07443581208,,,,,
5.90825,0.0,0.332645823622516,414.68138720423,,,,,
5.9596,0.0,0.33258460315527,414.633293670009,,,,,
5.65195,0.0,0.332576782578177,414.642540600296,,,,,
5.66175,0.0,0.332577042920649,414.636860877927,,,,,
5.98255,0.0,0.33257709050423,414.668093762498,,,,,
5.5153,0.0,0.332684063060573,414.753911635981,,,,,
5.94295,0.0,0.332580495720756,414.684140312961,,,,,
5.07705,0.0,0.330789558665971,413.480826877426,,,,,
5.58155,0.0,0.332577119491925,414.631278289448,,,,,
5.3631,0.0,0.332573121900788,414.678220224643,,,,,
5.5397,0.0,0.332585227743398,414.634066832174,,,,,
5.7595,0.0,0.332588586388519,414.637533778443,,,,,
5.23035,0.0,0.332482374211651,414.563640326957,,,,,
5.8375,0.0,0.332693868542365,414.713505923689,,,,,
5.4217,0.0,0.332575131367711,414.632301944309,,,,,
5.35555,0.0,0.332687738373156,414.750806223595,,,,,
5.2769,0.0,0.332686424516448,414.716832052013,,,,,
5.2233,0.0,0.332465706590891,414.616347333544,,,,,
5.838,0.0,0.332663277261041,414.692918615654,,,,,
5.8822,0.0,0.332576451680413,414.65343165583,,,,,
5.45185,0.0,0.332575909116755,414.637031595106,,,,,
5.51015,0.0,0.332578233602004,414.625300208755,,,,,
5.47375,0.0,0.332595715398272,414.710660668004,,,,,
5.4642,0.0,0.332615356984872,414.727310319974,,,,,
5.60255,0.0,0.332576625059943,414.66315380724,,,,,
5.7838,0.0,0.332602330720116,414.717030307409,,,,,
5.85475,0.0,0.332656656042711,414.747053510536,,,,,
5.30615,0.0,0.332699036342537,414.741201554844,,,,,
5.42815,0.0,0.332660483668686,414.691126527789,,,,,
5.18855,0.0,0.332423817469249,414.540914437626,,,,,
5.05545,0.0,0.32670035742101,411.927959378321,,,,,
5.23275,0.0,0.33248162195726,414.606428287837,,,,,
5.81645,0.0,0.332726953759735,414.74690792272,,,,,
5.4615,0.0,0.332576284317121,414.628882855148,,,,,
5.8707,0.0,0.332576495435508,414.621667784099,,,,,
5.4106,0.0,0.332574030373864,414.620147754013,,,,,
5.89405,0.0,0.332615735421984,414.72750995568,,,,,
5.4133,0.0,0.33258095459645,414.690107800501,,,,,
5.35475,0.0,0.332638026358264,414.738263252554,,,,,
5.4563,0.0,0.332723892820908,414.751178311364,,,,,
5.8011,0.0,0.332576974553423,414.624688352818,,,,,
5.4959,0.0,0.332713891954134,414.755451297643,,,,,
5.8318,0.0,0.332576938455522,414.639816314776,,,,,
5.4548,0.0,0.332650438243838,414.744612677101,,,,,
5.08685,0.0,0.33115076668486,413.699074220913,,,,,
5.8336,0.0,0.332595276231624,414.709792922317,,,,,
5.5956,0.0,0.332702449058651,414.756116485859,,,,,
5.02805,508.302462258431,0.318247989080838,407.619764161665,,,,,
5.62715,0.0,0.332713857511227,414.728929188763,,,,,
5.16725,0.0,0.332370792184846,414.516949581892,,,,,
5.5746,0.0,0.332641268541887,414.741208776726,,,,,
5.4677,0.0,0.332688543196675,414.709843777702,,,,,
5.4814,0.0,0.332576567631402,414.627310534509,,,,,
5.4157,0.0,0.332702177332937,414.754774841304,,,,,
5.48595,0.0,0.332715503659537,414.75511533611,,,,,
5.9374,0.0,0.332697548120543,414.716143176667,,,,,
5.8552,0.0,0.332685008410399,414.754212780326,,,,,
5.94045,0.0,0.332576486137551,414.621660960344,,,,,
5.0029,1734.68257800021,0.291662714960602,386.238474054691,,,,,
5.7295,0.0,0.332588844534078,414.637800778944,,,,,
5.67385,0.0,0.332602928477091,414.717571961928,,,,,
5.42025,0.0,0.332575933729037,414.623257974705,,,,,
5.52415,0.0,0.332614430030879,414.726639016803,,,,,
5.20895,0.0,0.332473936281781,414.57079016935,,,,,
5.6734,0.0,0.33258759154179,414.699424342052,,,,,
5.78405,0.0,0.332613900107346,414.726258579029,,,,,
5.1845,0.0,0.332368423560894,414.576482479289,,,,,
5.08245,0.0,0.330636844458166,413.365392314009,,,,,
5.2318,0.0,0.332481840247982,414.574172213035,,,,,
5.1255,0.0,0.331850046809625,414.243920563213,,,,,
5.9688,0.0,0.332613065571775,414.658404416382,,,,,
5.7695,0.0,0.332588502709937,414.637444814273,,,,,
5.0469,0.0,0.324398311692527,411.278178389716,,,,,
5.01975,1087.2958576304,0.332708293568058,413.100977229109,,,,,
5.99045,0.0,0.332576483949796,414.621615894495,,,,,
5.84555,0.0,0.332704040043786,414.756199900879,,,,,
5.51695,0.0,0.332721218918278,414.736323693297,,,,,
5.7127,0.0,0.332577416478924,414.670614010226,,,,,
5.1935,0.0,0.332372401723051,414.564235796476,,,,,
5.5087,0.0,0.332626132977271,414.667949055347,,,,,
5.97645,0.0,0.332726806699736,414.745760174043,,,,,
5.14535,0.0,0.332110301658526,414.408789437073,,,,,
5.5146,0.0,0.332639839666408,414.740546838934,,,,,
5.87675,0.0,0.332723457103625,414.738923046607,,,,,
5.29965,0.0,0.33256539239552,414.62281899666,,,,,
5.74935,0.0,0.332593177739896,414.641967953209,,,,,
5.95235,0.0,0.332576511843667,414.659849762488,,,,,
5.22075,0.0,0.332459754956346,414.547532701099,,,,,
5.877,0.0,0.332716434158898,414.731252656029,,,,,
5.8559,0.0,0.33271843346629,414.754953684332,,,,,
5.9448,0.0,0.33266175114998,414.74866922766,,,,,
5.50045,0.0,0.332576388235515,414.622102285852,,,,,
5.565,0.0,0.332666543257355,414.750018327024,,,,,
5.8098,0.0,0.332581771163908,414.629928199737,,,,,
5.19745,0.0,0.332521366560348,414.607681999352,,,,,
5.99655,0.0,0.332726011809243,414.743220590192,,,,,
5.6472,0.0,0.332711600126222,414.726988480772,,,,,
5.1036,0.0,0.331322017912598,413.875814954903,,,,,
5.2911,0.0,0.332548415513538,414.604943986951,,,,,
5.9449,0.0,0.33266816394076,414.750498097445,,,,,
5.6722,0.0,0.332576476839593,414.650999555978,,,,,
5.17565,0.0,0.332391450708018,414.570246289648,,,,,
5.55035,0.0,0.33257697783505,414.622924672876,,,,,
5.6763,0.0,0.33272588989671,414.750653666118,,,,,
5.65015,0.0,0.33257814828001,414.624868542213,,,,,
5.3982,0.0,0.332656462473028,414.688525783832,,,,,
5.2543,0.0,0.332554835412583,414.690330900526,,,,,
5.3741,0.0,0.332604251960808,414.719853670503,,,,,
5.8871,0.0,0.332712534463506,414.727766547901,,,,,
5.6896,0.0,0.332586596145162,414.635471803621,,,,,
5.0383,0.0,0.322909512292572,411.11203586149,,,,,
5.68,0.0,0.332579541869851,414.626980023167,,,,,
5.1891,0.0,0.332395246364748,414.520048534591,,,,,
5.88325,0.0,0.332585622075579,414.695999773049,,,,,
5.4668,0.0,0.332724151408185,414.740706742374,,,,,
5.94515,0.0,0.332683759607631,414.753992035846,,,,,
5.5351,0.0,0.332672211240478,414.751457218705,,,,,
5.63745,0.0,0.332700026482137,414.71795369584,,,,,
5.52325,0.0,0.332582902760104,414.690891426631,,,,,
5.143,0.0,0.331990025460146,414.307177385581,,,,,
5.06105,0.0,0.328779033995555,412.76065958523,,,,,
5.72325,0.0,0.332584465876986,414.693804540357,,,,,
5.2432,0.0,0.332502988602146,414.636492078909,,,,,
5.60115,0.0,0.332576906186183,414.624464645853,,,,,
5.7014,0.0,0.332577185671372,414.629020986686,,,,,
5.60665,0.0,0.332726234313169,414.743848852757,,,,,
5.2462,0.0,0.332649079400626,414.709961707038,,,,,
5.2266,0.0,0.332620918107721,414.682834727384,,,,,
5.0836,0.0,0.330650477925457,413.407730892053,,,,,
5.84015,0.0,0.33257771948196,414.624110403184,,,,,
5.73255,0.0,0.332576777108795,414.664848022515,,,,,
5.9698,0.0,0.332580944204755,414.628893668784,,,,,
5.20275,0.0,0.332402051733027,414.556030330651,,,,,
5.3476,0.0,0.332688254510202,414.710285590804,,,,,
5.74405,0.0,0.332613242213489,414.725798508755,,,,,
5.5,0.0,0.332579879327737,414.62775089786,,,,,
5.94345,0.0,0.332591495436731,414.705144005058,,,,,
5.52335,0.0,0.332584961938086,414.695116444852,,,,,
5.73075,0.0,0.332576479574287,414.621679511796,,,,,
5.6203,0.0,0.332577211924371,414.623249333521,,,,,
5.80775,0.0,0.332679706433948,414.703792409339,,,,,
5.51185,0.0,0.332576667721139,414.638068661427,,,,,
5.76055,0.0,0.3325764571498,414.621558363577,,,,,
5.6228,0.0,0.332577831603953,414.673495793263,,,,,
5.9355,0.0,0.332703013831908,414.75617264568,,,,,
5.47435,0.0,0.332623843825852,414.732518356275,,,,,
5.6969,0.0,0.332721273041648,414.736244837609,,,,,
5.6015,0.0,0.332577164887745,414.630358441795,,,,,
5.21585,0.0,0.332573475773497,414.674268453298,,,,,
5.499,0.0,0.332610338824307,414.656374278906,,,,,
5.9106,0.0,0.332576444570209,414.621502891946,,,,,
5.36925,0.0,0.332595813294619,414.645624794988,,,,,
5.27595,0.0,0.332673612637969,414.731609704979,,,,,
5.0429,0.0,0.324365998741982,412.675751232351,,,,,
5.76635,0.0,0.332726610984096,414.749245147213,,,,,
5.22195,0.0,0.332460322877534,414.564588152596,,,,,
5.45165,0.0,0.332576073745539,414.631933711714,,,,,
5.39375,0.0,0.332591786394844,414.70776750144,,,,,
5.02975,401.087873986186,0.323518074475198,411.403302037215,,,,,
5.8809,0.0,0.332576730619046,414.622834085456,,,,,
5.4402,0.0,0.332576951582032,414.624262043209,,,,,
5.38995,0.0,0.332577806991811,414.627274471601,,,,,
5.4593,0.0,0.332597378538442,414.645962337787,,,,,
5.5485,0.0,0.332637411712367,414.675726997474,,,,,
5.4873,0.0,0.33270906444517,414.724979601117,,,,,
5.78695,0.0,0.332719023907521,414.733803821798,,,,,
5.09755,0.0,0.331393949017143,413.86326098924,,,,,
5.456,0.0,0.332716411743844,414.754556073692,,,,,
5.82285,0.0,0.33257885874903,414.678294676748,,,,,
5.7166,0.0,0.332726408161342,414.744224699442,,,,,
5.75005,0.0,0.33257877288026,414.625831750759,,,,,
5.3472,0.0,0.332706392610268,414.724724598467,,,,,
5.49825,0.0,0.332653889735323,414.686752616336,,,,,
5.3915,0.0,0.332573464287681,414.626635581297,,,,,
5.12565,0.0,0.33186310479543,414.247705241098,,,,,
5.3366,0.0,0.332715518967421,414.740026565911,,,,,
5.27795,0.0,0.332642003483486,414.680056914111,,,,,
5.9927,0.0,0.332578020843912,414.674353753965,,,,,
5.393,0.0,0.332575225988472,414.67638013671,,,,,
5.865,0.0,0.332672868470938,414.751694933069,,,,,
5.55135,0.0,0.332577003541128,414.627127314269,,,,,
5.235,0.0,0.332566644377537,414.691550350558,,,,,
5.89195,0.0,0.332576698896625,414.645005802998,,,,,
5.11165,0.0,0.331523544681979,413.94269660498,,,,,
5.5621,0.0,0.332576512390606,414.646320208064,,,,,
5.5148,0.0,0.332652458726802,414.745525900988,,,,,
5.9408,0.0,0.332576603729344,414.622242052233,,,,,
5.3978,0.0,0.332681569817379,414.705208707609,,,,,
5.0588,0.0,0.329013436884927,412.961373054085,,,,,
5.64615,0.0,0.332723241704909,414.753020519239,,,,,
5.80645,0.0,0.332726952666353,414.746975030943,,,,,
5.6451,0.0,0.332674631832436,414.75210560189,,,,,
5.46075,0.0,0.33257552024246,414.620928873984,,,,,
5.5745,0.0,0.332635135762781,414.738446408674,,,,,
5.59805,0.0,0.332665020988829,414.694066507197,,,,,
5.75155,0.0,0.332577190046872,414.632579026797,,,,,
5.7427,0.0,0.332577457499207,414.671012862649,,,,,
5.8342,0.0,0.332622733149719,414.731900520495,,,,,
5.21205,0.0,0.332434061799858,414.550889295922,,,,,
5.2712,0.0,0.332534419518027,414.596911229484,,,,,
5.37235,0.0,0.332570849339869,414.649323306463,,,,,
5.17005,0.0,0.332259934203027,414.425616176958,,,,,
5.3746,0.0,0.332631843209401,414.73612301992,,,,,
5.8154,0.0,0.332695759730348,414.755679123118,,,,,
5.0775,0.0,0.330823168632562,413.495279125696,,,,,
5.05045,0.0,0.32683392908982,412.453186213694,,,,,
5.74625,0.0,0.332725557507153,414.751106283052,,,,,
5.7789,0.0,0.332611177741773,414.656967767064,,,,,
5.54645,0.0,0.332726618637782,414.748600157254,,,,,
5.83985,0.0,0.332580844663237,414.628744469032,,,,,
5.25475,0.0,0.332581692952912,414.704422475595,,,,,
5.0324,253.187688045331,0.323724005424807,412.69547898459,,,,,
5.7208,0.0,0.33257652661101,414.62185622224,,,,,
5.5527,0.0,0.332577004635004,414.668416133867,,,,,
5.24875,0.0,0.332564044143997,414.62877616843,,,,,
5.03635,0.0,0.318405576994397,409.199962648121,,,,,
5.80035,0.0,0.332576808831208,414.622375824666,,,,,
5.6559,0.0,0.332716246637791,414.755420586673,,,,,
5.4371,0.0,0.332716414477388,414.731742409629,,,,,
5.40845,0.0,0.332640917475461,414.678198914719,,,,,
5.7176,0.0,0.332690408717617,414.711081709093,,,,,
5.343,0.0,0.332568493626756,414.671594930191,,,,,
5.01655,1304.02579972526,0.333917996605754,414.441513706653,,,,,
5.35135,0.0,0.332568676308611,414.620825695213,,,,,
5.65385,0.0,0.332602653935595,414.717318879271,,,,,
5.43495,0.0,0.332659123226099,414.747374176097,,,,,
5.01055,1565.4287483056,0.317722637245652,403.393964353583,,,,,
5.95735,0.0,0.332699858087537,414.717816816583,,,,,
5.87435,0.0,0.332632107336709,414.736974793819,,,,,
5.31715,0.0,0.332700885402617,414.721997301453,,,,,
5.08905,0.0,0.331068143744317,413.62622237714,,,,,
5.7399,0.0,0.33258057557283,414.628411786212,,,,,
5.17715,0.0,0.33243595446585,414.558683292215,,,,,
5.0719,0.0,0.329967018055383,413.079435752347,,,,,
5.53535,0.0,0.332687540994265,414.754530797101,,,,,
5.1434,0.0,0.331995849089567,414.326767576516,,,,,
5.1217,0.0,0.331705578251552,414.07139975131,,,,,
5.3415,0.0,0.332566887772358,414.622167690306,,,,,
5.2396,0.0,0.332512518790254,414.589984206439,,,,,
5.471,0.0,0.332575946308647,414.622097910739,,,,,
5.98085,0.0,0.332576692880303,414.622690981664,,,,,
5.9887,0.0,0.332617878614788,414.661986420356,,,,,
5.32375,0.0,0.332579311610708,414.699639891594,,,,,
5.4753,0.0,0.332682894628534,414.753531499185,,,,,
5.76235,0.0,0.332576453868168,414.657511342312,,,,,
5.67215,0.0,0.332576523329378,414.649267147184,,,,,
5.72905,0.0,0.332604965108527,414.65209544021,,,,,
5.66485,0.0,0.332659103541197,414.747841031086,,,,,
5.0006,1734.73284599811,0.291855315515564,390.644912938457,,,,,
5.59905,0.0,0.332606822894909,414.653575908096,,,,,
5.0409,0.0,0.324347436293294,412.072066791214,,,,,
5.5488,0.0,0.332620039293529,414.66356980664,,,,,
5.98495,0.0,0.332672167497972,414.75152577928,,,,,
5.4092,0.0,0.332600475096239,414.648886276007,,,,,
5.4948,0.0,0.332651890040009,414.745279639125,,,,,
5.02265,874.266217252849,0.333090960409258,415.219084141415,,,,,
5.7332,0.0,0.332583510943613,414.691829998018,,,,,
5.9852,0.0,0.332687511469435,414.754621968147,,,,,
5.4924,0.0,0.332575958888257,414.655795016964,,,,,
5.17285,0.0,0.33225633408821,414.468236787008,,,,,
5.87965,0.0,0.332584101624373,414.632725208127,,,,,
5.9166,0.0,0.33272573627592,414.742614203708,,,,,
5.03295,126.464256858937,0.32373769739565,413.466878341205,,,,,
5.9345,0.0,0.332642428370857,414.74171547387,,,,,
5.9503,0.0,0.332576807737332,414.622385033222,,,,,
5.555,0.0,0.33266632399425,414.749948663321,,,,,
5.8622,0.0,0.332576445117148,414.653197842831,,,,,
5.047,0.0,0.324597193915856,411.361476546813,,,,,
5.13695,0.0,0.332079575550805,414.343058051257,,,,,
5.4802,0.0,0.332577616110919,414.624565595421,,,,,
5.64825,0.0,0.332651156213885,414.68493825628,,,,,
5.7852,0.0,0.332683633852276,414.753969340978,,,,,
5.9214,0.0,0.332577217940683,414.630476231939,,,,,
5.7833,0.0,0.332586011484986,414.696735571244,,,,,
5.9778,0.0,0.332673124363977,414.699419644468,,,,,
5.20355,0.0,0.332412909060519,414.590919084203,,,,,
5.07,0.0,0.32997901058591,413.096259149192,,,,,
5.3845,0.0,0.332627019431342,414.733933291422,,,,,
5.4111,0.0,0.332574299469567,414.621674741811,,,,,
5.40615,0.0,0.332718587090452,414.752228416711,,,,,
5.31815,0.0,0.332648595465183,414.683713016587,,,,,
5.2898,0.0,0.332556631671255,414.615735685585,,,,,
5.18385,0.0,0.332335285135769,414.550051969231,,,,,
5.3283,0.0,0.332641724052757,414.679085050371,,,,,
5.89125,0.0,0.332577155589807,414.627401004297,,,,,
5.6905,0.0,0.332576533174273,414.621761867819,,,,,
5.54835,0.0,0.332646753769967,414.682006544325,,,,,
5.5906,0.0,0.332576403549802,414.621528340682,,,,,
5.6832,0.0,0.332583193725735,414.69113749063,,,,,
5.2594,0.0,0.332544842042408,414.612330144312,,,,,
5.73115,0.0,0.332576990961558,414.625047178647,,,,,
5.0554,0.0,0.326677781041727,411.922252354369,,,,,
5.87665,0.0,0.332725236597842,414.741655445656,,,,,
5.5154,0.0,0.332689954913661,414.754837588624,,,,,
5.16145,0.0,0.332184003261303,414.377951748849,,,,,
5.646,0.0,0.33271938309209,414.754663891333,,,,,
5.773,0.0,0.332580426260376,414.683918616848,,,,,
5.6857,0.0,0.332708611213382,414.756178827901,,,,,
5.57555,0.0,0.332699503802516,414.755943081141,,,,,
5.8204,0.0,0.332576654047679,414.622031777425,,,,,
5.29175,0.0,0.332548845443341,414.615843657597,,,,,
5.2163,0.0,0.332591544658986,414.672453133027,,,,,
5.7546,0.0,0.332645034006766,414.742785956073,,,,,
5.08895,0.0,0.331073574820399,413.630876064099,,,,,
5.12765,0.0,0.331939637951409,414.241089352358,,,,,
5.1343,0.0,0.331903780063412,414.291235218245,,,,,
5.052,0.0,0.326832885559675,412.536046598079,,,,,
5.93785,0.0,0.332670775389715,414.697869564535,,,,,
5.07815,0.0,0.33079014265207,413.477106951399,,,,,
5.8506,0.0,0.332576429802863,414.621493388269,,,,,
5.02775,508.302462258431,0.317026728314823,406.967741709873,,,,,
5.15355,0.0,0.332106540537325,414.400884594527,,,,,
5.8343,0.0,0.332628405707338,414.735070573101,,,,,
5.2237,0.0,0.332475564469323,414.633732305604,,,,,
5.37645,0.0,0.332721301470081,414.746604638927,,,,,
5.76395,0.0,0.332608716218485,414.722426844597,,,,,
5.89295,0.0,0.332580285698773,414.683454784948,,,,,
5.73935,0.0,0.332593277277723,414.642066753613,,,,,
5.7322,0.0,0.332576458790616,414.651691038061,,,,,
5.0708,0.0,0.329965206596886,413.073351298677,,,,,
5.7119,0.0,0.332576846569938,414.641619694043,,,,,
5.87475,0.0,0.332657092394297,414.74719166936,,,,,
5.6683,0.0,0.33264758111234,414.682557256428,,,,,
5.23005,0.0,0.332485451598254,414.568232997612,,,,,
5.4705,0.0,0.332575949590285,414.62163667634,,,,,
5.72225,0.0,0.332576441288577,414.65335715641,,,,,
5.39805,0.0,0.332666066455606,414.694851789355,,,,,
5.36995,0.0,0.332576036553662,414.626220344057,,,,,
5.9626,0.0,0.332577309279228,414.669853554453,,,,,
5.52025,0.0,0.332577467891011,414.623985864728,,,,,
5.0619,0.0,0.328783133596215,412.784703697555,,,,,
5.18675,0.0,0.332490297125081,414.599670427364,,,,,
5.44805,0.0,0.332667039742854,414.695430615797,,,,,
5.60655,0.0,0.332726841687994,414.746181469418,,,,,
5.51515,0.0,0.332674834686757,414.752041099654,,,,,
5.98,0.0,0.332578532228814,414.625471156189,,,,,
5.50285,0.0,0.332577536805072,414.673718313052,,,,,
5.89135,0.0,0.332577205361122,414.629255392076,,,,,
5.8891,0.0,0.332600671433001,414.648556984154,,,,,
5.6277,0.0,0.332686236978426,414.708214363632,,,,,
5.45095,0.0,0.332575491801566,414.62147879297,,,,,
5.5447,0.0,0.332646863681399,414.743472063917,,,,,
5.8916,0.0,0.332577136446991,414.634902986384,,,,,
5.0014,1734.66990100278,0.291815916575591,390.336752168897,,,,,
5.79275,0.0,0.332577910909729,414.673734113559,,,,,
5.01775,1217.96417018065,0.333785988943917,414.940515241064,,,,,
5.48105,0.0,0.332576160708884,414.622622767206,,,,,
5.1585,0.0,0.332244577054687,414.428199428164,,,,,
5.98175,0.0,0.332576925329011,414.639779991108,,,,,
5.85175,0.0,0.332576982210553,414.638572050551,,,,,
5.90645,0.0,0.332726889796844,414.746267928033,,,,,
5.9829,0.0,0.332580005122324,414.68257885774,,,,,
5.4262,0.0,0.332720912219015,414.752151190408,,,,,
5.28215,0.0,0.332542008071447,414.623144450659,,,,,
5.34325,0.0,0.332571820171042,414.682161710644,,,,,
5.73535,0.0,0.332691495657586,414.755191914189,,,,,
5.66795,0.0,0.332669994034964,414.697344647445,,,,,
5.18375,0.0,0.332331651354702,414.545612999064,,,,,
5.2112,0.0,0.332434009818419,414.533048643638,,,,,
5.0482,0.0,0.326647417090216,412.353928368827,,,,,
5.33745,0.0,0.332694022724615,414.714830632262,,,,,
5.006,1695.33218638262,0.307630546810503,395.901691485433,,,,,
5.3397,0.0,0.332576617949744,414.629289115917,,,,,
5.2114,0.0,0.33243426370663,414.535683104581,,,,,
5.27895,0.0,0.332581872345938,414.639074692691,,,,,
5.0164,1323.15434399499,0.332982888916382,413.873838454256,,,,,
5.2355,0.0,0.332599283400704,414.699670630823,,,,,
5.16405,0.0,0.332213040966361,414.478518675353,,,,,
5.1185,0.0,0.331753922730609,414.110258433672,,,,,
5.2761,0.0,0.332679194657799,414.730776721235,,,,,
5.1272,0.0,0.331942432130491,414.250750541864,,,,,
5.67795,0.0,0.332669784616269,414.697211468046,,,,,
5.9479,0.0,0.332667392422081,414.695629536026,,,,,
5.55385,0.0,0.332601178407893,414.715987847161,,,,,
5.82845,0.0,0.332635069594864,414.674123861328,,,,,
5.54355,0.0,0.332590420202097,414.703797770788,,,,,
5.1089,0.0,0.331554305311338,413.969079961161,,,,,
5.2449,0.0,0.332577257320179,414.699662952557,,,,,
5.25765,0.0,0.332641372439979,414.680880755956,,,,,
5.06045,0.0,0.328783392516646,412.76947361382,,,,,
5.64775,0.0,0.332682844326267,414.70591797683,,,,,
5.86665,0.0,0.332725271586266,414.741738651759,,,,,
5.64595,0.0,0.332717812408458,414.755082365437,,,,,
5.15615,0.0,0.332269708405629,414.481897944786,,,,,
5.0039,1725.16107644743,0.288472805487228,380.644873837902,,,,,
5.4868,0.0,0.332724326897533,414.740700064666,,,,,
5.7079,0.0,0.332672350122896,414.698901178533,,,,,
5.1883,0.0,0.332438111402508,414.550782701629,,,,,
5.94265,0.0,0.332577552666243,414.67162754534,,,,,
5.83545,0.0,0.332698796324818,414.755941545042,,,,,
5.96465,0.0,0.332652537467973,414.745634232094,,,,,
5.5446,0.0,0.332640596484494,414.740895969944,,,,,
5.03,401.087873986186,0.323657760763911,411.573736252688,,,,,
5.45685,0.0,0.332723166807353,414.739331988243,,,,,
5.2275,0.0,0.33260330036561,414.658182969987,,,,,
5.04715,0.0,0.324901285966486,411.492598769056,,,,,
5.90475,0.0,0.332657703176193,414.747395231025,,,,,
5.68765,0.0,0.332688055491351,414.709461263094,,,,,
5.86285,0.0,0.332578983450133,414.67883877636,,,,,
5.7415,0.0,0.332577193875434,414.631371074084,,,,,
5.4657,0.0,0.332704456104279,414.755696562974,,,,,
5.80925,0.0,0.332595954943472,414.644475661225,,,,,
5.77095,0.0,0.332576743745564,414.622955656759,,,,,
5.07805,0.0,0.330799470892904,413.48226627827,,,,,
5.24345,0.0,0.332507642405299,414.647303433013,,,,,
5.50945,0.0,0.332592136966217,414.641094154138,,,,,
5.31065,0.0,0.332557600356055,414.609689147407,,,,,
5.65615,0.0,0.33272333628355,414.752984595282,,,,,
5.22705,0.0,0.332617990723243,414.672457854576,,,,,
5.0891,0.0,0.331065600970134,413.623975782561,,,,,
5.6135,0.0,0.332589756792626,414.702756855162,,,,,
5.05475,0.0,0.326569616386405,411.958342947446,,,,,
5.2772,0.0,0.332678969388561,414.707987561856,,,,,
5.0973,0.0,0.331397668277278,413.869375871117,,,,,
5.77,0.0,0.332579223554319,414.626506297367,,,,,
5.96345,0.0,0.332591701076326,414.705410888004,,,,,
5.92515,0.0,0.33268337413998,414.753921182003,,,,,
5.03385,0.0,0.323650093168877,413.825258676445,,,,,
5.53985,0.0,0.332582227303195,414.630604901201,,,,,
5.33945,0.0,0.332583956688914,414.636435969546,,,,,
5.0696,0.0,0.33000661187094,413.126872414263,,,,,
5.53305,0.0,0.332579852528015,414.682601003442,,,,,
5.0376,0.0,0.320775480235227,409.994517406406,,,,,
5.7754,0.0,0.332695030921681,414.755606394803,,,,,
5.18685,0.0,0.332490619902388,414.597743938275,,,,,
5.1488,0.0,0.332140123481219,414.360675382473,,,,,
5.3347,0.0,0.332630340468676,414.734297362883,,,,,
5.16075,0.0,0.33218331001811,414.372640944424,,,,,
5.7287,0.0,0.332622438390634,414.665300380317,,,,,
5.49845,0.0,0.332641226982641,414.678325099899,,,,,
5.0885,0.0,0.331102828025245,413.653629474464,,,,,
5.956,0.0,0.332722153775249,414.753640253102,,,,,
5.82735,0.0,0.332702029715254,414.719419362879,,,,,
5.5456,0.0,0.332701509225713,414.756010318132,,,,,
5.58375,0.0,0.332597684804715,414.712489422804,,,,,
5.1511,0.0,0.332095444242171,414.317845620687,,,,,
5.27005,0.0,0.332538156654709,414.601533577258,,,,,
5.3928,0.0,0.332573657905673,414.668102745254,,,,,
5.5602,0.0,0.332577887938403,414.624534784755,,,,,
5.505,0.0,0.332665014427311,414.749500982943,,,,,
5.34375,0.0,0.332584663317049,414.703069544057,,,,,
5.68695,0.0,0.332719987199205,414.734813832958,,,,,
5.25955,0.0,0.332539786168811,414.607711174924,,,,,
5.23095,0.0,0.332481203429534,414.561378704287,,,,,
5.8589,0.0,0.332609925380502,414.656003199523,,,,,
5.752,0.0,0.332576689051735,414.645149418556,,,,,
5.7007,0.0,0.332576437460006,414.621535345553,,,,,
5.81355,0.0,0.332593350563796,414.707506279223,,,,,
5.43595,0.0,0.332713925303613,414.754615153864,,,,,
5.7136,0.0,0.332593929741972,414.708214458353,,,,,
5.67765,0.0,0.332688244121858,414.709593029754,,,,,
5.4073,0.0,0.332708039888957,414.724569847411,,,,,
5.3984,0.0,0.332643691546323,414.680077105111,,,,,
5.2132,0.0,0.332437929743238,414.59551081629,,,,,
5.68675,0.0,0.332724601338633,414.740625722266,,,,,
5.5326,0.0,0.33257653809672,414.664119776624,,,,,
5.34125,0.0,0.332566663520956,414.618162581539,,,,,
5.40565,0.0,0.332698987682922,414.754358036208,,,,,
5.50555,0.0,0.332698009568486,414.755675043122,,,,,
5.03505,0.0,0.321360946876967,411.629023761168,,,,,
5.3085,0.0,0.33262312579685,414.666910153159,,,,,
5.60095,0.0,0.332576625606882,414.622477550269,,,,,
5.40795,0.0,0.332672755834196,414.699259324201,,,,,
5.3435,0.0,0.332577124961302,414.692739883267,,,,,
5.93115,0.0,0.33257707628385,414.625984919792,,,,,
5.22115,0.0,0.332460083781738,414.549164513831,,,,,
5.3431,0.0,0.332569609953532,414.675803577467,,,,,
5.3493,0.0,0.332591242215459,414.6423689194,,,,,
5.2434,0.0,0.332506543923252,414.645143390248,,,,,
5.4745,0.0,0.332632563953818,414.737118177554,,,,,
5.2188,0.0,0.332508080593589,414.5931717623,,,,,
5.78055,0.0,0.332576447851842,414.62154709853,,,,,
5.4772,0.0,0.332713202548591,414.728505556678,,,,,
5.1463,0.0,0.332176862130015,414.421032271515,,,,,
5.7744,0.0,0.332633127752041,414.737489964493,,,,,
5.49125,0.0,0.332576543566106,414.625040156083,,,,,
5.47395,0.0,0.332603721474165,414.71845918549,,,,,
5.43665,0.0,0.332725187942059,414.74427398666,,,,,
5.87085,0.0,0.332576662251755,414.622423385456,,,,,
5.90665,0.0,0.332725077509806,414.741396134239,,,,,
5.2175,0.0,0.332580820051318,414.64420126627,,,,,
5.7091,0.0,0.332603091451817,414.650564577497,,,,,
5.18485,0.0,0.332391775770283,414.588042089226,,,,,
5.10065,0.0,0.33130704224161,413.778777861663,,,,,
5.98115,0.0,0.332577083940978,414.626235227149,,,,,
5.7759,0.0,0.332717582245005,414.755157273168,,,,,
5.8627,0.0,0.332577711277911,414.672611935581,,,,,
5.28385,0.0,0.33256328879258,414.691312913803,,,,,
5.6134,0.0,0.332587067591629,414.69858928951,,,,,
5.69445,0.0,0.332634562671627,414.738183756498,,,,,
5.10735,0.0,0.331596575260946,414.014448694204,,,,,
5.4394,0.0,0.3325935179185,414.642668400257,,,,,
5.13525,0.0,0.33197640207479,414.329349042293,,,,,
5.9086,0.0,0.332624769113034,414.666957522097,,,,,
5.5043,0.0,0.332621915589093,414.73141716125,,,,,
5.72965,0.0,0.332585126562388,414.633889962524,,,,,
5.48495,0.0,0.33266120325745,414.74831868911,,,,,
5.79085,0.0,0.332576616855867,414.622249328305,,,,,
5.54775,0.0,0.332684688008735,414.707161337524,,,,,
5.63175,0.0,0.332577036357396,414.636590997592,,,,,
5.34205,0.0,0.33256650490402,414.63601328116,,,,,
5.52135,0.0,0.33257686571277,414.626883913372,,,,,
5.0405,0.0,0.324367119745278,412.113134929533,,,,,
5.26585,0.0,0.332660121686515,414.72637586304,,,,,
5.67585,0.0,0.332714655711026,414.755681653387,,,,,
5.0156,1354.3812720956,0.325752146375756,409.383364983257,,,,,
5.10365,0.0,0.331323914735043,413.879284201735,,,,,
5.4865,0.0,0.332726343651654,414.747758255184,,,,,
5.86995,0.0,0.3325794275607,414.626791684347,,,,,
5.8584,0.0,0.332637503034383,414.675792447364,,,,,
5.3867,0.0,0.332722330359049,414.741857888648,,,,,
5.04425,0.0,0.323918430180735,411.985301227594,,,,,
5.48345,0.0,0.332586704435709,414.698563347633,,,,,
5.0895,0.0,0.331049492250704,413.608292484061,,,,,
5.66855,0.0,0.332632176239451,414.672139034419,,,,,
5.68005,0.0,0.332578990560282,414.626173243368,,,,,
5.51,0.0,0.332579911049855,414.627738972665,,,,,
5.1727,0.0,0.332255749941814,414.461858325049,,,,,
5.4437,0.0,0.332592975382683,414.707872404067,,,,,
5.19475,0.0,0.332432379785824,414.613825571714,,,,,
5.9003,0.0,0.33257686571277,414.622500049798,,,,,
5.84515,0.0,0.332681790710732,414.753626780024,,,,,
5.917,0.0,0.332715972189799,414.73082356067,,,,,
5.41245,0.0,0.332573953801877,414.65542302047,,,,,
5.95165,0.0,0.332577064798158,414.63671594227,,,,,
5.4006,0.0,0.332573467569343,414.619803965912,,,,,
5.61065,0.0,0.332576406284496,414.621470084833,,,,,
5.52955,0.0,0.332589063848262,414.638079044328,,,,,
5.7279,0.0,0.332671929101213,414.698630305935,,,,,
5.942,0.0,0.332576595525266,414.647172556149,,,,,
5.75945,0.0,0.332589988685287,414.638930298136,,,,,
5.39625,0.0,0.332720210253863,414.750681834489,,,,,
5.0734,0.0,0.329968720354244,413.058287418433,,,,,
5.4804,0.0,0.332576402455924,414.622398525074,,,,,
5.0235,825.045966788473,0.333394507097846,417.682667384196,,,,,
5.5275,0.0,0.332699096483624,414.717275561111,,,,,
5.1361,0.0,0.332043410110968,414.345752090327,,,,,
5.27095,0.0,0.332534085296058,414.594960532367,,,,,
5.628,0.0,0.332667616058792,414.69577768869,,,,,
5.96105,0.0,0.332576974006485,414.624714609233,,,,,
5.92365,0.0,0.332598166626621,414.712954005644,,,,,
5.7213,0.0,0.332577141916367,414.627307582357,,,,,
5.30205,0.0,0.332553683482763,414.6274967173,,,,,
5.1372,0.0,0.332081791220823,414.338950546615,,,,,
5.22845,0.0,0.332549904402927,414.620839015716,,,,,
5.60525,0.0,0.332683085995785,414.753845139602,,,,,
5.6128,0.0,0.332577810820367,414.673357472772,,,,,
5.10805,0.0,0.33158395825723,413.995986828892,,,,,
5.88995,0.0,0.332579352083823,414.626685271699,,,,,
5.2337,0.0,0.332496993322322,414.647070102831,,,,,
5.3728,0.0,0.332571752349689,414.666664854774,,,,,
5.46235,0.0,0.332575522977162,414.653346135262,,,,,
5.94,0.0,0.332578651460689,414.625659585288,,,,,
5.74875,0.0,0.332619363912034,414.663075277678,,,,,
5.8639,0.0,0.332607898076517,414.721783435001,,,,,
5.64555,0.0,0.332700748172313,414.75605468564,,,,,
5.5058,0.0,0.332710046354141,414.755868891211,,,,,
5.31895,0.0,0.332600610727218,414.65086982819,,,,,
5.69075,0.0,0.332576470823268,414.621637471712,,,,,
5.86915,0.0,0.332598953072228,414.647096171631,,,,,
5.1938,0.0,0.33238148143028,414.577555499118,,,,,
5.05375,0.0,0.326746106734365,412.28864109819,,,,,
5.46535,0.0,0.332685516350289,414.753910775582,,,,,
5.1968,0.0,0.332533740680583,414.625200194542,,,,,
5.58625,0.0,0.332724717237994,414.75187042578,,,,,
5.9251,0.0,0.332680326469382,414.7533402481,,,,,
5.93295,0.0,0.332580458529373,414.684003547538,,,,,
5.35705,0.0,0.332712774471313,414.730446144623,,,,,
5.5612,0.0,0.332576874463778,414.624902489049,,,,,
5.21035,0.0,0.332434897331967,414.533581117433,,,,,
5.33565,0.0,0.332688739481464,414.748788925804,,,,,
5.48735,0.0,0.332706826709725,414.72318213394,,,,,
5.4822,0.0,0.332575947402526,414.648490534787,,,,,
5.10745,0.0,0.331596134222479,414.012302536048,,,,,
5.42555,0.0,0.332695066460025,414.754610715682,,,,,
5.6752,0.0,0.332681459370647,414.753560785009,,,,,
5.5057,0.0,0.332705544091809,414.755990789552,,,,,
5.47425,0.0,0.332618348923176,414.729231557215,,,,,
5.0037,1729.96125219002,0.289205006913502,381.41632608361,,,,,
5.7893,0.0,0.332594418679137,414.643106449906,,,,,
5.9929,0.0,0.332580053799347,414.682716269284,,,,,
5.36695,0.0,0.332716591610942,414.734165061053,,,,,
5.83495,0.0,0.332669085277164,414.750740899957,,,,,
5.84005,0.0,0.332578506522854,414.625406509359,,,,,
5.51605,0.0,0.332719340995897,414.754423210779,,,,,
5.62385,0.0,0.332602220793968,414.716932455256,,,,,
5.73665,0.0,0.332725818279909,414.742828379022,,,,,
5.8558,0.0,0.332714984831208,414.755642048677,,,,,
5.92685,0.0,0.332720626294136,414.735497238198,,,,,
5.93485,0.0,0.332664755794066,414.749555838894,,,,,
5.12545,0.0,0.331845620582318,414.242522556983,,,,,
5.36405,0.0,0.332600489862518,414.717118353538,,,,,
5.4622,0.0,0.332575634552954,414.648078164098,,,,,
5.7022,0.0,0.332576469182452,414.651345243308,,,,,
5.8313,0.0,0.332577179655059,414.627941033415,,,,,
5.20335,0.0,0.332408366657443,414.58203431961,,,,,
5.4824,0.0,0.332575841296236,414.65560433665,,,,,
5.6731,0.0,0.332581409642997,414.686765939087,,,,,
5.89345,0.0,0.332591007042183,414.704476444837,,,,,
5.5717,0.0,0.332577034716582,414.63474011425,,,,,
5.15725,0.0,0.332293033065791,414.46899469411,,,,,
5.67675,0.0,0.332724658194929,414.740715373244,,,,,
5.6992,0.0,0.332599131909043,414.647266413056,,,,,
5.7278,0.0,0.332678201175569,414.702797482321,,,,,
5.58,0.0,0.332579857450413,414.627492899188,,,,,
5.61405,0.0,0.332611131256832,414.724267276871,,,,,
5.25655,0.0,0.332668885153272,414.713134263661,,,,,
5.3963,0.0,0.332721153314181,414.749987061258,,,,,
5.88645,0.0,0.332726913851266,414.746411333299,,,,,
5.8972,0.0,0.332708115336641,414.724120174854,,,,,
5.027,554.43460652318,0.316195898109984,406.781314613003,,,,,
5.21175,0.0,0.33243436548073,414.542679844661,,,,,
5.27535,0.0,0.332641711475634,414.728981563474,,,,,
5.85625,0.0,0.332725996501842,414.750516341212,,,,,
5.59285,0.0,0.332578129137251,414.675142094621,,,,,
5.75575,0.0,0.332711757033837,414.756010487399,,,,,
5.7336,0.0,0.332594135380062,414.70847901376,,,,,
5.578,0.0,0.332668587154357,414.696430356445,,,,,
5.0377,0.0,0.321100982740964,410.151126622909,,,,,
5.6676,0.0,0.332691323978169,414.711722361769,,,,,
5.8422,0.0,0.332576451133474,414.652964595385,,,,,
5.1271,0.0,0.331941487953762,414.252373211315,,,,,
5.30365,0.0,0.332568157798174,414.690515751798,,,,,
5.79875,0.0,0.33261850642165,414.662442792384,,,,,
5.6402,0.0,0.332577783473541,414.624273581851,,,,,
5.2609,0.0,0.332524512511143,414.588724833044,,,,,
5.6393,0.0,0.332596093857733,414.644628398316,,,,,
5.9936,0.0,0.332597143916409,414.711873809555,,,,,
5.01185,1515.57163720433,0.317723283607198,403.187601980194,,,,,
5.21355,0.0,0.332444992495021,414.610914393279,,,,,
5.29375,0.0,0.332566137896957,414.69130301656,,,,,
5.33285,0.0,0.332564968503642,414.663787062267,,,,,
5.005,1715.27221824744,0.292014185544681,384.683875386557,,,,,
5.79015,0.0,0.332577825587652,414.624303220408,,,,,
5.94425,0.0,0.332627566286468,414.734628211173,,,,,
5.784,0.0,0.332611416182075,414.724479666206,,,,,
5.83785,0.0,0.33267285042719,414.699230915955,,,,,
5.2681,0.0,0.332624938092507,414.668956724102,,,,,
5.2383,0.0,0.332576722414971,414.638144885468,,,,,
5.37515,0.0,0.332666847272793,414.748251173494,,,,,
5.7563,0.0,0.332726184017455,414.750212949431,,,,,
5.43965,0.0,0.332586007109601,414.635428311827,,,,,
5.78105,0.0,0.332576884855601,414.624000491083,,,,,
5.0654,0.0,0.329041383964536,412.716922552959,,,,,
5.0791,0.0,0.330689310586426,413.411086614165,,,,,
5.9067,0.0,0.33272423395926,414.74004535383,,,,,
5.12155,0.0,0.33170552231733,414.068163069066,,,,,
5.0522,0.0,0.326833802196733,412.554619458881,,,,,
5.88235,0.0,0.332576493247753,414.658983240409,,,,,
5.48745,0.0,0.332702028621789,414.719486317855,,,,,
5.25045,0.0,0.332513497450325,414.582659362509,,,,,
5.9357,0.0,0.332712094904338,414.755981787598,,,,,
5.07435,0.0,0.330024374295355,413.100282649373,,,,,
5.38165,0.0,0.332572617617852,414.629207299576,,,,,
5.54655,0.0,0.332726772258165,414.746539432671,,,,,
5.9099,0.0,0.332579862919744,414.627417634851,,,,,
5.51535,0.0,0.332687039618549,414.754407066518,,,,,
5.28975,0.0,0.332557764446933,414.616975408269,,,,,
5.27455,0.0,0.332590458486197,414.711564237918,,,,,
5.84145,0.0,0.332577211377434,414.63098980251,,,,,
5.0309,335.255924164333,0.323693465546127,411.624359912736,,,,,
5.18995,0.0,0.332368424108175,414.495177692136,,,,,
5.58985,0.0,0.332582056661233,414.630333161402,,,,,
5.82985,0.0,0.332580894433999,414.628806575792,,,,,
5.5794,0.0,0.33259326032348,414.642078330842,,,,,
5.08,0.0,0.330642372291209,413.364470326235,,,,,
5.83115,0.0,0.33257705003084,414.625503758969,,,,,
5.09245,0.0,0.331034839437429,413.612266123469,,,,,
5.49035,0.0,0.332576726790478,414.622883192676,,,,,
5.0876,0.0,0.331159978207558,413.694051265954,,,,,
5.7117,0.0,0.332577093238918,414.635970168315,,,,,
5.102,0.0,0.331307508920463,413.794275531455,,,,,
5.10415,0.0,0.331351295296479,413.915016718729,,,,,
5.39825,0.0,0.332653252699428,414.686410935427,,,,,
5.7353,0.0,0.332688609353957,414.754789801938,,,,,
5.0273,554.43460652318,0.316001198022141,406.544866823969,,,,,
5.30995,0.0,0.332563052505615,414.618190554001,,,,,
5.86605,0.0,0.332722640337195,414.753391279069,,,,,
5.7834,0.0,0.332588538806583,414.700922266657,,,,,
5.0678,0.0,0.330201557622874,413.246348159958,,,,,
5.25735,0.0,0.332655229420564,414.691736436971,,,,,
5.86595,0.0,0.332720045696397,414.754478106197,,,,,
5.44335,0.0,0.33258329326655,414.693340315304,,,,,
5.53685,0.0,0.332723471864446,414.739098516991,,,,,
5.9658,0.0,0.332716278893616,414.755424187655,,,,,
5.60955,0.0,0.332588524039773,414.637472493636,,,,,
5.5347,0.0,0.332646623626036,414.743371076796,,,,,
5.3007,0.0,0.332553311538759,414.606885895557,,,,,
5.35845,0.0,0.332637477879818,414.676065567969,,,,,
5.00875,1621.05476600276,0.316805130981837,402.774682346596,,,,,
5.9773,0.0,0.332702078374423,414.719468804396,,,,,
5.1104,0.0,0.33152371696613,413.936249608729,,,,,
5.93025,0.0,0.332577021043138,414.622814966444,,,,,
5.8879,0.0,0.332668639099141,414.696450162386,,,,,
5.18935,0.0,0.332384845417718,414.511513941328,,,,,
5.52085,0.0,0.332576246031389,414.621624603169,,,,,
5.77675,0.0,0.332724081431098,414.739832510092,,,,,
5.70685,0.0,0.332722445712502,414.737629071825,,,,,
5.4659,0.0,0.332713118354636,414.755258606571,,,,,
5.6816,0.0,0.33257716160612,414.633216440387,,,,,
5.9769,0.0,0.332718660348924,414.733435140866,,,,,
5.85685,0.0,0.332721236412701,414.736189132598,,,,,
5.12205,0.0,0.33170533751498,414.08131840344,,,,,
5.6223,0.0,0.332576400815108,414.653969706551,,,,,
5.0661,0.0,0.329454536611997,412.901605285907,,,,,
5.08015,0.0,0.330639707411896,413.360436122641,,,,,
5.49725,0.0,0.332711150724909,414.726691848768,,,,,
5.4007,0.0,0.33257338005835,414.619570051191,,,,,
5.5472,0.0,0.332712799073471,414.728029104134,,,,,
5.20325,0.0,0.332406613922252,414.577590971138,,,,,
5.0647,0.0,0.32880906888648,412.614396189942,,,,,
5.1,0.0,0.331310999108406,413.785426779031,,,,,
5.84435,0.0,0.332631514006956,414.736683230982,,,,,
5.10315,0.0,0.33131078059528,413.84641776318,,,,,
5.07535,0.0,0.330266418136055,413.24134045466,,,,,
5.8404,0.0,0.332576640374219,414.62199771113,,,,,
5.07795,0.0,0.330807643060327,413.486699312185,,,,,
5.72875,0.0,0.332619709532533,414.663328871335,,,,,
5.27885,0.0,0.332587187367365,414.642959622015,,,,,
5.61475,0.0,0.332651621553888,414.745295605314,,,,,
5.6289,0.0,0.332613569793386,414.658781902942,,,,,
5.5344,0.0,0.332628334616402,414.735015864172,,,,,
5.6533,0.0,0.332585041789087,414.694946503844,,,,,
5.62185,0.0,0.332576916031066,414.639267770811,,,,,
5.889,0.0,0.332604892918797,414.652027336694,,,,,
5.28055,0.0,0.332542019558349,414.6001890058,,,,,
5.872,0.0,0.332576645843603,414.646420262602,,,,,
5.26675,0.0,0.332679577396446,414.71538849103,,,,,
5.4773,0.0,0.33270909560825,414.725025371946,,,,,
5.9822,0.0,0.332576430896741,414.654609317052,,,,,
5.20705,0.0,0.332566582571633,414.640795355497,,,,,
5.3969,0.0,0.332720236495577,414.737034561472,,,,,
5.17745,0.0,0.332428824218715,414.550226403365,,,,,
5.3008,0.0,0.332553292394571,414.606831524857,,,,,
5.3453,0.0,0.332671072293104,414.747446236663,,,,,
5.7027,0.0,0.332577384756568,414.670480301649,,,,,
5.6112,0.0,0.332576982757491,414.625172850262,,,,,
5.336,0.0,0.332704305753964,414.748278600582,,,,,
5.06175,0.0,0.328782546598501,412.781872886971,,,,,
5.8407,0.0,0.332576481762041,414.621639161001,,,,,
5.9102,0.0,0.332577285760922,414.623328178803,,,,,
5.53215,0.0,0.332576377296738,414.647593595573,,,,,
5.946,0.0,0.33272206903686,414.753675898472,,,,,
5.11255,0.0,0.331522872004787,413.973249529719,,,,,
5.46085,0.0,0.332575578218123,414.621145810685,,,,,
5.1835,0.0,0.332324307043857,414.534313626938,,,,,
5.68535,0.0,0.332690558527462,414.755061423706,,,,,
5.7751,0.0,0.332677302282101,414.752713947959,,,,,
5.6217,0.0,0.332577081206289,414.635193038058,,,,,
5.99075,0.0,0.332576576929357,414.62204449374,,,,,
5.42525,0.0,0.332677583323264,414.751986595837,,,,,
5.85375,0.0,0.332601206299693,414.715979932312,,,,,
5.7016,0.0,0.332577162699995,414.633374308317,,,,,
5.49545,0.0,0.332692289537051,414.755063265804,,,,,
5.9128,0.0,0.332578664040196,414.677428392844,,,,,
5.04735,0.0,0.325305035582256,411.673576070764,,,,,
5.58445,0.0,0.33263235396471,414.737094941379,,,,,
5.34925,0.0,0.332593258682746,414.644063397281,,,,,
5.79955,0.0,0.332586956566593,414.635847309049,,,,,
5.1485,0.0,0.332154642104751,414.371425908646,,,,,
5.7455,0.0,0.332699866835311,414.756012479791,,,,,
5.70635,0.0,0.33272647048425,414.749603487706,,,,,
5.19425,0.0,0.33240175130599,414.596282515621,,,,,
5.9812,0.0,0.332577128242927,414.627046369492,,,,,
5.88095,0.0,0.332576801721013,414.623287047856,,,,,
5.7396,0.0,0.332586199079523,414.635058643028,,,,,
5.5955,0.0,0.332697252334262,414.755785210275,,,,,
5.33485,0.0,0.332639881772661,414.738018724582,,,,,
5.61825,0.0,0.33265177466209,414.685341397391,,,,,
5.6521,0.0,0.332576576382419,414.647352606815,,,,,
5.8689,0.0,0.332609783737598,414.655882754059,,,,,
5.55395,0.0,0.332605458404599,414.71980494662,,,,,
5.89675,0.0,0.332723308401988,414.738738518904,,,,,
5.35655,0.0,0.332719269924391,414.74325803524,,,,,
5.3029,0.0,0.332554701950833,414.658844009035,,,,,
5.092,0.0,0.331035233418506,413.599703461508,,,,,
5.6105,0.0,0.332576552864062,414.621847847145,,,,,
5.0782,0.0,0.33078512869641,413.474285698681,,,,,
5.18365,0.0,0.332328419834138,414.541119588587,,,,,
5.97295,0.0,0.33258063628227,414.684552605308,,,,,
5.21555,0.0,0.332556396473504,414.67249154099,,,,,
5.2349,0.0,0.332559956146331,414.689205236071,,,,,
5.5375,0.0,0.332698966360168,414.717180699618,,,,,
5.166,0.0,0.332344518559462,414.531610365077,,,,,
5.2596,0.0,0.332538283559082,414.6062629779,,,,,
5.5232,0.0,0.33258199813977,414.68877461157,,,,,
5.2234,0.0,0.332467634639391,414.620723556149,,,,,
5.23865,0.0,0.332555527881296,414.623782953855,,,,,
5.32875,0.0,0.332614189405231,414.660419436649,,,,,
5.82305,0.0,0.332581404720621,414.686719565202,,,,,
5.23545,0.0,0.332596195582312,414.699142105782,,,,,
5.04235,0.0,0.32436873703385,412.525895221619,,,,,
5.6458,0.0,0.33271230101611,414.755944057886,,,,,
5.0419,0.0,0.324368384864903,412.321217346652,,,,,
5.437,0.0,0.332719402773425,414.734868124467,,,,,
5.55625,0.0,0.332724506760351,414.751980948009,,,,,
5.3766,0.0,0.33272186183774,414.743637599611,,,,,
5.8373,0.0,0.332704342931502,414.721171802429,,,,,
5.38795,0.0,0.332671880984416,414.698717932297,,,,,
5.22985,0.0,0.332488923403241,414.572475334815,,,,,
5.48045,0.0,0.332576219778313,414.622018726433,,,,,
5.28925,0.0,0.332574067565966,414.632050196563,,,,,
5.9967,0.0,0.332723673595596,414.739233622831,,,,,
5.9131,0.0,0.332582750714053,414.690075389842,,,,,
5.96925,0.0,0.33259412334805,414.642844065961,,,,,
5.0302,401.087873986186,0.32370255998704,411.639893327137,,,,,
5.8635,0.0,0.332592247442611,414.706128167613,,,,,
5.5135,0.0,0.332588551385716,414.701230224941,,,,,
5.87685,0.0,0.332721076776052,414.735992956434,,,,,
5.36125,0.0,0.332570104395943,414.620420423923,,,,,
5.11555,0.0,0.331684479961502,414.134276806237,,,,,
5.732,0.0,0.33257668412929,414.64493957736,,,,,
5.68135,0.0,0.332577156683682,414.627957408972,,,,,
5.0991,0.0,0.331331515092082,413.807816155231,,,,,
5.41955,0.0,0.33258825440866,414.637931868384,,,,,
5.43385,0.0,0.33259809006019,414.713535038213,,,,,
5.5731,0.0,0.332580824973702,414.685338118894,,,,,
5.2864,0.0,0.332693741697339,414.731660249452,,,,,
5.14115,0.0,0.331988349962931,414.249840659433,,,,,
5.22755,0.0,0.332601063559279,414.656405199619,,,,,
5.2668,0.0,0.332679201765806,414.714205122276,,,,,
5.57185,0.0,0.33257687665153,414.638764972976,,,,,
5.22265,0.0,0.332459955206124,414.588834515805,,,,,
5.4093,0.0,0.332596417079272,414.645485769662,,,,,
5.60465,0.0,0.33264506298854,414.742784729354,,,,,
5.56765,0.0,0.332690225555854,414.710967622914,,,,,
5.18745,0.0,0.332479809974604,414.581863007083,,,,,
5.8947,0.0,0.332654286173354,414.746248607694,,,,,
5.67905,0.0,0.332605684817406,414.652670030846,,,,,
5.40005,0.0,0.33257699314931,414.625750934042,,,,,
5.90515,0.0,0.332682976643084,414.753849233496,,,,,
5.5493,0.0,0.332597058599266,414.645490963241,,,,,
5.5787,0.0,0.33262508301011,414.667196555344,,,,,
5.83225,0.0,0.332576444023271,414.654655143951,,,,,
5.45395,0.0,0.332603052622275,414.717985688961,,,,,
5.0262,624.117664275658,0.320881379353641,409.714582171066,,,,,
5.8396,0.0,0.332585462920761,414.634243537928,,,,,
5.45695,0.0,0.332721007891721,414.73647486437,,,,,
5.4225,0.0,0.33257445097254,414.657716055086,,,,,
5.99435,0.0,0.332634429241866,414.738115677216,,,,,
5.9194,0.0,0.332589943838134,414.638875057265,,,,,
5.75505,0.0,0.332673773390952,414.751911049827,,,,,
5.0061,1695.33218638262,0.309236882708871,396.969298133563,,,,,
5.2183,0.0,0.332537348185199,414.613320876229,,,,,
5.6557,0.0,0.332708181490031,414.756190092035,,,,,
5.6601,0.0,0.332578559575578,414.625518293949,,,,,
5.1151,0.0,0.331641160454981,414.117297383875,,,,,
5.36985,0.0,0.332577806991811,414.628369894173,,,,,
5.58045,0.0,0.332576627794636,414.622141203388,,,,,
5.86895,0.0,0.332607440878659,414.654053187012,,,,,
5.291,0.0,0.332548280408256,414.604211865057,,,,,
5.45985,0.0,0.332581946728384,414.630705616257,,,,,
5.5826,0.0,0.332576708741514,414.664849355257,,,,,
5.61905,0.0,0.332606541793956,414.653353070389,,,,,
5.8673,0.0,0.332703862903549,414.720807423053,,,,,
5.444,0.0,0.332604872683794,414.71959306237,,,,,
5.15275,0.0,0.332095719202975,414.363361485808,,,,,
5.1783,0.0,0.33238902422309,414.519902770632,,,,,
5.0024,1734.6433936246,0.291846549367125,388.372040932653,,,,,
5.5162,0.0,0.332723134005498,414.752750969359,,,,,
5.02505,687.142064711925,0.331357983220919,416.64069264308,,,,,
5.15925,0.0,0.332209197781747,414.401375793626,,,,,
5.68585,0.0,0.332714774894119,414.755662109072,,,,,
5.01145,1540.81791036944,0.317731003776089,403.33705402507,,,,,
5.84135,0.0,0.332577198250934,414.628937715904,,,,,
5.60965,0.0,0.332585995624218,414.634835534229,,,,,
5.1412,0.0,0.331988425574171,414.250316531406,,,,,
5.4386,0.0,0.332632273031373,414.67228984415,,,,,
5.75255,0.0,0.33257681430059,414.665106126267,,,,,
5.15035,0.0,0.332096608168318,414.319652681662,,,,,
5.70115,0.0,0.332576977288112,414.624913966234,,,,,
5.21525,0.0,0.332536850959064,414.668365488556,,,,,
5.97815,0.0,0.332650717667247,414.684646506791,,,,,
5.0537,0.0,0.326754865148359,412.307239619104,,,,,
5.5471,0.0,0.332716523819099,414.731389129766,,,,,
5.7659,0.0,0.332717476183884,414.755178491979,,,,,
5.88385,0.0,0.332605924355426,414.720164546213,,,,,
5.38265,0.0,0.332572169669571,414.661421530684,,,,,
5.3605,0.0,0.332569909681984,414.617968491132,,,,,
5.1472,0.0,0.332198046326515,414.411207177025,,,,,
5.6328,0.0,0.332577858403838,414.673634540306,,,,,
5.5455,0.0,0.332696252891796,414.755635752841,,,,,
5.7592,0.0,0.33259839249749,414.646623266797,,,,,
5.8663,0.0,0.33272649125855,414.749571285743,,,,,
5.4319,0.0,0.332575312405098,414.637898852076,,,,,
5.5181,0.0,0.332663250468037,414.692912295509,,,,,
5.22165,0.0,0.332460530786782,414.55702514405,,,,,
5.7363,0.0,0.332726105293712,414.750325405963,,,,,
5.20805,0.0,0.332525454485403,414.606558195909,,,,,
5.15585,0.0,0.332251474199813,414.480069354194,,,,,
5.8799,0.0,0.332579984885807,414.627588044542,,,,,
5.3439,0.0,0.332590305349769,414.709042044857,,,,,
5.86755,0.0,0.332690479795289,414.711133292317,,,,,
5.513,0.0,0.332579045800667,414.680153970349,,,,,
5.5616,0.0,0.332577073002224,414.632232706687,,,,,
5.2661,0.0,0.332670202906743,414.72539457838,,,,,
5.73085,0.0,0.332576584039558,414.622129167309,,,,,
5.8537,0.0,0.332599207928333,414.714028951355,,,,,
5.12095,0.0,0.331704774881673,414.061408562237,,,,,
5.93855,0.0,0.332627048961541,414.668576747195,,,,,
5.861,0.0,0.332576853133195,414.623733781161,,,,,
5.3585,0.0,0.332634363073808,414.673973319246,,,,,
5.74275,0.0,0.332577779098049,414.673062820643,,,,,
5.71495,0.0,0.332666589734553,414.750067005184,,,,,
5.05085,0.0,0.326821753250994,412.427518476368,,,,,
5.66145,0.0,0.332577191140747,414.6297514642,,,,,
5.427,0.0,0.332719156756653,414.734757141641,,,,,
5.38715,0.0,0.332712719253131,414.729053235263,,,,,
5.0964,0.0,0.331364604039831,413.870497401006,,,,,
5.93345,0.0,0.332591399179855,414.70501126273,,,,,
5.0175,1251.75435585955,0.334432892802542,415.278823699908,,,,,
5.8988,0.0,0.332614216749063,414.65926692424,,,,,
5.01115,1548.95857317596,0.317743681392139,403.421075643246,,,,,
5.3015,0.0,0.332554040111035,414.613787016635,,,,,
5.96885,0.0,0.332610608437518,414.656531315221,,,,,
5.96705,0.0,0.33271347590544,414.728592022585,,,,,
5.45895,0.0,0.332612934320905,414.658418858847,,,,,
5.75075,0.0,0.332576492153876,414.621701501608,,,,,
5.125,0.0,0.33180560261511,414.227032532328,,,,,
5.99535,0.0,0.33269622063403,414.755723969037,,,,,
5.79,0.0,0.332579152999804,414.626402999547,,,,,
5.0282,508.302462258431,0.318925517153971,408.011545927213,,,,,
5.4887,0.0,0.332626345704589,414.668105274106,,,,,
5.51835,0.0,0.332647235520799,414.682339789867,,,,,
5.40445,0.0,0.332625960717261,414.733536059306,,,,,
5.81235,0.0,0.332576478480409,414.658122970214,,,,,
5.80895,0.0,0.332608349257998,414.65476220474,,,,,
5.16925,0.0,0.33228156034917,414.447080536035,,,,,
5.19665,0.0,0.33253293876446,414.627994803347,,,,,
5.39795,0.0,0.332672378008729,414.699032846688,,,,,
5.13535,0.0,0.331984912372845,414.332249318166,,,,,
5.1395,0.0,0.332004602696172,414.268995577547,,,,,
5.1723,0.0,0.332255596103652,414.446320356127,,,,,
5.75315,0.0,0.332582706959781,414.689989759052,,,,,
5.17675,0.0,0.332437150029882,414.567181101921,,,,,
5.546,0.0,0.332718248133132,414.754853970532,,,,,
5.791,0.0,0.332576826880166,414.6234935335,,,,,
5.76125,0.0,0.332577115116424,414.626688975811,,,,,
5.59655,0.0,0.332726848794984,414.746250605572,,,,,
5.99105,0.0,0.332576986039118,414.624841956734,,,,,
5.88655,0.0,0.332726363332577,414.744098650132,,,,,
5.37625,0.0,0.33271835638083,414.749715070585,,,,,
5.04105,0.0,0.324348324062384,412.075568597562,,,,,
5.51275,0.0,0.332576996977874,414.669799903502,,,,,
5.9258,0.0,0.332715818017721,414.755506474134,,,,,
5.4139,0.0,0.332599021434936,414.714718558618,,,,,
5.41365,0.0,0.332589886411893,414.704740063443,,,,,
5.8094,0.0,0.332591003213779,414.639901639523,,,,,
5.96485,0.0,0.332665381872084,414.749732064854,,,,,
5.54445,0.0,0.332631492133028,414.736649161346,,,,,
5.45115,0.0,0.332575769647124,414.623213005637,,,,,
5.6009,0.0,0.332576559427324,414.622143535333,,,,,
5.38225,0.0,0.332571948156462,414.646575164695,,,,,
5.77195,0.0,0.332576743745564,414.643764787955,,,,,
5.83,0.0,0.33257902665796,414.626199209063,,,,,
5.14165,0.0,0.331988891295199,414.25762338899,,,,,
5.5619,0.0,0.332576792423064,414.640097973596,,,,,
5.5186,0.0,0.332631834459839,414.671923389925,,,,,
5.3703,0.0,0.332572127554744,414.620580008017,,,,,
5.7371,0.0,0.332714422265118,414.729432760909,,,,,
5.9551,0.0,0.332680922445915,414.753460415256,,,,,
5.412,0.0,0.332574349788252,414.640117210076,,,,,
5.597,0.0,0.332719344822824,414.734140516278,,,,,
5.67845,0.0,0.332638013781001,414.676138700698,,,,,
5.8657,0.0,0.332711155645365,414.756054761249,,,,,
5.49895,0.0,0.332612799788709,414.658248959532,,,,,
5.99185,0.0,0.332576791876126,414.642876088812,,,,,
5.3884,0.0,0.332643209790358,414.679769221128,,,,,
5.8688,0.0,0.332614719875178,414.659637737387,,,,,
5.20475,0.0,0.332471173925202,414.637386085334,,,,,
5.13445,0.0,0.331913429938388,414.298311117862,,,,,
5.05945,0.0,0.328890978993896,412.885961202739,,,,,
5.46425,0.0,0.332617991270114,414.729017618795,,,,,
5.24225,0.0,0.332498720963091,414.59873665687,,,,,
5.2605,0.0,0.332524915667701,414.589609103018,,,,,
5.1995,0.0,0.332418794775629,414.531643359479,,,,,
5.403,0.0,0.332575929353521,414.676944614593,,,,,
5.52825,0.0,0.33265346212853,414.68645714712,,,,,
5.2838,0.0,0.332561435685675,414.689293066627,,,,,
5.7902,0.0,0.332577499066421,414.62372995205,,,,,
5.5475,0.0,0.332698828035597,414.717074585091,,,,,
5.8137,0.0,0.3325987168106,414.713517441602,,,,,
5.79795,0.0,0.332667315324793,414.695577018403,,,,,
5.81825,0.0,0.332647673525207,414.682619562744,,,,,
5.7482,0.0,0.332652297963519,414.685689554828,,,,,
5.71585,0.0,0.332715155951705,414.755613943431,,,,,
5.7196,0.0,0.332586361515524,414.635223715959,,,,,
5.67435,0.0,0.332628265166011,414.735002037293,,,,,
5.194,0.0,0.332389515103405,414.586130714746,,,,,
5.81105,0.0,0.332576918218818,414.624113719192,,,,,
5.96805,0.0,0.332657331895299,414.689014698262,,,,,
5.9683,0.0,0.33264146157358,414.678470937245,,,,,
5.2467,0.0,0.332656424196524,414.702299766199,,,,,
5.73655,0.0,0.332726694081253,414.745254115241,,,,,
5.9602,0.0,0.332577203720309,414.623172143772,,,,,
5.59875,0.0,0.332621974103532,414.664961898633,,,,,
5.3873,0.0,0.33270699018028,414.72397092891,,,,,
5.93275,0.0,0.33257826641815,414.675617659689,,,,,
5.26175,0.0,0.332525201760864,414.600635582807,,,,,
5.19725,0.0,0.332527728997616,414.613909265873,,,,,
5.50605,0.0,0.332719161130286,414.754406189546,,,,,
5.1082,0.0,0.331579158732683,413.991316765223,,,,,
5.1443,0.0,0.332031959995745,414.370672872571,,,,,
5.50545,0.0,0.332692536667186,414.755133358397,,,,,
5.4357,0.0,0.332703278449445,414.75525912623,,,,,
5.4354,0.0,0.3326871681064,414.753842896175,,,,,
5.88505,0.0,0.332676426350728,414.752517598498,,,,,
5.62865,0.0,0.332627073023184,414.668586651319,,,,,
5.2833,0.0,0.332547993787962,414.668278358086,,,,,
5.0086,1628.98544373946,0.316867102765267,402.934202152504,,,,,
5.03195,253.187688045331,0.323727989798616,412.106099283289,,,,,
5.87255,0.0,0.332576960879976,414.666659544383,,,,,
5.73135,0.0,0.332577169263246,414.628259099217,,,,,
5.93355,0.0,0.332594656584545,414.709087277158,,,,,
5.6509,0.0,0.332576600994651,414.622266510232,,,,,
5.25325,0.0,0.33251807288044,414.647685038946,,,,,
5.46675,0.0,0.332724859925359,414.742012074287,,,,,
5.0774,0.0,0.330820494762635,413.494215628857,,,,,
5.37175,0.0,0.332571542869132,414.630868496784,,,,,
5.7812,0.0,0.332577067532847,414.626003245254,,,,,
5.5466,0.0,0.332726610437404,414.745422964911,,,,,
5.5012,0.0,0.332576559427324,414.62446457858,,,,,
5.79595,0.0,0.332719379811868,414.754691300222,,,,,
5.83855,0.0,0.332628943263695,414.669892723707,,,,,
5.5939,0.0,0.332603922731053,414.718456004163,,,,,
5.44595,0.0,0.332714320576686,414.754764483483,,,,,
5.95295,0.0,0.332580547679299,414.684278040605,,,,,
5.7151,0.0,0.332676096645626,414.752443868351,,,,,
5.4209,0.0,0.332574494727898,414.620574629283,,,,,
5.4513,0.0,0.33257595560662,414.625188467864,,,,,
5.1243,0.0,0.331751515707842,414.194246307428,,,,,
5.4661,0.0,0.332719765237804,414.753764737849,,,,,
5.4791,0.0,0.332605772319899,414.652826557719,,,,,
5.86565,0.0,0.33270900047884,414.756171973323,,,,,
5.53565,0.0,0.332703808777347,414.756075529242,,,,,
5.6141,0.0,0.332613605887312,414.726050056975,,,,,
5.76285,0.0,0.332578663493261,414.677479256255,,,,,
5.41285,0.0,0.332575249506923,414.671199241371,,,,,
5.62335,0.0,0.332585934368833,414.696630422671,,,,,
5.97835,0.0,0.332638175098025,414.676250106345,,,,,
5.8276,0.0,0.332688338163695,414.709648575691,,,,,
5.1012,0.0,0.331307211344141,413.779867338232,,,,,
5.0936,0.0,0.331050452158499,413.674846481409,,,,,
5.0177,1224.79077210081,0.33390945876542,415.015406689552,,,,,
5.268,0.0,0.33263110496426,414.673078672593,,,,,
5.7098,0.0,0.332582303873278,414.63060390372,,,,,
5.76855,0.0,0.332630266643903,414.670817144323,,,,,
5.0582,0.0,0.329016609743139,412.94356505368,,,,,
5.90205,0.0,0.33257656106814,414.648414487258,,,,,
5.93865,0.0,0.332621437082777,414.6645816336,,,,,
5.16975,0.0,0.332265622808587,414.432293498344,,,,,
5.7456,0.0,0.332704879271711,414.756214168693,,,,,
5.761,0.0,0.332576810472023,414.623394271247,,,,,
5.15635,0.0,0.33227942265111,414.481784958338,,,,,
5.4847,0.0,0.332645211725155,414.742731171806,,,,,
5.42505,0.0,0.332664968496686,414.748961655293,,,,,
5.69575,0.0,0.332710922197002,414.75606815532,,,,,
5.46915,0.0,0.332603555218384,414.65107503016,,,,,
5.358,0.0,0.332666115120036,414.695010512954,,,,,
5.52815,0.0,0.332659886015131,414.690690215487,,,,,
5.2177,0.0,0.332571529195461,414.636997362735,,,,,
5.87335,0.0,0.332588007747958,414.7000582622,,,,,
5.67245,0.0,0.332576515672238,414.660186822907,,,,,
5.17935,0.0,0.332336714226008,414.48108793678,,,,,
5.8463,0.0,0.33272643986949,414.74968988307,,,,,
5.84,0.0,0.332578990560282,414.626148903677,,,,,
5.6282,0.0,0.332654772287757,414.687322071949,,,,,
5.5481,0.0,0.332662757804461,414.692577844938,,,,,
5.9013,0.0,0.332577182936684,414.628358688259,,,,,
5.50925,0.0,0.332599277384791,414.647451709688,,,,,
5.0162,1326.31864091987,0.331458826445846,412.956973718477,,,,,
5.3945,0.0,0.332628043143405,414.73454080549,,,,,
5.25855,0.0,0.33258741324569,414.644246117642,,,,,
5.2824,0.0,0.332541763017428,414.631737833561,,,,,
5.33715,0.0,0.332706212190931,414.725214747275,,,,,
5.3699,0.0,0.332576881573973,414.627266494882,,,,,
5.16045,0.0,0.332184088136949,414.374341541915,,,,,
5.56335,0.0,0.332585397836809,414.69575728469,,,,,
5.60485,0.0,0.332657819098862,414.747415478892,,,,,
5.9103,0.0,0.332576857508699,414.62247649851,,,,,
5.7303,0.0,0.332577070814473,414.622940597146,,,,,
5.2376,0.0,0.332616959324032,414.665966271368,,,,,
5.44395,0.0,0.332602662139029,414.717706484462,,,,,
5.5678,0.0,0.332681309009939,414.704881222211,,,,,
5.11895,0.0,0.331737181224015,414.096192030969,,,,,
5.8369,0.0,0.332720041322776,414.7348608499,,,,,
5.7307,0.0,0.332576445664087,414.621554114119,,,,,
5.61805,0.0,0.332664618548859,414.693803665727,,,,,
5.40105,0.0,0.332573654624013,414.620842772961,,,,,
5.9361,0.0,0.332724153048272,414.752442570528,,,,,
5.3329,0.0,0.332565308164145,414.665848340672,,,,,
5.92495,0.0,0.33267094106512,414.75121805177,,,,,
5.40885,0.0,0.332617411586964,414.661886681638,,,,,
5.581,0.0,0.332576638733404,414.622804521158,,,,,
5.39285,0.0,0.332573964740733,414.67014980227,,,,,
5.22105,0.0,0.332459944810647,414.548359177034,,,,,
5.05505,0.0,0.326580225373487,411.91687340194,,,,,
5.7606,0.0,0.33257643581919,414.621497196195,,,,,
5.6595,0.0,0.332589477318001,414.638426874864,,,,,
5.43045,0.0,0.332575210674131,414.621461473311,,,,,
5.40305,0.0,0.332576479574287,414.67904442797,,,,,
5.1625,0.0,0.332183390513247,414.408405292628,,,,,
5.63005,0.0,0.332579145889658,414.626416790115,,,,,
5.6166,0.0,0.332726603330409,414.744976082397,,,,,
5.17785,0.0,0.332412691271739,414.536816333475,,,,,
5.03545,0.0,0.320113085512249,410.635680892176,,,,,
5.0059,1695.33218638262,0.305958238892321,394.78814859262,,,,,
5.5107,0.0,0.332576106014959,414.621282840835,,,,,
5.2299,0.0,0.332487937011656,414.571330759357,,,,,
5.1021,0.0,0.331307393623396,413.797296363263,,,,,
5.37095,0.0,0.332570969668394,414.618474692144,,,,,
5.3065,0.0,0.332705506367678,414.736317523355,,,,,
5.938,0.0,0.332661172636684,414.691544680964,,,,,
5.01585,1326.31864091987,0.328242728410145,410.984001821468,,,,,
5.68775,0.0,0.332682075575459,414.70539222333,,,,,
5.26575,0.0,0.332655265509969,414.726303703458,,,,,
5.84975,0.0,0.332582379349486,414.63070353376,,,,,
5.3303,0.0,0.332565207524032,414.616297606125,,,,,
5.94855,0.0,0.332626874514582,414.6684450414,,,,,
5.25015,0.0,0.332515815260369,414.586466598728,,,,,
5.32615,0.0,0.332706375661789,414.745495281336,,,,,
5.47865,0.0,0.33262932496646,414.670194648336,,,,,
5.72105,0.0,0.332576859149513,414.623780063855,,,,,
5.21365,0.0,0.332447817991441,414.615276041567,,,,,
5.28695,0.0,0.332692405447668,414.719647940874,,,,,
5.91935,0.0,0.332591434182359,414.640318948767,,,,,
5.2735,0.0,0.332544446020896,414.671849028443,,,,,
5.2908,0.0,0.332548116859684,414.603540384923,,,,,
5.7216,0.0,0.332577164887745,414.633532356165,,,,,
5.00435,1725.16107644743,0.287994379940156,380.606197156204,,,,,
5.3815,0.0,0.332572616523962,414.626039979184,,,,,
5.20815,0.0,0.332519636849108,414.602578919328,,,,,
5.1691,0.0,0.332287868804831,414.452203808405,,,,,
5.54585,0.0,0.332712871786503,414.755784270895,,,,,
5.02015,1075.72314131441,0.332949477297555,413.320241919731,,,,,
5.24555,0.0,0.332619203679624,414.71028169915,,,,,
5.5771,0.0,0.332716235156904,414.73111699317,,,,,
5.5711,0.0,0.33257676945166,414.623734521841,,,,,
5.46825,0.0,0.332654170249455,414.686944573176,,,,,
5.13825,0.0,0.332055956520859,414.310108709256,,,,,
5.3189,0.0,0.332603229269307,414.65280104207,,,,,
5.11205,0.0,0.331523325211593,413.953548291754,,,,,
5.73485,0.0,0.332660573890767,414.748309923211,,,,,
5.17415,0.0,0.332289883828646,414.526903351361,,,,,
5.8049,0.0,0.332665263218087,414.749695101105,,,,,
5.3155,0.0,0.332674144653496,414.744311969166,,,,,
5.46095,0.0,0.332575687606137,414.621627925782,,,,,
5.51985,0.0,0.33258223824178,414.630687293607,,,,,
5.71165,0.0,0.332577136993929,414.634684998744,,,,,
5.27585,0.0,0.33266926516985,414.7318342514,,,,,
5.1218,0.0,0.331705558510063,414.073899675711,,,,,
5.23445,0.0,0.332531476602731,414.676053463537,,,,,
5.1297,0.0,0.331869676073688,414.179355423505,,,,,
5.4735,0.0,0.332587797183798,414.700433770925,,,,,
5.6689,0.0,0.332612937055298,414.65830078506,,,,,
5.3428,0.0,0.332566998804093,414.663324359597,,,,,
5.7802,0.0,0.332577509458224,414.623765103933,,,,,
5.94305,0.0,0.332582028220897,414.688370592326,,,,,
5.3327,0.0,0.332564250894484,414.657714279852,,,,,
5.07125,0.0,0.329965794798285,413.07575996265,,,,,
5.25135,0.0,0.332513449310601,414.585346564027,,,,,
5.26405,0.0,0.332554131455945,414.688321848925,,,,,
5.75365,0.0,0.332596122296866,414.710755428527,,,,,
5.0751,0.0,0.330186357600443,413.199075888341,,,,,
5.55305,0.0,0.332580007310055,414.682920991429,,,,,
5.48995,0.0,0.332580556430211,414.628694426061,,,,,
5.53335,0.0,0.332585094840768,414.69528560402,,,,,
5.9293,0.0,0.332592910847114,414.641712219882,,,,,
5.0339,0.0,0.323619675030611,413.791035923923,,,,,
5.33365,0.0,0.33257897469918,414.697425643158,,,,,
5.29255,0.0,0.332548182497916,414.641456096119,,,,,
5.3597,0.0,0.332579897923462,414.631297302923,,,,,
5.50475,0.0,0.33264897605176,414.744236814642,,,,,
5.6926,0.0,0.332576906733121,414.666315300649,,,,,
5.6195,0.0,0.332589827344891,414.638780924469,,,,,
5.25265,0.0,0.332513052157615,414.622624093738,,,,,
5.0925,0.0,0.331034828447713,413.614031599293,,,,,
5.3261,0.0,0.332704895673539,414.745956023165,,,,,
5.0535,0.0,0.32678518850137,412.37819849695,,,,,
5.66085,0.0,0.332576549035492,414.621995989209,,,,,
5.3392,0.0,0.332593604330373,414.644709101941,,,,,
5.5336,0.0,0.332591814287431,414.705697330601,,,,,
5.1386,0.0,0.332040365879357,414.298187765072,,,,,
5.1696,0.0,0.332269545267383,414.436298366462,,,,,
5.05495,0.0,0.326570157231958,411.926223282544,,,,,
5.3689,0.0,0.332612302675367,414.658450708044,,,,,
5.5517,0.0,0.332576999712564,414.634545291917,,,,,
5.08745,0.0,0.331164349883502,413.697940484585,,,,,
5.0209,1003.54071103356,0.333094488703234,413.562094305047,,,,,
5.7745,0.0,0.332639198775756,414.740322031426,,,,,
5.29095,0.0,0.332548221333865,414.60394455483,,,,,
5.91065,0.0,0.332576464806942,414.621573105571,,,,,
5.50695,0.0,0.332721224385285,414.736376089607,,,,,
5.8571,0.0,0.332712919350658,414.728104483561,,,,,
5.52455,0.0,0.33263702455049,414.739294701812,,,,,
5.8959,0.0,0.332718845135148,414.754844998426,,,,,
5.7846,0.0,0.332645634967954,414.743030788277,,,,,
5.9898,0.0,0.332580857789592,414.628768780002,,,,,
5.42,0.0,0.332578602783461,414.627191832245,,,,,
5.67865,0.0,0.33262615703898,414.667944533868,,,,,
5.81805,0.0,0.332660479294281,414.691078631233,,,,,
5.5989,0.0,0.332614040654743,414.659137069655,,,,,
5.6737,0.0,0.33259698203258,414.711707822083,,,,,
5.24465,0.0,0.332561064844269,414.692961321694,,,,,
5.436,0.0,0.332715684620545,414.754287913457,,,,,
5.44855,0.0,0.332635355593286,414.674379400285,,,,,
5.0361,0.0,0.318608109831115,409.433391576549,,,,,
5.2588,0.0,0.332572836395792,414.634122369677,,,,,
5.50765,0.0,0.332691095983393,414.711592681427,,,,,
5.093,0.0,0.331036669220053,413.636360420826,,,,,
5.924,0.0,0.332613685184559,414.726100622708,,,,,
5.08435,0.0,0.330709817835081,413.472478196927,,,,,
5.4249,0.0,0.332655324565351,414.746055057637,,,,,
5.95455,0.0,0.33264597345244,414.743164979736,,,,,
5.0996,0.0,0.331317559925345,413.793574104066,,,,,
5.5262,0.0,0.332723260839318,414.752737889739,,,,,
5.8397,0.0,0.332583369836387,414.631874036192,,,,,
5.81145,0.0,0.332577223956996,414.630779374439,,,,,
5.7246,0.0,0.332644410624586,414.742533960509,,,,,
5.69675,0.0,0.332724543935633,414.740541655723,,,,,
5.30585,0.0,0.332687940672729,414.742878201912,,,,,
5.17295,0.0,0.332256968600329,414.47261572596,,,,,
5.67375,0.0,0.332598871583861,414.713687707152,,,,,
5.32835,0.0,0.332638543119282,414.676978078242,,,,,
5.9433,0.0,0.33258728417238,414.69891808645,,,,,
5.2835,0.0,0.33255228595571,414.676805063509,,,,,
5.4648,0.0,0.332650842341412,414.744805054934,,,,,
5.719,0.0,0.332607373064569,414.65400509284,,,,,
5.1405,0.0,0.331988628847782,414.249755246207,,,,,
5.44745,0.0,0.332702013860017,414.719566134576,,,,,
5.2746,0.0,0.332593500417359,414.713060514449,,,,,
5.70855,0.0,0.332631412840026,414.671611149364,,,,,
5.6355,0.0,0.332697960908722,414.755864171917,,,,,
5.84745,0.0,0.332696433863275,414.715335648804,,,,,
5.0287,457.743965937541,0.321102425008932,409.40847700536,,,,,
5.42245,0.0,0.332574413233539,414.655832574907,,,,,
5.89485,0.0,0.332663925760433,414.749315079092,,,,,
5.8715,0.0,0.332577205361122,414.632325657239,,,,,
5.4616,0.0,0.33257628486406,414.630996540744,,,,,
5.89665,0.0,0.332725128352383,414.741484100566,,,,,
5.78615,0.0,0.332724174369413,414.752421789554,,,,,
5.18125,0.0,0.332314752300246,414.457948767867,,,,,
5.89375,0.0,0.332601748822084,414.71648283983,,,,,
5.86765,0.0,0.332684598339954,414.707096077029,,,,,
5.95075,0.0,0.33257656106814,414.621976409793,,,,,
5.43475,0.0,0.332646307015167,414.742937165955,,,,,
5.3177,0.0,0.332675935893765,414.702156126402,,,,,
5.5257,0.0,0.332705992953969,414.756068527668,,,,,
5.82785,0.0,0.332673057110056,414.699365441687,,,,,
5.0424,0.0,0.324368706751822,412.546324036637,,,,,
5.1124,0.0,0.33152289614657,413.966657500336,,,,,
5.2808,0.0,0.332541743872576,414.599512311882,,,,,
5.4282,0.0,0.332657271199856,414.689012000496,,,,,
5.9489,0.0,0.332608547777656,414.654927552544,,,,,
5.8445,0.0,0.332640609608492,414.740937005335,,,,,
5.4059,0.0,0.332710332288112,414.754118722287,,,,,
5.26515,0.0,0.332619484769876,414.720358510173,,,,,
5.2026,0.0,0.332401689469426,414.549972865928,,,,,
5.60645,0.0,0.332726813260034,414.748287618863,,,,,
5.54615,0.0,0.332722388855829,414.753336687778,,,,,
5.66785,0.0,0.332676303326474,414.701525335187,,,,,
5.95555,0.0,0.332705761688888,414.756226522124,,,,,
5.2038,0.0,0.332420701755616,414.601849036994,,,,,
5.04985,0.0,0.326913059040983,412.552322180625,,,,,
5.2166,0.0,0.332597143369505,414.668344157947,,,,,
5.4684,0.0,0.332644622793389,414.680612065151,,,,,
5.5793,0.0,0.332596745769551,414.645218613395,,,,,
5.02755,547.008376045078,0.316412392967066,406.679889891089,,,,,
5.89885,0.0,0.332611722982304,414.657379884365,,,,,
5.2186,0.0,0.33251941037771,414.601127151593,,,,,
5.17485,0.0,0.332333694027304,414.552891163615,,,,,
5.66425,0.0,0.332622415969246,414.731718382939,,,,,
5.6418,0.0,0.332576975647298,414.638046589482,,,,,
5.4016,0.0,0.332574143044043,414.629202749246,,,,,
5.07035,0.0,0.329968448031117,413.080266285228,,,,,
5.7657,0.0,0.332709766433839,414.756137182366,,,,,
5.91955,0.0,0.332586016954216,414.634845031556,,,,,
5.83445,0.0,0.332637344998065,414.739479782216,,,,,
5.75065,0.0,0.332576436913067,414.621499903532,,,,,
5.8073,0.0,0.332704816944759,414.721531251283,,,,,
5.9422,0.0,0.332576430349802,414.654136532498,,,,,
5.03465,0.0,0.322480104385168,412.605263381394,,,,,
5.53625,0.0,0.332724327990924,414.752034418851,,,,,
5.25055,0.0,0.332513132025884,414.581902114098,,,,,
5.17215,0.0,0.332255785527144,414.441179034666,,,,,
5.4587,0.0,0.332626471481603,414.668235037062,,,,,
5.57505,0.0,0.332669963961791,414.750940738129,,,,,
5.20875,0.0,0.332484541788967,414.578496587456,,,,,
5.2111,0.0,0.332433865911869,414.532119979744,,,,,
5.41415,0.0,0.332610420856748,414.724023098455,,,,,
5.5229,0.0,0.332578142263714,414.676144999475,,,,,
5.8488,0.0,0.332615039797366,414.659885831457,,,,,
5.77835,0.0,0.332642189952785,414.678962181554,,,,,
5.96755,0.0,0.332688585843519,414.709830625167,,,,,
5.01305,1481.36826676355,0.317696564134466,402.796120714593,,,,,
5.96555,0.0,0.332705912585271,414.756225121772,,,,,
5.57645,0.0,0.332726721962531,414.748459463393,,,,,
5.27485,0.0,0.332609345683294,414.719785607756,,,,,
5.80135,0.0,0.332577198797872,414.628687887692,,,,,
5.2008,0.0,0.332401559229546,414.510621413627,,,,,
5.1813,0.0,0.332314821268789,414.45856622562,,,,,
5.75045,0.0,0.332576590055881,414.621894591826,,,,,
5.02225,925.492360482822,0.333104008521247,414.326212048391,,,,,
5.3376,0.0,0.332686448573796,414.709175250613,,,,,
5.25555,0.0,0.332633070333255,414.718588072177,,,,,
5.17775,0.0,0.3324173020158,414.540354976822,,,,,
5.5193,0.0,0.332597288846123,414.645730343261,,,,,
5.3669,0.0,0.33271764402286,414.735583846709,,,,,
5.16835,0.0,0.332326107832663,414.480143265476,,,,,
5.9191,0.0,0.332600283681457,414.648227328368,,,,,
5.55295,0.0,0.332578842340986,414.678716876269,,,,,
5.1263,0.0,0.331911766111265,414.256812636652,,,,,
5.81515,0.0,0.332681204577552,414.753514185729,,,,,
5.6789,0.0,0.332612771351002,414.658180437586,,,,,
5.82595,0.0,0.332719675031774,414.754600122223,,,,,
5.0584,0.0,0.329038168225246,412.962683383257,,,,,
5.2072,0.0,0.332563350052136,414.636601632341,,,,,
5.3946,0.0,0.332634077074533,414.737426719119,,,,,
5.4138,0.0,0.332595088642206,414.71079458751,,,,,
5.15745,0.0,0.332289322732506,414.463792150655,,,,,
5.73975,0.0,0.3325830198027,414.631480375862,,,,,
5.044,0.0,0.32409037287102,412.216639791265,,,,,
5.33735,0.0,0.332698561774307,414.718441150002,,,,,
5.4704,0.0,0.332576280488548,414.622339152321,,,,,
5.3786,0.0,0.332630186256908,414.671022466686,,,,,
5.97865,0.0,0.332620730532764,414.664069089041,,,,,
5.07335,0.0,0.329968270524828,413.058308372812,,,,,
5.4077,0.0,0.332687832415135,414.709472312093,,,,,
5.8569,0.0,0.332719847243265,414.734659502792,,,,,
5.32685,0.0,0.332711080745088,414.732583048135,,,,,
5.60765,0.0,0.332689544302561,414.710483115577,,,,,
5.0226,883.786846810983,0.333090981160825,415.08990117334,,,,,
5.6259,0.0,0.33271587159526,414.755469654434,,,,,
5.9257,0.0,0.332711967519546,414.755991316262,,,,,
5.20685,0.0,0.332568792262312,414.64568920452,,,,,
5.15195,0.0,0.332095887903913,414.333714825132,,,,,
5.2075,0.0,0.332553252465261,414.627044313068,,,,,
5.68885,0.0,0.332615137688025,414.659956447753,,,,,
5.67705,0.0,0.332716930023241,414.731737390321,,,,,
5.8298,0.0,0.332581663418685,414.629795523105,,,,,
5.02895,457.743965937541,0.321988991516276,410.054475449345,,,,,
5.32855,0.0,0.33262604438642,414.668605141883,,,,,
5.6012,0.0,0.332576969084044,414.625121724363,,,,,
5.37335,0.0,0.332578585828469,414.689736028806,,,,,
5.8593,0.0,0.332593646989391,414.642405028571,,,,,
5.73515,0.0,0.332679592159214,414.753194778422,,,,,
5.04335,0.0,0.324329684887942,412.620452961329,,,,,
5.8274,0.0,0.332699458970126,414.717517977729,,,,,
5.20785,0.0,0.332536576910018,414.614337696376,,,,,
5.31745,0.0,0.332688878356982,414.71167631525,,,,,
5.70405,0.0,0.332612595802796,414.725334637503,,,,,
5.857,0.0,0.332716649562022,414.731466119529,,,,,
5.0201,1075.72314131441,0.332925351762071,413.291418449904,,,,,
5.2214,0.0,0.332460407682637,414.552313508574,,,,,
5.5138,0.0,0.332598477814292,414.713414251304,,,,,
5.15285,0.0,0.332096144241538,414.367780280097,,,,,
5.5095,0.0,0.332590584276782,414.639618342629,,,,,
5.353,0.0,0.332570421079358,414.672913375856,,,,,
5.0082,1644.56801254043,0.317255716827122,403.481196231456,,,,,
5.821,0.0,0.332576844382185,414.623594952778,,,,,
5.5195,0.0,0.332590543805034,414.63956300679,,,,,
5.6247,0.0,0.332648644678989,414.744193303398,,,,,
5.56735,0.0,0.332706032864948,414.722497142857,,,,,
5.6106,0.0,0.332576427615108,414.6215295744,,,,,
5.16585,0.0,0.332335499691264,414.53069121543,,,,,
5.6059,0.0,0.332715629402846,414.755499371168,,,,,
5.39325,0.0,0.332578668415677,414.686937680362,,,,,
5.7235,0.0,0.332590840780046,414.704256750749,,,,,
5.6063,0.0,0.332725581561672,414.751004282599,,,,,
5.34255,0.0,0.332566212282922,414.653428113839,,,,,
5.09235,0.0,0.331034903177774,413.608970583298,,,,,
5.8914,0.0,0.332577214112121,414.630271360383,,,,,
5.0667,0.0,0.329835989661513,413.070223732529,,,,,
5.43895,0.0,0.332612811273167,414.658375938343,,,,,
5.94175,0.0,0.332576941190211,414.639404618415,,,,,
5.83215,0.0,0.33257649051306,414.651077116091,,,,,
5.44725,0.0,0.332711052315782,414.726782449102,,,,,
5.5628,0.0,0.332577608453804,414.672640029201,,,,,
5.93395,0.0,0.332611363681473,414.724436549371,,,,,
5.34985,0.0,0.332575126445243,414.626739846703,,,,,
5.0353,0.0,0.32057722469829,410.99817394038,,,,,
5.17455,0.0,0.332313143577564,414.542746178978,,,,,
5.22865,0.0,0.332538012793228,414.612704172494,,,,,
5.83125,0.0,0.33257714574493,414.627067311736,,,,,
5.3853,0.0,0.332677401247985,414.750946812988,,,,,
5.3527,0.0,0.33256846792002,414.660611536936,,,,,
5.279,0.0,0.332579324737124,414.637171153749,,,,,
5.9614,0.0,0.332577210283559,414.630752794077,,,,,
5.15755,0.0,0.332286673251103,414.460933561443,,,,,
5.33085,0.0,0.332563854896084,414.613600144023,,,,,
5.2392,0.0,0.33252709172003,414.602783770523,,,,,
5.59955,0.0,0.33258859896765,414.637555669406,,,,,
5.2011,0.0,0.33240182189816,414.511795507627,,,,,
5.72565,0.0,0.33270693386769,414.756217938437,,,,,
5.4633,0.0,0.332582848614216,414.691783950462,,,,,
5.13035,0.0,0.33186024143355,414.167319172703,,,,,
5.83525,0.0,0.332687598950406,414.75463529217,,,,,
5.5815,0.0,0.332577122226613,414.630205290023,,,,,
5.4559,0.0,0.3327128001669,414.755163079505,,,,,
5.5751,0.0,0.332673132565674,414.751727830598,,,,,
5.79385,0.0,0.332604626035416,414.719063667349,,,,,
5.12145,0.0,0.331705432383855,414.066350359435,,,,,
5.0123,1515.57163720433,0.317728520861997,403.02623125698,,,,,
5.19075,0.0,0.332362368388182,414.48581695982,,,,,
5.68635,0.0,0.332726409254727,414.749719856304,,,,,
5.8966,0.0,0.332725807346045,414.742779611791,,,,,
5.45445,0.0,0.332628834986899,414.735210856639,,,,,
5.1131,0.0,0.331525856244993,414.001693928511,,,,,
5.5219,0.0,0.332576666080324,414.639624285244,,,,,
5.04175,0.0,0.324366773182391,412.255502624428,,,,,
5.4312,0.0,0.332575280135601,414.623375086622,,,,,
5.7903,0.0,0.332576996977874,414.622776894437,,,,,
5.05865,0.0,0.329031118586754,412.967424313318,,,,,
5.99,0.0,0.332578514179948,414.625424689764,,,,,
5.32185,0.0,0.332561623294075,414.62681362556,,,,,
5.74995,0.0,0.332579882062403,414.627450636867,,,,,
5.6424,0.0,0.332576428162047,414.657910924879,,,,,
5.95335,0.0,0.332588688662313,414.701142096479,,,,,
5.7859,0.0,0.332717688306094,414.755130115263,,,,,
5.26445,0.0,0.332574930640341,414.702572687201,,,,,
5.7863,0.0,0.332726265474641,414.75003924673,,,,,
5.4049,0.0,0.332653902858796,414.74531208824,,,,,
5.24755,0.0,0.332634250424028,414.677066330206,,,,,
5.0125,1501.67400019326,0.317730755886299,402.964328939645,,,,,
5.7581,0.0,0.332658512993613,414.689786510447,,,,,
5.3976,0.0,0.332693016164734,414.713179418509,,,,,
5.99025,0.0,0.332576941190211,414.622657195032,,,,,
5.3667,0.0,0.332720319594326,414.740746127372,,,,,
5.13965,0.0,0.332000451925443,414.264915551621,,,,,
5.6622,0.0,0.332576473011022,414.650883768597,,,,,
5.66445,0.0,0.332633972080474,414.737894936716,,,,,
5.38975,0.0,0.332581636072176,414.631769707852,,,,,
5.9263,0.0,0.332726632305079,414.749209290266,,,,,
5.17035,0.0,0.332256779177511,414.420945923622,,,,,
5.9935,0.0,0.332593626753704,414.707851634762,,,,,
5.56455,0.0,0.332637959644084,414.73974654166,,,,,
5.43125,0.0,0.332575344127651,414.624025581077,,,,,
5.8187,0.0,0.33262084756205,414.66414711138,,,,,
5.3711,0.0,0.332571170945101,414.619575992149,,,,,
5.44815,0.0,0.332660631851606,414.691211494923,,,,,
5.09985,0.0,0.331313017328356,413.788126488733,,,,,
5.21,0.0,0.332438767454287,414.539186577789,,,,,
5.8038,0.0,0.332602624950125,414.717280318992,,,,,
5.8621,0.0,0.332576517313053,414.649678238747,,,,,
5.5663,0.0,0.332725335549468,414.751176371317,,,,,
5.28145,0.0,0.332542462624292,414.60545276918,,,,,
5.2001,0.0,0.332405319201531,414.517035158208,,,,,
5.9905,0.0,0.332576448945719,414.621521127076,,,,,
5.23765,0.0,0.332614477062235,414.664107581828,,,,,
5.95125,0.0,0.332577165434683,414.627743766277,,,,,
5.80615,0.0,0.332724306669793,414.752330447956,,,,,
5.8945,0.0,0.332641621248437,414.741372536356,,,,,
5.2098,0.0,0.332442571872482,414.54366058199,,,,,
5.48175,0.0,0.332576521141624,414.634946865143,,,,,
5.18405,0.0,0.332343769276967,414.558701556197,,,,,
5.15095,0.0,0.332095265681846,414.317016729802,,,,,
5.2155,0.0,0.332553269968521,414.67196453784,,,,,
5.3724,0.0,0.332570834025326,414.651132117391,,,,,
5.665,0.0,0.332668728225436,414.750641157792,,,,,
5.19925,0.0,0.332428032445978,414.539688423982,,,,,
5.7468,0.0,0.332723273960055,414.738698689999,,,,,
5.46025,0.0,0.332576959239162,414.623814977539,,,,,
5.96145,0.0,0.332577202079497,414.631852598235,,,,,
5.12845,0.0,0.331914238831565,414.217366034109,,,,,
5.2201,0.0,0.33246343657848,414.553819881892,,,,,
5.21385,0.0,0.332454625019271,414.623838901008,,,,,
5.1833,0.0,0.332320119761642,414.525203939556,,,,,
5.4206,0.0,0.332574481054349,414.620426681844,,,,,
5.9955,0.0,0.332703985370883,414.756200754003,,,,,
5.1223,0.0,0.331705006844643,414.090327781204,,,,,
5.34105,0.0,0.332566384026924,414.616094606856,,,,,
5.65315,0.0,0.332582115729614,414.688603529809,,,,,
5.326,0.0,0.332701521800575,414.746681825359,,,,,
5.85015,0.0,0.332577687212697,414.624072591096,,,,,
5.87845,0.0,0.332634088558256,414.67345435711,,,,,
5.44795,0.0,0.332673375882584,414.699620807135,,,,,
5.1586,0.0,0.332239414230511,414.424484163333,,,,,
5.06115,0.0,0.328779544650354,412.762933644712,,,,,
5.69005,0.0,0.332578964854357,414.626124141016,,,,,
5.6179,0.0,0.332674167071398,414.700106148203,,,,,
5.0272,554.43460652318,0.315974938537069,406.572290457307,,,,,
5.0602,0.0,0.32879465037897,412.787994920537,,,,,
5.74125,0.0,0.332577101442983,414.62658283665,,,,,
5.43065,0.0,0.332574803749953,414.620515517511,,,,,
5.46285,0.0,0.33257693900246,414.672865497094,,,,,
5.3621,0.0,0.332569851158384,414.639948542582,,,,,
5.13185,0.0,0.331859643435061,414.178628087457,,,,,
5.43805,0.0,0.33266698834461,414.695408007226,,,,,
5.6729,0.0,0.33257885765516,414.678340227543,,,,,
5.0694,0.0,0.330028021355183,413.146193848269,,,,,
5.9059,0.0,0.332718942995266,414.754814962479,,,,,
5.9369,0.0,0.332719061083415,414.733846302627,,,,,
5.04385,0.0,0.32417208257792,412.339373957063,,,,,
5.53605,0.0,0.332719645509795,414.754425082323,,,,,
5.4194,0.0,0.332593073279836,414.642439855399,,,,,
5.0049,1715.27221824744,0.290971927839442,383.778444020138,,,,,
5.57875,0.0,0.332622286909519,414.665202330391,,,,,
5.21895,0.0,0.332500152086202,414.587389863429,,,,,
5.59785,0.0,0.33267768611647,414.702445475717,,,,,
5.14015,0.0,0.331991287282585,414.254138799161,,,,,
5.55945,0.0,0.332591836163969,414.640743699046,,,,,
5.1954,0.0,0.332477708018585,414.62901633247,,,,,
5.53815,0.0,0.33265971705341,414.690580961507,,,,,
5.3844,0.0,0.332621207399501,414.730850844475,,,,,
5.69935,0.0,0.332593701680431,414.642461760507,,,,,
5.3248,0.0,0.332633674050281,414.735061209983,,,,,
5.9319,0.0,0.332576749214946,414.643828420542,,,,,
5.42235,0.0,0.332574409404944,414.652161563935,,,,,
5.97975,0.0,0.332581665059475,414.629821584806,,,,,
5.40375,0.0,0.332592573949362,414.708318409738,,,,,
5.3482,0.0,0.332652008151962,414.685743341619,,,,,
5.32395,0.0,0.332586979537293,414.707582942223,,,,,
5.23555,0.0,0.332602306656684,414.700133978658,,,,,
5.8628,0.0,0.332578498865759,414.676750527134,,,,,
5.6527,0.0,0.33257728630786,414.669812152418,,,,,
5.6238,0.0,0.332600175395332,414.71499479614,,,,,
5.04945,0.0,0.326992777855811,412.615667486048,,,,,
5.94905,0.0,0.332601918360149,414.649599424186,,,,,
5.1341,0.0,0.331892404052536,414.281376450967,,,,,
5.7095,0.0,0.332589033767771,414.637979495966,,,,,
5.1254,0.0,0.331841170725497,414.24105745688,,,,,
5.71135,0.0,0.332577176920371,414.628138162874,,,,,
5.4851,0.0,0.332670800541762,414.750971191247,,,,,
5.2157,0.0,0.332565336058953,414.673678464138,,,,,
5.7725,0.0,0.332576680300721,414.663392052266,,,,,
5.6945,0.0,0.332637597637402,414.739600959055,,,,,
5.2678,0.0,0.332642951686989,414.681154813537,,,,,
5.33195,0.0,0.332564342783548,414.631473925235,,,,,
5.2986,0.0,0.3326129009613,414.660178554849,,,,,
5.4718,0.0,0.332576336823261,414.636085739445,,,,,
5.1867,0.0,0.33248989556779,414.60054713251,,,,,
5.725,0.0,0.332669978724986,414.75097205262,,,,,
5.5598,0.0,0.332583072307777,414.631595106691,,,,,
5.61565,0.0,0.332705224803375,414.756198708296,,,,,
5.38935,0.0,0.332593528856713,414.643263474366,,,,,
5.92675,0.0,0.332723102297035,414.738458317128,,,,,
5.93795,0.0,0.332664385614632,414.693658413472,,,,,
5.54745,0.0,0.3327014151876,414.718981053589,,,,,
5.0938,0.0,0.331059956578997,413.6902437558,,,,,
5.7333,0.0,0.332585631920204,414.696051406575,,,,,
5.2631,0.0,0.332527640927567,414.648662743505,,,,,
5.4223,0.0,0.332574436205105,414.650377656921,,,,,
5.7252,0.0,0.332682455576969,414.753750583418,,,,,
5.63515,0.0,0.332677556531412,414.752758818514,,,,,
5.55815,0.0,0.332659359444825,414.690344704934,,,,,
5.25795,0.0,0.332624475449473,414.669059288535,,,,,
5.9104,0.0,0.332576593884451,414.621887011956,,,,,
5.7569,0.0,0.332720769529957,414.735657789668,,,,,
5.03795,0.0,0.321903594927097,410.557187819852,,,,,
5.27405,0.0,0.332563753161612,414.694270276388,,,,,
5.0327,126.464256858937,0.323725339361085,413.133106310843,,,,,
5.2906,0.0,0.332548267827599,414.603932058125,,,,,
5.2644,0.0,0.332572063015129,414.700927497741,,,,,
5.1446,0.0,0.332051528655889,414.383644131947,,,,,
5.9364,0.0,0.332726942279217,414.747143185605,,,,,
5.2818,0.0,0.33254244238549,414.612989580423,,,,,
5.4806,0.0,0.332575901459601,414.621274319326,,,,,
5.1522,0.0,0.332095564195219,414.341691931769,,,,,
5.9125,0.0,0.332576824692414,414.665186459176,,,,,
5.53915,0.0,0.332603142859935,414.650636533383,,,,,
5.426,0.0,0.332715217183299,414.754092837747,,,,,
5.8275,0.0,0.332694053342358,414.713632199997,,,,,
5.42225,0.0,0.332574477772698,414.648630508351,,,,,
5.3659,0.0,0.33270623132632,414.751992747301,,,,,
5.30795,0.0,0.332657776448073,414.689926656145,,,,,
5.7085,0.0,0.332634395884417,414.673665884281,,,,,
5.62845,0.0,0.33263899644654,414.676801722902,,,,,
5.3011,0.0,0.332553594872612,414.608260769123,,,,,
5.2546,0.0,0.332572235850002,414.700144817546,,,,,
5.56055,0.0,0.33257640901919,414.621662155483,,,,,
5.56105,0.0,0.332576670455831,414.623172388116,,,,,
5.91105,0.0,0.332576956504473,414.624507712711,,,,,
5.94015,0.0,0.332577494690925,414.623744318278,,,,,
5.78025,0.0,0.33257723161412,414.623251959774,,,,,
5.05655,0.0,0.327689520479682,412.310663837426,,,,,
5.5605,0.0,0.332576496529385,414.621875989241,,,,,
5.55685,0.0,0.332723406807491,414.738955647402,,,,,
5.18295,0.0,0.332315854153105,414.509541498091,,,,,
5.1663,0.0,0.332359355537449,414.531646574353,,,,,
5.47325,0.0,0.332582137059861,414.689910601655,,,,,
5.91015,0.0,0.332577571262098,414.623851330114,,,,,
5.13315,0.0,0.331862455279253,414.232027034785,,,,,
5.9588,0.0,0.332613236197829,414.658527589146,,,,,
5.2689,0.0,0.332576830708733,414.636157722888,,,,,
5.5006,0.0,0.332576080855751,414.621383638801,,,,,
5.4777,0.0,0.332688508204389,414.709805721832,,,,,
5.90575,0.0,0.332713703338168,414.755812822431,,,,,
5.27665,0.0,0.332688473212099,414.722810167477,,,,,
5.58365,0.0,0.33259410530003,414.708481377803,,,,,
5.0002,1734.75351933392,0.291815816218712,390.563811958989,,,,,
5.2076,0.0,0.332548949370309,414.623560741725,,,,,
5.09635,0.0,0.331360341501409,413.869392983073,,,,,
5.88915,0.0,0.332598697122123,414.646880659103,,,,,
5.76295,0.0,0.332579743141371,414.681672310879,,,,,
5.51895,0.0,0.33261260783414,414.658089649938,,,,,
5.144,0.0,0.332016013213074,414.356579576373,,,,,
5.29195,0.0,0.332548648528996,414.621157677507,,,,,
5.16905,0.0,0.332290109909067,414.453964827555,,,,,
5.4747,0.0,0.332644878708156,414.742572013277,,,,,
5.71975,0.0,0.332583149424593,414.631624053866,,,,,
5.24785,0.0,0.332618410719461,414.665596882351,,,,,
5.6514,0.0,0.332577170904058,414.628700156775,,,,,
5.8458,0.0,0.332714863461345,414.75565754178,,,,,
5.8903,0.0,0.332576881573973,414.622523878659,,,,,
5.56525,0.0,0.332682219374642,414.753659724449,,,,,
5.286,0.0,0.332683012729479,414.735801299646,,,,,
5.66605,0.0,0.332721007891721,414.754117410961,,,,,
5.86425,0.0,0.332626078291564,414.73381432854,,,,,
5.0471,0.0,0.324799552038977,411.448238535501,,,,,
5.16175,0.0,0.332184099636229,414.384137368068,,,,,
5.16285,0.0,0.332184221747601,414.423036437906,,,,,
5.87195,0.0,0.332576713663959,414.644797235562,,,,,
5.862,0.0,0.332576634357897,414.646313363068,,,,,
5.4184,0.0,0.332644325866393,414.680460000732,,,,,
5.43135,0.0,0.332575451327981,414.625514864492,,,,,
5.65755,0.0,0.332694325621451,414.713830189656,,,,,
5.0154,1378.91578575946,0.323793088116307,408.059048282148,,,,,
5.07825,0.0,0.330779924946112,413.471320221099,,,,,
5.6078,0.0,0.332680583996987,414.704382016071,,,,,
5.33635,0.0,0.332713502147686,414.744556631865,,,,,
5.10675,0.0,0.331585868941291,414.022018271568,,,,,
5.7231,0.0,0.332581675451148,414.687457940053,,,,,
5.54305,0.0,0.332579930739444,414.682762287289,,,,,
5.94005,0.0,0.332578207896021,414.624957838904,,,,,
5.70665,0.0,0.332725935272232,414.743069707063,,,,,
5.70835,0.0,0.33264361827134,414.679911867753,,,,,
5.1937,0.0,0.332378063776812,414.573160143895,,,,,
5.8758,0.0,0.332715239598434,414.755605319937,,,,,
5.36965,0.0,0.332582356378468,414.633333273083,,,,,
5.1138,0.0,0.331544545679738,414.044149883301,,,,,
5.3536,0.0,0.332581854297254,414.698220285326,,,,,
5.64085,0.0,0.33257652661101,414.621957599298,,,,,
5.7558,0.0,0.332713758009473,414.755808047105,,,,,
5.8778,0.0,0.332675180796403,414.70077614654,,,,,
5.94405,0.0,0.332616572685221,414.728070110742,,,,,
5.13115,0.0,0.331859139164188,414.165857747878,,,,,
5.78825,0.0,0.332648285964859,414.683029271443,,,,,
5.6382,0.0,0.332654557391377,414.687189585452,,,,,
5.4267,0.0,0.332724514414086,414.742953959561,,,,,
5.95855,0.0,0.332626686942985,414.668314516734,,,,,
5.01155,1532.53584139634,0.317727672418839,403.301667740105,,,,,
5.41855,0.0,0.332635007254831,414.674188114315,,,,,
5.65885,0.0,0.332615634250255,414.660325946289,,,,,
5.03685,0.0,0.318770992060083,409.168456521845,,,,,
5.1419,0.0,0.331988800342673,414.263951254166,,,,,
5.69395,0.0,0.332607647602171,414.721586170212,,,,,
5.4108,0.0,0.332573957630477,414.619963208973,,,,,
5.7958,0.0,0.332714253877805,414.755745294037,,,,,
5.94255,0.0,0.332577030888018,414.667570896041,,,,,
5.94605,0.0,0.332723217103524,414.753067140539,,,,,
5.7966,0.0,0.332726165976599,414.743592722231,,,,,
5.28525,0.0,0.332643135421611,414.732232993501,,,,,
5.69435,0.0,0.33262864413529,414.7352046692,,,,,
5.47565,0.0,0.332702350646949,414.755746701667,,,,,
5.29675,0.0,0.332700800112076,414.728238377799,,,,,
5.50935,0.0,0.332595521246214,414.644185145919,,,,,
5.32475,0.0,0.332630490305574,414.733813920741,,,,,
5.03775,0.0,0.321263824059679,410.231199898933,,,,,
5.67345,0.0,0.332588926571819,414.701509632525,,,,,
5.9706,0.0,0.332576440741638,414.621522403725,,,,,
5.40595,0.0,0.332712250171573,414.753871824882,,,,,
5.4496,0.0,0.332587496377625,414.636847029217,,,,,
5.8719,0.0,0.332576784218991,414.643217722868,,,,,
5.86795,0.0,0.332665859221605,414.69461732799,,,,,
5.31,0.0,0.332562256676755,414.617180954569,,,,,
5.78165,0.0,0.332577108553173,414.635265802416,,,,,
5.00345,1729.86824733953,0.290333867263731,382.953022300765,,,,,
5.26835,0.0,0.332609257634857,414.658539725857,,,,,
5.4042,0.0,0.332612216815232,414.725324878512,,,,,
5.2841,0.0,0.332573945597734,414.701030022153,,,,,
5.96,0.0,0.332578605518136,414.625564844652,,,,,
5.99795,0.0,0.332663144936389,414.69283465543,,,,,
5.084,0.0,0.330674046070955,413.438529827217,,,,,
5.37785,0.0,0.332677370081937,414.702435902557,,,,,
5.42845,0.0,0.332641363690667,414.678462241016,,,,,
5.48305,0.0,0.332579258011169,414.68167369739,,,,,
5.29805,0.0,0.332647386990553,414.683169880214,,,,,
5.13015,0.0,0.331862035970666,414.170124245593,,,,,
5.91625,0.0,0.33272620861862,414.750179124572,,,,,
5.3934,0.0,0.332581672169567,414.693284804919,,,,,
5.72245,0.0,0.332576543566106,414.660815738642,,,,,
5.27065,0.0,0.332534068338797,414.594802286056,,,,,
5.63485,0.0,0.332658459406836,414.74763578146,,,,,
5.6211,0.0,0.33257684875769,414.623955971895,,,,,
5.7385,0.0,0.332633799277679,414.673266727877,,,,,
5.56415,0.0,0.33261523612553,414.727183833865,,,,,
5.5459,0.0,0.332714793482304,414.755540009244,,,,,
5.43345,0.0,0.332585236494187,414.69722560216,,,,,
5.96695,0.0,0.332717132851773,414.731930401625,,,,,
5.11415,0.0,0.331562999804408,414.065906795916,,,,,
5.1866,0.0,0.332488611565951,414.602122385944,,,,,
5.45225,0.0,0.332575387882892,414.649555373751,,,,,
5.8643,0.0,0.33262895802871,414.735368491425,,,,,
5.44715,0.0,0.332714861821211,414.73016843997,,,,,
5.9719,0.0,0.33257672296191,414.644239270633,,,,,
5.7112,0.0,0.332577052765528,414.625660377374,,,,,
5.9873,0.0,0.332701915994919,414.71934486812,,,,,
5.84095,0.0,0.332576782031239,414.623162907143,,,,,
5.331,0.0,0.332564007497733,414.614254862122,,,,,
5.72495,0.0,0.332666787125876,414.750122220306,,,,,
5.25635,0.0,0.332666112932871,414.716289081559,,,,,
5.46635,0.0,0.332724844071211,414.750450031859,,,,,
5.8293,0.0,0.332593989902065,414.642704442427,,,,,
5.6378,0.0,0.332679984192469,414.703995333207,,,,,
5.07725,0.0,0.330811487681293,413.490354822424,,,,,
5.03695,0.0,0.318958359596807,409.227313756451,,,,,
5.5786,0.0,0.332630862710127,414.671247027625,,,,,
5.54375,0.0,0.332597108914507,414.711911777301,,,,,
5.0837,0.0,0.330654884393619,413.41457104221,,,,,
5.12835,0.0,0.33191824490625,414.220597194714,,,,,
5.3492,0.0,0.332595365924486,414.64579666913,,,,,
5.33975,0.0,0.33257542234014,414.628011017066,,,,,
5.5567,0.0,0.332725806799352,414.74296400316,,,,,
5.1759,0.0,0.332407089454505,414.572351248463,,,,,
5.6743,0.0,0.332625399641181,414.733437251408,,,,,
5.5273,0.0,0.332708791084697,414.724698128528,,,,,
5.2366,0.0,0.332640351503106,414.694673106464,,,,,
5.8113,0.0,0.332577180748934,414.627823891496,,,,,
5.03865,0.0,0.323677449627962,411.586540358468,,,,,
5.04325,0.0,0.324343767980972,412.649207730226,,,,,
5.42605,0.0,0.332716851844017,414.753704732613,,,,,
5.26,0.0,0.33252942037564,414.596525778188,,,,,
5.8924,0.0,0.332576563802833,414.661020719374,,,,,
5.03205,253.187688045331,0.323728400538636,412.221972779058,,,,,
5.0009,1734.67251302633,0.291844705107988,390.59522404395,,,,,
5.69995,0.0,0.332580075129725,414.627733929188,,,,,
5.55445,0.0,0.332631718528115,414.736768827122,,,,,
5.16015,0.0,0.332186534189015,414.378300733658,,,,,
5.3644,0.0,0.332618566030428,414.729261048369,,,,,
5.62505,0.0,0.332671061357441,414.751236561169,,,,,
5.2602,0.0,0.332526884399418,414.593013922297,,,,,
5.45285,0.0,0.332576716945589,414.672604553423,,,,,
5.55885,0.0,0.332617222369415,414.661511540591,,,,,
5.9792,0.0,0.3325957487596,414.644309759616,,,,,
5.7803,0.0,0.332577002447253,414.622803613921,,,,,
5.34615,0.0,0.332711338248889,414.748336882701,,,,,
5.192,0.0,0.332362906374822,414.504147224487,,,,,
5.8444,0.0,0.332634498690969,414.738150295661,,,,,
5.5999,0.0,0.332581209466347,414.629254811879,,,,,
5.55985,0.0,0.332582165500187,414.630504482465,,,,,
5.4577,0.0,0.332688549210974,414.70986829004,,,,,
5.9663,0.0,0.332726703921705,414.748962867025,,,,,
5.64605,0.0,0.332720813812774,414.754180430175,,,,,
5.33325,0.0,0.332569467746507,414.680586045692,,,,,
5.162,0.0,0.332183892649137,414.390936760835,,,,,
5.939,0.0,0.332604169379953,414.651453651668,,,,,
5.16545,0.0,0.332307749729202,414.525330970334,,,,,
5.5179,0.0,0.332675958311546,414.701307586616,,,,,
5.01815,1207.65760585484,0.332933707771812,414.269885995151,,,,,
5.18615,0.0,0.332475192985031,414.606111947216,,,,,
5.55085,0.0,0.332576387141637,414.621743015703,,,,,
5.3835,0.0,0.332583177864833,414.696827858691,,,,,
5.58945,0.0,0.332591588412095,414.640489696782,,,,,
5.2363,0.0,0.332635593469415,414.699144374615,,,,,
5.4369,0.0,0.332721815368263,414.737808463184,,,,,
5.147,0.0,0.332197742429611,414.415027237969,,,,,
5.02355,814.829426193225,0.333433418965555,417.812042769648,,,,,
5.08205,0.0,0.330636948435973,413.360621744291,,,,,
5.94035,0.0,0.332576664439509,414.622092616244,,,,,
5.9005,0.0,0.332576465900819,414.621568410327,,,,,
5.9133,0.0,0.332587053918597,414.698510467991,,,,,
5.6908,0.0,0.33257651457836,414.621811987569,,,,,
5.0586,0.0,0.329035041459434,412.968044419097,,,,,
5.7691,0.0,0.332602271108428,414.649890897287,,,,,
5.30425,0.0,0.332593191412676,414.713728092579,,,,,
5.4801,0.0,0.332578563404125,414.62603013613,,,,,
5.9299,0.0,0.332579785802166,414.627305323337,,,,,
5.74965,0.0,0.332584990925095,414.633732150326,,,,,
5.1682,0.0,0.332334107267421,414.485804217102,,,,,
5.8961,0.0,0.332723913048673,414.752622332062,,,,,
5.685,0.0,0.332669143783307,414.75075341701,,,,,
5.63325,0.0,0.332583836365088,414.692554681376,,,,,
5.0705,0.0,0.329966503725664,413.076452506287,,,,,
5.62395,0.0,0.332606582263758,414.720722645833,,,,,
5.78425,0.0,0.332624600680334,414.732987882484,,,,,
5.3333,0.0,0.332570354898565,414.682710662995,,,,,
5.5666,0.0,0.332726619184474,414.745307081117,,,,,
5.4317,0.0,0.332575508756715,414.632617825814,,,,,
5.85785,0.0,0.332672431046483,414.698959014569,,,,,
5.04075,0.0,0.324350547680553,412.080082533755,,,,,
5.325,0.0,0.332646578239695,414.739493263635,,,,,
5.3661,0.0,0.332713284555669,414.750696671503,,,,,
5.10655,0.0,0.331576618780164,414.022082685803,,,,,
5.08985,0.0,0.331041080987679,413.598318174122,,,,,
5.38635,0.0,0.332721119418726,414.748803650842,,,,,
5.22875,0.0,0.332532300949846,414.608704888568,,,,,
5.2595,0.0,0.332541380120163,414.609206117219,,,,,
5.40835,0.0,0.332647228412109,414.682406672947,,,,,
5.1561,0.0,0.332266952562891,414.481760217941,,,,,
5.26825,0.0,0.332615539640989,414.662715326577,,,,,
5.6205,0.0,0.332576538643659,414.621838412456,,,,,
5.21375,0.0,0.332451027012763,414.619589674571,,,,,
5.02615,624.117664275658,0.321341509491437,409.994166177888,,,,,
5.15445,0.0,0.332147657516299,414.442213242058,,,,,
5.74915,0.0,0.332600482205929,414.64840253249,,,,,
5.58095,0.0,0.332576569272218,414.622413471652,,,,,
5.9992,0.0,0.33259552835601,414.644103717277,,,,,
5.7867,0.0,0.332724897647296,414.741102171412,,,,,
5.26265,0.0,0.332524683729659,414.630080406739,,,,,
5.90305,0.0,0.332581817652952,414.687820245531,,,,,
5.0766,0.0,0.330698125179391,413.44111843128,,,,,
5.59095,0.0,0.332576604276282,414.622446243376,,,,,
5.6881,0.0,0.332659965301346,414.69074367748,,,,,
5.5801,0.0,0.332578733500945,414.625861125826,,,,,
5.14155,0.0,0.331988848558473,414.255535840788,,,,,
5.41345,0.0,0.33258424655977,414.696436691541,,,,,
5.48635,0.0,0.33272521144991,414.750512727864,,,,,
5.37445,0.0,0.332622884630631,414.731698096846,,,,,
5.60355,0.0,0.332591134473304,414.704679750394,,,,,
5.6961,0.0,0.332722505849357,414.753452634862,,,,,
5.8763,0.0,0.332726529526994,414.74951382674,,,,,
5.69355,0.0,0.332592072977398,414.705909641849,,,,,
5.06495,0.0,0.328867785839893,412.638587093811,,,,,
5.31365,0.0,0.33257248744491,414.693271460649,,,,,
5.27495,0.0,0.332615869952993,414.722098611224,,,,,
5.7547,0.0,0.332651376580619,414.745215395495,,,,,
5.1638,0.0,0.332202513305159,414.46713088224,,,,,
5.4647,0.0,0.33264449155497,414.74238638067,,,,,
5.3115,0.0,0.332558282973575,414.616533502762,,,,,
5.074,0.0,0.329989490669876,413.074087760604,,,,,
5.91675,0.0,0.332723179381396,414.738553147305,,,,,
5.08005,0.0,0.330641368287796,413.363006994988,,,,,
5.50755,0.0,0.332696647639125,414.715524755602,,,,,
5.25455,0.0,0.332569178956671,414.698620732743,,,,,
5.35335,0.0,0.332575650414216,414.687719364489,,,,,
5.84155,0.0,0.332577179108121,414.633270446736,,,,,
5.54935,0.0,0.332595251073866,414.64389005298,,,,,
5.96215,0.0,0.332576456055923,414.652571262925,,,,,
5.7559,0.0,0.332717377776627,414.755205120868,,,,,
5.71235,0.0,0.332576448945719,414.656902003389,,,,,
5.18305,0.0,0.332316725561224,414.513949041161,,,,,
5.3024,0.0,0.332553300599223,414.639250935699,,,,,
5.43735,0.0,0.332706642463551,414.723199803391,,,,,
5.24125,0.0,0.332499051391145,414.574921196577,,,,,
5.46775,0.0,0.332685609299378,414.70782761485,,,,,
5.284,0.0,0.332569408675879,414.697227285821,,,,,
5.57745,0.0,0.332700967412731,414.718658867486,,,,,
5.64535,0.0,0.332689790341231,414.754949820786,,,,,
5.01985,1075.72314131441,0.332777487708708,413.150118233757,,,,,
5.07685,0.0,0.330755962332505,413.466237218584,,,,,
5.1253,0.0,0.331832227527774,414.237929225146,,,,,
5.9964,0.0,0.332726939545761,414.746724779972,,,,,
5.78885,0.0,0.332613493230501,414.658724608532,,,,,
5.80655,0.0,0.332726567248742,414.744720583836,,,,,
5.75195,0.0,0.332576759059834,414.643560187918,,,,,
5.1505,0.0,0.332095783835163,414.31812574726,,,,,
5.82905,0.0,0.332603572718996,414.650952422012,,,,,
5.03615,0.0,0.318547527442642,409.375174870116,,,,,
5.015,1381.95521363818,0.320326409364092,405.494462537735,,,,,
5.1596,0.0,0.332197370087078,414.390712508918,,,,,
5.7291,0.0,0.332602804878756,414.650339737944,,,,,
5.3664,0.0,0.332719597946602,414.746817776097,,,,,
5.6243,0.0,0.33262445849682,414.732903084062,,,,,
5.66845,0.0,0.332638216657653,414.676271144004,,,,,
5.20925,0.0,0.332460088705909,414.559975615651,,,,,
5.13565,0.0,0.332009959831208,414.339437032101,,,,,
5.75675,0.0,0.332724214278211,414.74001156191,,,,,
5.5748,0.0,0.332653926371685,414.746102604307,,,,,
5.5667,0.0,0.332725778917997,414.742893095154,,,,,
5.94955,0.0,0.332585783964938,414.634599293285,,,,,
5.86725,0.0,0.332706261396214,414.722655101484,,,,,
5.9532,0.0,0.332585000769739,414.694852032771,,,,,
5.65735,0.0,0.332704737122504,414.72147681131,,,,,
5.2291,0.0,0.332514201492989,414.59534172442,,,,,
5.95405,0.0,0.332616745496966,414.728183113995,,,,,
5.36835,0.0,0.332644881442288,414.68094500045,,,,,
5.53405,0.0,0.332609708814493,414.723218612347,,,,,
5.74735,0.0,0.332703312893448,414.72039453964,,,,,
5.12555,0.0,0.331854441186434,414.2452507593,,,,,
5.37165,0.0,0.332571595922967,414.628481670475,,,,,
5.9072,0.0,0.332707967174869,414.724001249193,,,,,
5.4672,0.0,0.332713169745754,414.728521451288,,,,,
5.34825,0.0,0.332648807084497,414.683632666793,,,,,
5.0606,0.0,0.3287801620824,412.762823661408,,,,,
5.63475,0.0,0.332652043148088,414.745453854011,,,,,
5.35275,0.0,0.332568666463484,414.662616435722,,,,,
5.6697,0.0,0.332584466423912,414.633147523469,,,,,
5.11745,0.0,0.331780160339235,414.139394421025,,,,,
5.46305,0.0,0.332578860936769,414.681210713352,,,,,
5.8557,0.0,0.332711020606168,414.756066724001,,,,,
5.70615,0.0,0.332723670315416,414.752774364192,,,,,
5.84995,0.0,0.332579488817283,414.626899108194,,,,,
5.27135,0.0,0.332534609329699,414.598857972847,,,,,
5.84475,0.0,0.332656448802848,414.746982024291,,,,,
5.1713,0.0,0.332255941555084,414.421311275275,,,,,
5.44285,0.0,0.332576437460006,414.672313201446,,,,,
5.6427,0.0,0.332577253491617,414.669676935175,,,,,
5.3608,0.0,0.332569573854831,414.617164311012,,,,,
5.2997,0.0,0.332564086806806,414.621477290136,,,,,
5.4417,0.0,0.332575793165536,414.632890402416,,,,,
5.5535,0.0,0.33258910705478,414.701884112119,,,,,
5.18835,0.0,0.332435245332933,414.548810725989,,,,,
5.2136,0.0,0.332446357643947,414.613100186731,,,,,
5.9842,0.0,0.332625444483554,414.733466455529,,,,,
5.91165,0.0,0.332577085581791,414.636369189531,,,,,
5.0393,0.0,0.324379793710627,412.116271789028,,,,,
5.55245,0.0,0.332576340104894,414.658616822678,,,,,
5.9984,0.0,0.332634748051412,414.673908528252,,,,,
5.83255,0.0,0.332576906186183,414.666140525395,,,,,
5.7299,0.0,0.332580623155905,414.62847214004,,,,,
5.32405,0.0,0.332591364724262,414.711396679874,,,,,
5.61895,0.0,0.332611248836377,414.657020122305,,,,,
5.39265,0.0,0.33257302509165,414.662078998165,,,,,
5.94275,0.0,0.332578285013965,414.675752225654,,,,,
5.8311,0.0,0.332576990961558,414.624815472564,,,,,
5.6508,0.0,0.332576487231428,414.621753384666,,,,,
5.14525,0.0,0.332102140185059,414.406151679262,,,,,
5.2313,0.0,0.332481670648686,414.564450254477,,,,,
5.8487,0.0,0.332620311633209,414.663763174539,,,,,
5.0498,0.0,0.326922783896889,412.561501895567,,,,,
5.8779,0.0,0.332668851799278,414.696587975927,,,,,
5.0077,1657.20415296931,0.317884090592969,404.022930669316,,,,,
5.3623,0.0,0.332569612688282,414.6466409486,,,,,
5.5734,0.0,0.332586680371146,414.698010643917,,,,,
5.3125,0.0,0.332557555504534,414.645742496139,,,,,
5.74615,0.0,0.332723927262777,414.752600823642,,,,,
5.40275,0.0,0.332574085615073,414.666635458061,,,,,
5.9775,0.0,0.332691288986176,414.711703591409,,,,,
5.27615,0.0,0.332680786300911,414.730367878525,,,,,
5.87455,0.0,0.332644354848229,414.742506487128,,,,,
5.37525,0.0,0.332673131472114,414.749688428797,,,,,
5.4463,0.0,0.332723611818861,414.751081604928,,,,,
5.0078,1647.10188422568,0.3177761548493,403.957739939578,,,,,
5.8074,0.0,0.332699797946588,414.717766541006,,,,,
5.15425,0.0,0.332135622803601,414.433687574116,,,,,
5.8662,0.0,0.332725413726699,414.751284891695,,,,,
5.0776,0.0,0.330823366024118,413.495187515326,,,,,
5.66965,0.0,0.332585565195515,414.634365530895,,,,,
5.71765,0.0,0.332687496707018,414.709072535279,,,,,
5.79585,0.0,0.332716095199385,414.755459606002,,,,,
5.59935,0.0,0.332594777998273,414.643439430593,,,,,
5.02475,693.152245160627,0.332859196713087,417.881620617811,,,,,
5.11605,0.0,0.331728112943573,414.145901307909,,,,,
5.0456,0.0,0.322988205335941,410.886251005246,,,,,
5.74015,0.0,0.332577933334118,414.624501988608,,,,,
5.43885,0.0,0.33261802900417,414.662234161974,,,,,
5.00755,1660.00512068551,0.318003403655279,404.056571869807,,,,,
5.71895,0.0,0.33260971373645,414.655833848579,,,,,
5.86005,0.0,0.332578433780445,414.625314693801,,,,,
5.83845,0.0,0.332634872731563,414.67399050075,,,,,
5.0682,0.0,0.330197222228248,413.249590486133,,,,,
5.0869,0.0,0.331154089893434,413.699976633937,,,,,
5.15005,0.0,0.332099752665573,414.324312580535,,,,,
5.62275,0.0,0.332577497972547,414.6714422178,,,,,
5.46545,0.0,0.332691324524919,414.754750153813,,,,,
5.88025,0.0,0.332577088863417,414.622953970901,,,,,
5.34805,0.0,0.332661571253231,414.692052047913,,,,,
5.95115,0.0,0.332577084487915,414.626084263782,,,,,
5.14415,0.0,0.332023502401462,414.363740610438,,,,,
5.186,0.0,0.332468185039381,414.606266900021,,,,,
5.35635,0.0,0.332717464156332,414.746812777518,,,,,
5.47665,0.0,0.332725951126328,414.744483445363,,,,,
5.51175,0.0,0.332576774921042,414.635373491335,,,,,
5.0444,0.0,0.323797124446261,411.836491640308,,,,,
5.27355,0.0,0.332545734183065,414.673970276979,,,,,
5.16005,0.0,0.332187837976142,414.380090178851,,,,,
5.79375,0.0,0.332600426422205,414.715221871504,,,,,
5.5234,0.0,0.332586120322645,414.697220476153,,,,,
5.24115,0.0,0.332498910248076,414.573838980668,,,,,
5.2352,0.0,0.332580028093504,414.695540406909,,,,,
5.63265,0.0,0.332577001353377,414.667523693851,,,,,
5.01715,1268.33469302076,0.335327134529026,415.523162723602,,,,,
5.6358,0.0,0.332712169257671,414.755956762601,,,,,
5.2068,0.0,0.332568954159863,414.646779161335,,,,,
5.16185,0.0,0.332184043782582,414.386685622014,,,,,
5.1594,0.0,0.332203663714914,414.396591993824,,,,,
5.2261,0.0,0.332609351152141,414.688742777026,,,,,
5.11115,0.0,0.331523000395156,413.935371514412,,,,,
5.6194,0.0,0.332592892799028,414.64171180962,,,,,
5.8066,0.0,0.332726136455196,414.743510051352,,,,,
5.10605,0.0,0.331541090869185,414.015839443149,,,,,
5.3429,0.0,0.332567632723489,414.667429723035,,,,,
5.0496,0.0,0.326963401155501,412.595443133783,,,,,
5.66365,0.0,0.332595067859699,414.709571198006,,,,,
5.8854,0.0,0.332696994272819,414.75579285949,,,,,
5.79175,0.0,0.332577012292133,414.638026003864,,,,,
5.98905,0.0,0.33260138185391,414.649153538451,,,,,
5.77515,0.0,0.332680393721833,414.75335697884,,,,,
5.5126,0.0,0.332576393157964,414.663794537102,,,,,
5.3683,0.0,0.332648069423825,414.683055848082,,,,,
5.31285,0.0,0.332558630845427,414.659574443016,,,,,
5.2367,0.0,0.332640675228474,414.692701115842,,,,,
5.92025,0.0,0.332577037451271,414.6228422224,,,,,
5.07325,0.0,0.32996767626395,413.058806021022,,,,,
5.22965,0.0,0.332493716907368,414.577581385568,,,,,
5.9373,0.0,0.332702727344916,414.71995803684,,,,,
5.17825,0.0,0.332391798754471,414.521834917895,,,,,
5.60475,0.0,0.332651407202287,414.745211425722,,,,,
5.292,0.0,0.332548581796886,414.622613363967,,,,,
5.01415,1435.37504994762,0.316856731155491,402.116530594556,,,,,
5.96515,0.0,0.332684151089213,414.754061795833,,,,,
5.68315,0.0,0.332582285277688,414.689020871855,,,,,
5.5895,0.0,0.332590084395654,414.639038825073,,,,,
5.30875,0.0,0.332608196129807,414.656650794854,,,,,
5.8319,0.0,0.332576798439384,414.642814280965,,,,,
5.44555,0.0,0.332696059891893,414.755035098066,,,,,
5.20755,0.0,0.332551153161371,414.625319085045,,,,,
5.98395,0.0,0.332612151189636,414.725017719798,,,,,
5.73645,0.0,0.332726936265612,414.747457160017,,,,,
5.6751,0.0,0.332675265546735,414.752255870987,,,,,
5.51565,0.0,0.332703373033762,414.756003969821,,,,,
5.6787,0.0,0.33262333797923,414.665942586197,,,,,
5.3688,0.0,0.332617727678467,414.66238053974,,,,,
5.6986,0.0,0.332628658353466,414.669705397938,,,,,
5.966,0.0,0.332722228673033,414.75360043235,,,,,
5.6602,0.0,0.332577754485903,414.624200702202,,,,,
5.44305,0.0,0.332578324940269,414.680653461623,,,,,
5.71685,0.0,0.332722382842141,414.737537576832,,,,,
5.15805,0.0,0.332267187965527,414.444618494165,,,,,
5.1315,0.0,0.331859604518532,414.170591492863,,,,,
5.893,0.0,0.332580989053121,414.685567387732,,,,,
5.1587,0.0,0.33223431209883,414.420781066926,,,,,
5.12825,0.0,0.331922110640276,414.223782464045,,,,,
5.89445,0.0,0.332638529995202,414.740020744093,,,,,
5.06015,0.0,0.328797997401151,412.792787980128,,,,,
5.32065,0.0,0.332561050623204,414.611873818093,,,,,
5.8268,0.0,0.332722714688171,414.737953243179,,,,,
5.0308,335.255924164333,0.323696375862453,411.631664166504,,,,,
5.5059,0.0,0.332714078929856,414.755481486552,,,,,
5.1557,0.0,0.332241044662338,414.478256020062,,,,,
5.54165,0.0,0.332577000806439,414.633216756657,,,,,
5.90175,0.0,0.332576967990168,414.639032521802,,,,,
5.96385,0.0,0.332607095245411,414.721135040453,,,,,
5.37405,0.0,0.332601904140831,414.718012102134,,,,,
5.9056,0.0,0.332707335163029,414.756216106211,,,,,
5.7625,0.0,0.332576675925214,414.663264162789,,,,,
5.712,0.0,0.332576704912946,414.64473006301,,,,,
5.1364,0.0,0.3320609310195,414.346929573208,,,,,
5.69105,0.0,0.332576844382185,414.6236720746,,,,,
5.123,0.0,0.331706744642446,414.122629410422,,,,,
5.5159,0.0,0.33271428558711,414.75551154047,,,,,
5.5905,0.0,0.332576535908966,414.621863855879,,,,,
5.9096,0.0,0.33258495318729,414.633685381275,,,,,
5.81005,0.0,0.33257860059572,414.625546101488,,,,,
5.06785,0.0,0.330204389095116,413.248457010245,,,,,
5.78315,0.0,0.332582873772913,414.690402359767,,,,,
5.3899,0.0,0.332578641615857,414.628313270287,,,,,
5.44985,0.0,0.332581811636723,414.630647509332,,,,,
5.6443,0.0,0.332624826533253,414.733118083009,,,,,
5.88115,0.0,0.332577062610407,414.625741104935,,,,,
5.3888,0.0,0.332619257819593,414.663318676689,,,,,
5.0795,0.0,0.330660814053788,413.385887316153,,,,,
5.9864,0.0,0.33272693134539,414.746793367917,,,,,
5.157,0.0,0.332294381869512,414.474408554817,,,,,
5.6236,0.0,0.332592920144612,414.707005319186,,,,,
5.2669,0.0,0.332677979733061,414.711677772295,,,,,
5.44475,0.0,0.332646802984045,414.743194487899,,,,,
5.4379,0.0,0.33267644166041,414.701674943577,,,,,
5.7029,0.0,0.3325789544626,414.678751155665,,,,,
5.02735,554.43460652318,0.3160458566433,406.549387379605,,,,,
5.3559,0.0,0.332704655113319,414.751130866393,,,,,
5.3632,0.0,0.332574539577135,414.682453033818,,,,,
5.34685,0.0,0.332715578558818,414.735239317992,,,,,
5.0013,1734.67251302633,0.291821398128059,390.413006766927,,,,,
5.05335,0.0,0.32680262952839,412.426211734354,,,,,
5.1959,0.0,0.332508458605745,414.633547977768,,,,,
5.6339,0.0,0.332604501890819,414.718971442711,,,,,
5.3302,0.0,0.332566028505801,414.617632525455,,,,,
5.27645,0.0,0.332687258321244,414.726570710509,,,,,
5.3339,0.0,0.332587886878677,414.707500274763,,,,,
5.2699,0.0,0.332540598461378,414.604600575413,,,,,
5.568,0.0,0.332668785638068,414.69655320304,,,,,
5.70655,0.0,0.332726748750424,414.745474074002,,,,,
5.40405,0.0,0.332604879246498,414.719931430264,,,,,
5.47065,0.0,0.332575722610294,414.621077870445,,,,,
5.7866,0.0,0.33272618729761,414.743670155082,,,,,
5.537,0.0,0.332719777811976,414.734663244781,,,,,
5.97475,0.0,0.332659159861884,414.74786762096,,,,,
5.02185,925.492360482822,0.333108226904638,413.790499364326,,,,,
5.7357,0.0,0.332709336165259,414.756158763559,,,,,
5.5556,0.0,0.33270171097018,414.756041429973,,,,,
5.9562,0.0,0.332725798598953,414.750811227823,,,,,
5.26345,0.0,0.332533663005299,414.663670046689,,,,,
5.09305,0.0,0.331037184084992,413.639082702982,,,,,
5.54455,0.0,0.332637516705341,414.739530041435,,,,,
5.83725,0.0,0.332706721191899,414.723013156301,,,,,
5.4158,0.0,0.332706819055583,414.75473562795,,,,,
5.53365,0.0,0.332593433694248,414.707737556502,,,,,
5.46125,0.0,0.33257609726393,414.624641144208,,,,,
5.00005,1734.75351933392,0.291755325907916,390.447081515369,,,,,
5.1353,0.0,0.331980658346928,414.330829754499,,,,,
5.9217,0.0,0.332577027606391,414.637811631395,,,,,
5.4259,0.0,0.332711550375012,414.754672033164,,,,,
5.66635,0.0,0.332726356225577,414.749834220195,,,,,
5.26625,0.0,0.332674647688978,414.724018818797,,,,,
5.53455,0.0,0.33263728211162,414.739418555525,,,,,
5.4598,0.0,0.332582906588601,414.631832990414,,,,,
5.34785,0.0,0.332673965310228,414.700331715761,,,,,
5.36645,0.0,0.332720114580927,414.74595320341,,,,,
5.2983,0.0,0.332631565410681,414.672698596817,,,,,
5.7244,0.0,0.332632162021426,414.73700750162,,,,,
5.74675,0.0,0.332724263480832,414.740098021642,,,,,
5.20055,0.0,0.332401910001544,414.511467849146,,,,,
5.1731,0.0,0.332258366822067,414.479334494529,,,,,
5.0267,561.774193494839,0.317263104944432,407.499198863314,,,,,
5.8082,0.0,0.33265106598925,414.684866489818,,,,,
5.6076,0.0,0.332692407087912,414.712476699129,,,,,
5.29115,0.0,0.332548487168544,414.605408110843,,,,,
5.02925,457.743965937541,0.322792754823604,410.704836575683,,,,,
5.59375,0.0,0.332597841766071,414.712629095597,,,,,
5.6176,0.0,0.33269222720774,414.712355611,,,,,
5.8442,0.0,0.332622903223951,414.732004711956,,,,,
5.737,0.0,0.332717949631723,414.732730338623,,,,,
5.729,0.0,0.332607213920159,414.653887443748,,,,,
5.82565,0.0,0.332708430248527,414.756191264745,,,,,
5.43415,0.0,0.332611570949427,414.724760581358,,,,,
5.48715,0.0,0.332715065197714,414.730149052236,,,,,
5.3181,0.0,0.332651770287571,414.685810360831,,,,,
5.4544,0.0,0.332625933921252,414.73367075739,,,,,
5.7,0.0,0.332579464752198,414.626873935266,,,,,
5.3232,0.0,0.332565771983401,414.676558513877,,,,,
5.5074,0.0,0.332704327623105,414.72121899118,,,,,
5.88815,0.0,0.332652594883399,414.685882025715,,,,,
5.587,0.0,0.332719411520685,414.734230755347,,,,,
5.9673,0.0,0.33270224130058,414.719589942252,,,,,
5.7269,0.0,0.332721018279042,414.735950026253,,,,,
5.0958,0.0,0.331298620496965,413.848523264102,,,,,
5.56885,0.0,0.332617067604693,414.661398928295,,,,,
5.9474,0.0,0.332697382458389,414.71601596844,,,,,
5.48485,0.0,0.332654772287757,414.746253592946,,,,,
5.40535,0.0,0.332682280612299,414.752460174806,,,,,
5.4041,0.0,0.332607241811453,414.721764132013,,,,,
5.0955,0.0,0.331256634310085,413.830790055279,,,,,
5.81295,0.0,0.332579954257562,414.682358101861,,,,,
5.72455,0.0,0.332641287681012,414.741228565483,,,,,
5.71195,0.0,0.33257677546798,414.643152310505,,,,,
5.05665,0.0,0.327807327735285,412.360765120566,,,,,
5.98245,0.0,0.332576727884354,414.664109345637,,,,,
5.77485,0.0,0.33266141158795,414.748567916654,,,,,
5.5355,0.0,0.332696045676598,414.755600069502,,,,,
5.8499,0.0,0.332580101382497,414.627760624564,,,,,
5.06585,0.0,0.329293432331204,412.830247493774,,,,,
5.2184,0.0,0.332531306481738,414.609243756331,,,,,
5.41565,0.0,0.332699700080838,414.754694685273,,,,,
5.8773,0.0,0.332703710912777,414.72068793803,,,,,
5.53205,0.0,0.332576509108974,414.644323153177,,,,,
5.70755,0.0,0.332693424037818,414.71319448453,,,,,
5.36625,0.0,0.332717116450548,414.749041853861,,,,,
5.304,0.0,0.33258118157287,414.704542262817,,,,,
5.7836,0.0,0.332594691039797,414.709136323818,,,,,
5.13005,0.0,0.331863280191986,414.171845932714,,,,,
5.3284,0.0,0.332635378013802,414.674874517936,,,,,
5.8619,0.0,0.332576774374104,414.643116508101,,,,,
5.8205,0.0,0.332576489966121,414.621629274884,,,,,
5.10865,0.0,0.331563173713888,413.976919614545,,,,,
5.9618,0.0,0.332576874463778,414.64105996009,,,,,
5.6373,0.0,0.332707371793505,414.723543493347,,,,,
5.18025,0.0,0.332316437099116,414.459445909101,,,,,
5.6638,0.0,0.332600719560101,414.715513297403,,,,,
5.32145,0.0,0.332561712996013,414.617872470121,,,,,
5.64305,0.0,0.332580502283941,414.684231727044,,,,,
5.8704,0.0,0.332576622325251,414.621948631995,,,,,
5.39975,0.0,0.332582231678629,414.632125695245,,,,,
5.4571,0.0,0.332716680177683,414.731835739006,,,,,
5.1884,0.0,0.332432376502769,414.546835807445,,,,,
5.25385,0.0,0.332534093501184,414.673126378942,,,,,
5.4137,0.0,0.33259152715774,414.706778079152,,,,,
5.6115,0.0,0.332577178014246,414.630433164515,,,,,
5.9513,0.0,0.332577191140747,414.628664484285,,,,,
5.47995,0.0,0.332580490798368,414.628687278477,,,,,
5.23155,0.0,0.332481886750999,414.568562887467,,,,,
5.7162,0.0,0.33272466912883,414.752030748467,,,,,
5.012,1515.57163720433,0.317724042178636,403.130920804715,,,,,
5.85885,0.0,0.33261235791022,414.657867413104,,,,,
5.92075,0.0,0.332576557786509,414.621928254867,,,,,
5.72095,0.0,0.332576718039465,414.622814527264,,,,,
5.53855,0.0,0.33263453751684,414.673771104988,,,,,
5.68955,0.0,0.33258785843884,414.636789417994,,,,,
5.57305,0.0,0.332580127635267,414.683225794622,,,,,
5.5465,0.0,0.332726774991623,414.747598845403,,,,,
5.3801,0.0,0.332574942126107,414.624033695493,,,,,
5.7392,0.0,0.332598634228371,414.646837338062,,,,,
5.09335,0.0,0.331042415660808,413.657304389595,,,,,
5.7368,0.0,0.332723338470339,414.738793406447,,,,,
5.99595,0.0,0.332721221105081,414.754052622332,,,,,
5.71525,0.0,0.332685283430694,414.7542560412,,,,,
5.12605,0.0,0.331895049008484,414.254720391132,,,,,
5.9218,0.0,0.332576899075989,414.640673714357,,,,,
5.091,0.0,0.331034701516467,413.587976514573,,,,,
5.1205,0.0,0.331705304612474,414.062558701237,,,,,
5.41215,0.0,0.332574139762388,414.644857150677,,,,,
5.89025,0.0,0.332577079018538,414.622925625114,,,,,
5.33185,0.0,0.33256446202051,414.628690815366,,,,,
5.25935,0.0,0.332546710010447,414.613956072112,,,,,
5.8215,0.0,0.332577201532559,414.631954204131,,,,,
5.58845,0.0,0.332639763109569,414.677320104741,,,,,
5.22825,0.0,0.332562104621265,414.629044715604,,,,,
5.68035,0.0,0.332576928610639,414.622656178075,,,,,
5.3971,0.0,0.332715003966092,414.731024923289,,,,,
5.90925,0.0,0.33259480206225,414.643450382047,,,,,
5.31955,0.0,0.332575790430837,414.630355539529,,,,,
5.1059,0.0,0.331527385390211,414.012087414884,,,,,
5.5025,0.0,0.332576104921081,414.659738828712,,,,,
5.18895,0.0,0.332402380068275,414.525517113182,,,,,
5.9329,0.0,0.332579808773362,414.681894691977,,,,,
5.24805,0.0,0.332606578982423,414.657536144144,,,,,
5.14045,0.0,0.331988856777075,414.250202600122,,,,,
5.0249,687.142064711925,0.332205737289689,417.322126440088,,,,,
5.57225,0.0,0.332576372921227,414.651561210618,,,,,
5.0459,0.0,0.323053568717848,410.830954362053,,,,,
5.9748,0.0,0.332662376140057,414.7488596953,,,,,
5.6695,0.0,0.332589389811221,414.638337335075,,,,,
5.7791,0.0,0.332602128368472,414.649779349437,,,,,
5.43085,0.0,0.332574828909258,414.620631513165,,,,,
5.2142,0.0,0.332470248210555,414.637974045127,,,,,
5.9323,0.0,0.33257646152531,414.657709336651,,,,,
5.7342,0.0,0.332620926310705,414.730831404948,,,,,
5.0114,1546.24953024161,0.31773295024809,403.353718771847,,,,,
5.76385,0.0,0.332604194537037,414.718692153576,,,,,
5.80165,0.0,0.332577122226613,414.635433278112,,,,,
5.13705,0.0,0.332080929603559,414.341577496646,,,,,
5.66645,0.0,0.33272689581045,414.747916385495,,,,,
5.58515,0.0,0.332676497431388,414.752504528821,,,,,
5.46355,0.0,0.332588918368046,414.702271429751,,,,,
5.77795,0.0,0.33266771393398,414.695850475691,,,,,
5.55565,0.0,0.332704192034407,414.756124843844,,,,,
5.30005,0.0,0.332557335075631,414.613602205351,,,,,
5.2859,0.0,0.332678960093467,414.736185087736,,,,,
5.24485,0.0,0.332573959271305,414.698429214884,,,,,
5.27915,0.0,0.332572157089818,414.631639001558,,,,,
5.92065,0.0,0.332576470823268,414.621579971619,,,,,
5.59225,0.0,0.332576417223271,414.651811494478,,,,,
5.39335,0.0,0.332580586511468,414.691172921205,,,,,
5.75205,0.0,0.332576622325251,414.646781814356,,,,,
5.7129,0.0,0.332579003686711,414.678888660601,,,,,
5.0564,0.0,0.327515321327262,412.23763472754,,,,,
5.79365,0.0,0.332596593729829,414.711275956576,,,,,
5.52615,0.0,0.332722152681851,414.753363555375,,,,,
5.52,0.0,0.332579928004779,414.62771887481,,,,,
5.07835,0.0,0.330769076158526,413.465007923241,,,,,
5.5149,0.0,0.332658879898763,414.747683353007,,,,,
5.0853,0.0,0.33088072225144,413.582188937949,,,,,
5.3725,0.0,0.332570868483046,414.65484947364,,,,,
5.15765,0.0,0.332283545303096,414.457921011097,,,,,
5.5182,0.0,0.332656821178341,414.688681223268,,,,,
5.57615,0.0,0.33272267587259,414.753268660279,,,,,
5.7755,0.0,0.332700374752516,414.756047493292,,,,,
5.84675,0.0,0.332723641340488,414.739196069127,,,,,
5.0256,656.341491020527,0.326804931068836,413.421734380009,,,,,
5.312,0.0,0.332557988704335,414.628767929543,,,,,
5.6591,0.0,0.332603775616655,414.65112660905,,,,,
5.3552,0.0,0.332666874612297,414.747261904681,,,,,
5.5283,0.0,0.332650265996414,414.684342897727,,,,,
5.4912,0.0,0.33257648230898,414.624365053335,,,,,
5.7741,0.0,0.332616295967493,414.727890011624,,,,,
5.5245,0.0,0.332633993954239,414.737872126709,,,,,
5.98825,0.0,0.332644184238137,414.680294507412,,,,,
5.6222,0.0,0.332576460431432,414.650417873716,,,,,
5.71005,0.0,0.332578901409939,414.626026171091,,,,,
5.13605,0.0,0.332040064577248,414.345320479553,,,,,
5.37225,0.0,0.332570926459519,414.645814334221,,,,,
5.39465,0.0,0.332637162353922,414.738795171292,,,,,
5.37545,0.0,0.332685152755075,414.751799055048,,,,,
5.87615,0.0,0.332724712317739,414.752004155646,,,,,
5.4021,0.0,0.332573640950429,414.642774379886,,,,,
5.7198,0.0,0.332582245898789,414.63053569067,,,,,
5.7478,0.0,0.332677805312808,414.702529043297,,,,,
5.76915,0.0,0.332600225710102,414.648183395165,,,,,
5.88195,0.0,0.332576703819069,414.644901340734,,,,,
5.4964,0.0,0.332725881696313,414.749663768693,,,,,
5.5714,0.0,0.332577081206289,414.628162454134,,,,,
5.82875,0.0,0.332617993457595,414.662063268685,,,,,
5.7074,0.0,0.332701457286061,414.71899953818,,,,,
5.3618,0.0,0.332570234569818,414.631261423661,,,,,
5.3234,0.0,0.332569469387358,414.685056808057,,,,,
5.6643,0.0,0.332625213709328,414.733329943605,,,,,
5.8139,0.0,0.332607160325117,414.721182650347,,,,,
5.45265,0.0,0.332575701826576,414.664507341275,,,,,
5.81755,0.0,0.332691414191887,414.711782623791,,,,,
5.3027,0.0,0.332553680747882,414.650707275054,,,,,
5.0298,401.087873986186,0.323555423334478,411.446190611137,,,,,
5.21125,0.0,0.332434080403739,414.533610841796,,,,,
5.1275,0.0,0.331941770165892,414.244701925382,,,,,
5.94495,0.0,0.33267134732492,414.751321676471,,,,,
5.65675,0.0,0.3327247708141,414.740887038608,,,,,
5.372,0.0,0.33257125955057,414.637754598399,,,,,
5.9371,0.0,0.332711859269769,414.727204727648,,,,,
5.3384,0.0,0.332637535297843,414.676229560032,,,,,
5.7945,0.0,0.332639608902169,414.740499462611,,,,,
5.13405,0.0,0.331889840189913,414.278849697125,,,,,
5.32245,0.0,0.332560992098045,414.646177811942,,,,,
5.39755,0.0,0.332695687013576,414.715111795165,,,,,
5.8153,0.0,0.332690135341814,414.755008596415,,,,,
5.05225,0.0,0.326834003110765,412.557921977389,,,,,
5.6522,0.0,0.332576470823268,414.650768147756,,,,,
5.1322,0.0,0.331859242210907,414.189758278661,,,,,
5.22175,0.0,0.332460501788921,414.559324547082,,,,,
5.56785,0.0,0.332678231794768,414.702817946674,,,,,
5.59155,0.0,0.332577149026556,414.631359356481,,,,,
5.89765,0.0,0.332684013852007,414.706699841446,,,,,
5.6834,0.0,0.33258767303292,414.699560487081,,,,,
5.22435,0.0,0.3325043978246,414.659542177568,,,,,
5.10305,0.0,0.331309479396042,413.840449457444,,,,,
5.23225,0.0,0.332481286040931,414.587600616168,,,,,
5.4556,0.0,0.332699113432473,414.755393802748,,,,,
5.5502,0.0,0.33257789286083,414.624559147508,,,,,
5.18875,0.0,0.332412744350927,414.533105557426,,,,,
5.9324,0.0,0.332576583492619,414.661522841309,,,,,
5.2798,0.0,0.332550324485135,414.611783753903,,,,,
5.9502,0.0,0.332577213565184,414.62320280422,,,,,
5.53705,0.0,0.332718259067245,414.733092124717,,,,,
5.46485,0.0,0.332654046123348,414.745931321276,,,,,
5.36325,0.0,0.332575362723629,414.684573799917,,,,,
5.77375,0.0,0.332600156253841,414.714968114127,,,,,
5.52865,0.0,0.332628766630319,414.66977991622,,,,,
5.9274,0.0,0.33269773565219,414.716267500326,,,,,
5.2087,0.0,0.332487328653324,414.580467176814,,,,,
5.9363,0.0,0.332726642692224,414.749150037178,,,,,
5.43685,0.0,0.332722798332999,414.739205456741,,,,,
5.4608,0.0,0.33257554157313,414.621004117108,,,,,
5.91475,0.0,0.332657921351371,414.747465009538,,,,,
5.652,0.0,0.332576710929267,414.644100940108,,,,,
5.73185,0.0,0.332576896341299,414.640325390779,,,,,
5.81785,0.0,0.332673259418557,414.699502600122,,,,,
5.50715,0.0,0.332714990845029,414.730042371827,,,,,
5.9495,0.0,0.332586985553429,414.635880692185,,,,,
5.42715,0.0,0.332714498804778,414.730012779452,,,,,
5.28035,0.0,0.332542898031731,414.60191386464,,,,,
5.04915,0.0,0.327033128896328,412.633100268904,,,,,
5.40165,0.0,0.332574131011307,414.630323270628,,,,,
5.274,0.0,0.332561531404259,414.692344842917,,,,,
5.2534,0.0,0.332520872045466,414.654149956919,,,,,
5.23985,0.0,0.332506317989991,414.583479671723,,,,,
5.78855,0.0,0.332629881661112,414.670552566187,,,,,
5.1831,0.0,0.332317258148101,414.516177156598,,,,,
5.96135,0.0,0.332577207001934,414.6297103779,,,,,
5.5243,0.0,0.332622416516109,414.731711016401,,,,,
5.34735,0.0,0.332700424505398,414.71957077765,,,,,
5.23285,0.0,0.332482088081635,414.610541262646,,,,,
5.3207,0.0,0.332561006319112,414.61175554464,,,,,
5.84495,0.0,0.332669283760578,414.750793022502,,,,,
5.1575,0.0,0.33228806039958,414.462382950663,,,,,
5.76905,0.0,0.332604407825279,414.651636879773,,,,,
5.75825,0.0,0.332648908246137,414.683441068187,,,,,
5.24065,0.0,0.332498655862161,414.572378489077,,,,,
5.46325,0.0,0.3325818936762,414.689667819075,,,,,
5.29845,0.0,0.332622112460062,414.666407332664,,,,,
5.59455,0.0,0.332638636628332,414.740051494054,,,,,
5.66675,0.0,0.332724710130959,414.740798345655,,,,,
5.14695,0.0,0.332197274263565,414.415847021812,,,,,
5.6351,0.0,0.332674430071548,414.752058361442,,,,,
5.067,0.0,0.329991954642975,413.140983732146,,,,,
5.97445,0.0,0.332640123473392,414.740729865339,,,,,
5.06955,0.0,0.33001147780983,413.131500988498,,,,,
5.792,0.0,0.332576669361954,414.645570562939,,,,,
5.37185,0.0,0.332571449888163,414.633470565555,,,,,
5.75665,0.0,0.332725754316799,414.742663912965,,,,,
5.4401,0.0,0.332577932787181,414.625758918399,,,,,
5.8551,0.0,0.3326789190857,414.753056780992,,,,,
5.2903,0.0,0.332549589887906,414.606492343927,,,,,
5.73855,0.0,0.332630826618074,414.671215101666,,,,,
5.3073,0.0,0.332691862526362,414.714817537789,,,,,
5.48875,0.0,0.332623512428044,414.666098591686,,,,,
5.0706,0.0,0.329965771093844,413.074808221709,,,,,
5.714,0.0,0.332610327339764,414.723657683605,,,,,
5.6001,0.0,0.332578718186765,414.62578057987,,,,,
5.1128,0.0,0.331523436592832,413.985414452225,,,,,
5.0191,1143.58637133797,0.332302182270657,413.078866709799,,,,,
5.849,0.0,0.33260545895149,414.65248922901,,,,,
5.306,0.0,0.332694072478446,414.742336207177,,,,,
5.1106,0.0,0.331522974607351,413.934750584311,,,,,
5.28015,0.0,0.332544622152068,414.604660796427,,,,,
5.5407,0.0,0.332576265174255,414.621378999317,,,,,
5.44405,0.0,0.332607171262881,414.721448485022,,,,,
5.3002,0.0,0.33255558695439,414.611100221539,,,,,
5.27085,0.0,0.332534003791795,414.594641857243,,,,,
5.2469,0.0,0.332654952188183,414.697595624128,,,,,
5.6717,0.0,0.332577095426669,414.635626449289,,,,,
5.1812,0.0,0.332314680047472,414.457396679842,,,,,
5.1579,0.0,0.332273934643693,414.449809048012,,,,,
5.21335,0.0,0.33244044451154,414.602113495337,,,,,
5.4579,0.0,0.332676501805582,414.701700987329,,,,,
5.02315,840.149543741029,0.333183171436761,416.673878145667,,,,,
5.0877,0.0,0.331155766315915,413.6908182883,,,,,
5.75425,0.0,0.332624064757541,414.732676387499,,,,,
5.6915,0.0,0.332577202079497,414.631011928886,,,,,
5.73845,0.0,0.332636822766791,414.675333746626,,,,,
5.319,0.0,0.332598068184064,414.648966081746,,,,,
5.19145,0.0,0.332363063447054,414.491259951412,,,,,
5.6337,0.0,0.332596483801785,414.711179467913,,,,,
5.0189,1143.58637133797,0.332266277011143,413.214352327348,,,,,
5.5649,0.0,0.332660121686515,414.748133099501,,,,,
5.64975,0.0,0.332583568917882,414.632128411658,,,,,
5.40905,0.0,0.332607235248796,414.654266506586,,,,,
5.06675,0.0,0.329864337978275,413.082928816314,,,,,
5.67555,0.0,0.332701269209778,414.756091247276,,,,,
5.98535,0.0,0.332696030914561,414.755705269668,,,,,
5.1358,0.0,0.332021847343719,414.342147586993,,,,,
5.7868,0.0,0.332722991864091,414.738327888375,,,,,
5.87125,0.0,0.332577157777557,414.627288773578,,,,,
5.7917,0.0,0.332577068079784,414.636661969275,,,,,
5.9179,0.0,0.332668021775865,414.696041057612,,,,,
5.952,0.0,0.332576599900774,414.647280823965,,,,,
5.79425,0.0,0.332624794815419,414.733093703272,,,,,
5.50015,0.0,0.332578188753266,414.62530012917,,,,,
5.3161,0.0,0.332701578114081,414.744027981483,,,,,
5.68195,0.0,0.332576774921042,414.642846755864,,,,,
5.99085,0.0,0.332576708194576,414.622716966073,,,,,
5.80205,0.0,0.332576609198728,414.647322157955,,,,,
5.0947,0.0,0.331142942456815,413.767839878182,,,,,
5.46995,0.0,0.332580401101494,414.628664308748,,,,,
5.23305,0.0,0.332483659878851,414.618990778725,,,,,
5.7933,0.0,0.332586098992655,414.696873243353,,,,,
5.38845,0.0,0.332640066602648,414.677668497201,,,,,
5.3545,0.0,0.332622659870119,414.731337698323,,,,,
5.31105,0.0,0.332557772104505,414.610568451186,,,,,
5.7481,0.0,0.332658716404566,414.689922449322,,,,,
5.46905,0.0,0.332608083471164,414.654671462829,,,,,
5.8539,0.0,0.332607745495005,414.721664598651,,,,,
5.82035,0.0,0.332576788594497,414.622332150785,,,,,
5.8951,0.0,0.332679726117631,414.753221493875,,,,,
5.9302,0.0,0.332577252397742,414.623264947861,,,,,
5.35185,0.0,0.332568652242744,414.631522230084,,,,,
5.5823,0.0,0.332576359794694,414.653471843663,,,,,
5.5285,0.0,0.332637735440597,414.675949784942,,,,,
5.7042,0.0,0.332620394210056,414.730503836744,,,,,
5.7097,0.0,0.332584203352621,414.632844461639,,,,,
5.8564,0.0,0.332726932438773,414.747687343724,,,,,
5.7068,0.0,0.332723546761933,414.739064956223,,,,,
5.3179,0.0,0.332664219935963,414.694106784076,,,,,
5.04565,0.0,0.322987775632994,410.870433287257,,,,,
5.64025,0.0,0.332577458046144,414.623701922362,,,,,
5.1996,0.0,0.332415706922283,414.528712761022,,,,,
5.33455,0.0,0.332621111151224,414.730106613407,,,,,
5.87855,0.0,0.332628187512801,414.669365406725,,,,,
5.0515,0.0,0.326828860563124,412.472005751168,,,,,
5.4582,0.0,0.332657409541706,414.689093097594,,,,,
5.111,0.0,0.331522817137093,413.934468544497,,,,,
5.5983,0.0,0.332648987534969,414.68349200317,,,,,
5.4744,0.0,0.332626691317834,414.734097238316,,,,,
5.07885,0.0,0.330713374282941,413.42914821256,,,,,
5.9612,0.0,0.332577132071491,414.626937466426,,,,,
5.49735,0.0,0.332706774770903,414.723127893492,,,,,
5.18965,0.0,0.332375108531711,414.502507384226,,,,,
5.18275,0.0,0.332314777479239,414.500977486323,,,,,
5.83905,0.0,0.332603431073387,414.650839197477,,,,,
5.21635,0.0,0.332592862171973,414.671924851707,,,,,
5.9271,0.0,0.332712004696228,414.727316147683,,,,,
5.4151,0.0,0.332667520370731,414.749492484874,,,,,
5.97525,0.0,0.332690234303881,414.755024578045,,,,,
5.5272,0.0,0.332712978942521,414.728203414765,,,,,
5.3843,0.0,0.332615649015861,414.727591857576,,,,,
5.28655,0.0,0.332695275862807,414.729071512879,,,,,
5.14585,0.0,0.332149062769905,414.418201799928,,,,,
5.2793,0.0,0.332565757215581,414.626412961682,,,,,
5.3544,0.0,0.332616863621398,414.728229639862,,,,,
5.3163,0.0,0.33270669877619,414.741831650097,,,,,
5.07575,0.0,0.330410834403167,413.312041154188,,,,,
5.9738,0.0,0.332604990265551,414.719384925626,,,,,
5.5639,0.0,0.33260342396376,414.718049103003,,,,,
5.11855,0.0,0.33175206290954,414.108687252715,,,,,
5.1716,0.0,0.332256208171079,414.426354740746,,,,,
5.11315,0.0,0.331526515199358,414.004556939268,,,,,
5.22395,0.0,0.332484787979339,414.644189284764,,,,,
5.21195,0.0,0.332434191479831,414.547942698063,,,,,
5.9246,0.0,0.332648524925382,414.7441543933,,,,,
5.0695,0.0,0.330016669976327,413.136273326289,,,,,
5.04465,0.0,0.323576753164289,411.584903970069,,,,,
5.0745,0.0,0.330046712937644,413.115660425408,,,,,
5.8981,0.0,0.332655591408058,414.687861555976,,,,,
5.5021,0.0,0.332576249859962,414.645502496008,,,,,
5.7907,0.0,0.332576465900819,414.621596831146,,,,,
5.4258,0.0,0.332707384368146,414.754986737249,,,,,
5.47035,0.0,0.332576511296729,414.622788426845,,,,,
5.14665,0.0,0.332191110837115,414.419544806697,,,,,
5.64405,0.0,0.332611608137332,414.724627630976,,,,,
5.93575,0.0,0.332714075102869,414.755768106948,,,,,
5.54685,0.0,0.332723439609319,414.739025285647,,,,,
5.91975,0.0,0.332582001421348,414.630223595918,,,,,
5.96055,0.0,0.332576440741638,414.621493137228,,,,,
5.5819,0.0,0.332576820863847,414.64031392756,,,,,
5.05645,0.0,0.327572846413699,412.261611109507,,,,,
5.03655,0.0,0.318430031436754,409.118791642863,,,,,
5.5555,0.0,0.332696465574279,414.755675501458,,,,,
5.9584,0.0,0.332635531676322,414.674445643027,,,,,
5.1542,0.0,0.3321328587286,414.431476207505,,,,,
5.36485,0.0,0.332646121094999,414.741653665848,,,,,
5.2294,0.0,0.332501703009683,414.585048298285,,,,,
5.6248,0.0,0.332655034209622,414.746495294754,,,,,
5.13975,0.0,0.331998048333715,414.262391165218,,,,,
5.44895,0.0,0.332612904789452,414.658410827869,,,,,
5.38005,0.0,0.332575557981336,414.624898251937,,,,,
5.0399,0.0,0.324445638658119,412.207588605455,,,,,
5.3116,0.0,0.332558306493225,414.618536390282,,,,,
5.0367,0.0,0.318556763655304,409.118812439899,,,,,
5.71,0.0,0.332579440140178,414.626820931771,,,,,
5.1122,0.0,0.331523123847387,413.958764265074,,,,,
5.0089,1613.30921419808,0.316792569689035,402.656352834522,,,,,
5.57345,0.0,0.33258795579058,414.700103022304,,,,,
5.5966,0.0,0.332726635038538,414.745115673586,,,,,
5.0587,0.0,0.329026141402367,412.966082307646,,,,,
5.6899,0.0,0.33258081348814,414.628715080615,,,,,
5.89315,0.0,0.332583562901685,414.691916314814,,,,,
5.50115,0.0,0.332576493794692,414.623848731052,,,,,
5.4915,0.0,0.332576721868033,414.629341056727,,,,,
5.0395,0.0,0.324441692251462,412.182362360015,,,,,
5.9315,0.0,0.332577190046872,414.632778948556,,,,,
5.49865,0.0,0.332629137396245,414.670059515427,,,,,
5.56965,0.0,0.3325862395518,414.635131756092,,,,,
5.0099,1581.4291317762,0.317424327285554,402.93644856955,,,,,
5.90445,0.0,0.332638727950012,414.740108526751,,,,,
5.61395,0.0,0.3326064318692,414.720598536755,,,,,
5.38375,0.0,0.332590830388659,414.707116399106,,,,,
5.66925,0.0,0.332597600581518,414.645934832367,,,,,
5.0274,554.43460652318,0.316110314104152,406.565569862766,,,,,
5.16695,0.0,0.332373324973852,414.523822656689,,,,,
5.647,0.0,0.332718860442878,414.733648774561,,,,,
5.75335,0.0,0.332586996491856,414.698425718123,,,,,
5.75125,0.0,0.332577114022549,414.626635822536,,,,,
5.37325,0.0,0.332576688504796,414.685497861112,,,,,
5.5886,0.0,0.332630701389557,414.671122453424,,,,,
5.91795,0.0,0.332664820315698,414.693932837777,,,,,
5.7341,0.0,0.332615621125272,414.727438948322,,,,,
5.5253,0.0,0.332684321132047,414.753976807275,,,,,
5.86095,0.0,0.3325767814843,414.623224444725,,,,,
5.66385,0.0,0.332602787924999,414.71744391262,,,,,
5.90995,0.0,0.332579277700797,414.626579880899,,,,,
5.37665,0.0,0.332721730629787,414.742532771859,,,,,
5.7056,0.0,0.332704250534376,414.756200596308,,,,,
5.0033,1734.68257800021,0.290884047028503,383.933165457415,,,,,
5.87295,0.0,0.332580209128226,414.683180516106,,,,,
5.2356,0.0,0.332605258242423,414.700531746298,,,,,
5.2607,0.0,0.33252449500637,414.58863660933,,,,,
5.5726,0.0,0.332576681941536,414.664709991656,,,,,
5.8978,0.0,0.332674769073513,414.70050524275,,,,,
5.25165,0.0,0.332513608499889,414.590868173886,,,,,
5.34575,0.0,0.332696074107187,414.750298213904,,,,,
5.1286,0.0,0.33190807617768,414.212466837876,,,,,
5.82975,0.0,0.332582509518557,414.630842803517,,,,,
5.8501,0.0,0.332578047643782,414.62468482959,,,,,
5.0311,335.255924164333,0.323693294713848,411.625120193641,,,,,
5.9112,0.0,0.332577123867426,414.626669720205,,,,,
5.3111,0.0,0.332557842116587,414.610975730383,,,,,
5.03935,0.0,0.324400475531377,412.136738697831,,,,,
5.1666,0.0,0.332369107661505,414.529327598604,,,,,
5.9692,0.0,0.332595863063142,414.644412851748,,,,,
5.9821,0.0,0.332576479027348,414.651033114047,,,,,
5.3004,0.0,0.332554121610387,414.608636727257,,,,,
5.84245,0.0,0.332576622325251,414.662327952949,,,,,
5.4167,0.0,0.33272413992757,414.742784403673,,,,,
5.93835,0.0,0.332638969651581,414.676791135505,,,,,
5.5736,0.0,0.332592330573338,414.706304958921,,,,,
5.81275,0.0,0.332577965056421,414.674002613061,,,,,
5.84125,0.0,0.33257714136943,414.627122294509,,,,,
5.6724,0.0,0.332576459884494,414.658285337486,,,,,
5.98195,0.0,0.332576645843603,414.645953147043,,,,,
5.7108,0.0,0.332576528798764,414.621841369189,,,,,
5.6239,0.0,0.332604356964249,414.718842367037,,,,,
5.02575,624.117664275658,0.325309029667845,412.454517796296,,,,,
5.0239,767.289842176287,0.333708505623935,418.527022975012,,,,,
5.682,0.0,0.332576703272131,414.644415815437,,,,,
5.2238,0.0,0.332478964707579,414.637973248046,,,,,
5.49855,0.0,0.332635088187503,414.674163827653,,,,,
5.54195,0.0,0.332576679206845,414.641351201395,,,,,
5.9071,0.0,0.332712267666468,414.72754167689,,,,,
5.9858,0.0,0.332716498670508,414.755381370202,,,,,
5.34495,0.0,0.332648790133084,414.741654728617,,,,,
5.88775,0.0,0.332678093461577,414.702717747087,,,,,
5.05165,0.0,0.326830491271516,412.491542285144,,,,,
5.76225,0.0,0.332576441288577,414.653827734018,,,,,
5.1299,0.0,0.331865621727124,414.174796634433,,,,,
5.0757,0.0,0.330392202509866,413.303223067721,,,,,
5.30955,0.0,0.332572428374818,414.628249782049,,,,,
5.85385,0.0,0.332605476998893,414.719799641603,,,,,
5.36185,0.0,0.33257018479746,414.632585515023,,,,,
5.28765,0.0,0.332665691903294,414.696027016855,,,,,
5.1034,0.0,0.331315806360719,413.862295554837,,,,,
5.93035,0.0,0.332576689051735,414.622111074466,,,,,
5.4118,0.0,0.332574597552968,414.634456133904,,,,,
5.4268,0.0,0.332723340657128,414.740426256658,,,,,
5.27605,0.0,0.332677465767164,414.731120204751,,,,,
5.0731,0.0,0.329967327314346,413.060505427891,,,,,
5.39575,0.0,0.332703067411509,414.754074085023,,,,,
5.09355,0.0,0.331048526296032,413.671177933498,,,,,
5.82715,0.0,0.332711285217337,414.726704774781,,,,,
5.2288,0.0,0.332529522667631,414.606729461022,,,,,
5.91365,0.0,0.332598050683162,414.712826441506,,,,,
5.36045,0.0,0.332570083611874,414.6183337989,,,,,
5.4928,0.0,0.332577102536858,414.671471713387,,,,,
5.554,0.0,0.332607731275936,414.721668461251,,,,,
5.82245,0.0,0.332576611386482,414.66207510831,,,,,
5.36745,0.0,0.332698526236336,414.71756116311,,,,,
5.23115,0.0,0.332481462752657,414.562741842492,,,,,
5.7739,0.0,0.332606554372409,414.720698224075,,,,,
5.2409,0.0,0.332498603890821,414.572279564747,,,,,
5.011,1548.95857317596,0.317748450037094,403.443936064402,,,,,
5.49765,0.0,0.332691214628176,414.711676438153,,,,,
5.6316,0.0,0.332577152308181,414.632819698367,,,,,
5.9144,0.0,0.332635881107909,414.738803501521,,,,,
5.6389,0.0,0.332613396979992,414.65866301672,,,,,
5.56945,0.0,0.332591754126945,414.640660990464,,,,,
5.7369,0.0,0.332720931353558,414.735854665271,,,,,
5.97025,0.0,0.332576958145286,414.622708685672,,,,,
5.1238,0.0,0.331725318604269,414.166828116732,,,,,
5.2124,0.0,0.332433656344423,414.562665278498,,,,,
5.30575,0.0,0.332683269161478,414.742907505653,,,,,
5.95885,0.0,0.332610774689774,414.65665245158,,,,,
5.54705,0.0,0.332718189088919,414.733006814503,,,,,
5.9622,0.0,0.332576437460006,414.654372639096,,,,,
5.94415,0.0,0.332621931448147,414.73143322393,,,,,
5.32435,0.0,0.332606547262849,414.72202854549,,,,,
5.77055,0.0,0.3325764571498,414.621552624468,,,,,
5.50495,0.0,0.332661803095832,414.748564501308,,,,,
5.4728,0.0,0.332576811565899,414.671050478682,,,,,
5.79555,0.0,0.33270324564563,414.756179767251,,,,,
5.62165,0.0,0.332577119491925,414.633939013242,,,,,
5.2825,0.0,0.332541771222365,414.635434767103,,,,,
5.7234,0.0,0.33258802142095,414.700107138091,,,,,
5.9557,0.0,0.332712364435091,414.755957731508,,,,,
5.8516,0.0,0.332577136446991,414.634575143824,,,,,
5.4026,0.0,0.332573573129447,414.660674845656,,,,,
5.9605,0.0,0.332576455508984,414.621534367052,,,,,
5.7631,0.0,0.33258189203541,414.688009848531,,,,,
5.97845,0.0,0.332632135772763,414.67211831705,,,,,
5.14405,0.0,0.332018399691151,414.358988669007,,,,,
5.08385,0.0,0.330663267523415,413.425914450697,,,,,
5.9826,0.0,0.332577338813841,414.670117713586,,,,,
5.303,0.0,0.332555532804054,414.66301478179,,,,,
5.04505,0.0,0.323234364948489,411.215716453894,,,,,
5.87625,0.0,0.332726080145846,414.750404978726,,,,,
5.3582,0.0,0.33265338393439,414.686606795279,,,,,
5.1148,0.0,0.331613160953406,414.10295909963,,,,,
5.5797,0.0,0.332585016083629,414.633810724668,,,,,
5.9869,0.0,0.332718557568377,414.733330343812,,,,,
5.4244,0.0,0.332624463965418,414.732799865605,,,,,
5.48565,0.0,0.332702634947341,414.755825550243,,,,,
5.9066,0.0,0.332725766344051,414.742695037694,,,,,
5.6924,0.0,0.332576467541636,414.658533533105,,,,,
5.73705,0.0,0.33271625210488,414.731102407932,,,,,
5.71575,0.0,0.332711215237544,414.756050540859,,,,,
5.41095,0.0,0.332574093819212,414.620522466061,,,,,
5.739,0.0,0.332607064072775,414.653770889693,,,,,
5.86185,0.0,0.332576844929123,414.641585062219,,,,,
5.3386,0.0,0.332625159570327,414.667887778313,,,,,
5.86075,0.0,0.332576521688562,414.621839425821,,,,,
5.59615,0.0,0.332722874324035,414.753206594079,,,,,
5.572,0.0,0.332576669908892,414.643234260874,,,,,
5.79065,0.0,0.332576441835516,414.621511977478,,,,,
5.89265,0.0,0.332577467344074,414.670963691975,,,,,
5.80075,0.0,0.332576515125299,414.621760366628,,,,,
5.36285,0.0,0.332570761828187,414.667786128541,,,,,
5.129,0.0,0.331891820909806,414.199462442993,,,,,
5.3983,0.0,0.332650050003486,414.68429647972,,,,,
5.1078,0.0,0.331590690859864,414.003363602492,,,,,
5.217,0.0,0.332595768448251,414.659575711939,,,,,
5.6468,0.0,0.332723909221798,414.739602063175,,,,,
5.4781,0.0,0.332663749692426,414.693243125872,,,,,
5.9933,0.0,0.332587706941975,414.699598414766,,,,,
5.5293,0.0,0.33259723142115,414.645655421531,,,,,
5.80055,0.0,0.3325764571498,414.621536808552,,,,,
5.68715,0.0,0.33271311616778,414.728276676827,,,,,
5.76455,0.0,0.332642098632056,414.741574586697,,,,,
5.2627,0.0,0.332524816656434,414.632064731448,,,,,
5.03405,0.0,0.323498518169792,413.651480435518,,,,,
5.2265,0.0,0.332619827655912,414.684516412598,,,,,
5.64835,0.0,0.332644816369962,414.680721783959,,,,,
5.6807,0.0,0.332576434178373,414.621523367639,,,,,
5.15795,0.0,0.332271754743674,414.448101958798,,,,,
5.9946,0.0,0.332649973995815,414.744700374124,,,,,
5.14935,0.0,0.332117045499056,414.34215533645,,,,,
5.2454,0.0,0.332610061007627,414.708769988233,,,,,
5.0941,0.0,0.331080171658636,413.715132745566,,,,,
5.7093,0.0,0.332595319437335,414.643917447734,,,,,
5.94795,0.0,0.332664188768679,414.693520212404,,,,,
5.097,0.0,0.331395530366466,413.873817052292,,,,,
5.1648,0.0,0.332258915926332,414.508238718775,,,,,
5.1767,0.0,0.33243658535212,414.567990942731,,,,,
5.2987,0.0,0.332606971101736,414.656088328864,,,,,
5.18645,0.0,0.332485496459502,414.604026410729,,,,,
5.0245,750.784354153926,0.333537771286262,418.509163283977,,,,,
5.2854,0.0,0.332652482239792,414.734124828955,,,,,
5.05905,0.0,0.32897033406623,412.939587342621,,,,,
5.06875,0.0,0.330124935045381,413.213562065439,,,,,
5.2507,0.0,0.332512863974767,414.581258812461,,,,,
5.5803,0.0,0.332577226144745,414.623348909159,,,,,
5.61755,0.0,0.332695021627037,414.714327492585,,,,,
5.0313,335.255924164333,0.323700209977421,411.659077646921,,,,,
5.2379,0.0,0.332600887457996,414.654437557187,,,,,
5.69785,0.0,0.332675688751298,414.70112544933,,,,,
5.5152,0.0,0.332677953488013,414.752728068596,,,,,
5.178,0.0,0.332405230004609,414.531328246612,,,,,
5.302,0.0,0.332553754042682,414.625990808933,,,,,
5.6186,0.0,0.332630158914388,414.670744860622,,,,,
5.85755,0.0,0.332690662410161,414.71126455389,,,,,
5.14205,0.0,0.331988633778947,414.268472030768,,,,,
5.209,0.0,0.332471442009932,414.568917566566,,,,,
5.87165,0.0,0.332577103083796,414.636025895662,,,,,
5.71805,0.0,0.332662563691531,414.69245061438,,,,,
5.90905,0.0,0.332602461975171,414.650047908214,,,,,
5.14435,0.0,0.332034985678183,414.37292364967,,,,,
5.8243,0.0,0.3326282099338,414.734968575589,,,,,
5.4438,0.0,0.33259657240051,414.711878580397,,,,,
5.22695,0.0,0.332619730313501,414.675136872237,,,,,
5.6353,0.0,0.332686674931485,414.75447908265,,,,,
5.61355,0.0,0.332591238387058,414.704821033752,,,,,
5.33415,0.0,0.33259908596932,414.716930029161,,,,,
5.33355,0.0,0.332576063900631,414.69327022633,,,,,
5.32265,0.0,0.332561250265023,414.653826277611,,,,,
5.46055,0.0,0.332575661899957,414.621292896661,,,,,
5.0683,0.0,0.330188071989968,413.245962155858,,,,,
5.6054,0.0,0.332691901892287,414.755216183468,,,,,
5.62905,0.0,0.332606400149612,414.65323973816,,,,,
5.13195,0.0,0.331859557928315,414.181506041576,,,,,
5.05955,0.0,0.328872715642001,412.871102478081,,,,,
5.2801,0.0,0.332545212354915,414.605502322156,,,,,
5.9523,0.0,0.33257646152531,414.657953594658,,,,,
5.69605,0.0,0.332721265934539,414.754021479881,,,,,
5.2865,0.0,0.33269492211965,414.729994754979,,,,,
5.3602,0.0,0.332571680699696,414.621130616747,,,,,
5.2648,0.0,0.332596549430472,414.712776993056,,,,,
5.15985,0.0,0.332191301392525,414.384319318551,,,,,
5.9853,0.0,0.332693264387823,414.755409759923,,,,,
5.64895,0.0,0.332610780705479,414.656666582156,,,,,
5.1469,0.0,0.332196646755759,414.416610372685,,,,,
5.94975,0.0,0.332581833513919,414.630021432578,,,,,
5.82965,0.0,0.332584446187666,414.633108168358,,,,,
5.9335,0.0,0.332592980851799,414.707058257587,,,,,
5.4445,0.0,0.332631354327247,414.736454737841,,,,,
5.50855,0.0,0.332634964054275,414.674075585038,,,,,
5.29895,0.0,0.332593180474452,414.646198984087,,,,,
5.59975,0.0,0.332583869727607,414.632481057014,,,,,
5.2267,0.0,0.332621370912135,414.680915905233,,,,,
5.82465,0.0,0.33264963879631,414.744573905711,,,,,
5.50325,0.0,0.332582637499862,414.690532418217,,,,,
5.5769,0.0,0.332722169629526,414.737355091295,,,,,
5.38345,0.0,0.332581922116547,414.694730154463,,,,,
5.38035,0.0,0.332572819440507,414.62064262621,,,,,
5.7527,0.0,0.332577494143988,414.671146390804,,,,,
5.34345,0.0,0.332575891614687,414.690635860849,,,,,
5.7658,0.0,0.332713872819186,414.755789976907,,,,,
5.8061,0.0,0.332723322616118,414.753008287488,,,,,
5.8677,0.0,0.332681572004442,414.705049446976,,,,,
5.6496,0.0,0.332586897499071,414.635802408722,,,,,
5.5236,0.0,0.332591654041749,414.705531724146,,,,,
5.74155,0.0,0.332577179655059,414.632503123562,,,,,
5.71655,0.0,0.332726745470274,414.745403135317,,,,,
5.63305,0.0,0.332580459623237,414.684092004163,,,,,
5.66625,0.0,0.332725186301976,414.751511253115,,,,,
5.98705,0.0,0.332713222230292,414.728369535649,,,,,
5.33405,0.0,0.332594342111843,414.713250747823,,,,,
5.2714,0.0,0.332534659107382,414.599632967165,,,,,
5.4595,0.0,0.332590490754222,414.639725009333,,,,,
5.6161,0.0,0.332721858557542,414.7537368125,,,,,
5.2633,0.0,0.332530600287233,414.657232812917,,,,,
5.1893,0.0,0.332386765726501,414.513154174399,,,,,
5.1755,0.0,0.332381146507266,414.568192714963,,,,,
5.0892,0.0,0.331060869204391,413.619659096578,,,,,
5.5687,0.0,0.332625258551725,414.667314245825,,,,,
5.67125,0.0,0.332577080659352,414.626215639635,,,,,
5.3558,0.0,0.33270035014944,414.751370409198,,,,,
5.0247,705.026271348661,0.333034650092259,418.038620270996,,,,,
5.7432,0.0,0.332583572746371,414.691967003001,,,,,
5.5023,0.0,0.332576044757753,414.652334445731,,,,,
5.7179,0.0,0.332672148907405,414.698767485526,,,,,
5.5526,0.0,0.332576624513005,414.664422372628,,,,,
5.1019,0.0,0.331307597863887,413.791540663066,,,,,
5.20205,0.0,0.33240203476903,414.53053797387,,,,,
5.46405,0.0,0.332607926514641,414.721964320139,,,,,
5.14485,0.0,0.332070058135065,414.393318052266,,,,,
5.4279,0.0,0.332676332305525,414.701607290057,,,,,
5.45205,0.0,0.332575637287655,414.64293653986,,,,,
5.80215,0.0,0.332576501998772,414.650735668972,,,,,
5.74045,0.0,0.332576588962004,414.621909393431,,,,,
5.8055,0.0,0.332700890323224,414.756074096478,,,,,
5.8149,0.0,0.332665473186421,414.749756437789,,,,,
5.7294,0.0,0.3325917765504,414.640662249183,,,,,
5.13265,0.0,0.331859124913043,414.207981237219,,,,,
5.9087,0.0,0.332619264928882,414.662999180626,,,,,
5.29555,0.0,0.332667599108337,414.739147201162,,,,,
5.48665,0.0,0.332726046250893,414.744477655873,,,,,
5.71815,0.0,0.332656133294946,414.688218128951,,,,,
5.55805,0.0,0.332665783764338,414.694571740031,,,,,
5.4257,0.0,0.332702759602051,414.755035698359,,,,,
5.10155,0.0,0.331307597863887,413.784135176973,,,,,
5.25445,0.0,0.332563239566143,414.695434004533,,,,,
5.678,0.0,0.332666592468506,414.695106959916,,,,,
5.04065,0.0,0.324355375655514,412.090847425555,,,,,
5.36175,0.0,0.332570275590987,414.629989996216,,,,,
5.88945,0.0,0.33258880679671,414.637748269875,,,,,
5.54855,0.0,0.332634377291739,414.673656800059,,,,,
5.63775,0.0,0.33268303624031,414.706050333646,,,,,
5.314,0.0,0.332585540583946,414.707264847325,,,,,
5.2103,0.0,0.332435262295235,414.534199005298,,,,,
5.69915,0.0,0.332601126999471,414.64895225863,,,,,
5.6733,0.0,0.332585190552544,414.695224496555,,,,,
5.05395,0.0,0.326707310923321,412.212704332186,,,,,
5.1113,0.0,0.33152321492767,413.936858847861,,,,,
5.8858,0.0,0.332715351674083,414.755584274162,,,,,
5.95785,0.0,0.332670373503491,414.697596793103,,,,,
5.8258,0.0,0.332714626735313,414.755692448749,,,,,
5.54485,0.0,0.332656442241162,414.746928125117,,,,,
5.86645,0.0,0.332726920411563,414.74655375984,,,,,
5.7255,0.0,0.332699529499128,414.755989212838,,,,,
5.4678,0.0,0.332682616325679,414.705792219403,,,,,
5.16305,0.0,0.332185717197582,414.432009628747,,,,,
5.28245,0.0,0.332541756453479,414.633569512095,,,,,
5.5644,0.0,0.332628982637066,414.735372490092,,,,,
5.4821,0.0,0.3325760731986,414.645163662761,,,,,
5.62105,0.0,0.332576778202671,414.623418245413,,,,,
5.1931,0.0,0.332365345638009,414.546320032321,,,,,
5.1468,0.0,0.332194911520762,414.417963516498,,,,,
5.43055,0.0,0.33257493884446,414.62085629796,,,,,
5.354,0.0,0.332596560915491,414.714178600513,,,,,
5.19585,0.0,0.332505774217783,414.633392834116,,,,,
5.68395,0.0,0.332607495020544,414.72146285296,,,,,
5.48545,0.0,0.332691993746094,414.754971600007,,,,,
5.08445,0.0,0.330722951640955,413.48317608149,,,,,
5.8467,0.0,0.332724577830739,414.740577845222,,,,,
5.5864,0.0,0.332726481964785,414.749359255198,,,,,
5.01525,1381.95521363818,0.322401550239721,407.071157475238,,,,,
5.2028,0.0,0.332402252564792,414.558103473946,,,,,
5.97665,0.0,0.332724707944179,414.740789887476,,,,,
5.14995,0.0,0.332101324081453,414.326309276152,,,,,
5.781,0.0,0.33257681430059,414.623460205857,,,,,
5.49185,0.0,0.332576527157948,414.63778286453,,,,,
5.06155,0.0,0.328781686846893,412.775974976829,,,,,
5.4853,0.0,0.332683215578689,414.753641569587,,,,,
5.11565,0.0,0.331693814309311,414.137230964117,,,,,
5.48215,0.0,0.332576007018932,414.646806519779,,,,,
5.89945,0.0,0.332588714914405,414.637658916423,,,,,
5.8895,0.0,0.33258748161077,414.63639450329,,,,,
5.7425,0.0,0.332576648578296,414.663009173227,,,,,
5.8307,0.0,0.332576485590612,414.621630176367,,,,,
5.1748,0.0,0.33233013521499,414.551320877232,,,,,
5.21605,0.0,0.332582802672244,414.674122066934,,,,,
5.49145,0.0,0.332576706553761,414.628360224171,,,,,
5.4515,0.0,0.332576088512901,414.628688835333,,,,,
5.1031,0.0,0.331310084975901,413.84340405414,,,,,
5.3235,0.0,0.332571826734398,414.68928165302,,,,,
5.9966,0.0,0.332725386938699,414.741943580313,,,,,
5.375,0.0,0.332657238391504,414.745633391144,,,,,
5.32385,0.0,0.332582959093695,414.703658871399,,,,,
5.19495,0.0,0.332446169970499,414.619525013199,,,,,
5.9889,0.0,0.332607941280589,414.654453287166,,,,,
5.17835,0.0,0.332386236534507,414.517964331424,,,,,
5.5729,0.0,0.332578452923186,414.676930140173,,,,,
5.2726,0.0,0.332534109911435,414.634240044339,,,,,
5.56395,0.0,0.332605614268504,414.719941227383,,,,,
5.4011,0.0,0.332573725726637,414.621288014993,,,,,
5.67235,0.0,0.332576431443679,414.656414035726,,,,,
5.0278,508.302462258431,0.317210255994848,407.060404509375,,,,,
5.6369,0.0,0.332721753044483,414.736816878505,,,,,
5.6442,0.0,0.332619317975105,414.729841639741,,,,,
5.4953,0.0,0.332683525046518,414.753746173738,,,,,
5.89325,0.0,0.332585690441027,414.696137302164,,,,,
5.2135,0.0,0.332443720904365,414.608720739138,,,,,
5.42655,0.0,0.332725090630472,414.746333576187,,,,,
5.9253,0.0,0.33269217471989,414.755276565311,,,,,
5.2043,0.0,0.332443560040141,414.622157323796,,,,,
5.33315,0.0,0.332567928078101,414.676340814786,,,,,
5.7965,0.0,0.332726847701601,414.745951505729,,,,,
5.1569,0.0,0.332293828444622,414.476200471128,,,,,
5.78005,0.0,0.332578671150352,414.625687939725,,,,,
5.0294,457.743965937541,0.32308563177469,410.966894435468,,,,,
5.16825,0.0,0.332331463069135,414.483926428201,,,,,
5.1335,0.0,0.331869120844349,414.250187278032,,,,,
5.27575,0.0,0.332664464899774,414.731792762451,,,,,
5.58905,0.0,0.332606956335745,414.653684880214,,,,,
5.9976,0.0,0.33268506253966,414.707413499038,,,,,
5.411,0.0,0.332574158358433,414.620841062723,,,,,
5.11975,0.0,0.331713933182956,414.074377202381,,,,,
5.83235,0.0,0.332576477933471,414.658368245169,,,,,
5.748,0.0,0.332665143470462,414.694151114364,,,,,
5.2753,0.0,0.332638577023151,414.728337631913,,,,,
5.5047,0.0,0.332645806124126,414.743014792066,,,,,
5.1085,0.0,0.331568616431049,413.981724691613,,,,,
5.0462,0.0,0.323288338503839,410.870963345636,,,,,
5.4067,0.0,0.33272365118103,414.742547049434,,,,,
5.7629,0.0,0.332579169954766,414.679571200994,,,,,
5.45405,0.0,0.33260757158481,414.72172339085,,,,,
5.6035,0.0,0.332589658894496,414.702614675772,,,,,
5.5757,0.0,0.332706902157683,414.756167157912,,,,,
5.97145,0.0,0.332577196610122,414.631926052689,,,,,
5.5853,0.0,0.332685661788263,414.754287157432,,,,,
5.7402,0.0,0.332577589311015,414.623907931607,,,,,
5.1562,0.0,0.332272338314493,414.481969041528,,,,,
5.28365,0.0,0.332556440778209,414.68311598973,,,,,
5.1387,0.0,0.33203583262328,414.294743409161,,,,,
5.381,0.0,0.33257205754567,414.619450230456,,,,,
5.32795,0.0,0.332663891859147,414.693753954404,,,,,
5.59625,0.0,0.332724801975709,414.751834163973,,,,,
5.7634,0.0,0.332588370355535,414.700651005948,,,,,
5.45725,0.0,0.33271113432339,414.726809391122,,,,,
5.4228,0.0,0.332575410854391,414.669569732981,,,,,
5.636,0.0,0.332719284685397,414.754693708806,,,,,
5.4923,0.0,0.332575977484201,414.652161572091,,,,,
5.79945,0.0,0.332589622797972,414.638563216964,,,,,
5.8821,0.0,0.332576520594685,414.649902470809,,,,,
5.9699,0.0,0.332579615705885,414.627083763908,,,,,
5.48135,0.0,0.33257653043958,414.626453453648,,,,,
5.2899,0.0,0.3325546188107,414.613419758541,,,,,
5.96725,0.0,0.332704705412288,414.721458338156,,,,,
5.2991,0.0,0.332585777401858,414.640574460702,,,,,
5.62155,0.0,0.332577164340808,414.631594802647,,,,,
5.2941,0.0,0.332580430088901,414.705032820505,,,,,
5.4891,0.0,0.332605734037561,414.652779970147,,,,,
5.5674,0.0,0.332703629996798,414.720647946805,,,,,
5.5724,0.0,0.332576347762039,414.657011932015,,,,,
5.7724,0.0,0.332576497076324,414.659524805209,,,,,
5.962,0.0,0.332576597166082,414.64738907836,,,,,
5.87535,0.0,0.332694081773117,414.755502619554,,,,,
5.10905,0.0,0.331549281515268,413.964553877353,,,,,
5.6335,0.0,0.332589950401133,414.703034949598,,,,,
5.16215,0.0,0.332183692780526,414.395673769574,,,,,
5.07365,0.0,0.329973198769536,413.060926425856,,,,,
5.8838,0.0,0.332603726943104,414.718274887165,,,,,
5.30515,0.0,0.332648351036506,414.737562087196,,,,,
5.3374,0.0,0.33269634747811,414.716653079868,,,,,
5.7832,0.0,0.332583835271234,414.692517744996,,,,,
5.9892,0.0,0.332595640471998,414.644206448824,,,,,
5.57295,0.0,0.332578944617777,414.679019728419,,,,,
5.65045,0.0,0.332576638733404,414.622048187477,,,,,
5.4541,0.0,0.332609960927939,414.723543494104,,,,,
5.74855,0.0,0.332630642329804,414.671081839297,,,,,
5.47005,0.0,0.33257903759665,414.626824587827,,,,,
5.7306,0.0,0.332576431990618,414.621502798062,,,,,
5.02105,1003.54071103356,0.333093873261363,413.559716746935,,,,,
5.49815,0.0,0.332660315254069,414.690985573088,,,,,
5.4949,0.0,0.33265831012934,414.747452313938,,,,,
5.4675,0.0,0.33269955027511,414.717676605289,,,,,
5.1153,0.0,0.33166048782067,414.125563883813,,,,,
5.42325,0.0,0.332580536740659,414.688411342732,,,,,
5.00855,1629.12621451241,0.316898917556678,402.995113278348,,,,,
5.1978,0.0,0.3325059339578,414.595413551024,,,,,
5.2803,0.0,0.332543240996736,414.602506257414,,,,,
5.29055,0.0,0.332548381600476,414.604195602021,,,,,
5.8943,0.0,0.332629530582668,414.73566784237,,,,,
5.4231,0.0,0.332578208989893,414.682062858059,,,,,
5.569,0.0,0.332609555140043,414.655726898972,,,,,
5.08625,0.0,0.331078253660839,413.67291417707,,,,,
5.4469,0.0,0.332722012180122,414.737878909233,,,,,
5.0592,0.0,0.328940470947711,412.921315548557,,,,,
5.4878,0.0,0.332682486195777,414.705687883131,,,,,
5.4987,0.0,0.332626245629801,414.668033796304,,,,,
5.45175,0.0,0.332576010300569,414.63437642913,,,,,
5.9693,0.0,0.332592476598974,414.64132072298,,,,,
5.744,0.0,0.332610779611714,414.724010281728,,,,,
5.0452,0.0,0.323130709594669,411.100426477634,,,,,
5.1747,0.0,0.33232316143058,414.548031264942,,,,,
5.4173,0.0,0.332708399632107,414.724763645849,,,,,
5.7964,0.0,0.332726894170375,414.748084850674,,,,,
5.38985,0.0,0.332579556637059,414.629409475511,,,,,
5.48695,0.0,0.332721224385285,414.736459029503,,,,,
5.3698,0.0,0.332578814994245,414.629529448044,,,,,
5.30445,0.0,0.332604214225188,414.720402092993,,,,,
5.104,0.0,0.331341431418309,413.90419892898,,,,,
5.3964,0.0,0.33272257801357,414.74841087803,,,,,
5.69265,0.0,0.332577114022549,414.668321247932,,,,,
5.9347,0.0,0.33265511623104,414.746534880829,,,,,
5.39665,0.0,0.332723380019329,414.743420906406,,,,,
5.7989,0.0,0.332610872581689,414.656725934959,,,,,
5.60885,0.0,0.33261645729505,414.660932008579,,,,,
5.4658,0.0,0.332709019067347,414.755610400587,,,,,
5.90335,0.0,0.332588251674064,414.700464314474,,,,,
5.13225,0.0,0.33185917698453,414.191580617544,,,,,
5.86145,0.0,0.332577203720309,414.631131249685,,,,,
5.49635,0.0,0.332725356870533,414.750525960495,,,,,
5.36055,0.0,0.332569775679333,414.617668870977,,,,,
5.23385,0.0,0.332502235847333,414.653351526639,,,,,
5.32665,0.0,0.332712882720792,414.737440817778,,,,,
5.6006,0.0,0.332576418317149,414.621529498914,,,,,
5.26045,0.0,0.332525116972285,414.590016280511,,,,,
5.1323,0.0,0.33185911723935,414.193457166017,,,,,
5.50365,0.0,0.332592908659467,414.707225527895,,,,,
5.87715,0.0,0.332710601820292,414.726135838553,,,,,
5.5311,0.0,0.332576643108911,414.623516287025,,,,,
5.85725,0.0,0.332706410652196,414.722775756317,,,,,
5.9175,0.0,0.332692410368401,414.712478457335,,,,,
5.0739,0.0,0.329983271123062,413.069065030848,,,,,
5.6271,0.0,0.332715723983652,414.730610350228,,,,,
5.0346,0.0,0.322598645155255,412.716730347738,,,,,
5.75835,0.0,0.332642605543809,414.6792340139,,,,,
5.70575,0.0,0.332711064890283,414.75605634846,,,,,
5.31825,0.0,0.332642220028469,414.679504985979,,,,,
5.88185,0.0,0.332576846569938,414.641781559354,,,,,
5.10775,0.0,0.331591791278781,414.004755414271,,,,,
5.85645,0.0,0.332726926971859,414.746626871494,,,,,
5.3685,0.0,0.332635451837441,414.674645432425,,,,,
5.06505,0.0,0.328898724614254,412.652279641852,,,,,
5.39185,0.0,0.332573313331203,414.634829901279,,,,,
5.18575,0.0,0.332454204269,414.605189759647,,,,,
5.40555,0.0,0.332693734042896,414.75398873884,,,,,
5.9843,0.0,0.332631236207961,414.736549010711,,,,,
5.25185,0.0,0.33251349854441,414.595712779496,,,,,
5.21995,0.0,0.332465701666802,414.556751625467,,,,,
5.1811,0.0,0.332314534994507,414.456490094076,,,,,
5.692,0.0,0.332576708741514,414.64452067693,,,,,
5.2258,0.0,0.33259579907504,414.689169526908,,,,,
5.5647,0.0,0.332647320825073,414.743668019807,,,,,
5.3677,0.0,0.332685320610359,414.707948316505,,,,,
5.4375,0.0,0.332699399375841,414.717642684363,,,,,
5.8091,0.0,0.332601743900009,414.64944389652,,,,,
5.53835,0.0,0.332646923831918,414.68212386588,,,,,
5.0718,0.0,0.329966846612232,413.079504589455,,,,,
5.02535,687.142064711925,0.329113500147593,414.986406835154,,,,,
5.26375,0.0,0.332542206630708,414.676325555206,,,,,
5.6332,0.0,0.332582872679057,414.690439294244,,,,,
5.50305,0.0,0.332579523274107,414.682073815356,,,,,
5.28315,0.0,0.332545637365954,414.66187216656,,,,,
5.2701,0.0,0.33253749259397,414.600628414241,,,,,
5.2965,0.0,0.33270075527986,414.733488272334,,,,,
5.9544,0.0,0.332636662542791,414.739171110989,,,,,
5.44735,0.0,0.332706755088821,414.723243688163,,,,,
5.98955,0.0,0.332585485891564,414.634274946467,,,,,
5.11695,0.0,0.331775408061988,414.147523768226,,,,,
5.6121,0.0,0.332576580757927,414.646905087019,,,,,
5.8075,0.0,0.332694414740865,414.713887659674,,,,,
5.6014,0.0,0.332577140822492,414.628371798413,,,,,
5.2193,0.0,0.332484189462874,414.574835131784,,,,,
5.6372,0.0,0.332711728604588,414.727101756154,,,,,
5.88465,0.0,0.332650882805824,414.745034078409,,,,,
5.5155,0.0,0.332695574384559,414.755502272937,,,,,
5.384,0.0,0.332600802141812,414.716887289216,,,,,
5.88,0.0,0.332578854920486,414.625950080386,,,,,
5.87155,0.0,0.332577181295871,414.633504806639,,,,,
5.43465,0.0,0.332640017934407,414.740387958885,,,,,
5.7321,0.0,0.332576553957939,414.648235094818,,,,,
5.03215,253.187688045331,0.323727716158942,412.347975060092,,,,,
5.7853,0.0,0.332689554690864,414.754926291347,,,,,
5.07695,0.0,0.330774215739012,413.474161008141,,,,,
5.45605,0.0,0.332718017969981,414.754154161115,,,,,
5.06055,0.0,0.32878100358066,412.764672943511,,,,,
5.8602,0.0,0.332577360691331,414.623490984581,,,,,
5.128,0.0,0.331930839887374,414.231445229162,,,,,
5.4432,0.0,0.332580457435509,414.686992289525,,,,,
5.65535,0.0,0.332690004121349,414.754982161529,,,,,
5.3053,0.0,0.332657857375206,414.739768599695,,,,,
5.65145,0.0,0.332577185124434,414.629683300888,,,,,
5.57845,0.0,0.332639931534591,414.67744765622,,,,,
5.6334,0.0,0.33258723823102,414.698870483419,,,,,
5.28075,0.0,0.332541745513563,414.59951488332,,,,,
5.0195,1125.10296271788,0.332527589507777,413.019781385115,,,,,
5.0732,0.0,0.329967500962299,413.059258044089,,,,,
5.64685,0.0,0.33272286721696,414.738185364015,,,,,
5.63085,0.0,0.332576525517133,414.621937963753,,,,,
5.0596,0.0,0.328864097151342,412.863682086089,,,,,
5.59925,0.0,0.33259842585855,414.646656175737,,,,,
5.5032,0.0,0.332581742723548,414.688415393148,,,,,
5.1795,0.0,0.332331500288383,414.476421906182,,,,,
5.93605,0.0,0.332723145486148,414.753110632888,,,,,
5.318,0.0,0.332658059146146,414.689981298686,,,,,
5.5675,0.0,0.332698526783074,414.716857029987,,,,,
5.63545,0.0,0.332695253446327,414.755616468192,,,,,
5.43485,0.0,0.332652692216194,414.745268970855,,,,,
5.42175,0.0,0.332575096363491,414.633540073524,,,,,
5.33595,0.0,0.332702435937092,414.74855046494,,,,,
5.6935,0.0,0.332590543258119,414.70385345071,,,,,
5.0253,687.142064711925,0.329533469491658,415.283636601091,,,,,
5.54285,0.0,0.332577878093548,414.674396502112,,,,,
5.0473,0.0,0.325205153516481,411.628056059849,,,,,
5.71635,0.0,0.332726506565928,414.749547731804,,,,,
5.64545,0.0,0.332695430591148,414.755634110453,,,,,
5.9303,0.0,0.3325768345373,414.622430215263,,,,,
5.75615,0.0,0.332724003253554,414.752559437712,,,,,
5.7609,0.0,0.332576669361954,414.62252486556,,,,,
5.7871,0.0,0.332713806120215,414.728880572129,,,,,
5.08865,0.0,0.331092353514727,413.645832114475,,,,,
5.65035,0.0,0.332576955957535,414.622728396906,,,,,
5.5601,0.0,0.332578771239456,414.625934267319,,,,,
5.0136,1458.49895171922,0.317403416125315,402.432191562863,,,,,
5.90535,0.0,0.332694608835212,414.755559645299,,,,,
5.44945,0.0,0.332591982736735,414.641184492996,,,,,
5.1809,0.0,0.332314312214924,414.45547396326,,,,,
5.11905,0.0,0.331733636300506,414.093154362044,,,,,
5.55105,0.0,0.332576645843603,414.623124214651,,,,,
5.3504,0.0,0.332568781323285,414.617817247895,,,,,
5.78435,0.0,0.332630356327329,414.736097615569,,,,,
5.46345,0.0,0.332586224237966,414.698103384174,,,,,
5.046,0.0,0.323112878958857,410.833838784846,,,,,
5.23165,0.0,0.332481902069639,414.570633557103,,,,,
5.4252,0.0,0.332674477094422,414.751323906761,,,,,
5.0373,0.0,0.319840822876279,409.57210390477,,,,,
5.38535,0.0,0.33268043199558,414.751501539601,,,,,
5.17845,0.0,0.332380649047461,414.514076991549,,,,,
5.4491,0.0,0.332605694114547,414.652853395998,,,,,
5.5334,0.0,0.332586258694091,414.697389192239,,,,,
5.79975,0.0,0.332582678519501,414.631053505102,,,,,
5.7156,0.0,0.332704422207123,414.756207722096,,,,,
5.7705,0.0,0.332576503092649,414.62167594498,,,,,
5.58055,0.0,0.332576425974292,414.621664633167,,,,,
5.5381,0.0,0.332662931685807,414.69269590248,,,,,
5.69725,0.0,0.33270876976257,414.724655052889,,,,,
5.42785,0.0,0.332679410085035,414.703670567597,,,,,
5.7171,0.0,0.332714686873582,414.729651070475,,,,,
5.3224,0.0,0.332560993738937,414.644343036408,,,,,
5.27995,0.0,0.332547414529782,414.608384984375,,,,,
5.80415,0.0,0.332619468363836,414.729922658005,,,,,
5.62735,0.0,0.332705185439026,414.721825818701,,,,,
5.51775,0.0,0.332685138539314,414.707480364923,,,,,
5.18185,0.0,0.332315009016415,414.469497990879,,,,,
5.85035,0.0,0.332576749214946,414.622268609133,,,,,
5.4286,0.0,0.332632169130439,414.672225645775,,,,,
5.8427,0.0,0.332577673539279,414.672344934669,,,,,
5.4742,0.0,0.332615709718899,414.7275268842,,,,,
5.0956,0.0,0.331271025827948,413.837153754423,,,,,
5.8553,0.0,0.332690872909215,414.755110732506,,,,,
5.02995,401.087873986186,0.323638491672991,411.548115323573,,,,,
5.1946,0.0,0.332422486700859,414.609020248905,,,,,
5.61665,0.0,0.332726209712006,414.7437784049,,,,,
5.277,0.0,0.332684522340176,414.714073596444,,,,,
5.0826,0.0,0.330636860962582,413.36796970048,,,,,
5.933,0.0,0.33258118157287,414.686117193756,,,,,
5.4053,0.0,0.332679258629861,414.751915552532,,,,,
5.70945,0.0,0.332590466689933,414.639392166261,,,,,
5.09465,0.0,0.331136670966164,413.763458796266,,,,,
5.39165,0.0,0.332573463193794,414.629813963422,,,,,
5.9702,0.0,0.332577176920371,414.62314175118,,,,,
5.57935,0.0,0.332594956290425,414.643626162011,,,,,
5.83915,0.0,0.332599332074906,414.647421011362,,,,,
5.3251,0.0,0.332653039442504,414.741360036556,,,,,
5.2181,0.0,0.332549355779141,414.621428991396,,,,,
5.0131,1481.36826676355,0.317686380497714,402.775908725978,,,,,
5.01875,1154.48691987887,0.332290121404678,413.363027795126,,,,,
5.0983,0.0,0.331365257825485,413.837114280616,,,,,
5.19785,0.0,0.332503378108329,414.593547816129,,,,,
5.8256,0.0,0.332706132369012,414.756224727348,,,,,
5.0733,0.0,0.32996792763974,413.058485313275,,,,,
5.63075,0.0,0.332576435272251,414.621574378998,,,,,
5.67715,0.0,0.33271324464556,414.728389535757,,,,,
5.2848,0.0,0.332613954248179,414.723261302137,,,,,
5.06215,0.0,0.328784066925956,412.784778494373,,,,,
5.40525,0.0,0.332676187410247,414.751306913525,,,,,
5.81335,0.0,0.332587495283784,414.699243163398,,,,,
5.89985,0.0,0.332580562993395,414.628376569928,,,,,
5.7477,0.0,0.332683928010379,414.706645224281,,,,,
5.04705,0.0,0.324698088189353,411.404488328737,,,,,
5.14745,0.0,0.332195073600527,414.405313068265,,,,,
5.48315,0.0,0.332580641751588,414.685897493366,,,,,
5.1673,0.0,0.332369850319534,414.515631456056,,,,,
5.6357,0.0,0.332707861657405,414.756191782256,,,,,
5.13285,0.0,0.331859800745492,414.217219547408,,,,,
5.55225,0.0,0.332576338464078,414.651301246872,,,,,
5.6349,0.0,0.332661675691781,414.748640191451,,,,,
5.66765,0.0,0.332688434392523,414.709720171365,,,,,
5.54525,0.0,0.332681777041593,414.75354979081,,,,,
5.98975,0.0,0.332581622945851,414.62975538807,,,,,
5.8542,0.0,0.332623077672993,414.732111902973,,,,,
5.8833,0.0,0.332586809991612,414.698101014184,,,,,
5.94135,0.0,0.332577195516247,414.629579149457,,,,,
5.2663,0.0,0.332675838567771,414.723431576831,,,,,
5.80225,0.0,0.332576447304903,414.654299729362,,,,,
5.3289,0.0,0.332605917245853,414.65448125553,,,,,
5.6931,0.0,0.33258151465365,414.6870436735,,,,,
5.13995,0.0,0.331994113352958,414.257871533591,,,,,
5.2153,0.0,0.332540215562772,414.669211841718,,,,,
5.86055,0.0,0.332576438006945,414.621512207608,,,,,
5.9405,0.0,0.332576442929393,414.621544598406,,,,,
5.87995,0.0,0.332579385993726,414.626738385154,,,,,
5.3622,0.0,0.33256971660876,414.643212986682,,,,,
5.0149,1381.95521363818,0.319607637231983,404.907922094623,,,,,
5.94075,0.0,0.332576543566106,414.621960074726,,,,,
5.46205,0.0,0.332575830357441,414.643167418102,,,,,
5.3385,0.0,0.332631276674758,414.672038997364,,,,,
5.19115,0.0,0.33236268198579,414.487348436999,,,,,
5.8136,0.0,0.332595045983374,414.709531076868,,,,,
5.39885,0.0,0.332617020573703,414.661656830441,,,,,
5.57315,0.0,0.33258159724013,414.687453857785,,,,,
5.10175,0.0,0.33130765880659,413.787962448461,,,,,
5.20195,0.0,0.332402162819822,414.52758765536,,,,,
5.5225,0.0,0.332576259704865,414.660072625473,,,,,
5.80235,0.0,0.332576471917145,414.658000260442,,,,,
5.60585,0.0,0.33271375746276,414.755769522339,,,,,
5.5082,0.0,0.332656962801216,414.688777504732,,,,,
5.8498,0.0,0.332581543094029,414.629663777476,,,,,
5.51455,0.0,0.332636767536001,414.739170795818,,,,,
5.07495,0.0,0.330143981474534,413.17540001312,,,,,
5.66985,0.0,0.332581674357288,414.629828121235,,,,,
5.1756,0.0,0.332388079125948,414.569626886589,,,,,
5.99635,0.0,0.332726930798699,414.747780053057,,,,,
5.711,0.0,0.332576789141435,414.623233001376,,,,,
5.4422,0.0,0.3325751887965,414.647571112671,,,,,
5.4181,0.0,0.332663514570409,414.693134907618,,,,,
5.3414,0.0,0.33256682487259,414.620381145702,,,,,
5.3565,0.0,0.332719055069668,414.744236704702,,,,,
5.8599,0.0,0.332580057627876,414.627702880972,,,,,
5.7541,0.0,0.33261597112465,414.727664933289,,,,,
5.20425,0.0,0.332440858166122,414.620260449005,,,,,
5.0121,1515.57163720433,0.317725291384409,403.094498819844,,,,,
5.901,0.0,0.332576877745407,414.623876833493,,,,,
5.6995,0.0,0.332589110336287,414.638069193158,,,,,
5.1572,0.0,0.332293606198561,414.470179051912,,,,,
5.62815,0.0,0.332657984233914,414.689438962361,,,,,
5.0822,0.0,0.330636922579061,413.362143477904,,,,,
5.72735,0.0,0.332703628356609,414.720636515759,,,,,
5.36855,0.0,0.332632374198042,414.672563494004,,,,,
5.77345,0.0,0.332589848674643,414.702865077018,,,,,
5.2797,0.0,0.332552687984642,414.614321285591,,,,,
5.5474,0.0,0.332703906641888,414.720857674408,,,,,
5.8087,0.0,0.332621034590074,414.664274430656,,,,,
5.79055,0.0,0.33257645277429,414.621541839336,,,,,
5.7233,0.0,0.332585563554744,414.695913072539,,,,,
5.8686,0.0,0.332625510106527,414.667478577757,,,,,
5.83085,0.0,0.332576644749727,414.622334249103,,,,,
5.26155,0.0,0.332525229659037,414.596232065501,,,,,
5.1038,0.0,0.331330495060072,413.889854794587,,,,,
5.20515,0.0,0.332498654768028,414.647529104573,,,,,
5.37465,0.0,0.332634924681612,414.737500013151,,,,,
5.45215,0.0,0.33257550000567,414.646163002521,,,,,
5.6094,0.0,0.332593002181348,414.641804767726,,,,,
5.64965,0.0,0.332585701379498,414.634523690096,,,,,
5.2984,0.0,0.332625244880263,414.66850025256,,,,,
5.416,0.0,0.332714690700562,414.753861058657,,,,,
5.89225,0.0,0.332576443476332,414.655369109851,,,,,
5.51485,0.0,0.332655665227212,414.746633245366,,,,,
5.1983,0.0,0.332478116702902,414.575986847099,,,,,
5.112,0.0,0.331523384468612,413.951947172322,,,,,
5.9904,0.0,0.332576546847737,414.62177707698,,,,,
5.9705,0.0,0.332576444570209,414.621529678876,,,,,
5.7666,0.0,0.332726253447407,414.743829213102,,,,,
5.3377,0.0,0.332680960172834,414.705267054298,,,,,
5.81475,0.0,0.332655832550566,414.746774169591,,,,,
5.70205,0.0,0.332576631076266,414.646243774838,,,,,
5.71945,0.0,0.332590368245096,414.639299786266,,,,,
5.74565,0.0,0.33270723347243,414.75621528827,,,,,
5.91405,0.0,0.33261607885876,414.727734999987,,,,,
5.64265,0.0,0.33257701557376,414.667657114609,,,,,
5.2039,0.0,0.332424505286185,414.606113283045,,,,,
5.7123,0.0,0.332576438553883,414.655054234333,,,,,
5.3877,0.0,0.332686907303349,414.708914358983,,,,,
5.64475,0.0,0.332652247109811,414.745528510642,,,,,
5.7083,0.0,0.332646765253253,414.682014267639,,,,,
5.4416,0.0,0.332575834732959,414.63056477219,,,,,
5.4731,0.0,0.332579733843504,414.683562211136,,,,,
5.92935,0.0,0.332591333003237,414.64022347931,,,,,
5.1389,0.0,0.332026962601455,414.287908997879,,,,,
5.23015,0.0,0.332484165390891,414.566458487034,,,,,
5.2466,0.0,0.33265620930121,414.704316237227,,,,,
5.7126,0.0,0.332576941737149,414.6665766097,,,,,
5.09925,0.0,0.331326632305439,413.803106562911,,,,,
5.19305,0.0,0.332364810391753,414.544115055243,,,,,
5.3887,0.0,0.33262493645193,414.667334784852,,,,,
5.5836,0.0,0.33259245526939,414.706447216033,,,,,
5.4863,0.0,0.332724519881039,414.751309601209,,,,,
5.01625,1326.31864091987,0.331866549128328,413.202475733893,,,,,
5.6978,0.0,0.332678800436532,414.70320070873,,,,,
5.5265,0.0,0.332726681507342,414.747682125784,,,,,
5.39455,0.0,0.332631035514448,414.736008131084,,,,,
5.3197,0.0,0.332571632568394,414.626196196522,,,,,
5.6086,0.0,0.332630349765128,414.670871137297,,,,,
5.92835,0.0,0.332639184558032,414.676925808626,,,,,
5.94845,0.0,0.332632724179792,414.672517826369,,,,,
5.2027,0.0,0.332401893584766,414.553982905273,,,,,
5.11185,0.0,0.331523515053486,413.947561956849,,,,,
5.26145,0.0,0.332525177144827,414.594382748209,,,,,
5.6185,0.0,0.332636132107837,414.674856609061,,,,,
5.22855,0.0,0.332543895200135,414.616754392824,,,,,
5.4488,0.0,0.332620828968615,414.664232151104,,,,,
5.6833,0.0,0.332585260558854,414.695361853301,,,,,
5.3727,0.0,0.332571297836876,414.662631184623,,,,,
5.0634,0.0,0.328771323730925,412.682260830262,,,,,
5.0432,0.0,0.324349222484473,412.659987846464,,,,,
5.9019,0.0,0.332576759059834,414.6435221588,,,,,
5.2471,0.0,0.332651021150331,414.692062263539,,,,,
5.11265,0.0,0.331522983934855,413.977946235829,,,,,
5.3005,0.0,0.332553695516239,414.607790401742,,,,,
5.34555,0.0,0.332685743255371,414.749688096448,,,,,
5.8897,0.0,0.332583060822292,414.631510176054,,,,,
5.3499,0.0,0.332574191721924,414.625629372312,,,,,
5.01855,1183.11255115691,0.332404808097372,413.619387263019,,,,,
5.8491,0.0,0.33260119043965,414.648999186587,,,,,
5.5174,0.0,0.332704245613818,414.721142013297,,,,,
5.397,0.0,0.332717909722174,414.734123262713,,,,,
5.03045,401.087873986186,0.323711454130093,411.659358891733,,,,,
5.23255,0.0,0.332481179357335,414.59850488326,,,,,
5.9173,0.0,0.33270306795824,414.720201870743,,,,,
5.9261,0.0,0.332724099472067,414.752485852189,,,,,
5.4436,0.0,0.332589751323457,414.703787896181,,,,,
5.944,0.0,0.332614005654619,414.72632963155,,,,,
5.9969,0.0,0.332718465175198,414.733228440208,,,,,
5.29595,0.0,0.332687159905049,414.739644297641,,,,,
5.94385,0.0,0.332606795550469,414.720893227435,,,,,
5.7011,0.0,0.332576912749438,414.624279075738,,,,,
5.1182,0.0,0.331764517809536,414.119535397827,,,,,
5.57025,0.0,0.332577535164262,414.623906764952,,,,,
5.3883,0.0,0.332649568803549,414.683988093622,,,,,
5.3574,0.0,0.332699695160213,414.718685000616,,,,,
5.6824,0.0,0.332576456602861,414.658409202621,,,,,
5.45515,0.0,0.332672844959388,414.751296181196,,,,,
5.53175,0.0,0.332576895794361,414.635612092127,,,,,
5.9501,0.0,0.332577810820367,414.624279899406,,,,,
5.18945,0.0,0.332381257601049,414.508346006548,,,,,
5.85695,0.0,0.332718317018035,414.733084646864,,,,,
5.6003,0.0,0.332577240365119,414.623301394775,,,,,
5.27905,0.0,0.332576854227071,414.635296113154,,,,,
5.75535,0.0,0.33269187947558,414.755240066279,,,,,
5.56835,0.0,0.332646379195909,414.681764477657,,,,,
5.89975,0.0,0.332582107525673,414.63035954554,,,,,
5.253,0.0,0.332514936715438,414.63699139713,,,,,
5.48075,0.0,0.332575846218693,414.621126863696,,,,,
5.2109,0.0,0.332433637193344,414.531054573233,,,,,
5.4022,0.0,0.332573509684,414.646059112861,,,,,
5.43355,0.0,0.332587895082476,414.701399394234,,,,,
5.0331,126.464256858937,0.323748587403191,413.634630684962,,,,,
5.4193,0.0,0.3325967506917,414.645670297748,,,,,
5.73145,0.0,0.332577197703997,414.630227485215,,,,,
5.8272,0.0,0.332709137159019,414.724935071582,,,,,
5.62175,0.0,0.332577033622707,414.636500041903,,,,,
5.62255,0.0,0.332576650219111,414.663419661254,,,,,
5.559,0.0,0.33260969350174,414.655833549551,,,,,
5.46555,0.0,0.332696841732168,414.755327281107,,,,,
5.1388,0.0,0.332031349706284,414.291311735211,,,,,
5.22675,0.0,0.332621358334243,414.679870069117,,,,,
5.68335,0.0,0.33258642277083,414.697465425701,,,,,
5.82505,0.0,0.332675204307788,414.752242385941,,,,,
5.7873,0.0,0.332705115457951,414.721771305082,,,,,
5.99755,0.0,0.332688025966567,414.709439177509,,,,,
5.35945,0.0,0.332587179710469,414.638415437858,,,,,
5.68655,0.0,0.332726772804857,414.745620661089,,,,,
5.91025,0.0,0.332577048936964,414.622869750621,,,,,
5.7959,0.0,0.332717805301275,414.755108159099,,,,,
5.27865,0.0,0.332598582272653,414.650986016823,,,,,
5.30675,0.0,0.332705434746489,414.731021707048,,,,,
5.67305,0.0,0.332580664175792,414.684651212796,,,,,
5.22135,0.0,0.3324603535168,414.551555931357,,,,,
5.52765,0.0,0.332690857600198,414.711406073739,,,,,
5.26235,0.0,0.332524509776022,414.618799869365,,,,,
5.83555,0.0,0.332703888599824,414.756198394014,,,,,
5.19905,0.0,0.332436902162727,414.546749558448,,,,,
5.49715,0.0,0.332715047156255,414.730105310791,,,,,
5.39125,0.0,0.332573255355146,414.622532130691,,,,,
5.709,0.0,0.332607522364926,414.654121686492,,,,,
5.55425,0.0,0.332620337882805,414.730463101864,,,,,
5.13345,0.0,0.331867888703269,414.247561617641,,,,,
5.19885,0.0,0.33244691628644,414.554237713301,,,,,
5.8376,0.0,0.332688144612445,414.709519291667,,,,,
5.01395,1435.37504994762,0.316911930943197,402.032003504048,,,,,
5.6579,0.0,0.33267337041479,414.699576045807,,,,,
5.1086,0.0,0.331564986865654,413.978516565914,,,,,
5.5426,0.0,0.33257657966405,414.66427282135,,,,,
5.4359,0.0,0.332712035312317,414.754876525543,,,,,
5.3726,0.0,0.33257101342421,414.658687540695,,,,,
5.25985,0.0,0.332532110042833,414.59977277942,,,,,
5.6428,0.0,0.33257788082823,414.673771333636,,,,,
5.4943,0.0,0.332621665125301,414.731258949133,,,,,
5.94625,0.0,0.332726288435724,414.750005078996,,,,,
5.6605,0.0,0.33257653809672,414.621795756361,,,,,
5.9167,0.0,0.332724184756635,414.739957734705,,,,,
5.58355,0.0,0.332590898206122,414.704395632948,,,,,
5.9592,0.0,0.332595989398589,414.644516543044,,,,,
5.6304,0.0,0.332576791876126,414.622394054719,,,,,
5.9672,0.0,0.33270706672165,414.723294540004,,,,,
5.20775,0.0,0.332541770128373,414.6181055607,,,,,
5.9387,0.0,0.332618733919314,414.662619054089,,,,,
5.24415,0.0,0.332532780678447,414.676055830319,,,,,
5.29035,0.0,0.332549250211349,414.605903927296,,,,,
5.19045,0.0,0.332363107777531,414.487446878724,,,,,
5.81315,0.0,0.332583071213921,414.690816110853,,,,,
5.50395,0.0,0.332604466342798,414.719032524305,,,,,
5.43565,0.0,0.332700815967371,414.755188578023,,,,,
5.6244,0.0,0.332630209771473,414.736016455249,,,,,
5.7551,0.0,0.332676908058591,414.752625276039,,,,,
5.23415,0.0,0.332515287367834,414.665289159546,,,,,
5.362,0.0,0.332569994459143,414.63686048007,,,,,
5.27715,0.0,0.332680567593961,414.709576478226,,,,,
5.84875,0.0,0.332617637991635,414.66181114947,,,,,
5.5932,0.0,0.33258261945122,414.689866430908,,,,,
5.27965,0.0,0.332554001822742,414.615667806518,,,,,
5.52005,0.0,0.332579305594433,414.626848585689,,,,,
5.63115,0.0,0.332576929704515,414.624603260564,,,,,
5.2836,0.0,0.332554963404539,414.681024497801,,,,,
5.6797,0.0,0.33258439696436,414.633071927624,,,,,
5.823,0.0,0.33258066034727,414.684604968071,,,,,
5.34485,0.0,0.332642343065328,414.739463644236,,,,,
5.22815,0.0,0.332568190068362,414.633132304751,,,,,
5.4188,0.0,0.332620428115776,414.664024769953,,,,,
5.9656,0.0,0.332708219760581,414.756197658546,,,,,
5.7718,0.0,0.332576953222845,414.639253278778,,,,,
5.06345,0.0,0.328769737505235,412.676172442512,,,,,
5.6354,0.0,0.332692465589953,414.755302834904,,,,,
5.1175,0.0,0.331779856607815,414.138308628296,,,,,
5.43725,0.0,0.332710922197002,414.726733456123,,,,,
5.47945,0.0,0.332592185094551,414.641212197357,,,,,
5.0692,0.0,0.330054338847741,413.167090588203,,,,,
5.8249,0.0,0.332665676593118,414.749812989568,,,,,
5.4518,0.0,0.332575963810713,414.635678092087,,,,,
5.2928,0.0,0.332548906705557,414.651347891821,,,,,
5.65475,0.0,0.332652480052537,414.745608269582,,,,,
5.01485,1381.95521363818,0.319275869370959,404.627579030512,,,,,
5.43175,0.0,0.332575472111714,414.633859431057,,,,,
5.9409,0.0,0.332576741010872,414.623003053314,,,,,
5.9811,0.0,0.332577030888018,414.625485936046,,,,,
5.19335,0.0,0.332369132289101,414.557491198888,,,,,
5.80485,0.0,0.332662052435807,414.748756048547,,,,,
5.7876,0.0,0.332689085029891,414.710170832817,,,,,
5.10385,0.0,0.331332993529028,413.893421181929,,,,,
5.71045,0.0,0.332576617402805,414.621954936038,,,,,
5.64715,0.0,0.332713608210075,414.728714265449,,,,,
5.767,0.0,0.332717638009087,414.732414829998,,,,,
5.9845,0.0,0.332643433990156,414.742137730173,,,,,
5.11145,0.0,0.331523403123597,413.938948679007,,,,,
5.1421,0.0,0.331988568030084,414.270093093369,,,,,
5.12685,0.0,0.331936422342213,414.25546376538,,,,,
5.0097,1594.55851901461,0.317267945025479,402.76994404495,,,,,
5.91275,0.0,0.332578221569417,414.675347958443,,,,,
5.3681,0.0,0.332660876818059,414.691498522749,,,,,
5.3318,0.0,0.332564510152849,414.627376124489,,,,,
5.3749,0.0,0.332650792581115,414.74359027931,,,,,
5.78475,0.0,0.332655190050299,414.746559664679,,,,,
5.45045,0.0,0.332575737377671,414.621766315564,,,,,
5.9521,0.0,0.332576493247753,414.650692377392,,,,,
5.2021,0.0,0.332401965271357,414.53208802735,,,,,
5.32765,0.0,0.332681488896015,414.705839808881,,,,,
5.5385,0.0,0.332637575217036,414.675842256517,,,,,
5.9392,0.0,0.332596211442593,414.644724062378,,,,,
5.69645,0.0,0.332726914397957,414.747724116349,,,,,
5.27525,0.0,0.332635400981158,414.727630359795,,,,,
5.3427,0.0,0.332566562334299,414.659295007484,,,,,
5.33805,0.0,0.332659831881774,414.690965948292,,,,,
5.265,0.0,0.332609632250719,414.717456359013,,,,,
5.97585,0.0,0.33271807373399,414.75504222518,,,,,
5.2327,0.0,0.332481455640423,414.604406716006,,,,,
5.016,1326.31864091987,0.329684551305665,411.878671928063,,,,,
5.35675,0.0,0.332718535700171,414.738769725954,,,,,
5.06855,0.0,0.330156083276239,413.230701559683,,,,,
5.96585,0.0,0.332717974780204,414.75506586984,,,,,
5.99165,0.0,0.332577055500217,414.637066155034,,,,,
5.5992,0.0,0.332600389233051,414.648327819704,,,,,
5.1327,0.0,0.331859231796612,414.210234177724,,,,,
5.45495,0.0,0.332660070834003,414.747831859068,,,,,
5.42485,0.0,0.332652111499885,414.74496954544,,,,,
5.6071,0.0,0.332715949228005,414.73081608938,,,,,
5.68605,0.0,0.332721179555821,414.754051803321,,,,,
5.1699,0.0,0.332262431157562,414.428720167817,,,,,
5.51215,0.0,0.332576259157926,414.647306408024,,,,,
5.4266,0.0,0.332725057828807,414.745263501876,,,,,
5.92295,0.0,0.332580420244121,414.683865841377,,,,,
5.2501,0.0,0.332516416455096,414.587318206721,,,,,
5.84275,0.0,0.332578030688763,414.674405258743,,,,,
5.91895,0.0,0.332606698751133,414.653466481767,,,,,
5.0463,0.0,0.323403490116858,410.904543918943,,,,,
5.0122,1515.57163720433,0.317726872636001,403.059556446027,,,,,
5.7379,0.0,0.332671724057993,414.698496227934,,,,,
5.37345,0.0,0.332580822239044,414.693957341841,,,,,
5.41035,0.0,0.332574850239971,414.62186623727,,,,,
5.00715,1675.11817469073,0.317904664591002,403.637406905569,,,,,
5.29915,0.0,0.332583474846421,414.638762504085,,,,,
5.40755,0.0,0.332696105818226,414.715351870659,,,,,
5.11815,0.0,0.331766136320056,414.12103891508,,,,,
5.85825,0.0,0.332646844542595,414.682071997057,,,,,
5.00645,1687.90683998501,0.314024942839685,400.211613228402,,,,,
5.05805,0.0,0.328981035380203,412.919537575604,,,,,
5.86825,0.0,0.332646648779909,414.681934258139,,,,,
5.2141,0.0,0.332465315946331,414.63407508439,,,,,
5.29765,0.0,0.332670968404287,414.699312455669,,,,,
5.01435,1435.37504994762,0.317115288670609,402.511769311267,,,,,
5.8618,0.0,0.332576913843314,414.640100302758,,,,,
5.4911,0.0,0.332576345574283,414.623205626264,,,,,
5.6825,0.0,0.332576602088528,414.662244087122,,,,,
5.7674,0.0,0.332700460043165,414.71826191806,,,,,
5.2654,0.0,0.332635425589038,414.723965776777,,,,,
5.5034,0.0,0.332585822796496,414.696863740225,,,,,
5.534,0.0,0.332607360486148,414.72138319175,,,,,
5.76795,0.0,0.332667931555804,414.695985676448,,,,,
5.63355,0.0,0.332591444573726,414.705097178618,,,,,
5.9399,0.0,0.332579730014971,414.627249584429,,,,,
5.844,0.0,0.332612386894842,414.725178267746,,,,,
5.43405,0.0,0.332606729376914,414.721145226836,,,,,
5.0585,0.0,0.32903931698358,412.966990065247,,,,,
5.9419,0.0,0.332576731712922,414.643930781078,,,,,
5.5187,0.0,0.332626008293844,414.667858314469,,,,,
5.9603,0.0,0.332576803361827,414.622362853439,,,,,
5.95035,0.0,0.332576667721139,414.622074444432,,,,,
5.3396,0.0,0.332579278247731,414.632000698203,,,,,
5.29645,0.0,0.332700270326114,414.734362390012,,,,,
5.82835,0.0,0.332641198000532,414.678281890956,,,,,
5.79775,0.0,0.332679902177182,414.703927940377,,,,,
5.9126,0.0,0.332577234895744,414.669194838899,,,,,
5.5614,0.0,0.332577056047155,414.628088626171,,,,,
5.09295,0.0,0.331036235128394,413.633728834656,,,,,
5.7763,0.0,0.332726235406554,414.750099232272,,,,,
5.01385,1435.37504994762,0.317043653939772,402.114796432389,,,,,
5.8112,0.0,0.33257709980217,414.626153354205,,,,,
5.33905,0.0,0.332600469080348,414.65012941251,,,,,
5.9249,0.0,0.332667755489917,414.75038651566,,,,,
5.7766,0.0,0.332726219552471,414.743752415305,,,,,
5.589,0.0,0.332609283885325,414.655508346941,,,,,
5.09365,0.0,0.331052552187484,413.678590270977,,,,,
5.15605,0.0,0.332264076257674,414.481555716918,,,,,
5.42895,0.0,0.332612680569075,414.658303116879,,,,,
5.06555,0.0,0.329117962565838,412.751604287986,,,,,
5.0516,0.0,0.32682999538119,412.484898991636,,,,,
5.41695,0.0,0.332720105833686,414.736096857405,,,,,
5.7388,0.0,0.33261688112131,414.661258135608,,,,,
5.1703,0.0,0.33225715309586,414.421574947406,,,,,
5.3191,0.0,0.332593223680435,414.645248526686,,,,,
5.74585,0.0,0.332715499832566,414.755555673835,,,,,
5.69305,0.0,0.332580758248048,414.684928565412,,,,,
5.89035,0.0,0.332576725696601,414.622187649973,,,,,
5.3955,0.0,0.33269015502488,414.753291565518,,,,,
5.6564,0.0,0.332726695721328,414.748968574632,,,,,
5.04655,0.0,0.323763104783422,411.028130169477,,,,,
5.78345,0.0,0.332589937822052,414.702998767294,,,,,
5.61055,0.0,0.332576475198777,414.62165553668,,,,,
5.03455,0.0,0.322711381846695,412.824705458785,,,,,
5.8111,0.0,0.332576984398304,414.624730483787,,,,,
5.70895,0.0,0.332609869051478,414.655952576047,,,,,
5.3182,0.0,0.332645409675989,414.681610529232,,,,,
5.09545,0.0,0.331249341944387,413.827450120789,,,,,
5.45105,0.0,0.332575627989673,414.622215673236,,,,,
5.5845,0.0,0.332635355046444,414.738547120088,,,,,
5.7494,0.0,0.332591584583698,414.640471208571,,,,,
5.51365,0.0,0.332593096250114,414.707405492484,,,,,
5.9462,0.0,0.332725752676719,414.750863198515,,,,,
5.97365,0.0,0.332598781891945,414.713596072767,,,,,
5.0022,1734.64199934972,0.291835294156426,388.987069379901,,,,,
5.19695,0.0,0.332533108884617,414.621898582554,,,,,
5.80805,0.0,0.332660691452835,414.691214840895,,,,,
5.3554,0.0,0.332679147088822,414.749675112656,,,,,
5.75545,0.0,0.332697410888863,414.755830351083,,,,,
5.21595,0.0,0.332578376899152,414.674328431855,,,,,
5.14825,0.0,0.33216668708063,414.38031724229,,,,,
5.19845,0.0,0.332469334529859,414.569986086524,,,,,
5.46895,0.0,0.332612952367902,414.658400967762,,,,,
5.2463,0.0,0.332651776849349,414.708926258622,,,,,
5.8117,0.0,0.332577075189975,414.636836610297,,,,,
5.75765,0.0,0.33268672796696,414.70854855598,,,,,
5.69855,0.0,0.332631590565693,414.671744327257,,,,,
5.4238,0.0,0.332595659066841,414.711202732145,,,,,
5.3739,0.0,0.332595388894605,414.712302271918,,,,,
5.5133,0.0,0.332583760342284,414.692832453817,,,,,
5.3154,0.0,0.332668268924028,414.743434206201,,,,,
5.20795,0.0,0.332531120497274,414.610483227886,,,,,
5.1546,0.0,0.332157620668875,414.448221367825,,,,,
5.88675,0.0,0.332723382206118,414.738828899005,,,,,
5.6374,0.0,0.332702574806893,414.719848194241,,,,,
5.3977,0.0,0.332687431643028,414.709238396971,,,,,
5.27775,0.0,0.332653720223745,414.688094732611,,,,,
5.75395,0.0,0.332608570199979,414.722308808578,,,,,
5.62575,0.0,0.332709930996388,414.756107483565,,,,,
5.1991,0.0,0.332434569028834,414.544939452467,,,,,
5.81305,0.0,0.33258135932538,414.686582620534,,,,,
5.347,0.0,0.332712508221184,414.731013814044,,,,,
5.91265,0.0,0.332577510552098,414.671229147545,,,,,
5.0702,0.0,0.329971757238013,413.085858027069,,,,,
5.15975,0.0,0.332193490034029,414.386737811308,,,,,
5.77255,0.0,0.33257682578629,414.665364356923,,,,,
5.3062,0.0,0.332700411383759,414.740693288931,,,,,
5.7979,0.0,0.332670503638131,414.697679887068,,,,,
5.04845,0.0,0.326858052351823,412.484448011076,,,,,
5.90315,0.0,0.33258362361058,414.692053126698,,,,,
5.32715,0.0,0.332703816978287,414.723773265787,,,,,
5.5963,0.0,0.332725536732795,414.751054270127,,,,,
5.45585,0.0,0.332710803012528,414.755367572309,,,,,
5.61815,0.0,0.332658189285603,414.689573998154,,,,,
5.5038,0.0,0.332598271085081,414.713238386754,,,,,
5.64585,0.0,0.332714266452185,414.755722764783,,,,,
5.14215,0.0,0.331988500089579,414.271769146853,,,,,
5.14255,0.0,0.331988206959016,414.286985192456,,,,,
5.24075,0.0,0.332498566143211,414.572139549167,,,,,
5.9254,0.0,0.332697689179343,414.755853007017,,,,,
5.2978,0.0,0.332662550021602,414.69339820652,,,,,
5.8441,0.0,0.332617495258274,414.728670099179,,,,,
5.561,0.0,0.332576599900774,414.622724596179,,,,,
5.09135,0.0,0.331035056484245,413.590011159858,,,,,
5.22355,0.0,0.332471183773217,414.62726605664,,,,,
5.79925,0.0,0.332596062684065,414.644579440663,,,,,
5.627,0.0,0.332719060536711,414.733847305866,,,,,
5.6687,0.0,0.332623523912132,414.66606960376,,,,,
5.8987,0.0,0.332619439379832,414.663126776144,,,,,
5.5909,0.0,0.332576539190597,414.622116499732,,,,,
5.08945,0.0,0.331051102168894,413.610011503885,,,,,
5.007,1675.11817469073,0.317657680650668,403.246350850329,,,,,
5.10295,0.0,0.331308510905191,413.834725226943,,,,,
5.65895,0.0,0.332610637969175,414.6565487345,,,,,
5.35715,0.0,0.332709686066052,414.727290475837,,,,,
5.9239,0.0,0.332608815204776,414.722501278303,,,,,
5.61025,0.0,0.332577519850027,414.623795687735,,,,,
5.7099,0.0,0.332580723791353,414.628593412662,,,,,
5.0951,0.0,0.331197902593747,413.801496497121,,,,,
5.85715,0.0,0.332710866431794,414.726364693649,,,,,
5.72035,0.0,0.332576887043353,414.622559991362,,,,,
5.2343,0.0,0.332523025696167,414.670842239282,,,,,
5.82575,0.0,0.332712682623243,414.755924994038,,,,,
5.4045,0.0,0.332628902796614,414.735046853744,,,,,
5.2461,0.0,0.33264580885825,414.710738295854,,,,,
5.33925,0.0,0.332591491608333,414.642973841974,,,,,
5.29385,0.0,0.332569758176942,414.695351098729,,,,,
5.8051,0.0,0.332677921775244,414.752842240903,,,,,
5.4774,0.0,0.332704523898581,414.721400730644,,,,,
5.00375,1729.97306294801,0.289001484355302,381.181590602196,,,,,
5.11725,0.0,0.331780024921109,414.143277205273,,,,,
5.32235,0.0,0.332561014523574,414.64254285152,,,,,
5.4215,0.0,0.33257516254334,414.627906837882,,,,,
5.4311,0.0,0.332575140665706,414.622265599456,,,,,
5.2293,0.0,0.332505524760618,414.588333491284,,,,,
5.9162,0.0,0.332725642791347,414.751025384905,,,,,
5.662,0.0,0.332576712023144,414.644206012391,,,,,
5.72985,0.0,0.332581364794687,414.62944042719,,,,,
5.98205,0.0,0.332576524970194,414.649300168574,,,,,
5.8217,0.0,0.332577059328781,414.636924177394,,,,,
5.7637,0.0,0.332598085684965,414.712873923934,,,,,
5.0506,0.0,0.326826332670756,412.438492548144,,,,,
5.6385,0.0,0.332635735101328,414.674595173596,,,,,
5.07765,0.0,0.330822597351043,413.494726324815,,,,,
5.2937,0.0,0.332564469130969,414.689249228653,,,,,
5.4216,0.0,0.332575169653571,414.629990655849,,,,,
5.44875,0.0,0.332623614144238,414.666222351574,,,,,
5.91415,0.0,0.332621408098944,414.731113876017,,,,,
5.5629,0.0,0.33257840041738,414.676780118741,,,,,
5.30985,0.0,0.332564880990413,414.620381934583,,,,,
5.45845,0.0,0.3326415135226,414.678544491904,,,,,
5.65485,0.0,0.332658900130481,414.747775339053,,,,,
5.7228,0.0,0.332578110541428,414.674858098984,,,,,
5.32005,0.0,0.332564947172295,414.618366366462,,,,,
5.28475,0.0,0.332610753908246,414.72197951418,,,,,
5.14705,0.0,0.332198051802133,414.414152152604,,,,,
5.95265,0.0,0.332577580560025,414.671760908327,,,,,
5.8166,0.0,0.332726106387097,414.743432012744,,,,,
5.7419,0.0,0.332576820316909,414.641916449335,,,,,
5.76595,0.0,0.332719076937839,414.754774358477,,,,,
5.9381,0.0,0.332654744400449,414.687311336462,,,,,
5.36905,0.0,0.332604731585631,414.652758409845,,,,,
5.8999,0.0,0.332579902845859,414.627474211212,,,,,
5.081,0.0,0.330636145220311,413.353622763954,,,,,
5.6917,0.0,0.332577094879731,414.635798322304,,,,,
5.2789,0.0,0.332584494317113,414.641004825651,,,,,
5.5169,0.0,0.332722432591732,414.737796299102,,,,,
5.49965,0.0,0.332586482932281,414.635524764534,,,,,
5.39525,0.0,0.332675338814747,414.750868330883,,,,,
5.51435,0.0,0.332624975278917,414.733182223061,,,,,
5.8423,0.0,0.332576443476332,414.656616305973,,,,,
5.80695,0.0,0.332718836934578,414.73359879702,,,,,
5.47745,0.0,0.332702078921155,414.719538691197,,,,,
5.0524,0.0,0.326834474506917,412.563847027489,,,,,
5.5076,0.0,0.33269391064178,414.713571032973,,,,,
5.3391,0.0,0.332598094982318,414.648288662227,,,,,
5.6331,0.0,0.33258118704218,414.686205865348,,,,,
5.80595,0.0,0.332719481498754,414.754659404152,,,,,
5.68125,0.0,0.332577079018538,414.626267920529,,,,,
5.8406,0.0,0.332576440194699,414.621492753872,,,,,
5.92715,0.0,0.332709897646509,414.725559329605,,,,,
5.99545,0.0,0.332701490090052,414.756108171858,,,,,
5.82055,0.0,0.33257645277429,414.621527543317,,,,,
5.08045,0.0,0.330636897822441,413.355342619297,,,,,
5.1548,0.0,0.332171936461535,414.455630980398,,,,,
5.84385,0.0,0.332605341369899,414.719676048353,,,,,
5.12075,0.0,0.331704749656375,414.061297571811,,,,,
5.83975,0.0,0.33258244826253,414.630773135036,,,,,
5.10085,0.0,0.331306908277206,413.778428277148,,,,,
5.14855,0.0,0.332152195817824,414.369629886741,,,,,
5.7308,0.0,0.33257652661101,414.621871259332,,,,,
5.61585,0.0,0.332713888673857,414.755763481128,,,,,
5.7019,0.0,0.332576841100557,414.641520776469,,,,,
5.67835,0.0,0.332644218141431,414.680319229992,,,,,
5.14655,0.0,0.332187789241646,414.420290066319,,,,,
5.91535,0.0,0.332694798555492,414.755580883343,,,,,
5.1623,0.0,0.332183501673166,414.400860426838,,,,,
5.0062,1695.33218638262,0.310754318699391,397.981170094552,,,,,
5.0553,0.0,0.326639306788658,411.914545341245,,,,,
5.65005,0.0,0.332579082445274,414.62632002166,,,,,
5.0907,0.0,0.331034699868009,413.587914679726,,,,,
5.88605,0.0,0.332722796692905,414.753311879065,,,,,
5.7293,0.0,0.332595080985493,414.643714053826,,,,,
5.7224,0.0,0.332576479027348,414.658904880276,,,,,
5.69205,0.0,0.332576639827281,414.646136433682,,,,,
5.0112,1548.95857317596,0.317741602171838,403.41018267767,,,,,
5.57665,0.0,0.332726266021334,414.744064965394,,,,,
5.4395,0.0,0.332590236438353,414.639627743033,,,,,
5.10615,0.0,0.331549516878823,414.017852923444,,,,,
5.97105,0.0,0.33257696744323,414.624756796397,,,,,
5.6852,0.0,0.332681656753147,414.753597164434,,,,,
5.8391,0.0,0.332601335914498,414.649110477558,,,,,
5.87505,0.0,0.332676231698999,414.752474506121,,,,,
5.0486,0.0,0.326942079740728,412.542780855168,,,,,
5.4485,0.0,0.332638417346833,414.676457648913,,,,,
5.1403,0.0,0.331989826570631,414.251908675004,,,,,
5.9762,0.0,0.332725866935599,414.750702593047,,,,,
5.10985,0.0,0.331529437407514,413.944420126506,,,,,
5.20255,0.0,0.332401635841246,414.548014010357,,,,,
5.0608,0.0,0.328778580878661,412.758892724789,,,,,
5.38505,0.0,0.332661660928218,414.747227233069,,,,,
5.5777,0.0,0.332687129286672,414.708841148325,,,,,
5.87745,0.0,0.332695916098691,414.714957330097,,,,,
5.03625,0.0,0.318456093047565,409.275903459315,,,,,
5.78185,0.0,0.33257687391684,414.640806513444,,,,,
5.4585,0.0,0.332638414065812,414.676455211913,,,,,
5.0404,0.0,0.324377851795847,412.130683352685,,,,,
5.7926,0.0,0.332577047296151,414.66762117303,,,,,
5.9105,0.0,0.332576465900819,414.62156204839,,,,,
5.86805,0.0,0.332659434903549,414.690390134914,,,,,
5.76345,0.0,0.33258975788646,414.70272917144,,,,,
5.86575,0.0,0.332713191614312,414.755871202749,,,,,
5.6856,0.0,0.332703927964326,414.756191216194,,,,,
5.2453,0.0,0.332603692488788,414.707440075076,,,,,
5.1861,0.0,0.332472984313597,414.606230133178,,,,,
5.15885,0.0,0.332226873106281,414.415286002727,,,,,
5.6561,0.0,0.33272220571167,414.753600688356,,,,,
5.6367,0.0,0.332725575548042,414.742367811727,,,,,
5.1981,0.0,0.33248970518351,414.583921925562,,,,,
5.8827,0.0,0.332577769253191,414.672879178207,,,,,
5.13355,0.0,0.331870454927887,414.252817260432,,,,,
5.7801,0.0,0.332578225944903,414.624983695861,,,,,
5.47135,0.0,0.332576388235515,414.626313602581,,,,,
5.47085,0.0,0.332575769100184,414.621262996488,,,,,
5.0882,0.0,0.33112459346649,413.669066470506,,,,,
5.2276,0.0,0.332598725561034,414.654595519154,,,,,
5.03035,401.087873986186,0.32371198626497,411.658128740818,,,,,
5.77215,0.0,0.332576496529385,414.650395743449,,,,,
5.79455,0.0,0.332642713269292,414.741833253327,,,,,
5.83605,0.0,0.332722420564359,414.753510782936,,,,,
5.16085,0.0,0.332183294685701,414.372598696201,,,,,
5.28685,0.0,0.332694062090284,414.722327429171,,,,,
5.42395,0.0,0.332601713273768,414.717042589156,,,,,
5.10265,0.0,0.331307121851578,413.819144266103,,,,,
5.5579,0.0,0.332675306554953,414.700864173992,,,,,
5.1582,0.0,0.332259922706372,414.439249970461,,,,,
5.15375,0.0,0.332112725250538,414.410540061463,,,,,
5.33815,0.0,0.332653475798833,414.686768898642,,,,,
5.12705,0.0,0.331940785984296,414.253104333295,,,,,
5.08285,0.0,0.330637312633117,413.37375333797,,,,,
5.9609,0.0,0.332576767810846,414.623061558976,,,,,
5.40345,0.0,0.332583596264232,414.695950441564,,,,,
5.96035,0.0,0.332576664986447,414.622056540681,,,,,
5.4322,0.0,0.332574906027985,414.647268318845,,,,,
5.1355,0.0,0.33199758207764,414.336132496617,,,,,
5.3158,0.0,0.332689828613896,414.74536402412,,,,,
5.37745,0.0,0.332699464984227,414.718124413617,,,,,
5.2133,0.0,0.332439525277291,414.599909301189,,,,,
5.93515,0.0,0.332683562773141,414.753958653044,,,,,
5.33575,0.0,0.332693740603847,414.748975357831,,,,,
5.0211,1003.54071103356,0.333093515026708,413.558319642408,,,,,
5.5486,0.0,0.332631392059788,414.671601513084,,,,,
5.2658,0.0,0.332657746920601,414.726373066942,,,,,
5.76085,0.0,0.332576603729344,414.622188237802,,,,,
5.44245,0.0,0.332575082143026,414.656504111053,,,,,
5.99515,0.0,0.332684745418612,414.754166086542,,,,,
5.48365,0.0,0.332592507226065,414.706836182911,,,,,
5.14225,0.0,0.331988367495973,414.275280823724,,,,,
5.2033,0.0,0.332407448976137,414.579810978744,,,,,
5.94115,0.0,0.332577068626722,414.626034453384,,,,,
5.5788,0.0,0.332619559143911,414.663231412877,,,,,
5.2622,0.0,0.332524667318943,414.613643128835,,,,,
5.05005,0.0,0.326878090457766,412.515200983694,,,,,
5.2099,0.0,0.332440509076707,414.541314492507,,,,,
5.1209,0.0,0.331704740882358,414.061284105543,,,,,
5.8868,0.0,0.332722256007987,414.737384724963,,,,,
5.17875,0.0,0.332364237929056,414.502482972993,,,,,
5.3363,0.0,0.332712629591906,414.74527972014,,,,,
5.19235,0.0,0.332362462522225,414.515675438645,,,,,
5.04805,0.0,0.32647696094526,412.256781560788,,,,,
5.4886,0.0,0.332632193191711,414.672177133631,,,,,
5.90265,0.0,0.332577480470563,414.671096047483,,,,,
5.79205,0.0,0.332576603729344,414.647213915959,,,,,
5.5199,0.0,0.332581391047357,414.629639177485,,,,,
5.6229,0.0,0.332578670056482,414.677646335366,,,,,
5.1927,0.0,0.332362689100567,414.529201245427,,,,,
5.24435,0.0,0.332543233885822,414.683311046704,,,,,
5.62115,0.0,0.332576916031066,414.624557779231,,,,,
5.03785,0.0,0.321587029058818,410.393568735679,,,,,
5.6529,0.0,0.332578785459763,414.678064469007,,,,,
5.92345,0.0,0.332591304563695,414.704876843838,,,,,
5.26565,0.0,0.332650006258066,414.725965494547,,,,,
5.1142,0.0,0.331566164723229,414.068957256186,,,,,
5.919,0.0,0.332604470171047,414.651682809189,,,,,
5.84955,0.0,0.332586546375253,414.635425803524,,,,,
5.76805,0.0,0.332661517666947,414.691764063435,,,,,
5.68495,0.0,0.332665947801854,414.749887771689,,,,,
5.67505,0.0,0.332672115006957,414.75150917152,,,,,
5.71115,0.0,0.332576994243185,414.624958253423,,,,,
5.24135,0.0,0.332499176669246,414.576260129118,,,,,
5.7921,0.0,0.332576545206922,414.648898395622,,,,,
5.4189,0.0,0.332615042531742,414.660107821715,,,,,
5.04035,0.0,0.324383983115252,412.139861974613,,,,,
5.19535,0.0,0.332474280412138,414.628205505685,,,,,
5.71665,0.0,0.332725912857818,414.742991592073,,,,,
5.7992,0.0,0.332597905206877,414.646196649351,,,,,
5.6375,0.0,0.332697386285568,414.71603044878,,,,,
5.35115,0.0,0.332568426898628,414.61822958604,,,,,
5.0978,0.0,0.331386474144068,413.855493254581,,,,,
5.53185,0.0,0.332576785859806,414.638320546279,,,,,
5.46715,0.0,0.332715028021373,414.730200194816,,,,,
5.75805,0.0,0.33266172927804,414.691902602228,,,,,
5.61145,0.0,0.332577171450996,414.629406677867,,,,,
5.5702,0.0,0.332577885203721,414.624507498607,,,,,
5.36655,0.0,0.332720673857182,414.744044290501,,,,,
5.90505,0.0,0.332676826042546,414.752607161262,,,,,
5.1201,0.0,0.331708357402788,414.06751129525,,,,,
5.2592,0.0,0.332552851530967,414.619069696639,,,,,
5.05365,0.0,0.326763174095995,412.325555181038,,,,,
5.7349,0.0,0.332663788514883,414.749276039684,,,,,
5.8579,0.0,0.332669255874486,414.69686121877,,,,,
5.6216,0.0,0.332577147385743,414.63273920633,,,,,
5.3262,0.0,0.332707712402075,414.744969909181,,,,,
5.6814,0.0,0.332577180201996,414.628892800117,,,,,
5.9577,0.0,0.332679777513907,414.703846232704,,,,,
5.9849,0.0,0.332668990136312,414.750718155531,,,,,
5.51415,0.0,0.332614203077147,414.726491156632,,,,,
5.63595,0.0,0.332717705253996,414.755107941576,,,,,
5.9997,0.0,0.332582410524436,414.630730768884,,,,,
5.40475,0.0,0.33264430727427,414.741861797964,,,,,
5.4945,0.0,0.332633198295107,414.737456718522,,,,,
5.08175,0.0,0.330636867014201,413.358098631506,,,,,
5.91835,0.0,0.332639387433969,414.677061947525,,,,,
5.5065,0.0,0.332726527340226,414.747739420213,,,,,
5.1233,0.0,0.331710797092327,414.138749781022,,,,,
5.3752,0.0,0.332670006611017,414.749001106135,,,,,
5.5329,0.0,0.332578231414261,414.676312079798,,,,,
5.05015,0.0,0.32686361515293,412.497422019565,,,,,
5.7543,0.0,0.332626900216805,414.734262491832,,,,,
5.3829,0.0,0.332573454989639,414.67155081435,,,,,
5.95595,0.0,0.332720868482912,414.75418919355,,,,,
5.85805,0.0,0.332659635579928,414.690528715208,,,,,
5.3783,0.0,0.332648914807972,414.68358543374,,,,,
5.81175,0.0,0.332577017761511,414.638207246889,,,,,
5.64215,0.0,0.332576509108974,414.648926851978,,,,,
5.73595,0.0,0.332718771330012,414.754860224733,,,,,
5.81225,0.0,0.332576451133474,414.654418205764,,,,,
5.7174,0.0,0.332701302013789,414.718879394219,,,,,
5.48385,0.0,0.332599796393615,414.714819497487,,,,,
5.96325,0.0,0.332586219315662,414.697093342823,,,,,
5.2684,0.0,0.33260613162677,414.656453797707,,,,,
5.3464,0.0,0.332716369647276,414.745005435461,,,,,
5.48015,0.0,0.332578058035568,414.625266653671,,,,,
5.31445,0.0,0.332608593716072,414.723068598046,,,,,
5.65205,0.0,0.332576641468096,414.645705470604,,,,,
5.68795,0.0,0.332669581758869,414.697074467997,,,,,
5.81625,0.0,0.332725860375282,414.750735873905,,,,,
5.44505,0.0,0.332666041849993,414.749476832628,,,,,
5.78145,0.0,0.332577199891747,414.630570901197,,,,,
5.58975,0.0,0.332583919497917,414.632548793219,,,,,
5.04925,0.0,0.327023835059363,412.631430084868,,,,,
5.5634,0.0,0.332586579737501,414.697859227745,,,,,
5.3991,0.0,0.332604478374436,414.652199326667,,,,,
5.30845,0.0,0.332626234692664,414.668997997537,,,,,
5.30245,0.0,0.332553296223409,414.641083623013,,,,,
5.3692,0.0,0.332597910129008,414.647353929863,,,,,
5.83705,0.0,0.332715095813521,414.730023618437,,,,,
5.95755,0.0,0.332688785955561,414.709962525933,,,,,
5.74525,0.0,0.332685849873369,414.75435249663,,,,,
5.8789,0.0,0.332609626234993,414.655763298238,,,,,
5.61465,0.0,0.332645274610101,414.742875898807,,,,,
5.7963,0.0,0.332726304289803,414.749984335736,,,,,
5.5457,0.0,0.332706382769215,414.756119327249,,,,,
5.97,0.0,0.332578563404125,414.625517849473,,,,,
5.473,0.0,0.332578502147371,414.679350379808,,,,,
5.1231,0.0,0.331707778871843,414.127896799038,,,,,
5.84645,0.0,0.332726929705316,414.746695196091,,,,,
5.0134,1478.54032281454,0.317568204451055,402.607993874608,,,,,
5.3981,0.0,0.332662876459352,414.692748297853,,,,,
5.179,0.0,0.332351632554098,414.49314818429,,,,,
5.6471,0.0,0.332715490538494,414.730400679136,,,,,
5.5854,0.0,0.332691495657586,414.755153315377,,,,,
5.00355,1729.91054283366,0.289877038637062,382.281007133704,,,,,
5.4727,0.0,0.33257629580284,414.666995182315,,,,,
5.9037,0.0,0.332599853271245,414.714664744756,,,,,
5.32545,0.0,0.33267474884276,414.745941902052,,,,,
5.6225,0.0,0.332576540831413,414.661471863971,,,,,
5.14105,0.0,0.33198820860274,414.249092611227,,,,,
5.2262,0.0,0.332612847367175,414.688071682424,,,,,
5.02945,457.743965937541,0.323167916914828,411.044250964176,,,,,
5.22955,0.0,0.332496641556493,414.580432330143,,,,,
5.6568,0.0,0.33272386985966,414.739517113275,,,,,
5.80765,0.0,0.332685769499805,414.707888877133,,,,,
5.4424,0.0,0.332575066281738,414.654648035923,,,,,
5.9743,0.0,0.332631049185672,414.736453052501,,,,,
5.54205,0.0,0.332576537549782,414.644452130704,,,,,
5.51145,0.0,0.332576860790327,414.628588960925,,,,,
5.2312,0.0,0.332481534422093,414.563246652557,,,,,
5.2952,0.0,0.332646326154001,414.7352669512,,,,,
5.1879,0.0,0.332460123175107,414.566201969693,,,,,
5.34225,0.0,0.33256624072461,414.642519797242,,,,,
5.71715,0.0,0.332712746042152,414.72794646936,,,,,
5.80685,0.0,0.332721664479092,414.73667366337,,,,,
5.1014,0.0,0.331307459507439,413.781940580016,,,,,
5.5425,0.0,0.332576360888572,414.660378644686,,,,,
5.44345,0.0,0.33258560730864,414.697549598267,,,,,
5.83205,0.0,0.332576593337512,414.647648295134,,,,,
5.4712,0.0,0.332576224153826,414.624125151138,,,,,
5.2727,0.0,0.332534346218966,414.638178543378,,,,,
5.81095,0.0,0.332576777655733,414.623072577238,,,,,
5.07245,0.0,0.329967674610161,413.073334722747,,,,,
5.879,0.0,0.332605037845134,414.652142951246,,,,,
5.5727,0.0,0.332577073549162,414.668709416921,,,,,
5.6524,0.0,0.332576443476332,414.658036290891,,,,,
5.1952,0.0,0.332463810811528,414.625398750273,,,,,
5.1216,0.0,0.331705552477941,414.069173121963,,,,,
5.85595,0.0,0.332719953850334,414.754511427493,,,,,
5.4914,0.0,0.332576680300721,414.627438837786,,,,,
5.23235,0.0,0.332481185375385,414.591085471562,,,,,
5.42345,0.0,0.332584779265176,414.696855284547,,,,,
5.7914,0.0,0.332577204267247,414.629603845411,,,,,
5.0448,0.0,0.323442192935501,411.438651011514,,,,,
5.49015,0.0,0.332578141716778,414.62528966477,,,,,
5.35,0.0,0.332572560735564,414.623580707074,,,,,
5.07935,0.0,0.330669962762371,413.394621975067,,,,,
5.3343,0.0,0.332606816879133,414.722181237451,,,,,
5.6779,0.0,0.33267295595576,414.69930771719,,,,,
5.64805,0.0,0.332663995750174,414.693400713735,,,,,
5.08595,0.0,0.331022431815757,413.649687331517,,,,,
5.305,0.0,0.332638641003024,414.734803275653,,,,,
5.75165,0.0,0.332577127149052,414.635016010207,,,,,
5.1903,0.0,0.332364060060427,414.489130260392,,,,,
5.4403,0.0,0.332576212121165,414.623016857345,,,,,
5.1252,0.0,0.331823278607216,414.234543135502,,,,,
5.64465,0.0,0.332645890881943,414.743130287755,,,,,
5.19805,0.0,0.332492535770733,414.585880002617,,,,,
5.44615,0.0,0.332720496725801,414.753045574314,,,,,
5.94695,0.0,0.332717356455051,414.732141560187,,,,,
5.3518,0.0,0.33256870146838,414.630201301179,,,,,
5.6878,0.0,0.332679008209241,414.703332188281,,,,,
5.66235,0.0,0.332576424880414,414.656291392463,,,,,
5.3039,0.0,0.332576994790123,414.700651316678,,,,,
5.71395,0.0,0.332607964796727,414.721828122955,,,,,
5.0445,0.0,0.323710823658705,411.735613730504,,,,,
5.78705,0.0,0.332715677513317,414.730563379478,,,,,
5.9571,0.0,0.332711601766372,414.726978158897,,,,,
5.2003,0.0,0.332403244682879,414.513938407723,,,,,
5.24695,0.0,0.332654194309135,414.696286713239,,,,,
5.8936,0.0,0.332595959318725,414.710576098045,,,,,
5.81135,0.0,0.332577206454997,414.628750010295,,,,,
5.2949,0.0,0.332626871780303,414.729517439738,,,,,
5.71825,0.0,0.332649734489515,414.68398814607,,,,,
5.8702,0.0,0.33257735686277,414.623457882751,,,,,
5.70055,0.0,0.332576462619187,414.621597067278,,,,,
5.42755,0.0,0.332696642171713,414.715649472983,,,,,
5.3808,0.0,0.332571866114532,414.618623948799,,,,,
5.69125,0.0,0.332577089957292,414.62632021335,,,,,
5.54955,0.0,0.332588952276974,414.637944700356,,,,,
5.6941,0.0,0.332614952297311,414.726983687339,,,,,
5.0292,457.743965937541,0.322679225794752,410.607708301698,,,,,
5.573,0.0,0.332579501943693,414.681118970943,,,,,
5.1966,0.0,0.332532352368908,414.62880867002,,,,,
5.65785,0.0,0.332676508913647,414.701660469031,,,,,
5.063,0.0,0.328781218242593,412.729712615271,,,,,
5.8381,0.0,0.332656847425056,414.688686882549,,,,,
5.71955,0.0,0.332587606855561,414.636531176118,,,,,
5.7442,0.0,0.332621099120187,414.730937422953,,,,,
5.0155,1366.69580221833,0.324762097015107,408.72257280739,,,,,
5.0858,0.0,0.33099118870524,413.63589437644,,,,,
5.575,0.0,0.33266677290933,414.750092291577,,,,,
5.30045,0.0,0.332553885863885,414.608181018593,,,,,
5.1026,0.0,0.331307051575193,413.816792221281,,,,,
5.94445,0.0,0.332639524689587,414.740464068671,,,,,
5.2334,0.0,0.332489053608899,414.634153268402,,,,,
5.2149,0.0,0.332512961348463,414.660758916789,,,,,
5.3323,0.0,0.332563889901486,414.642677927727,,,,,
5.18915,0.0,0.332393010347301,414.518278604711,,,,,
5.0504,0.0,0.326837467606172,412.459312015306,,,,,
5.36735,0.0,0.332703131925711,414.721194590771,,,,,
5.91565,0.0,0.332709725429868,414.75614350046,,,,,
5.51885,0.0,0.332617748459559,414.661919794684,,,,,
5.37045,0.0,0.332571339404861,414.619106495882,,,,,
5.59075,0.0,0.332576397533475,414.621523523673,,,,,
5.87345,0.0,0.332590822731848,414.70420862286,,,,,
5.41915,0.0,0.332602957462535,414.650821717849,,,,,
5.4939,0.0,0.332602102664335,414.716950714332,,,,,
5.65795,0.0,0.332670202359958,414.697481025182,,,,,
5.13865,0.0,0.332038095698189,414.29646501866,,,,,
5.6513,0.0,0.332577109647048,414.6269129946,,,,,
5.20295,0.0,0.332403150013162,414.564457627244,,,,,
5.6474,0.0,0.332702417348217,414.719726255227,,,,,
5.43605,0.0,0.33271730889153,414.753895128282,,,,,
5.0045,1720.27065854504,0.28835411124539,381.130030393156,,,,,
5.09935,0.0,0.331323706661562,413.80016669858003,,,,,
5.8526,0.0,0.332577123867426,414.66840664863,,,,,
5.8892,0.0,0.332596815773429,414.645245789182,,,,,
5.88725,0.0,0.332705958510244,414.72241688733,,,,,
5.36395,0.0,0.332596067059317,414.71333491541,,,,,
5.6581,0.0,0.33266059193518,414.691153106702,,,,,
5.1336,0.0,0.331871893693154,414.255449257222,,,,,
5.51545,0.0,0.332692802386551,414.755202777525,,,,,
5.55645,0.0,0.332726667840048,414.748559537283,,,,,
5.454,0.0,0.332605268086467,414.719870179451,,,,,
5.45875,0.0,0.332623626175184,414.666224382032,,,,,
5.7562,0.0,0.332724884526623,414.751839203583,,,,,
5.3596,0.0,0.332582535771136,414.633996702437,,,,,
5.47585,0.0,0.332711435564498,414.755556482156,,,,,
5.93455,0.0,0.332645563333875,414.743001720727,,,,,
5.25215,0.0,0.332513112879383,414.604540151992,,,,,
5.14625,0.0,0.33217425282168,414.420984435677,,,,,
5.8171,0.0,0.332713440369063,414.728550301346,,,,,
5.40925,0.0,0.33259840070103,414.647166245232,,,,,
5.5703,0.0,0.332577238724307,414.62337012029,,,,,
5.2942,0.0,0.332585318532818,414.708690308802,,,,,
5.11705,0.0,0.331777563810402,414.146336940297,,,,,
5.8828,0.0,0.332578571608153,414.677021375886,,,,,
5.5872,0.0,0.332712356781076,414.727635147375,,,,,
5.87325,0.0,0.332585552616269,414.695863659001,,,,,
5.32945,0.0,0.332581755849868,414.635066896411,,,,,
5.689,0.0,0.332607816590342,414.654355894543,,,,,
5.77955,0.0,0.332587107516879,414.636017261454,,,,,
5.03135,335.255924164333,0.323702710022943,411.674238325262,,,,,
5.822,0.0,0.332576657876248,414.64588786181,,,,,
5.65695,0.0,0.33272026984442,414.735112800786,,,,,
5.6636,0.0,0.332593369705678,414.707546932578,,,,,
5.6218,0.0,0.332576978381988,414.63785873357,,,,,
5.37725,0.0,0.332708260764737,414.725262487249,,,,,
5.79715,0.0,0.332711684867278,414.727047246603,,,,,
5.23825,0.0,0.332579808773362,414.640208005709,,,,,
5.48965,0.0,0.332586486760736,414.635551616827,,,,,
5.1836,0.0,0.332326952393779,414.53885763119,,,,,
5.92125,0.0,0.33257716598162,414.627571234906,,,,,
5.0064,1692.86022623797,0.313439295173033,399.803195000855,,,,,
5.8968,0.0,0.332722172363022,414.737291158804,,,,,
5.8363,0.0,0.332726421281955,414.749751207749,,,,,
5.93415,0.0,0.332621757545368,414.731327815404,,,,,
5.2091,0.0,0.332466668428061,414.565250885728,,,,,
5.36495,0.0,0.332652560980958,414.743822404655,,,,,
5.6891,0.0,0.33260336325848,414.650789442434,,,,,
5.62135,0.0,0.33257711839805,414.627592988369,,,,,
5.34975,0.0,0.332577247475305,414.629127566368,,,,,
5.8476,0.0,0.332687946140284,414.709386824977,,,,,
5.1199,0.0,0.331711180399976,414.071177679871,,,,,
5.31525,0.0,0.332659035190836,414.741633700267,,,,,
5.9296,0.0,0.332584816456076,414.633527973732,,,,,
5.84905,0.0,0.332603279583615,414.650725379255,,,,,
5.6196,0.0,0.332587128846805,414.636047731612,,,,,
5.63735,0.0,0.332705025247948,414.721712073484,,,,,
5.0593,0.0,0.328920290269909,412.907691554114,,,,,
5.0135,1467.18175451451,0.317497147428675,402.527970799527,,,,,
5.7736,0.0,0.332594583298759,414.709006083369,,,,,
5.53515,0.0,0.33267535959224,414.752198543092,,,,,
5.1677,0.0,0.332357684638612,414.503587984879,,,,,
5.50845,0.0,0.332641096836547,414.678235184874,,,,,
5.2657,0.0,0.332652683467179,414.726167811217,,,,,
5.461,0.0,0.332575753785868,414.621967871977,,,,,
5.21235,0.0,0.332433688627667,414.560856039569,,,,,
5.97855,0.0,0.332626308518333,414.66805262526,,,,,
5.56365,0.0,0.332593842783273,414.708193305283,,,,,
5.45535,0.0,0.332685129244394,414.753765116851,,,,,
5.47485,0.0,0.332654436546277,414.746105883762,,,,,
5.0548,0.0,0.326567544343659,411.948716296844,,,,,
5.56205,0.0,0.332576580210988,414.644697794329,,,,,
5.74825,0.0,0.332649108928867,414.683576746489,,,,,
5.33265,0.0,0.332564099933823,414.655733677042,,,,,
5.55795,0.0,0.332672157109126,414.698775881764,,,,,
5.06365,0.0,0.328763306213902,412.652710748661,,,,,
5.2849,0.0,0.332620426475176,414.725661482218,,,,,
5.75685,0.0,0.332722065209964,414.737157217784,,,,,
5.99295,0.0,0.332580731995328,414.684827239149,,,,,
5.4364,0.0,0.332724617192793,414.749351068473,,,,,
5.5494,0.0,0.332593537060373,414.642333456545,,,,,
5.33985,0.0,0.332573290359559,414.625616550389,,,,,
5.4795,0.0,0.332590614904048,414.639727126226,,,,,
5.33075,0.0,0.332563825360273,414.613495532467,,,,,
5.1679,0.0,0.332349067308315,414.496747673835,,,,,
5.38775,0.0,0.332684014398769,414.706911723869,,,,,
5.00915,1613.30921419808,0.316866212979767,402.561488367983,,,,,
5.79145,0.0,0.332577208642746,414.630640191762,,,,,
5.6327,0.0,0.332577237083494,414.669542257825,,,,,
5.84365,0.0,0.332597189856401,414.711922751586,,,,,
5.4557,0.0,0.332704107291443,414.755582777414,,,,,
5.845,0.0,0.33267245893231,414.751595093972,,,,,
5.20025,0.0,0.332403669328215,414.514621508498,,,,,
5.76175,0.0,0.332577022683951,414.637755427993,,,,,
5.32565,0.0,0.332685857527993,414.74713918343,,,,,
5.22835,0.0,0.332555991167221,414.624941370503,,,,,
5.66275,0.0,0.332577603531372,414.671986940068,,,,,
5.33015,0.0,0.332566531704818,414.618393862797,,,,,
5.5343,0.0,0.33262265604208,414.731849790347,,,,,
5.5424,0.0,0.332576269002829,414.656596490507,,,,,
5.92735,0.0,0.332700365458021,414.718187499047,,,,,
5.86775,0.0,0.33267849752556,414.702986823806,,,,,
5.09805,0.0,0.331376504822729,413.846604576114,,,,,
5.2496,0.0,0.332526721934364,414.598952629283,,,,,
5.24455,0.0,0.332554878076574,414.689926065085,,,,,
5.7165,0.0,0.332726924238402,414.746525736424,,,,,
5.70035,0.0,0.332576902357617,414.622607905268,,,,,
5.40195,0.0,0.33257385316438,414.638178383827,,,,,
5.29345,0.0,0.332557516669676,414.678763758171,,,,,
5.4785,0.0,0.332638341336504,414.67637908216,,,,,
5.72935,0.0,0.332593382284629,414.642165096137,,,,,
5.26525,0.0,0.332625967826406,414.721989740129,,,,,
5.3113,0.0,0.332558114507202,414.613251573637,,,,,
5.86985,0.0,0.332580706289538,414.628559361611,,,,,
5.54695,0.0,0.332721103017698,414.736109544013,,,,,
5.84415,0.0,0.332620163432327,414.730357895871,,,,,
5.06255,0.0,0.328784827640293,412.76950035786,,,,,
5.1588,0.0,0.33222931720081,414.417106957147,,,,,
5.6632,0.0,0.332583071760849,414.690859152882,,,,,
5.16795,0.0,0.332346715496353,414.494972430028,,,,,
5.91965,0.0,0.332583841287427,414.632422863658,,,,,
5.788,0.0,0.332664312344208,414.693603317559,,,,,
5.679,0.0,0.332607961515405,414.654473488173,,,,,
5.97245,0.0,0.332576720227218,414.66398165098,,,,,
5.9305,0.0,0.332576460431432,414.621550141821,,,,,
5.316,0.0,0.332698170309681,414.744737341238,,,,,
5.57405,0.0,0.332610435075702,414.723764858385,,,,,
5.9496,0.0,0.332584670427077,414.633371482068,,,,,
5.37055,0.0,0.332571036942959,414.618450096325,,,,,
5.3769,0.0,0.332718710099071,414.736190454704,,,,,
5.629,0.0,0.332608705280771,414.655054373053,,,,,
5.94615,0.0,0.332725061108973,414.751660096138,,,,,
5.96015,0.0,0.332577473360381,414.623674321812,,,,,
5.61125,0.0,0.332577038545147,414.625896912058,,,,,
5.05255,0.0,0.326834527378935,412.56297903797,,,,,
5.61305,0.0,0.332580366644762,414.683808476769,,,,,
5.72595,0.0,0.332718669642908,414.754884077959,,,,,
5.5705,0.0,0.332576511843667,414.621874077418,,,,,
5.46105,0.0,0.332575823794164,414.622373318481,,,,,
5.4232,0.0,0.332579683525634,414.686293177812,,,,,
5.5117,0.0,0.332576815941404,414.634104184957,,,,,
5.23815,0.0,0.332585959527296,414.644321894729,,,,,
5.4531,0.0,0.332579261839708,414.683056316598,,,,,
5.0937,0.0,0.331054832423651,413.682406481911,,,,,
5.8341,0.0,0.332617332290606,414.728560500382,,,,,
5.4639,0.0,0.332601262630184,414.716319456272,,,,,
5.48325,0.0,0.332582330125874,414.690131507943,,,,,
5.3641,0.0,0.33260283277042,414.718963069928,,,,,
5.5706,0.0,0.33257637182735,414.621521325458,,,,,
5.4504,0.0,0.332575928259641,414.622158855189,,,,,
5.34995,0.0,0.332573337396733,414.624575976983,,,,,
5.5189,0.0,0.332615138781775,414.659990556419,,,,,
5.6841,0.0,0.332614783312764,414.726867009391,,,,,
5.2161,0.0,0.332584825206875,414.673919424507,,,,,
5.96445,0.0,0.332639929894088,414.740640538046,,,,,
5.4724,0.0,0.332575704014336,414.655398883136,,,,,
5.29155,0.0,0.332548883185243,414.611403876418,,,,,
5.9031,0.0,0.332582680160287,414.689937221317,,,,,
5.82365,0.0,0.332596949765185,414.71166388672,,,,,
5.79655,0.0,0.332726585836268,414.744799732287,,,,,
5.4342,0.0,0.332614113936242,414.726514495318,,,,,
5.405,0.0,0.332660340953708,414.747326609321,,,,,
5.64505,0.0,0.332671474725267,414.751346809945,,,,,
5.66165,0.0,0.332577134259241,414.634272398436,,,,,
5.63145,0.0,0.332577172544871,414.629546031238,,,,,
5.22425,0.0,0.332498972613626,414.655904399126,,,,,
5.48915,0.0,0.332603525139204,414.651003899236,,,,,
5.5835,0.0,0.332589433564614,414.702328654232,,,,,
5.43075,0.0,0.33257477640288,414.620440487421,,,,,
5.1962,0.0,0.332522072227435,414.633079036542,,,,,
5.497,0.0,0.332719905740482,414.734914019837,,,,,
5.9749,0.0,0.332668783997707,414.750665192192,,,,,
5.93615,0.0,0.332725008079609,414.751711727829,,,,,
5.8212,0.0,0.332577093785856,414.626203853863,,,,,
5.7829,0.0,0.332579233946068,414.679844262928,,,,,
5.87805,0.0,0.33265922821222,414.690253662219,,,,,
5.7599,0.0,0.332580495720756,414.62829146419,,,,,
5.3925,0.0,0.33257274505602,414.656272751056,,,,,
5.5427,0.0,0.332576955410597,414.668263639734,,,,,
5.6213,0.0,0.332577080659352,414.62674142746,,,,,
5.94225,0.0,0.332576429802863,414.655967638841,,,,,
5.15565,0.0,0.33223741751549,414.477519902652,,,,,
5.16515,0.0,0.332285081909865,414.518648399821,,,,,
5.7221,0.0,0.33257656489671,414.648124717469,,,,,
5.4768,0.0,0.332724262387441,414.740716540855,,,,,
5.67895,0.0,0.332610324605349,414.65631089539,,,,,
5.77745,0.0,0.332697653641279,414.716219519042,,,,,
5.0845,0.0,0.330730009766741,413.488662340022,,,,,
5.78895,0.0,0.332608635826282,414.654999556581,,,,,
5.55715,0.0,0.33271463602941,414.729641555662,,,,,
5.2524,0.0,0.332512857410247,414.613130743488,,,,,
5.8692,0.0,0.332597059693075,414.645455822002,,,,,
5.35585,0.0,0.332702561138608,414.751283842957,,,,,
5.1654,0.0,0.332304027517719,414.524370653168,,,,,
5.0752,0.0,0.330217084699498,413.215631993579,,,,,
5.72375,0.0,0.332599513646021,414.714329378591,,,,,
5.0903,0.0,0.331035991707125,413.590612265693,,,,,
5.19355,0.0,0.332373673586558,414.566478400417,,,,,
5.8246,0.0,0.332646467781345,414.743356624567,,,,,
5.18955,0.0,0.332378011239351,414.50533946842,,,,,
5.9398,0.0,0.332581087500734,414.629082921931,,,,,
5.7077,0.0,0.332684709879165,414.707173220482,,,,,
5.1393,0.0,0.332011114743246,414.274909165165,,,,,
5.46295,0.0,0.33257777417562,414.677015823737,,,,,
5.9156,0.0,0.332707493166101,414.756215848045,,,,,
5.6839,0.0,0.332605235819877,414.71959465139,,,,,
5.08585,0.0,0.331001790613318,413.640637935803,,,,,
5.1348,0.0,0.331939129966138,414.313449738687,,,,,
5.73215,0.0,0.332576500357956,414.64994385221,,,,,
5.0924,0.0,0.331034865812746,413.610579730328,,,,,
5.2256,0.0,0.332584639252339,414.688123558223,,,,,
5.86405,0.0,0.332615228469281,414.72716974066,,,,,
5.70015,0.0,0.332578027954082,414.624664347826,,,,,
5.53115,0.0,0.332576712570082,414.624080686896,,,,,
5.8042,0.0,0.332622190661554,414.731580283486,,,,,
5.6426,0.0,0.332576822504662,414.665658212567,,,,,
5.3311,0.0,0.332564145878379,414.615020786559,,,,,
5.17175,0.0,0.332256201601489,414.429715936373,,,,,
5.9118,0.0,0.332576902357617,414.64057770763,,,,,
5.77695,0.0,0.332719121220882,414.733908365142,,,,,
5.6756,0.0,0.332703771599748,414.756189134826,,,,,
5.0071,1675.11817469073,0.317835950268373,403.522276313207,,,,,
5.33855,0.0,0.332628197356167,414.669957437156,,,,,
5.8714,0.0,0.332577220128433,414.630135971891,,,,,
5.55875,0.0,0.332622623777176,414.665434621278,,,,,
5.3496,0.0,0.332581086406872,414.633107897221,,,,,
5.8044,0.0,0.332633725453673,414.737773178338,,,,,
5.08235,0.0,0.330636871965525,413.363959965961,,,,,
5.90885,0.0,0.332611565480617,414.6572579025,,,,,
5.74705,0.0,0.332716142216371,414.730993089939,,,,,
5.7146,0.0,0.33264421650095,414.742452516371,,,,,
5.6741,0.0,0.332614617062512,414.726753932845,,,,,
5.80845,0.0,0.332635464961642,414.674392303005,,,,,
5.58005,0.0,0.332579261839708,414.626646314993,,,,,
5.05585,0.0,0.32696125539083,412.016150271641,,,,,
5.72865,0.0,0.332625235583669,414.667295147525,,,,,
5.0878,0.0,0.331150684840129,413.687136299893,,,,,
5.02485,687.142064711925,0.332445226130124,417.52304980303,,,,,
5.33755,0.0,0.332689067533776,414.711089863583,,,,,
5.615,0.0,0.33266766691015,414.750350759262,,,,,
5.0435,0.0,0.324299135300336,412.559450939032,,,,,
5.16785,0.0,0.332351346858833,414.498498790115,,,,,
5.4552,0.0,0.332675979635776,414.752008526252,,,,,
5.3839,0.0,0.332596537945453,414.713056792315,,,,,
5.03605,0.0,0.318678255878777,409.497199344151,,,,,
5.54985,0.0,0.33258220214445,414.630556346606,,,,,
5.56325,0.0,0.332583294360405,414.691534811252,,,,,
5.0443,0.0,0.32387928217823,411.936237463342,,,,,
5.98075,0.0,0.332576561615078,414.622027047504,,,,,
5.8939,0.0,0.33260835636752,414.722144216592,,,,,
5.9312,0.0,0.332577123867426,414.626776050465,,,,,
5.41735,0.0,0.332706217658185,414.722983904005,,,,,
5.4856,0.0,0.332700107945728,414.755711398931,,,,,
5.7794,0.0,0.332591281046379,414.640185912926,,,,,
5.4051,0.0,0.33266675049093,414.749103198431,,,,,
5.2438,0.0,0.332517897282239,414.662159372797,,,,,
5.5469,0.0,0.332722345119919,414.737591525619,,,,,
5.82915,0.0,0.332599461690441,414.647529197475,,,,,
5.8325,0.0,0.33257674483944,414.664158944418,,,,,
5.0157,1341.97082675993,0.326751699275726,410.035362575505,,,,,
5.91645,0.0,0.332726891436918,414.746197866298,,,,,
5.9477,0.0,0.33267997653771,414.703979199769,,,,,
5.82825,0.0,0.332647474482077,414.682481668362,,,,,
5.8769,0.0,0.332719668471335,414.734457362683,,,,,
5.2102,0.0,0.332436166767695,414.535621037368,,,,,
5.2925,0.0,0.332548140380052,414.639559132826,,,,,
5.30645,0.0,0.332705043836678,414.737201180347,,,,,
5.27235,0.0,0.33253402786017,414.624921024618,,,,,
5.15645,0.0,0.332283434724066,414.481334619312,,,,,
5.7816,0.0,0.332577147385743,414.634009649161,,,,,
5.0998,0.0,0.33131380407943,413.789121859122,,,,,
5.0455,0.0,0.323001710557559,410.925555167252,,,,,
5.1984,0.0,0.332472257205027,414.571986854841,,,,,
5.8314,0.0,0.332577214659059,414.629868052353,,,,,
5.14895,0.0,0.33213320868904,414.355398094075,,,,,
5.50825,0.0,0.332653753579255,414.686660976385,,,,,
5.0168,1271.61425138771,0.335002252244527,415.136339544278,,,,,
5.5478,0.0,0.332681665501399,414.705116213328,,,,,
5.12735,0.0,0.33194273516517,414.247936478525,,,,,
5.9177,0.0,0.33268058126315,414.704382270529,,,,,
5.8353,0.0,0.332690508226353,414.755060240551,,,,,
5.14925,0.0,0.332120711751068,414.345316914607,,,,,
5.5439,0.0,0.33260309965524,414.717764184167,,,,,
5.231,0.0,0.332481258686166,414.561620454167,,,,,
5.32655,0.0,0.332712833516488,414.739534859755,,,,,
5.58345,0.0,0.332588060799166,414.700248320789,,,,,
5.8064,0.0,0.332726906744278,414.74801672017,,,,,
5.1779,0.0,0.332410269866769,414.535009016501,,,,,
5.69535,0.0,0.332690745516297,414.755090990387,,,,,
5.55005,0.0,0.33257932419019,414.626763965637,,,,,
5.241,0.0,0.332498704551093,414.572705228991,,,,,
5.65265,0.0,0.332577044561462,414.667791003534,,,,,
5.90605,0.0,0.332722936100906,414.753231384947,,,,,
5.7124,0.0,0.332576483949796,414.658781326759,,,,,
5.6719,0.0,0.332576854774009,414.6412243141,,,,,
5.1708,0.0,0.332255405585117,414.418146680245,,,,,
5.01535,1381.95521363818,0.323319833685063,407.728110210957,,,,,
5.39345,0.0,0.332582844785719,414.695390084872,,,,,
5.605,0.0,0.332667452568888,414.750285320267,,,,,
5.8739,0.0,0.332608067064562,414.721904694548,,,,,
5.0174,1265.03564687427,0.334709373145029,415.383845929021,,,,,
5.2959,0.0,0.332685094251748,414.739814716973,,,,,
5.94025,0.0,0.332576989867683,414.622787984626,,,,,
5.6744,0.0,0.332631190272671,414.736521251878,,,,,
5.36215,0.0,0.33256978169578,414.641559505175,,,,,
5.97605,0.0,0.332723421021617,414.752942993978,,,,,
5.70395,0.0,0.332607797996179,414.721705538974,,,,,
5.2241,0.0,0.332491471157647,414.650183490368,,,,,
5.55725,0.0,0.332710642824155,414.726197060306,,,,,
5.5937,0.0,0.332595999789815,414.710637181991,,,,,
5.48795,0.0,0.332673204193816,414.699480390552,,,,,
5.47105,0.0,0.332576016316903,414.622507598063,,,,,
5.51225,0.0,0.332576154145614,414.650729188814,,,,,
5.726,0.0,0.332720167611072,414.754431740058,,,,,
5.70705,0.0,0.332716599811567,414.731418790071,,,,,
5.41315,0.0,0.332578407527541,414.683754380493,,,,,
5.82335,0.0,0.332587574040336,414.699378271724,,,,,
5.34275,0.0,0.332566757597172,414.661299182621,,,,,
5.73785,0.0,0.332674878428912,414.700586423542,,,,,
5.7678,0.0,0.332677404528622,414.702260095271,,,,,
5.74715,0.0,0.332712339832901,414.727608618309,,,,,
5.42985,0.0,0.332581384484189,414.630438823089,,,,,
5.84865,0.0,0.332623056345372,414.665739978636,,,,,
5.13925,0.0,0.33201290627342,414.276459863038,,,,,
5.34505,0.0,0.33265524582484,414.743613534861,,,,,
5.6774,0.0,0.332701944425006,414.719367232047,,,,,
5.0833,0.0,0.330641853510648,413.390641655386,,,,,
5.37895,0.0,0.332610566874441,414.65705870325,,,,,
5.2785,0.0,0.332607650883495,414.657166972857,,,,,
5.49745,0.0,0.332701961920444,414.719427518236,,,,,
5.0026,1734.65783398628,0.291828998204384,387.622411395693,,,,,
5.816,0.0,0.332720998597802,414.754142227274,,,,,
5.31315,0.0,0.332561542343524,414.672138512739,,,,,
5.07225,0.0,0.3299675323843,413.076604944805,,,,,
5.80545,0.0,0.332698279657388,414.755899561849,,,,,
5.74105,0.0,0.332576863525018,414.623852751094,,,,,
5.1629,0.0,0.332184509776938,414.425245725748,,,,,
5.08475,0.0,0.330770057777275,413.517181824312,,,,,
5.5542,0.0,0.332617660413345,414.728779749034,,,,,
5.66915,0.0,0.332601535532136,414.649281327151,,,,,
5.0787,0.0,0.330729544472975,413.440263478461,,,,,
5.8632,0.0,0.332584371258853,414.693616973656,,,,,
5.56975,0.0,0.332584016303884,414.632679786696,,,,,
5.22025,0.0,0.332461801766016,414.551420717131,,,,,
5.0815,0.0,0.330636666210419,413.356279635422,,,,,
5.01345,1472.8698359094,0.31753522280826,402.569798871062,,,,,
5.09405,0.0,0.331076279611399,413.710864641905,,,,,
5.72615,0.0,0.332723797695728,414.752688349133,,,,,
5.6652,0.0,0.332681258707432,414.753517453098,,,,,
5.695,0.0,0.332669351562047,414.750811661303,,,,,
5.2537,0.0,0.332528844367208,414.666926397641,,,,,
5.27545,0.0,0.332647827728868,414.730077022166,,,,,
5.94205,0.0,0.332576536455904,414.648856005379,,,,,
5.82625,0.0,0.332725893723561,414.750678909536,,,,,
5.452,0.0,0.332575709483735,414.641389532502,,,,,
5.83965,0.0,0.332584373993482,414.633031218219,,,,,
5.8457,0.0,0.332710883926762,414.756073622452,,,,,
5.12675,0.0,0.331933300409618,414.256287664846,,,,,
5.55345,0.0,0.33258775233635,414.699801295223,,,,,
5.93385,0.0,0.332606650624898,414.720773213556,,,,,
5.734,0.0,0.332610625937759,414.723894131028,,,,,
5.0093,1613.30921419808,0.316954520333252,402.566680794786,,,,,
5.59855,0.0,0.332633494685192,414.673048768889,,,,,
5.5011,0.0,0.332576424333476,414.62329684078,,,,,
5.2779,0.0,0.332645013227378,414.682092990458,,,,,
5.9799,0.0,0.332579575779735,414.627029045608,,,,,
5.35925,0.0,0.332594670257264,414.644934828503,,,,,
5.20715,0.0,0.33256457141218,414.638046536376,,,,,
5.8795,0.0,0.332587563648848,414.636481038761,,,,,
5.9046,0.0,0.332648109341754,414.743996716438,,,,,
5.6819,0.0,0.332576846023,414.641323129773,,,,,
5.32935,0.0,0.33258534806672,414.638256335779,,,,,
5.0617,0.0,0.328782342449191,412.780579838691,,,,,
5.15545,0.0,0.332222344585228,414.473929117958,,,,,
5.99775,0.0,0.332675865359761,414.701234595752,,,,,
5.19575,0.0,0.332500099020967,414.632882263943,,,,,
5.0223,925.492360482822,0.333101918695215,414.418968054825,,,,,
5.9428,0.0,0.332578738970294,414.677834995336,,,,,
5.70155,0.0,0.332577185124434,414.632200958966,,,,,
5.0422,0.0,0.324368901902621,412.46012689884,,,,,
5.26005,0.0,0.332528679715041,414.595558247536,,,,,
5.3562,0.0,0.332714485136983,414.748831680966,,,,,
5.5997,0.0,0.332584920918728,414.633669240315,,,,,
5.916,0.0,0.332721841609851,414.753789171553,,,,,
5.905,0.0,0.332673691374134,414.751891387818,,,,,
5.8808,0.0,0.332576596619143,414.622124178325,,,,,
5.122,0.0,0.331705397836233,414.079703750278,,,,,
5.15515,0.0,0.332198845765694,414.466677733458,,,,,
5.5544,0.0,0.332628781395341,414.735259705524,,,,,
5.3846,0.0,0.332633048459429,414.736827050411,,,,,
5.2387,0.0,0.332552630551967,414.621767653098,,,,,
5.4859,0.0,0.332713658507691,414.75539936857,,,,,
5.3487,0.0,0.33262095037279,414.664868390677,,,,,
5.3047,0.0,0.33261935297467,414.727729998813,,,,,
5.4743,0.0,0.332621061386479,414.730895928812,,,,,
5.10765,0.0,0.331593694786431,414.007434766377,,,,,
5.2759,0.0,0.332671498236914,414.731755189604,,,,,
5.89815,0.0,0.332652386547378,414.685745525836,,,,,
5.66115,0.0,0.332576956504473,414.624737224032,,,,,
5.25335,0.0,0.332519855661906,414.65199579876,,,,,
5.5817,0.0,0.332577044561462,414.634833682185,,,,,
5.92115,0.0,0.332577080112414,414.625935630424,,,,,
5.03435,0.0,0.32310104086376,413.215641176307,,,,,
5.2604,0.0,0.332525364226661,414.590488305071,,,,,
5.55145,0.0,0.332577057687968,414.628956618315,,,,,
5.0388,0.0,0.323920614633443,411.752549130366,,,,,
5.42085,0.0,0.332574447143946,414.620383842538,,,,,
5.31635,0.0,0.332707606337806,414.741123697523,,,,,
5.3162,0.0,0.332704430408048,414.74305811252,,,,,
5.51725,0.0,0.332711020606168,414.726554027412,,,,,
5.6875,0.0,0.332696535010433,414.715407262157,,,,,
5.246,0.0,0.332641996374683,414.711252599671,,,,,
5.9356,0.0,0.33270777582193,414.75621018217,,,,,
5.4591,0.0,0.332605741147139,414.652867277443,,,,,
5.1391,0.0,0.332018633626439,414.281254988039,,,,,
5.1659,0.0,0.332338609635715,414.531064439745,,,,,
5.1568,0.0,0.332292635101959,414.477764652141,,,,,
5.9201,0.0,0.332577887938403,414.624398602119,,,,,
5.2731,0.0,0.332537196665322,414.654750734284,,,,,
5.68785,0.0,0.332675898713052,414.70125784986,,,,,
5.8873,0.0,0.33270354689388,414.720565003403,,,,,
5.15915,0.0,0.332213248482829,414.404715552864,,,,,
5.92785,0.0,0.332670997383803,414.698004816021,,,,,
5.3761,0.0,0.332714562770052,414.751386718362,,,,,
5.86545,0.0,0.332699299323027,414.755976027649,,,,,
5.31905,0.0,0.33259560492303,414.647091693863,,,,,
5.15995,0.0,0.332189421569584,414.382099767082,,,,,
5.87285,0.0,0.332579033221174,414.67897535015,,,,,
5.06445,0.0,0.328774365589127,412.604598430151,,,,,
5.63865,0.0,0.33262687615515,414.668459938915,,,,,
5.931,0.0,0.332576892512733,414.623986939507,,,,,
5.5346,0.0,0.33264035970561,414.740787899741,,,,,
5.97675,0.0,0.332722730542421,414.737992035587,,,,,
5.51675,0.0,0.332725170994537,414.741917507398,,,,,
5.9782,0.0,0.332647538460239,414.682535970681,,,,,
5.8648,0.0,0.332660082316829,414.74815455673,,,,,
5.9534,0.0,0.332590098068562,414.703217268654,,,,,
5.3771,0.0,0.332713572126998,414.730212414032,,,,,
5.6159,0.0,0.332715752412559,414.755489034908,,,,,
5.59525,0.0,0.332682888614133,414.753805688245,,,,,
5.98055,0.0,0.332576429255924,414.621492672237,,,,,
5.7915,0.0,0.332577201532559,414.631734037262,,,,,
5.78675,0.0,0.332724020747831,414.739740151424,,,,,
5.6079,0.0,0.332674368832446,414.700234448959,,,,,
5.09395,0.0,0.33106912997062,413.702459560166,,,,,
5.9245,0.0,0.332642228777758,414.741628482728,,,,,
5.62265,0.0,0.332576983851366,414.667388596932,,,,,
5.30395,0.0,0.33257904251906,414.702610397697,,,,,
5.27285,0.0,0.332535010832995,414.644264613896,,,,,
5.84565,0.0,0.332708713997002,414.756182201425,,,,,
5.9395,0.0,0.332587056106282,414.635965902706,,,,,
5.56745,0.0,0.332701125965562,414.718767290244,,,,,
5.60285,0.0,0.332578157030984,414.675283659419,,,,,
5.1074,0.0,0.331596424408303,414.013401784032,,,,,
5.20655,0.0,0.332567371279743,414.651369764684,,,,,
5.0518,0.0,0.326831711236433,412.511534348043,,,,,
5.4414,0.0,0.33257578277368,414.6266024296,,,,,
5.97745,0.0,0.332694109110383,414.713683594447,,,,,
5.7704,0.0,0.332576688504796,414.622121462267,,,,,
5.8234,0.0,0.332588906335845,414.701463792058,,,,,
5.2067,0.0,0.33256879991963,414.648790436808,,,,,
5.03245,253.187688045331,0.323723459262285,412.768406000752,,,,,
5.46375,0.0,0.33259541459926,414.710425839616,,,,,
5.33555,0.0,0.332683366485299,414.748337128915,,,,,
5.04305,0.0,0.324360453672206,412.678123459466,,,,,
5.6702,0.0,0.332577738077806,414.624163981017,,,,,
5.45475,0.0,0.332647252472291,414.743426757446,,,,,
5.00955,1597.5695174589,0.317144492428514,402.666839661378,,,,,
5.41505,0.0,0.332664324373681,414.748638904647,,,,,
5.3013,0.0,0.332553867813681,414.610520295364,,,,,
5.9654,0.0,0.332698376976817,414.755908644858,,,,,
5.0971,0.0,0.331397140250267,413.872733147264,,,,,
5.51475,0.0,0.332649266412777,414.744362412789,,,,,
5.21655,0.0,0.332596600839602,414.669183002782,,,,,
5.95695,0.0,0.332717250393857,414.732037683818,,,,,
5.43875,0.0,0.332623537036803,414.666193973631,,,,,
5.70595,0.0,0.332718464628493,414.754936686908,,,,,
5.5116,0.0,0.332576867353584,414.631728396829,,,,,
5.3986,0.0,0.332631335187551,414.671734763102,,,,,
5.1985,0.0,0.332466424959871,414.567987604778,,,,,
5.9203,0.0,0.33257684875769,414.622453217219,,,,,
5.3314,0.0,0.332564517263308,414.618863093442,,,,,
5.8958,0.0,0.332715466483245,414.755567457883,,,,,
5.64255,0.0,0.332576671002769,414.663682203323,,,,,
5.76315,0.0,0.332582761105692,414.690126809482,,,,,
5.65965,0.0,0.332585633560975,414.63444488776,,,,,
5.13875,0.0,0.332033582133104,414.293024970238,,,,,
5.8562,0.0,0.332725369444494,414.751338764438,,,,,
5.20725,0.0,0.332561989212195,414.635111755298,,,,,
5.52575,0.0,0.33270828591395,414.756032021191,,,,,
5.4477,0.0,0.332688531168077,414.709861551649,,,,,
5.9117,0.0,0.332577030888018,414.637721987338,,,,,
5.13085,0.0,0.331858835505053,414.164457747572,,,,,
5.12055,0.0,0.331705125842132,414.062186992809,,,,,
5.0547,0.0,0.326572987326781,411.968970048207,,,,,
5.30325,0.0,0.332558770869214,414.673609044873,,,,,
5.77285,0.0,0.332578690840014,414.677615676459,,,,,
5.0773,0.0,0.330815178849284,413.491949946171,,,,,
5.22945,0.0,0.332499926148597,414.583466438584,,,,,
5.3017,0.0,0.332554045580791,414.61801025764,,,,,
5.4558,0.0,0.332708685020772,414.755505766656,,,,,
5.78545,0.0,0.332697918809818,414.755871688578,,,,,
5.34765,0.0,0.332685540407703,414.708340640028,,,,,
5.15675,0.0,0.332291797022509,414.478458717606,,,,,
5.1928,0.0,0.332363043744618,414.533349308657,,,,,
5.6616,0.0,0.332577164887745,414.633058383574,,,,,
5.78135,0.0,0.332577179655059,414.628564347106,,,,,
5.9624,0.0,0.332576598259959,414.661900404909,,,,,
5.681,0.0,0.332576761247587,414.623137839678,,,,,
5.73575,0.0,0.332711473287957,414.756031257141,,,,,
5.32095,0.0,0.332561104772641,414.612161415452,,,,,
5.73505,0.0,0.332673351824291,414.751812929891,,,,,
5.19025,0.0,0.332364486944978,414.489815951553,,,,,
5.93655,0.0,0.332726200964925,414.74370411952,,,,,
5.5423,0.0,0.332576274472219,414.652941297564,,,,,
5.81195,0.0,0.332576743198625,414.644175760099,,,,,
5.37155,0.0,0.332571604674114,414.626319488776,,,,,
5.758,0.0,0.332664941703819,414.694015682975,,,,,
5.3387,0.0,0.332619227741833,414.663792356236,,,,,
5.9401,0.0,0.332577823399906,414.624319206255,,,,,
5.7031,0.0,0.332581563330451,414.687181364071,,,,,
5.0232,840.149543741029,0.333205536869114,416.824805679981,,,,,
5.06285,0.0,0.328783241479753,412.745237007492,,,,,
5.501,0.0,0.332576282129365,414.622387048543,,,,,
5.11295,0.0,0.331524347393677,413.993348362222,,,,,
5.8723,0.0,0.332576459337555,414.656979639163,,,,,
5.7633,0.0,0.332585864909588,414.696461784409,,,,,
5.6692,0.0,0.332599521849533,414.647587705756,,,,,
5.2815,0.0,0.332542492708995,414.606354174713,,,,,
5.16635,0.0,0.332361355350956,414.531421145656,,,,,
5.31155,0.0,0.33255830047657,414.617505539782,,,,,
5.3691,0.0,0.33260237119043,414.650922503665,,,,,
5.6746,0.0,0.33264338422875,414.74211310783,,,,,
5.5197,0.0,0.332585272591187,414.63417090705,,,,,
5.84325,0.0,0.332585320720515,414.695452154672,,,,,
5.25235,0.0,0.332512885856498,414.6113334227,,,,,
5.0631,0.0,0.328779335519883,412.718436012032,,,,,
5.9505,0.0,0.332576453868168,414.621539351144,,,,,
5.3606,0.0,0.332569678322272,414.617435238819,,,,,
5.04875,0.0,0.3269973448676,412.58603451221,,,,,
5.1283,0.0,0.331920198603655,414.22219652115,,,,,
5.2933,0.0,0.332554415336074,414.672373413989,,,,,
5.65585,0.0,0.332714416797999,414.755712197049,,,,,
5.45665,0.0,0.332725643884734,414.744430418416,,,,,
5.67275,0.0,0.332577629784339,414.672122567506,,,,,
5.3291,0.0,0.332595922129071,414.646932505874,,,,,
5.64575,0.0,0.332710213103427,414.756099100304,,,,,
5.11935,0.0,0.3317239301993,414.084469202281,,,,,
5.9874,0.0,0.332696677163144,414.715511532094,,,,,
5.25105,0.0,0.332513042857883,414.582080333473,,,,,
5.35645,0.0,0.332718681670417,414.74515598319,,,,,
5.62915,0.0,0.33260205399054,414.64971768902,,,,,
5.667,0.0,0.332718674016548,414.733447328865,,,,,
5.35875,0.0,0.332619441567304,414.663705815495,,,,,
5.74975,0.0,0.332582968391472,414.631408655529,,,,,
5.57065,0.0,0.332576344480406,414.621444548505,,,,,
5.1941,0.0,0.332394124527233,414.590278654247,,,,,
5.30275,0.0,0.332553865625778,414.652710831366,,,,,
5.55575,0.0,0.332708841929762,414.756092159611,,,,,
5.40675,0.0,0.332723165713958,414.741317942585,,,,,
5.4901,0.0,0.332578643256662,414.626049102515,,,,,
5.79485,0.0,0.332661839731322,414.748695126671,,,,,
5.38025,0.0,0.332573491087918,414.621809831949,,,,,
5.19375,0.0,0.332379723080691,414.575365110005,,,,,
5.70725,0.0,0.33270863308224,414.724536832379,,,,,
5.13945,0.0,0.332006128540635,414.270426861805,,,,,
5.4568,0.0,0.332724019654439,414.740685558591,,,,,
5.94485,0.0,0.332664963028754,414.749613656836,,,,,
5.09285,0.0,0.33103558069293,413.628736780886,,,,,
5.9341,0.0,0.332619045634611,414.729663747771,,,,,
5.2054,0.0,0.332515729922358,414.651959928111,,,,,
5.26065,0.0,0.332524550255808,414.588780687948,,,,,
5.41405,0.0,0.332605600596235,414.720397255447,,,,,
5.16275,0.0,0.332183792988639,414.418697713869,,,,,
5.36615,0.0,0.332714707101906,414.750209335836,,,,,
5.1345,0.0,0.3319168447037,414.300598638287,,,,,
5.72505,0.0,0.332673148422287,414.75176055266,,,,,
5.36945,0.0,0.332588343009578,414.63911541512,,,,,
5.23135,0.0,0.332481730829091,414.565147975254,,,,,
5.8655,0.0,0.332701874989981,414.756124702063,,,,,
5.06595,0.0,0.329356817590982,412.858397601674,,,,,
5.89495,0.0,0.332670321012193,414.75106261053,,,,,
5.9944,0.0,0.332637462021505,414.739535348283,,,,,
5.2581,0.0,0.332615337844255,414.662918894247,,,,,
5.3613,0.0,0.332570164560345,414.62110550644,,,,,
5.8344,0.0,0.332634314404733,414.738058143238,,,,,
5.6096,0.0,0.332587215260338,414.636127989473,,,,,
5.05675,0.0,0.327925010573464,412.411409611988,,,,,
5.22645,0.0,0.33261904618148,414.685266047205,,,,,
5.58335,0.0,0.332585587072464,414.696055817465,,,,,
5.17525,0.0,0.332363048670227,414.563495128778,,,,,
5.23745,0.0,0.332623819217115,414.671357452371,,,,,
5.53345,0.0,0.33258751114448,414.699484222164,,,,,
5.619,0.0,0.332608852392989,414.655169973474,,,,,
5.7528,0.0,0.332578200238919,414.67526398692,,,,,
5.3543,0.0,0.33261132594666,414.724946461738,,,,,
5.60085,0.0,0.332576500357956,414.621875380886,,,,,
5.49705,0.0,0.332718423625594,414.733354800777,,,,,
5.8901,0.0,0.332577960133995,414.624519680381,,,,,
5.81465,0.0,0.332649435926625,414.744498427162,,,,,
5.99385,0.0,0.332607548068644,414.721497726603,,,,,
5.3168,0.0,0.332708707983068,414.732057203815,,,,,
5.37135,0.0,0.332571489815288,414.622702196435,,,,,
5.3491,0.0,0.332599847255342,414.649372686367,,,,,
5.77115,0.0,0.332577015026822,414.625227136115,,,,,
5.656,0.0,0.332719506100415,414.754640526752,,,,,
5.5033,0.0,0.332583614312822,414.692647542723,,,,,
5.04585,0.0,0.323031070822938,410.833513318531,,,,,
5.12525,0.0,0.331827750082712,414.236267910541,,,,,
5.8874,0.0,0.332698427823474,414.716769158116,,,,,
5.6644,0.0,0.332630995594471,414.736419745577,,,,,
5.1452,0.0,0.332098056360615,414.404743440554,,,,,
5.7935,0.0,0.332591543018244,414.705196039938,,,,,
5.0285,508.302462258431,0.320275880483773,408.851161327057,,,,,
5.0724,0.0,0.329967654764696,413.074243444735,,,,,
5.1707,0.0,0.332255466353972,414.418312980932,,,,,
5.9,0.0,0.332578789835242,414.625852208423,,,,,
5.92095,0.0,0.332576824692414,414.623415483906,,,,,
5.8664,0.0,0.332726936812304,414.747617951604,,,,,
5.4645,0.0,0.332632186082699,414.736918982817,,,,,
5.7403,0.0,0.332577056047155,414.62291278864,,,,,
5.35155,0.0,0.332568796090971,414.624412310395,,,,,
5.70165,0.0,0.33257712988374,414.634602451194,,,,,
5.34185,0.0,0.33256676197281,414.63024018015,,,,,
5.6939,0.0,0.332605382386737,414.719719946874,,,,,
5.1613,0.0,0.332183825296166,414.37571803446,,,,,
5.9879,0.0,0.332666555833539,414.69508184349,,,,,
5.7262,0.0,0.332724709584264,414.751980338512,,,,,
5.6085,0.0,0.332636329517233,414.674984801571,,,,,
5.21915,0.0,0.332490552611551,414.580028646199,,,,,
5.7013,0.0,0.33257712988374,414.627194730371,,,,,
5.46145,0.0,0.332576266815073,414.627913515062,,,,,
5.7116,0.0,0.332577171450996,414.633453329686,,,,,
5.39225,0.0,0.332572791546326,414.647217872534,,,,,
5.17695,0.0,0.332437807725058,414.563365353832,,,,,
5.11085,0.0,0.331522726605378,413.934128870036,,,,,
5.94875,0.0,0.332615946515331,414.66055704182,,,,,
5.97965,0.0,0.332583442577716,414.631976354959,,,,,
5.8354,0.0,0.332696114019356,414.755713689482,,,,,
5.69365,0.0,0.332595411864723,414.709969472872,,,,,
5.14135,0.0,0.331988644737089,414.252150733654,,,,,
5.289,0.0,0.332585580509379,414.641102712792,,,,,
5.86355,0.0,0.33259387997316,414.708165575445,,,,,
5.2498,0.0,0.332521597953674,414.593650033259,,,,,
5.0669,0.0,0.329943953465779,413.118944147728,,,,,
5.1631,0.0,0.332186246709015,414.434302907804,,,,,
5.3938,0.0,0.332593601595821,414.709769028825,,,,,
5.12935,0.0,0.331879338450126,414.188759251583,,,,,
5.3419,0.0,0.33256670508952,414.631609522834,,,,,
5.9316,0.0,0.332577124414364,414.635234363834,,,,,
5.28705,0.0,0.332690146276851,414.71676992621,,,,,
5.0325,253.187688045331,0.323723142914642,412.841774744602,,,,,
5.30195,0.0,0.332553820773754,414.624532838767,,,,,
5.5547,0.0,0.332647102642943,414.74357540523,,,,,
5.1129,0.0,0.33152398417099,413.990655172478,,,,,
5.77035,0.0,0.332576835084238,414.622443218812,,,,,
5.26975,0.0,0.332543771032867,414.608172442068,,,,,
5.9376,0.0,0.332686213467821,414.708205678391,,,,,
5.3541,0.0,0.332601149422294,414.717907083688,,,,,
5.8844,0.0,0.332635289972255,414.738523944764,,,,,
5.72045,0.0,0.332576605370159,414.621939585949,,,,,
5.17605,0.0,0.332415263687391,414.572813332648,,,,,
5.5461,0.0,0.332721151674079,414.753906943428,,,,,
5.8697,0.0,0.33258318552182,414.631654986175,,,,,
5.2239,0.0,0.332482750611754,414.642139317642,,,,,
5.283,0.0,0.332543934036584,414.655519044809,,,,,
5.4894,0.0,0.332593846611644,414.642713227495,,,,,
5.00335,1734.68257800021,0.290719237385958,383.612455522108,,,,,
5.5388,0.0,0.332620180385198,414.663677388305,,,,,
5.6313,0.0,0.332577092145043,414.62679908296,,,,,
5.957,0.0,0.332715496005595,414.730391633062,,,,,
5.5694,0.0,0.332593363142747,414.642165675929,,,,,
5.9703,0.0,0.332576783125115,414.622340955454,,,,,
5.67595,0.0,0.33271815027281,414.755015607655,,,,,
5.8938,0.0,0.332603862025863,414.718399760046,,,,,
5.81655,0.0,0.332726547021138,414.74464611553,,,,,
5.38045,0.0,0.332572350161625,414.619733270182,,,,,
5.0629,0.0,0.328782671079725,412.740275295815,,,,,
5.19195,0.0,0.332362968218602,414.502694729673,,,,,
5.7271,0.0,0.332714545275277,414.729539569846,,,,,
5.8027,0.0,0.332577597515067,414.671811610306,,,,,
5.30235,0.0,0.332553324119225,414.637453196016,,,,,
5.78575,0.0,0.33271214301532,414.755974054785,,,,,
5.04955,0.0,0.326973492235886,412.602821582177,,,,,
5.1752,0.0,0.332359356084745,414.562370789721,,,,,
5.41525,0.0,0.332676949066607,414.751682320148,,,,,
5.04595,0.0,0.323080834370454,410.831067217126,,,,,
5.53505,0.0,0.332669035519596,414.750653960047,,,,,
5.5839,0.0,0.332603748271964,414.7183212848,,,,,
5.00825,1644.56801254043,0.317193389151242,403.409500844909,,,,,
5.89255,0.0,0.33257697783505,414.666919569915,,,,,
5.80835,0.0,0.332641602109332,414.678553544702,,,,,
5.3322,0.0,0.332563997652467,414.639262404583,,,,,
5.87355,0.0,0.332594007403181,414.708298352281,,,,,
5.63975,0.0,0.332583619782091,414.632200140121,,,,,
5.7167,0.0,0.332725260652384,414.741705030463,,,,,
5.7141,0.0,0.332615300656768,414.727211929872,,,,,
5.45705,0.0,0.33271826344089,414.733427248266,,,,,
5.2297,0.0,0.332492388059974,414.576228310554,,,,,
5.9026,0.0,0.332577208095809,414.6690629639,,,,,
5.5981,0.0,0.332661809657412,414.69195361693,,,,,
5.5349,0.0,0.332659415218666,414.747880807101,,,,,
5.66495,0.0,0.332665530052822,414.749767624971,,,,,
5.1425,0.0,0.331988189973873,414.284921955602,,,,,
5.7096,0.0,0.332586440819266,414.635306234339,,,,,
5.85545,0.0,0.332699129287848,414.75596635084,,,,,
5.99895,0.0,0.332605524031515,414.652534714978,,,,,
5.81575,0.0,0.332712554691961,414.755940301325,,,,,
5.8853,0.0,0.332691438248874,414.75518218307,,,,,
5.6319,0.0,0.332576850398504,414.640826421256,,,,,
5.9956,0.0,0.332708664792082,414.756186422937,,,,,
5.3501,0.0,0.332571229468469,414.621768440777,,,,,
5.223,0.0,0.332461782069431,414.603332855736,,,,,
5.0737,0.0,0.329974678882349,413.06207765384,,,,,
5.53485,0.0,0.332656200552288,414.746838338378,,,,,
5.7454,0.0,0.33269448800466,414.755545630604,,,,,
5.33115,0.0,0.332564217529996,414.615501568725,,,,,
5.4653,0.0,0.332682519548404,414.753393736296,,,,,
5.7567,0.0,0.332725061655668,414.741363660173,,,,,
5.99615,0.0,0.332725311494932,414.751409815743,,,,,
5.4245,0.0,0.332630301642316,414.735853361501,,,,,
5.49335,0.0,0.332584532601896,414.694566730809,,,,,
5.57695,0.0,0.332720898551483,414.735863740825,,,,,
5.7181,0.0,0.332659347961974,414.690335104053,,,,,
5.13675,0.0,0.332074967238472,414.345328366734,,,,,
5.28345,0.0,0.332551082600901,414.674681248571,,,,,
5.60155,0.0,0.332577160512245,414.631438885098,,,,,
5.2494,0.0,0.332533285568805,414.605021407868,,,,,
5.06025,0.0,0.328791698332452,412.783554952818,,,,,
5.1189,0.0,0.331738996166324,414.097729943744,,,,,
5.78115,0.0,0.332577012839071,414.62527263924,,,,,
5.78085,0.0,0.332576604823221,414.622228718585,,,,,
5.8359,0.0,0.332718232278669,414.75500633402,,,,,
5.62585,0.0,0.332714016057914,414.755748398437,,,,,
5.2086,0.0,0.332493029780684,414.584446868205,,,,,
5.61955,0.0,0.332588432704309,414.637388922835,,,,,
5.6371,0.0,0.332715602067348,414.730508934109,,,,,
5.4046,0.0,0.332634941633731,414.737924819344,,,,,
5.8063,0.0,0.33272633818473,414.749923889758,,,,,
5.80515,0.0,0.332681005007717,414.75347287484,,,,,
5.81745,0.0,0.332696971309715,414.715716170966,,,,,
5.7005,0.0,0.332576521688562,414.621750593245,,,,,
5.01825,1207.65760585484,0.332766407227171,414.097119883146,,,,,
5.10515,0.0,0.331447020268775,413.980688427722,,,,,
5.6764,0.0,0.332726726336065,414.748847471651,,,,,
5.55705,0.0,0.332718117470461,414.732924678731,,,,,
5.18795,0.0,0.332457525391244,414.564328506474,,,,,
5.03445,0.0,0.322918702040703,413.028940832977,,,,,
5.09185,0.0,0.331035308697961,413.596689916133,,,,,
5.89865,0.0,0.332622161677787,414.665095775738,,,,,
5.9136,0.0,0.332596201051375,414.710836396357,,,,,
5.4866,0.0,0.332726304836496,414.745627942513,,,,,
5.2855,0.0,0.332658442455915,414.735064282616,,,,,
5.8017,0.0,0.332577073549162,414.636749145233,,,,,
5.43995,0.0,0.332579914331453,414.628462930742,,,,,
5.225,0.0,0.332545544377742,414.678801866284,,,,,
5.7614,0.0,0.332577201532559,414.629407961476,,,,,
5.05465,0.0,0.326577550740363,411.980554223367,,,,,
5.8198,0.0,0.332581708266954,414.629861820771,,,,,
5.3359,0.0,0.332700439813975,414.748756250481,,,,,
5.9926,0.0,0.332577364519892,414.670250182468,,,,,
5.448,0.0,0.332670220403849,414.697530365651,,,,,
5.63395,0.0,0.332606732658248,414.72084979387,,,,,
5.79495,0.0,0.332668251973607,414.750521034729,,,,,
5.008,1644.56801254043,0.317521216975348,403.750890249958,,,,,
5.01015,1581.4291317762,0.317583790748515,403.152007752985,,,,,
5.32415,0.0,0.332596101514423,414.715085096205,,,,,
5.197,0.0,0.332532585395622,414.620690900474,,,,,
5.47775,0.0,0.332685569932708,414.707788032982,,,,,
5.94785,0.0,0.332670580187896,414.697732168294,,,,,
5.24665,0.0,0.332656396309353,414.703336894059,,,,,
5.5563,0.0,0.332725281426759,414.751217245412,,,,,
5.5003,0.0,0.332577057687968,414.623411662956,,,,,
5.38235,0.0,0.332571871583995,414.6500883546,,,,,
5.99815,0.0,0.332650312475886,414.684371907368,,,,,
5.0615,0.0,0.32878144894869,412.77428140417,,,,,
5.4583,0.0,0.332650995996789,414.684861540014,,,,,
5.7898,0.0,0.332581864141991,414.630061779133,,,,,
5.1523,0.0,0.332095439860324,414.345242895366,,,,,
5.69485,0.0,0.332659734551068,414.748046383398,,,,,
5.39785,0.0,0.332678552749422,414.703165578347,,,,,
5.5571,0.0,0.332716442906236,414.731304114422,,,,,
5.14575,0.0,0.332141778497248,414.416839041193,,,,,
5.955,0.0,0.3326747143958,414.752132739594,,,,,
5.89435,0.0,0.332632479739452,414.737166988517,,,,,
5.79905,0.0,0.332603986717592,414.651294469488,,,,,
5.78685,0.0,0.332721813728163,414.736866776382,,,,,
5.8523,0.0,0.332576438006945,414.65673742702,,,,,
5.21255,0.0,0.33243367385398,414.568313459182,,,,,
5.30555,0.0,0.332672733416199,414.742168842592,,,,,
5.751,0.0,0.33257680554958,414.623361647412,,,,,
5.76625,0.0,0.332725644978121,414.751001230743,,,,,
5.672,0.0,0.332576713663959,414.644311119692,,,,,
5.3102,0.0,0.332559801901925,414.613739377436,,,,,
5.9487,0.0,0.332618571499122,414.662491932014,,,,,
5.6113,0.0,0.332577086675666,414.626683132642,,,,,
5.13625,0.0,0.332052746420507,414.346641968301,,,,,
5.2145,0.0,0.332487057298889,414.648809921936,,,,,
5.2167,0.0,0.33259775098007,414.666488575804,,,,,
5.5372,0.0,0.33271289474851,414.728122382031,,,,,
5.60345,0.0,0.332588274644674,414.700535979921,,,,,
5.9763,0.0,0.332726718682381,414.748902448427,,,,,
5.01915,1143.58637133797,0.332321192039329,413.056421564119,,,,,
5.684,0.0,0.332609841160404,414.723298849297,,,,,
5.75355,0.0,0.332592709583563,414.70671062397,,,,,
5.37425,0.0,0.332611791342387,414.725167852666,,,,,
5.64725,0.0,0.33270947120514,414.725225028871,,,,,
5.2443,0.0,0.332540500001779,414.68155305872,,,,,
5.04285,0.0,0.324366993008731,412.67067144955,,,,,
5.0185,1190.17245470834,0.332449328670128,413.692511144666,,,,,
5.32695,0.0,0.332709247596562,414.729838640437,,,,,
5.57205,0.0,0.332576599353836,414.644816029783,,,,,
5.12805,0.0,0.331929225467992,414.229954521281,,,,,
5.19005,0.0,0.332366830421935,414.49315935173,,,,,
5.5416,0.0,0.332577023230889,414.632045594744,,,,,
5.27275,0.0,0.332534522355488,414.640185414699,,,,,
5.8267,0.0,0.332724699197059,414.740753556127,,,,,
5.6341,0.0,0.332613940576253,414.726287933361,,,,,
5.52695,0.0,0.332721194316743,414.736255505852,,,,,
5.44205,0.0,0.332575386789011,414.642676554892,,,,,
5.34295,0.0,0.332568033093011,414.669505866598,,,,,
5.54865,0.0,0.332628460939517,414.669563166522,,,,,
5.82865,0.0,0.332623429305109,414.665998504066,,,,,
5.53125,0.0,0.332576837818928,414.625400395226,,,,,
5.0477,0.0,0.325957407542666,411.984824979716,,,,,
5.3702,0.0,0.332572918984427,414.621882588,,,,,
5.76995,0.0,0.33257980330403,414.627338535084,,,,,
5.2972,0.0,0.332691156125915,414.71546131259,,,,,
5.6685,0.0,0.332635172401208,414.674197856985,,,,,
5.03075,335.255924164333,0.323698396603482,411.636292887718,,,,,
5.58915,0.0,0.332602564244698,414.650143786414,,,,,
5.12875,0.0,0.331901868469242,414.207550989441,,,,,
5.00265,1734.66252116887,0.291816023165778,387.413393874391,,,,,
5.3205,0.0,0.332561375519693,414.612625846651,,,,,
5.167,0.0,0.332373287759287,414.522807315603,,,,,
5.1758,0.0,0.332401105031244,414.571708809238,,,,,
5.49485,0.0,0.332655095452283,414.746394524767,,,,,
5.9539,0.0,0.33260927294763,414.722859366165,,,,,
5.8237,0.0,0.332598837675945,414.713644301402,,,,,
5.82145,0.0,0.332577211377434,414.630849276798,,,,,
5.48425,0.0,0.332618650248316,414.729420365845,,,,,
5.2938,0.0,0.332567900730463,414.69333763761,,,,,
5.5874,0.0,0.332703347884177,414.720426907022,,,,,
5.02445,761.826157233335,0.3336183481106,418.587497805011,,,,,
5.44975,0.0,0.332583825973482,414.632965130582,,,,,
5.65725,0.0,0.332709347099664,414.725114274366,,,,,
5.79675,0.0,0.332723968811693,414.739652452825,,,,,
5.0906,0.0,0.331034841635372,413.588269649509,,,,,
5.9029,0.0,0.332579688448035,414.681483794349,,,,,
5.0495,0.0,0.32698332822219,412.609590689949,,,,,
5.98305,0.0,0.332582248086505,414.688920945943,,,,,
5.58315,0.0,0.332581669981846,414.687601571354,,,,,
5.88005,0.0,0.332578387837863,414.625223909036,,,,,
5.58525,0.0,0.332682655145934,414.753756876868,,,,,
5.1486,0.0,0.332149752251087,414.367832791356,,,,,
5.92485,0.0,0.3326645529336,414.749494228088,,,,,
5.42055,0.0,0.332574565830343,414.620634536422,,,,,
5.1471,0.0,0.332198204024259,414.413222949279,,,,,
5.474,0.0,0.332605948965487,414.720339390463,,,,,
5.15815,0.0,0.332262390098387,414.441055897966,,,,,
5.2339,0.0,0.332504175719284,414.655405561411,,,,,
5.1309,0.0,0.331858854141181,414.164523066123,,,,,
5.1806,0.0,0.332314511457605,414.455945111142,,,,,
5.41175,0.0,0.332574641855248,414.6331679853,,,,,
5.39355,0.0,0.332585457451521,414.69957253495,,,,,
5.89725,0.0,0.332705803240073,414.722299186023,,,,,
5.994,0.0,0.332614840187832,414.726900469532,,,,,
5.5809,0.0,0.332576504186526,414.622087999265,,,,,
5.1896,0.0,0.332376516654553,414.503900830108,,,,,
5.58815,0.0,0.332658783661386,414.689965594484,,,,,
5.57885,0.0,0.332616904089943,414.661285749525,,,,,
5.48475,0.0,0.33264837837753,414.743960459149,,,,,
5.1427,0.0,0.331988431053246,414.293413864578,,,,,
5.50225,0.0,0.332576079761872,414.650568412536,,,,,
5.7894,0.0,0.332591187524014,414.640090824994,,,,,
5.17195,0.0,0.332256047216069,414.435014179763,,,,,
5.0946,0.0,0.331130566352165,413.759057441392,,,,,
5.32285,0.0,0.332562107903039,414.661878534532,,,,,
5.01245,1507.2463238733,0.317730445021923,402.97920539143,,,,,
5.778,0.0,0.332664511924057,414.693741712784,,,,,
5.26275,0.0,0.332524990062887,414.634073783515,,,,,
5.9536,0.0,0.332596661546117,414.711355862314,,,,,
5.7884,0.0,0.332638899656574,414.676737113214,,,,,
5.25835,0.0,0.332599739515975,414.652536084468,,,,,
5.6503,0.0,0.332577179108121,414.62316664083,,,,,
5.58835,0.0,0.332646009542849,414.681512006666,,,,,
5.323,0.0,0.332563290433461,414.668106784899,,,,,
5.07525,0.0,0.330233123859685,413.224099796473,,,,,
5.83405,0.0,0.332614743937712,414.726830848388,,,,,
5.0335,126.464256858937,0.323755363272955,413.892193826503,,,,,
5.9729,0.0,0.332579967930886,414.682442305027,,,,,
5.762,0.0,0.332576682488475,414.645254388054,,,,,
5.7448,0.0,0.33265756428766,414.747351365854,,,,,
5.47355,0.0,0.33258919565547,414.702511058425,,,,,
5.8738,0.0,0.332603595141655,414.71815220023,,,,,
5.04485,0.0,0.323398316079506,411.391599089459,,,,,
5.1653,0.0,0.332296494838361,414.522263365298,,,,,
5.78865,0.0,0.332624144599154,414.666516501785,,,,,
5.4013,0.0,0.332573987712331,414.62371198133,,,,,
5.31195,0.0,0.332558055434558,414.627307479531,,,,,
5.5429,0.0,0.332578295952679,414.676471834526,,,,,
5.7919,0.0,0.332576811565899,414.642413687921,,,,,
5.56925,0.0,0.332598749624725,414.646949854496,,,,,
5.1445,0.0,0.332044642696358,414.379469787883,,,,,
5.30015,0.0,0.332556102202594,414.611873142139,,,,,
5.38695,0.0,0.332718474469187,414.735231533565,,,,,
5.92905,0.0,0.332602195089838,414.649823344349,,,,,
5.64655,0.0,0.332726809433193,414.745907557861,,,,,
5.54065,0.0,0.33257627392528,414.621402226619,,,,,
5.7643,0.0,0.332627079038594,414.734362351466,,,,,
5.7197,0.0,0.332584134986866,414.632768942297,,,,,
5.8402,0.0,0.332577409915678,414.623557971817,,,,,
5.9568,0.0,0.332721691267392,414.73671372161,,,,,
5.41985,0.0,0.332581064529627,414.6302737987,,,,,
5.70025,0.0,0.332577363972954,414.623507072935,,,,,
5.0001,1734.75351933392,0.291779778387934,390.493028167807,,,,,
5.7081,0.0,0.332659554653229,414.690470515337,,,,,
5.5281,0.0,0.332663100099099,414.692804853932,,,,,
5.5998,0.0,0.332582902213176,414.631348521276,,,,,
5.49805,0.0,0.332666733540431,414.695209046488,,,,,
5.0317,253.187688045331,0.323721179641893,411.86879370078,,,,,
5.6254,0.0,0.332692275868343,414.755272766227,,,,,
5.93145,0.0,0.332577207548872,414.631633728123,,,,,
5.3238,0.0,0.332581088594596,414.701660265726,,,,,
5.75845,0.0,0.332636440525789,414.675064949533,,,,,
5.20885,0.0,0.332479121177883,414.574604154468,,,,,
5.9235,0.0,0.332592880220059,414.706924901242,,,,,
5.9862,0.0,0.332725903017343,414.750646083113,,,,,
5.5532,0.0,0.332582300044775,414.689265230827,,,,,
5.52655,0.0,0.332726699001479,414.746630303627,,,,,
5.29955,0.0,0.332568274845959,414.625652177193,,,,,
5.8347,0.0,0.332653043817006,414.745811895419,,,,,
5.12905,0.0,0.331889900477632,414.197877706975,,,,,
5.9159,0.0,0.332719052882851,414.754788981869,,,,,
5.59995,0.0,0.332580479312794,414.628295706692,,,,,
5.41925,0.0,0.332598728842446,414.647348328879,,,,,
5.5337,0.0,0.332595146067549,414.709759006472,,,,,
5.47235,0.0,0.332575706202096,414.653569342759,,,,,
5.1052,0.0,0.331452614713847,413.983384746226,,,,,
5.96665,0.0,0.332724763160371,414.740875699591,,,,,
5.86215,0.0,0.3325764741049,414.651419555004,,,,,
5.1882,0.0,0.332443807902332,414.554709423937,,,,,
5.2117,0.0,0.332434384084594,414.541502613653,,,,,
5.2497,0.0,0.332523983538365,414.596199853739,,,,,
5.25285,0.0,0.332513829504821,414.630715230394,,,,,
5.2217,0.0,0.332460522032711,414.558146199449,,,,,
5.5838,0.0,0.332599614275753,414.714459348755,,,,,
5.03585,0.0,0.319047526319014,409.805606145189,,,,,
5.1908,0.0,0.332362353611325,414.485775553894,,,,,
5.33865,0.0,0.332622168240149,414.665832072157,,,,,
5.5593,0.0,0.332596961797095,414.6454032942,,,,,
5.5369,0.0,0.332722387215732,414.737667924151,,,,,
5.73355,0.0,0.332592488631046,414.706444383847,,,,,
5.49065,0.0,0.332575968186229,414.621223977797,,,,,
5.99735,0.0,0.332699179040916,414.717318940368,,,,,
5.4644,0.0,0.332626320002324,414.733891833932,,,,,
5.34055,0.0,0.332566358320025,414.615530313164,,,,,
5.19465,0.0,0.33242572989229,414.610669769519,,,,,
5.46795,0.0,0.332673351824291,414.69959082301,,,,,
5.75645,0.0,0.332726953213044,414.747321592539,,,,,
5.53275,0.0,0.33257715941837,414.670133377291,,,,,
5.185,0.0,0.332402439715811,414.592241431407,,,,,
5.3687,0.0,0.33262341836788,414.66640025845,,,,,
5.3157,0.0,0.332684976151542,414.745278699729,,,,,
5.6408,0.0,0.332576474651839,414.621738359629,,,,,
5.18225,0.0,0.332314513647084,414.481744354047,,,,,
5.0096,1597.4123344314,0.317185590520553,402.698317506367,,,,,
5.6707,0.0,0.332576436913067,414.621517425986,,,,,
5.0408,0.0,0.324348991990654,412.076240527406,,,,,
5.96405,0.0,0.332616915027387,414.728293551939,,,,,
5.7905,0.0,0.332576495435508,414.621656525288,,,,,
5.308,0.0,0.332654685891774,414.687860957411,,,,,
5.78205,0.0,0.332576596619143,414.647105563632,,,,,
5.2195,0.0,0.332476918003569,414.568438782731,,,,,
5.5582,0.0,0.332656145324716,414.688227817314,,,,,
5.24635,0.0,0.332652902739275,414.708312812539,,,,,
5.2776,0.0,0.332661799268243,414.69389495927,,,,,
5.53995,0.0,0.332580630812951,414.628582146873,,,,,
5.88615,0.0,0.332724759333507,414.751953858152,,,,,
5.0119,1515.57163720433,0.317723354598111,403.168498512951,,,,,
5.61035,0.0,0.332577001900315,414.62282064036,,,,,
5.9651,0.0,0.332681116548133,414.753497507512,,,,,
5.55845,0.0,0.332640312677914,414.677693232289,,,,,
5.9629,0.0,0.332579928551712,414.682304931691,,,,,
5.2118,0.0,0.332434335933414,414.543913629025,,,,,
5.2809,0.0,0.332541798025156,414.599706721419,,,,,
5.8525,0.0,0.33257674812107,414.664415258065,,,,,
5.432,0.0,0.332575176216861,414.640840554378,,,,,
5.25485,0.0,0.332588180574545,414.707015158332,,,,,
5.73325,0.0,0.332584528773418,414.693943215757,,,,,
5.1121,0.0,0.331523260467802,413.955218518381,,,,,
5.8746,0.0,0.332647508385036,414.743760268082,,,,,
5.1776,0.0,0.332423541685448,414.545444174632,,,,,
5.9645,0.0,0.332643037539191,414.741968871271,,,,,
5.4164,0.0,0.332723796055639,414.748997717038,,,,,
5.2814,0.0,0.332542422146687,414.604612305088,,,,,
5.5301,0.0,0.332578782178154,414.626020266522,,,,,
5.22535,0.0,0.332569007214111,414.685338957215,,,,,
5.92205,0.0,0.33257656106814,414.648634915274,,,,,
5.6087,0.0,0.332624594118019,414.666828374575,,,,,
5.72265,0.0,0.332577162699995,414.668716774198,,,,,
5.75465,0.0,0.332648193552162,414.744027913486,,,,,
5.86085,0.0,0.332576642015035,414.622400688342,,,,,
5.1147,0.0,0.331604332285662,414.097722988656,,,,,
5.59015,0.0,0.332578273528315,414.625102587788,,,,,
5.99255,0.0,0.332577112928674,414.668224947759,,,,,
5.9215,0.0,0.332577195516247,414.632702798437,,,,,
5.7159,0.0,0.332716934943611,414.755296649989,,,,,
5.85025,0.0,0.332577124961302,414.62304061811,,,,,
5.4345,0.0,0.332630870366017,414.736178741536,,,,,
5.35405,0.0,0.332598811424652,414.716058746027,,,,,
5.23665,0.0,0.332640593203495,414.69371612832,,,,,
5.4456,0.0,0.332698704472889,414.755233701712,,,,,
5.65225,0.0,0.332576436366128,414.652533178665,,,,,
5.8309,0.0,0.332576713117021,414.622700724793,,,,,
5.95965,0.0,0.332583580950276,414.632124249866,,,,,
5.56405,0.0,0.33261025733873,414.723631335199,,,,,
5.74775,0.0,0.332680889639895,414.704594906806,,,,,
5.95975,0.0,0.332581783196367,414.629954610896,,,,,
5.9555,0.0,0.332703341870146,414.756183140712,,,,,
5.5755,0.0,0.332696848293058,414.755735642519,,,,,
5.276,0.0,0.332675603454298,414.731397965545,,,,,
5.59105,0.0,0.332576745386378,414.62330200199,,,,,
5.135,0.0,0.33195532921709,414.321064010998,,,,,
5.085,0.0,0.330817239683092,413.546781969654,,,,,
5.6798,0.0,0.332582464123466,414.630809366285,,,,,
5.3484,0.0,0.332639256193485,414.677306573597,,,,,
5.93175,0.0,0.332576959239162,414.639311335959,,,,,
5.8161,0.0,0.332723395873548,414.752968851005,,,,,
5.31095,0.0,0.332557646301509,414.60995086862,,,,,
5.8493,0.0,0.332593754183821,414.642504496837,,,,,
5.0043,1725.16107644743,0.287940949969916,380.491491091708,,,,,
5.9073,0.0,0.332703222136227,414.720322036974,,,,,
5.9063,0.0,0.332726584742884,414.749330980012,,,,,
5.7673,0.0,0.332705428185769,414.722010681866,,,,,
5.0068,1677.5986945444,0.316974292156424,402.468901607922,,,,,
5.3486,0.0,0.33262687998314,414.668963452819,,,,,
5.55435,0.0,0.332625902750381,414.733704680107,,,,,
5.78605,0.0,0.332722016007018,414.753697653214,,,,,
5.06,0.0,0.328810583006073,412.809154812348,,,,,
5.30605,0.0,0.332695863064681,414.742023432943,,,,,
5.7874,0.0,0.332700122707584,414.718014536468,,,,,
5.60635,0.0,0.33272614957582,414.750158987024,,,,,
5.8803,0.0,0.332576888137229,414.622547976676,,,,,
5.70625,0.0,0.332725379831678,414.751312233976,,,,,
5.6811,0.0,0.332576901810679,414.624198984797,,,,,
5.3148,0.0,0.332630071965161,414.73292210918,,,,,
5.19635,0.0,0.332527059445853,414.631955134926,,,,,
5.71935,0.0,0.332593498776627,414.642264117923,,,,,
5.94235,0.0,0.332576499811017,414.659725448648,,,,,
5.1803,0.0,0.332316007963372,414.458757843791,,,,,
5.1165,0.0,0.331757842466755,414.149656675032,,,,,
5.58535,0.0,0.33268861099422,414.754752790116,,,,,
5.10935,0.0,0.331540302462875,413.9560952935,,,,,
5.00975,1589.31666184783,0.317308530688757,402.809305067355,,,,,
5.6178,0.0,0.332680386613851,414.704255594131,,,,,
5.7977,0.0,0.33268295641283,414.705983585256,,,,,
5.7319,0.0,0.332576826880166,414.641817503832,,,,,
5.1334,0.0,0.331866755217133,414.24494258487,,,,,
5.75975,0.0,0.332582908776313,414.631337322188,,,,,
5.13805,0.0,0.332064064351165,414.316636118334,,,,,
5.1016,0.0,0.33130762751169,413.784993565965,,,,,
5.25515,0.0,0.332607968624935,414.713443780328,,,,,
5.6826,0.0,0.332576888137229,414.666184037782,,,,,
5.08185,0.0,0.330636914877002,413.358886545442,,,,,
5.4156,0.0,0.332697126584008,414.75454810248,,,,,
5.55865,0.0,0.332628296336661,414.669449886863,,,,,
5.92955,0.0,0.332585941478834,414.634762819301,,,,,
5.1537,0.0,0.332111022987082,414.408136006995,,,,,
5.3648,0.0,0.332642919970883,414.740484583459,,,,,
5.1639,0.0,0.332206408584163,414.471740427504,,,,,
5.40015,0.0,0.332575846218693,414.624098665406,,,,,
5.84595,0.0,0.332719858724028,414.754539682685,,,,,
5.4163,0.0,0.332722418924263,414.750592686608,,,,,
5.6758,0.0,0.332712714332699,414.755915847404,,,,,
5.3676,0.0,0.332690862520954,414.711874813963,,,,,
5.6725,0.0,0.332576602088528,414.662116613843,,,,,
5.53755,0.0,0.332696295537652,414.715247979032,,,,,
5.39145,0.0,0.332573441862991,414.625693070056,,,,,
5.8223,0.0,0.332576444570209,414.656374833713,,,,,
5.38485,0.0,0.332648786852166,414.743163061982,,,,,
5.72135,0.0,0.332577173091808,414.62819854964,,,,,
5.2834,0.0,0.332549967305896,414.672550802456,,,,,
5.8532,0.0,0.332584302893134,414.693480406498,,,,,
5.53295,0.0,0.332578706154195,414.678398883917,,,,,
5.44665,0.0,0.332725438327922,414.744362758299,,,,,
5.26535,0.0,0.332632317872819,414.723370762374,,,,,
5.8637,0.0,0.332599336997016,414.714155427953,,,,,
5.92535,0.0,0.332694971873347,414.755597733768,,,,,
5.64275,0.0,0.332577540633631,414.671715679373,,,,,
5.55175,0.0,0.332576956504473,414.635828376348,,,,,
5.2744,0.0,0.332581678732729,414.706798599269,,,,,
5.4012,0.0,0.332573865197126,414.622372497925,,,,,
5.5374,0.0,0.33270403238958,414.720959989573,,,,,
5.0345,0.0,0.322818117690476,412.928875331032,,,,,
5.60065,0.0,0.332576395892658,414.621465685876,,,,,
5.50515,0.0,0.332674548175497,414.751946360696,,,,,
5.0507,0.0,0.326823469706075,412.432011967472,,,,,
5.04345,0.0,0.324310703628226,412.582140144741,,,,,
5.09965,0.0,0.331316526673924,413.792391084571,,,,,
5.5313,0.0,0.332576889778043,414.62615440022,,,,,
5.59745,0.0,0.332700690218463,414.718429513984,,,,,
5.74195,0.0,0.332576749214946,414.643457971602,,,,,
5.7462,0.0,0.332724818923249,414.751884669359,,,,,
5.5279,0.0,0.332675815056431,414.701202107635,,,,,
5.3805,0.0,0.332572182249323,414.619376456072,,,,,
5.26415,0.0,0.332558840334118,414.692100754549,,,,,
5.2185,0.0,0.332525310618427,414.605173602632,,,,,
5.06805,0.0,0.330205578967257,413.251897556754,,,,,
5.08145,0.0,0.330636615596843,413.355940980561,,,,,
5.63125,0.0,0.332577046202275,414.626004839877,,,,,
5.07755,0.0,0.330823565065066,413.495374321171,,,,,
5.4126,0.0,0.332574150701238,414.661155160813,,,,,
5.5221,0.0,0.332576385500821,414.645799560507,,,,,
5.73155,0.0,0.332577181842809,414.63242743494,,,,,
5.25195,0.0,0.332513388041852,414.598457707329,,,,,
5.96625,0.0,0.332726346931807,414.749889143397,,,,,
5.2847,0.0,0.332607585256998,414.720644904108,,,,,
5.25595,0.0,0.332653461034906,414.719550474485,,,,,
5.0567,0.0,0.327866263479238,412.386051053517,,,,,
5.5498,0.0,0.332583114421218,414.631650648779,,,,,
5.5139,0.0,0.33260252869647,414.717301161751,,,,,
5.52255,0.0,0.332576346668161,414.662003160557,,,,,
5.20085,0.0,0.332401567985169,414.510650796886,,,,,
5.52045,0.0,0.332576505280404,414.622144335919,,,,,
5.1212,0.0,0.331705091294478,414.063027807354,,,,,
5.2069,0.0,0.332568471748683,414.644544587216,,,,,
5.6024,0.0,0.332576407378373,414.657404309052,,,,,
5.04295,0.0,0.324364631550128,412.678732655269,,,,,
5.1481,0.0,0.332173529440021,414.385507055535,,,,,
5.1213,0.0,0.331705239904202,414.06415014116,,,,,
5.92825,0.0,0.332645417331543,414.68111384174,,,,,
5.3837,0.0,0.33258911471163,414.705092147381,,,,,
5.95835,0.0,0.332638581397844,414.676520519839,,,,,
5.24685,0.0,0.332655555865497,414.698852644813,,,,,
5.5448,0.0,0.332653234107804,414.745832086208,,,,,
5.26425,0.0,0.332563892636283,414.695744867396,,,,,
5.41835,0.0,0.332647494167666,414.682567287453,,,,,
5.64525,0.0,0.332683880988841,414.754004517448,,,,,
5.10465,0.0,0.331393818381214,413.950047366338,,,,,
5.9212,0.0,0.33257712769599,414.626722747908,,,,,
5.5668,0.0,0.332724312683446,414.740265474206,,,,,
5.58415,0.0,0.332615615109654,414.727434009749,,,,,
5.39085,0.0,0.332572747790744,414.619273185831,,,,,
5.096,0.0,0.331323892225781,413.857938305739,,,,,
5.0041,1725.16107644743,0.288016030575497,380.331521222648,,,,,
5.6659,0.0,0.332716352699305,414.75539785298,,,,,
5.88285,0.0,0.332579063849504,414.679111027884,,,,,
5.2198,0.0,0.332468671425889,414.560187813599,,,,,
5.42375,0.0,0.332593826375969,414.709206974573,,,,,
5.09065,0.0,0.331034759212494,413.588067287594,,,,,
5.06355,0.0,0.328766492551614,412.664203858503,,,,,
5.7613,0.0,0.332577153948994,414.627535037292,,,,,
5.1497,0.0,0.332106537798762,414.332170359747,,,,,
5.94995,0.0,0.332579133310169,414.626372189509,,,,,
5.7837,0.0,0.332598325228458,414.713131251296,,,,,
5.7719,0.0,0.332576815394466,414.642214391254,,,,,
5.92035,0.0,0.33257670053744,414.622129800195,,,,,
5.91845,0.0,0.33263331149209,414.672919161917,,,,,
5.1321,0.0,0.331859377048587,414.186281721611,,,,,
5.464,0.0,0.332605617002958,414.720113481808,,,,,
5.83595,0.0,0.332719770158133,414.754572535865,,,,,
5.20975,0.0,0.332443728564565,414.544912339763,,,,,
5.6516,0.0,0.332577161059182,414.63297916018,,,,,
5.6384,0.0,0.332641883180657,414.678759035297,,,,,
5.618,0.0,0.332667821104544,414.695912177477,,,,,
5.19245,0.0,0.332362409982298,414.519361202708,,,,,
5.99285,0.0,0.332579446703384,414.680611361292,,,,,
5.9186,0.0,0.332624592477441,414.666828033014,,,,,
5.8097,0.0,0.33258356563632,414.632094933552,,,,,
5.76265,0.0,0.332577231067182,414.669244270662,,,,,
5.80965,0.0,0.332584585653659,414.633262941533,,,,,
5.1777,0.0,0.332419478225381,414.542082436347,,,,,
5.66185,0.0,0.332576921500446,414.639654681022,,,,,
5.13,0.0,0.331863996028217,414.172781849424,,,,,
5.8636,0.0,0.332595605469938,414.710183913205,,,,,
5.0759,0.0,0.330466789831858,413.338099647171,,,,,
5.20585,0.0,0.332543015635401,414.655886109778,,,,,
5.54125,0.0,0.33257687391684,414.625473129983,,,,,
5.28775,0.0,0.332660186209045,414.692119802207,,,,,
5.28165,0.0,0.332542517323751,414.609415048743,,,,,
5.41995,0.0,0.332579345520615,414.628160844541,,,,,
5.90815,0.0,0.332652178211227,414.685607211634,,,,,
5.65325,0.0,0.332583982941379,414.692835425119,,,,,
5.3581,0.0,0.332659780482416,414.690821644557,,,,,
5.7128,0.0,0.332578094133348,414.674723437319,,,,,
5.58685,0.0,0.33272324771858,414.738712415269,,,,,
5.77205,0.0,0.332576607010974,414.64699760612,,,,,
5.0994,0.0,0.33132234402409,413.798759999149,,,,,
5.38685,0.0,0.332720478137935,414.73803666788,,,,,
5.52805,0.0,0.332666307590521,414.694915443431,,,,,
5.01005,1581.4291317762,0.317526074890763,403.067848609025,,,,,
5.95515,0.0,0.332683960269337,414.754028887683,,,,,
5.7583,0.0,0.332645742692456,414.68133382801,,,,,
5.24275,0.0,0.33249907272672,414.617529590491,,,,,
5.94375,0.0,0.332602420957972,414.71710779214,,,,,
5.48705,0.0,0.332718421985478,414.733392643638,,,,,
5.6251,0.0,0.332674221202423,414.75200343038,,,,,
5.7975,0.0,0.332694590245899,414.71401698332,,,,,
5.18825,0.0,0.332440967598465,414.552749633061,,,,,
5.86835,0.0,0.33264038978146,414.677738968164,,,,,
5.6726,0.0,0.332576883214787,414.666053461955,,,,,
5.3216,0.0,0.332561762222676,414.620798462864,,,,,
5.3923,0.0,0.332572746696854,414.648958135303,,,,,
5.61265,0.0,0.332576974006485,414.667253692111,,,,,
5.8201,0.0,0.332578131871931,414.624811430701,,,,,
5.82165,0.0,0.332577109647048,414.635601546797,,,,,
5.04435,0.0,0.323838800473373,411.886583436088,,,,,
5.31305,0.0,0.332560314955738,414.667907563558,,,,,
5.34945,0.0,0.332585746227223,414.637534844384,,,,,
5.30215,0.0,0.332553541815905,414.630646406641,,,,,
5.5404,0.0,0.332576752496575,414.622513306723,,,,,
5.0712,0.0,0.329965691160252,413.075292230297,,,,,
5.82615,0.0,0.332724424209343,414.752237957748,,,,,
5.7962,0.0,0.332725084616833,414.751642462845,,,,,
5.0056,1705.31408083263,0.300799517785078,391.287208959589,,,,,
5.408,0.0,0.33266961019172,414.697172753633,,,,,
5.9346,0.0,0.332648727248803,414.744234506464,,,,,
5.80995,0.0,0.33257965891363,414.627116929535,,,,,
5.22795,0.0,0.332580064738003,414.641193604124,,,,,
5.8814,0.0,0.332577215205996,414.630203529763,,,,,
5.5721,0.0,0.332576532080396,414.646441235032,,,,,
5.5627,0.0,0.33257703526352,414.668563679574,,,,,
5.8955,0.0,0.33270237306295,414.756148269579,,,,,
5.4283,0.0,0.332650857652272,414.684781254493,,,,,
5.81555,0.0,0.332703570403261,414.756189677914,,,,,
5.5379,0.0,0.332675650477006,414.701095730812,,,,,
5.18655,0.0,0.332487730213715,414.602819079008,,,,,
5.94835,0.0,0.33263878263364,414.676655126085,,,,,
5.2493,0.0,0.332537112426805,414.608312742415,,,,,
5.13815,0.0,0.332060122483663,414.313410101854,,,,,
5.6897,0.0,0.332584335708681,414.632995983994,,,,,
5.91525,0.0,0.33268912220913,414.754864414906,,,,,
5.09275,0.0,0.331035164183371,413.624102625226,,,,,
5.77995,0.0,0.332579755173903,414.627282845203,,,,,
5.6406,0.0,0.332576419957965,414.62152537836,,,,,
5.04995,0.0,0.32689467683758,412.533690467105,,,,,
5.01945,1132.52963475543,0.332492688405115,413.013012181078,,,,,
5.57995,0.0,0.332580523614291,414.628400041999,,,,,
5.3213,0.0,0.332561572973465,414.615491219745,,,,,
5.5289,0.0,0.332615038703615,414.659896791727,,,,,
5.958,0.0,0.332660764724057,414.691269709119,,,,,
5.4056,0.0,0.332696405979458,414.754206521252,,,,,
5.24985,0.0,0.332520533980666,414.592454518845,,,,,
5.71055,0.0,0.332576471370206,414.621590224359,,,,,
5.96025,0.0,0.332576981663615,414.62273484364,,,,,
5.2398,0.0,0.332507385290803,414.584677000221,,,,,
5.23845,0.0,0.332567500907735,414.631955932152,,,,,
5.55325,0.0,0.332583220525188,414.691381778896,,,,,
5.20865,0.0,0.33249015980786,414.582451290569,,,,,
5.95765,0.0,0.332682833937755,414.705902502543,,,,,
5.09535,0.0,0.331234638663189,413.820473102682,,,,,
5.2473,0.0,0.332644808167567,414.685789883792,,,,,
5.428,0.0,0.332670064570213,414.69744167179,,,,,
5.30165,0.0,0.332554061443082,414.616868122023,,,,,
5.38095,0.0,0.332571994099934,414.619144452974,,,,,
5.05755,0.0,0.328724490611159,412.779089075136,,,,,
5.91195,0.0,0.33257669069255,414.645215086594,,,,,
5.48445,0.0,0.332629918300119,414.735807607966,,,,,
5.3553,0.0,0.332673104679904,414.748596097475,,,,,
5.943,0.0,0.33258122368655,414.686254169247,,,,,
5.21435,0.0,0.332478298887315,414.643566552551,,,,,
5.1115,0.0,0.331523453053111,413.939781791163,,,,,
5.0087,1626.20209146071,0.316820161159829,402.823606769989,,,,,
5.4376,0.0,0.332694092161279,414.713788187511,,,,,
5.1704,0.0,0.332256458910362,414.42037873327,,,,,
5.0769,0.0,0.330765449918125,413.47035513953,,,,,
5.1146,0.0,0.331595846230626,414.092287697895,,,,,
5.47615,0.0,0.332721330991913,414.753290880778,,,,,
5.06815,0.0,0.330200780891809,413.250795059576,,,,,
5.21785,0.0,0.332563656896707,414.631306263496,,,,,
5.034,0.0,0.323544163077316,413.704085028003,,,,,
5.6525,0.0,0.332576578023234,414.661860183768,,,,,
5.1832,0.0,0.332318535696288,414.520671826918,,,,,
5.0254,687.142064711925,0.328677689558021,414.682651040946,,,,,
5.0083,1644.56801254043,0.31713394806848,403.337478046213,,,,,
5.68445,0.0,0.332634365261182,414.738086383102,,,,,
5.91225,0.0,0.332576442929393,414.655608177868,,,,,
5.0957,0.0,0.331285059824819,413.843072961973,,,,,
5.36315,0.0,0.332573793547588,414.680334479298,,,,,
5.5364,0.0,0.332726244700327,414.7495833055,,,,,
5.0552,0.0,0.326609516798179,411.911796636318,,,,,
5.60335,0.0,0.332585776308011,414.696345946067,,,,,
5.1305,0.0,0.331859429120034,414.165812772679,,,,,
5.4972,0.0,0.332713161545044,414.728418248428,,,,,
5.2655,0.0,0.332641469776057,414.724962024157,,,,,
5.93095,0.0,0.332576822504662,414.623448276601,,,,,
5.5554,0.0,0.332690887124731,414.755045417503,,,,,
5.5578,0.0,0.332681496550739,414.705002892353,,,,,
5.0076,1659.89369962406,0.317970502621604,404.054891889587,,,,,
5.6711,0.0,0.332576901810679,414.624158966781,,,,,
5.1416,0.0,0.331988875405904,414.256547171115,,,,,
5.9949,0.0,0.332669209944446,414.750774124058,,,,,
5.8429,0.0,0.33257946201753,414.680663632626,,,,,
5.17755,0.0,0.33242541635416,414.547074762874,,,,,
5.8731,0.0,0.332582519363274,414.689525064743,,,,,
5.92725,0.0,0.332705340709486,414.721938734981,,,,,
5.62705,0.0,0.332717459782676,414.732250262247,,,,,
5.2269,0.0,0.332620371241664,414.676400229399,,,,,
5.71835,0.0,0.332643416491641,414.679777370816,,,,,
5.9093,0.0,0.33259311922039,414.641909139839,,,,,
5.5007,0.0,0.332576027802631,414.621236098514,,,,,
5.6139,0.0,0.332604212584509,414.718716198803,,,,,
5.87015,0.0,0.332577656037304,414.623997776203,,,,,
5.7544,0.0,0.332632751522101,414.737298673198,,,,,
5.95135,0.0,0.332577205908059,414.629644653878,,,,,
5.25705,0.0,0.332664783680536,414.701233574532,,,,,
5.5907,0.0,0.332576378390616,414.621458600625,,,,,
5.9359,0.0,0.332719237122152,414.754731857393,,,,,
5.1725,0.0,0.332255488252655,414.453788214369,,,,,
5.82945,0.0,0.33258935535542,414.638289639638,,,,,
5.6578,0.0,0.332679610749365,414.703732236582,,,,,
5.13745,0.0,0.332080254768896,414.333576219937,,,,,
5.63535,0.0,0.332689603898611,414.754923581611,,,,,
5.65655,0.0,0.332726822007099,414.745840142334,,,,,
5.61255,0.0,0.332576645843603,414.663287688979,,,,,
5.50895,0.0,0.332612711194306,414.658172615678,,,,,
5.2905,0.0,0.332548533115257,414.604524936935,,,,,
5.2817,0.0,0.332542503101892,414.610550935542,,,,,
5.579,0.0,0.332609408575021,414.655619366545,,,,,
5.6963,0.0,0.332725960966802,414.750545989932,,,,,
5.9582,0.0,0.332647957325507,414.682809979997,,,,,
5.069,0.0,0.330084547558422,413.188405003329,,,,,
5.93185,0.0,0.332576820863847,414.642276224999,,,,,
5.74505,0.0,0.332673554132612,414.751859471793,,,,,
5.1916,0.0,0.332363148276974,414.49407072287,,,,,
5.2388,0.0,0.332546990068002,414.61778494057,,,,,
5.2138,0.0,0.332452777325233,414.621723353902,,,,,
5.2479,0.0,0.332615523781629,414.663605798733,,,,,
5.88105,0.0,0.332576940643273,414.624386753008,,,,,
5.8331,0.0,0.332582286371547,414.688974598071,,,,,
5.37075,0.0,0.332570832384483,414.617930770298,,,,,
5.1626,0.0,0.332183457866306,414.412417958721,,,,,
5.848,0.0,0.332663059636173,414.692780160843,,,,,
5.83365,0.0,0.332597077740934,414.711794502252,,,,,
5.98185,0.0,0.332576786406744,414.64277557031,,,,,
5.89055,0.0,0.332576447851842,414.621503579858,,,,,
5.715,0.0,0.332669782975913,414.750920834992,,,,,
5.77615,0.0,0.332724114232859,414.752469795707,,,,,
5.7135,0.0,0.332590752726709,414.704123341317,,,,,
5.61635,0.0,0.332726188390995,414.750111247958,,,,,
5.5773,0.0,0.332708192971196,414.72421119725,,,,,
5.78195,0.0,0.332576732806799,414.643867198067,,,,,
5.7521,0.0,0.332576561615078,414.648455762815,,,,,
5.7104,0.0,0.332576741010872,414.622236512778,,,,,
5.1234,0.0,0.331712849620111,414.144297151969,,,,,
5.89515,0.0,0.332682783088715,414.753814908661,,,,,
5.8327,0.0,0.332577659865861,414.672211925042,,,,,
5.58785,0.0,0.332677866551277,414.702570085565,,,,,
5.69345,0.0,0.332589105960944,414.701782443997,,,,,
5.47915,0.0,0.33260355740596,414.651048113007,,,,,
5.3348,0.0,0.332636676760623,414.736832541712,,,,,
5.159,0.0,0.332219811740224,414.409912409122,,,,,
5.75445,0.0,0.332635757521818,414.73874575292,,,,,
5.41375,0.0,0.332593261417302,414.708796917829,,,,,
5.45325,0.0,0.332581633884455,414.689404666422,,,,,
5.5515,0.0,0.332577068626722,414.62996034532,,,,,
5.89185,0.0,0.332576841100557,414.641880162751,,,,,
5.22785,0.0,0.332585740211065,414.645134393314,,,,,
5.3906,0.0,0.332572803032166,414.619380806618,,,,,
5.64195,0.0,0.332576773827166,414.642437883848,,,,,
5.31485,0.0,0.332633282509291,414.734122249103,,,,,
5.993,0.0,0.332581484572476,414.686942186187,,,,,
5.7267,0.0,0.332725193409001,414.741617344791,,,,,
5.9854,0.0,0.332698715407644,414.755934778139,,,,,
5.0566,0.0,0.327748360858659,412.335614959441,,,,,
5.5321,0.0,0.332576440741638,414.645937247261,,,,,
5.52605,0.0,0.332719497353158,414.754422804537,,,,,
5.9839,0.0,0.332609725221014,414.723213979069,,,,,
5.14355,0.0,0.331999476136142,414.334280202715,,,,,
5.6498,0.0,0.332582628202077,414.631014218265,,,,,
5.0886,0.0,0.331095783890234,413.648420298147,,,,,
5.52965,0.0,0.332586440819266,414.635388384739,,,,,
5.09565,0.0,0.331278094788981,413.840170530723,,,,,
5.7106,0.0,0.332576441835516,414.621507449821,,,,,
5.4628,0.0,0.332576607557913,414.670812174629,,,,,
5.6301,0.0,0.332578638881181,414.625651729881,,,,,
5.7094,0.0,0.332591991487346,414.640853685328,,,,,
5.77085,0.0,0.332576607557913,414.622208373423,,,,,
5.05525,0.0,0.326623347327942,411.912551997651,,,,,
5.88795,0.0,0.332665440378877,414.694343202808,,,,,
5.2478,0.0,0.332621238023947,414.667568532299,,,,,
5.41535,0.0,0.332683032412966,414.752826086427,,,,,
5.97235,0.0,0.332576516766115,414.660098360404,,,,,
5.1848,0.0,0.33238828543864,414.586536174816,,,,,
5.3889,0.0,0.332613849247768,414.659393629345,,,,,
5.85205,0.0,0.332576573100788,414.647866423813,,,,,
5.0314,335.255924164333,0.323705385932495,411.692375730571,,,,,
5.12255,0.0,0.331704891685742,414.100786121104,,,,,
5.84765,0.0,0.332684982165906,414.707360698627,,,,,
5.9981,0.0,0.332653507513932,414.686486176362,,,,,
5.1088,0.0,0.331557797290299,413.972179708344,,,,,
5.8919,0.0,0.33257676945166,414.643420545723,,,,,
5.13935,0.0,0.332009386208793,414.273385509396,,,,,
5.61485,0.0,0.332658035633549,414.747492364983,,,,,
5.0598,0.0,0.328833718793494,412.834918309932,,,,,
5.3809,0.0,0.332571938858377,414.618904668385,,,,,
5.2222,0.0,0.332459981468381,414.572309498141,,,,,
5.5564,0.0,0.332726363332577,414.749505695236,,,,,
5.7757,0.0,0.332709904207142,414.756133119538,,,,,
5.2861,0.0,0.332686549177232,414.735153691551,,,,,
5.88525,0.0,0.332688550304483,414.754778450242,,,,,
5.53475,0.0,0.332649797920424,414.744582359875,,,,,
5.24835,0.0,0.332588029077826,414.645148161921,,,,,
5.5205,0.0,0.332576372374288,414.62184728502,,,,,
5.20045,0.0,0.33240230072062,414.512264489226,,,,,
5.77575,0.0,0.332712010710103,414.755988354942,,,,,
5.17915,0.0,0.332344796598117,414.487804246249,,,,,
5.9897,0.0,0.332582465764253,414.630800369356,,,,,
5.6212,0.0,0.332576978381988,414.625223072826,,,,,
5.41385,0.0,0.332597008830922,414.712769117158,,,,,
5.18335,0.0,0.332321034399947,414.527478823271,,,,,
5.6237,0.0,0.332596361841773,414.711043913707,,,,,
5.6391,0.0,0.332604032656638,414.651349858059,,,,,
5.51055,0.0,0.332576222513008,414.62159083244,,,,,
5.17115,0.0,0.332255726400748,414.419663566387,,,,,
5.53585,0.0,0.33271271214584,414.755779241683,,,,,
5.40995,0.0,0.332578939695365,414.627935055086,,,,,
5.92815,0.0,0.332651765913052,414.685332439965,,,,,
5.2683,0.0,0.332612395644916,414.66062759946,,,,,
5.14475,0.0,0.33206244510164,414.38958704082,,,,,
5.7061,0.0,0.332722587854143,414.753411106029,,,,,
5.0648,0.0,0.328829458850753,412.622332446774,,,,,
5.1821,0.0,0.332314715079122,414.476774952818,,,,,
5.8603,0.0,0.332576902904555,414.622596990712,,,,,
5.9185,0.0,0.332630347577728,414.670870355923,,,,,
5.98515,0.0,0.332684538743008,414.754130463704,,,,,
5.976,0.0,0.332722301930703,414.753564167094,,,,,
5.4274,0.0,0.332704163057783,414.721293041712,,,,,
5.27255,0.0,0.332534042629399,414.632312257822,,,,,
5.53425,0.0,0.332619916248419,414.730202090343,,,,,
5.77245,0.0,0.332576572006911,414.661444893955,,,,,
5.3933,0.0,0.332579586171473,414.689056517073,,,,,
5.64335,0.0,0.332586089694966,414.696911081248,,,,,
5.73035,0.0,0.33257687118215,414.622536253067,,,,,
5.48985,0.0,0.332582203785238,414.630754953708,,,,,
5.58775,0.0,0.332683984873625,414.706684899077,,,,,
5.69895,0.0,0.332610009053694,414.656072473885,,,,,
5.4869,0.0,0.332722408536986,414.737921957921,,,,,
5.71925,0.0,0.332597001721158,414.645412460664,,,,,
5.3237,0.0,0.332577628143529,414.697599735175,,,,,
5.44055,0.0,0.332575223800709,414.62103486364,,,,,
5.0246,728.236459276401,0.333324222470551,418.305516496766,,,,,
5.58455,0.0,0.332638403675911,414.739950187027,,,,,
5.89705,0.0,0.332714361033378,414.729367196452,,,,,
5.0558,0.0,0.326921066850443,412.001214321509,,,,,
5.28185,0.0,0.332542397531925,414.61428997076,,,,,
5.25425,0.0,0.332552184217699,414.688550262472,,,,,
5.08785,0.0,0.33114786365636,413.685144538945,,,,,
5.5743,0.0,0.332623481803807,414.732345244088,,,,,
5.8626,0.0,0.332577141916367,414.668537486134,,,,,
5.953,0.0,0.332581280567357,414.686392155676,,,,,
5.31765,0.0,0.33267869764367,414.704114773963,,,,,
5.99505,0.0,0.332678647887539,414.752998556283,,,,,
5.9991,0.0,0.332599250586632,414.647354859479,,,,,
5.1822,0.0,0.332314578236718,414.48004091311,,,,,
5.7175,0.0,0.332696019432976,414.715032241876,,,,,
5.60005,0.0,0.332579237227672,414.626557732169,,,,,
5.55925,0.0,0.332598856817511,414.647044260685,,,,,
5.0848,0.0,0.330778968102634,413.523048974917,,,,,
5.11475,0.0,0.331608706880139,414.100367105828,,,,,
5.7397,0.0,0.332583994973758,414.632617980194,,,,,
5.7348,0.0,0.332657357595168,414.747285103747,,,,,
5.29695,0.0,0.332698000820664,414.723048973456,,,,,
5.94985,0.0,0.332580338204282,414.628076777545,,,,,
5.4984,0.0,0.332644353207748,414.680421966422,,,,,
5.55165,0.0,0.332577033075769,414.633315759221,,,,,
5.16565,0.0,0.332322170715484,414.528534020089,,,,,
5.7412,0.0,0.33257705221859,414.625806215415,,,,,
5.4892,0.0,0.332601405370511,414.649264888599,,,,,
5.49575,0.0,0.332707640234638,414.755919621537,,,,,
5.01075,1557.0023853056,0.317745069630498,403.441520156176,,,,,
5.0536,0.0,0.326771009118711,412.343526196158,,,,,
5.4341,0.0,0.332609108335279,414.72297023632,,,,,
5.3503,0.0,0.332569368201554,414.618880962409,,,,,
5.66895,0.0,0.33261048538892,414.656429264475,,,,,
5.4326,0.0,0.332575001742693,414.661932762834,,,,,
5.68525,0.0,0.332684681447605,414.754149883853,,,,,
5.7692,0.0,0.332598272178887,414.646516060103,,,,,
5.00125,1734.67251302633,0.291824371362822,390.445764237927,,,,,
5.9721,0.0,0.332576483949796,414.650919452181,,,,,
5.53005,0.0,0.332579331847266,414.626825470818,,,,,
5.38295,0.0,0.332573870119613,414.673627747621,,,,,
5.67005,0.0,0.33257902665796,414.626222243787,,,,,
5.2845,0.0,0.332595346235811,414.71480495579,,,,,
5.4872,0.0,0.332713188880742,414.72846478097,,,,,
5.96155,0.0,0.332577152308181,414.634219968664,,,,,
5.93135,0.0,0.332577207548872,414.629513917399,,,,,
5.63605,0.0,0.33272072415373,414.754214457419,,,,,
5.45855,0.0,0.332635354499602,414.674377580842,,,,,
5.54235,0.0,0.332576261345682,414.654752109101,,,,,
5.5954,0.0,0.3326917159976,414.755189532595,,,,,
5.0315,335.255924164333,0.323710975938448,411.738035322784,,,,,
5.9343,0.0,0.332630291252162,414.736062034659,,,,,
5.43535,0.0,0.332684217794129,414.753377024975,,,,,
5.87915,0.0,0.332598824550298,414.646988615375,,,,,
5.3307,0.0,0.332563841769057,414.613543016169,,,,,
5.26215,0.0,0.3325247351499,414.612007276968,,,,,
5.0551,0.0,0.326588021341772,411.913969782004,,,,,
5.1102,0.0,0.33152510456356,413.93857127116,,,,,
5.9901,0.0,0.332577725498263,414.624125401195,,,,,
5.64515,0.0,0.332677756650088,414.752801931597,,,,,
5.57385,0.0,0.332601479201691,414.716269379944,,,,,
5.5654,0.0,0.332691084501637,414.755081580243,,,,,
5.68835,0.0,0.332644018549406,414.680182780561,,,,,
5.7532,0.0,0.332583652050779,414.692105651174,,,,,
5.6256,0.0,0.332702946037298,414.756147936856,,,,,
5.9996,0.0,0.332584328598646,414.632984369752,,,,,
5.7445,0.0,0.332638593428248,414.740051710161,,,,,
5.03595,0.0,0.318845930951009,409.64108007552,,,,,
5.69195,0.0,0.332576780390424,414.64294870278,,,,,
5.30775,0.0,0.332669672525268,414.698032848133,,,,,
5.20125,0.0,0.332402036957933,414.513275163675,,,,,
5.4112,0.0,0.332574438939815,414.622767560229,,,,,
5.77465,0.0,0.332648594371543,414.744185825395,,,,,
5.80465,0.0,0.332649227588626,414.744418550763,,,,,
5.2909,0.0,0.332548172105197,414.603743428469,,,,,
5.5978,0.0,0.332680772631731,414.704511726123,,,,,
5.1933,0.0,0.332368216141311,414.555244398081,,,,,
5.13725,0.0,0.332081774240466,414.337971634104,,,,,
5.59335,0.0,0.332585698097957,414.696203035867,,,,,
5.51715,0.0,0.332714948201569,414.729977979739,,,,,
5.87465,0.0,0.332650686498698,414.744959839084,,,,,
5.5975,0.0,0.33269807353693,414.716513585046,,,,,
5.90495,0.0,0.332670526603062,414.751113377462,,,,,
5.2107,0.0,0.332433647042471,414.531052568982,,,,,
5.6048,0.0,0.332654607697921,414.746341847481,,,,,
5.75965,0.0,0.332584920371804,414.633653618063,,,,,
5.07005,0.0,0.329976846394981,413.093338904783,,,,,
5.6414,0.0,0.332577156136744,414.628635519594,,,,,
5.16265,0.0,0.332183534528307,414.414478263623,,,,,
5.9321,0.0,0.332576503639588,414.650465934318,,,,,
5.1079,0.0,0.331588225052471,414.000488758286,,,,,
5.4289,0.0,0.332615256906778,414.660220203516,,,,,
5.87485,0.0,0.332663522772342,414.749193167758,,,,,
5.35055,0.0,0.332568248592254,414.616709001995,,,,,
5.85905,0.0,0.33260314121925,414.650612434219,,,,,
5.50985,0.0,0.332582237147921,414.630718768501,,,,,
5.19205,0.0,0.332362840152709,414.505651158019,,,,,
5.59245,0.0,0.332576442382454,414.65916148503,,,,,
5.105,0.0,0.33143040266249,413.972157742931,,,,,
5.08365,0.0,0.330652571142686,413.411078511007,,,,,
5.51465,0.0,0.33264295059333,414.74187165257,,,,,
5.21065,0.0,0.332433711608958,414.531217920995,,,,,
5.374,0.0,0.332599643261486,414.716138443446,,,,,
5.7281,0.0,0.332659126506915,414.69019670209,,,,,
5.85225,0.0,0.332576429802863,414.654892598967,,,,,
5.57575,0.0,0.332709158481122,414.7561088582,,,,,
5.42735,0.0,0.3327064653247,414.723110372096,,,,,
5.74115,0.0,0.332576995337061,414.625091867256,,,,,
5.84615,0.0,0.332724530814946,414.752144349763,,,,,
5.81815,0.0,0.332654052685081,414.686845129536,,,,,
5.73045,0.0,0.332576595525266,414.621924409013,,,,,
5.4694,0.0,0.332593817078497,414.642757952194,,,,,
5.5035,0.0,0.332588383481594,414.701047338046,,,,,
5.543,0.0,0.33257931872085,414.680656793539,,,,,
5.10025,0.0,0.33130866573215,413.781890924333,,,,,
5.79435,0.0,0.332630558114951,414.736197658484,,,,,
5.76165,0.0,0.332577123867426,414.63509907297,,,,,
5.67055,0.0,0.332576474651839,414.621618046641,,,,,
5.11285,0.0,0.331523682399572,413.988009867887,,,,,
5.856,0.0,0.332721332632015,414.754004348111,,,,,
5.2787,0.0,0.332595649222513,414.648952331374,,,,,
5.45415,0.0,0.332612433379607,414.725328692867,,,,,
5.26775,0.0,0.332645771127344,414.683127070592,,,,,
5.30465,0.0,0.332616230342702,414.726362561562,,,,,
5.39675,0.0,0.332722591134334,414.74102584189,,,,,
5.07595,0.0,0.330485312944241,413.346600030603,,,,,
5.0689,0.0,0.330100573871983,413.198801626035,,,,,
5.7603,0.0,0.33257703526352,414.622857761445,,,,,
5.66,0.0,0.332579615158951,414.627086024852,,,,,
5.90955,0.0,0.332586089694966,414.634927240573,,,,,
5.2921,0.0,0.332548440674839,414.625667581537,,,,,
5.3561,0.0,0.33271175812727,414.749858953204,,,,,
5.81055,0.0,0.332576463713065,414.62153205631,,,,,
5.641,0.0,0.332576724055786,414.623010502316,,,,,
5.2916,0.0,0.33254889084302,414.612427841529,,,,,
5.49105,0.0,0.33257627392528,414.622722446699,,,,,
5.6359,0.0,0.332715989684499,414.755456746847,,,,,
5.0261,624.117664275658,0.321813794606346,410.281851716919,,,,,
5.7686,0.0,0.332627360669046,414.668786612821,,,,,
5.0117,1529.28469045037,0.317724389689626,403.245270102946,,,,,
5.609,0.0,0.332609008255304,414.655283399256,,,,,
5.3159,0.0,0.332694240329229,414.745183304563,,,,,
5.5996,0.0,0.33258728417238,414.636207800454,,,,,
5.9277,0.0,0.332680380052637,414.704247168044,,,,,
5.0974,0.0,0.331396710472984,413.867161819856,,,,,
5.31805,0.0,0.332654927034938,414.687900479848,,,,,
5.9716,0.0,0.332577104177671,414.635569290167,,,,,
5.92635,0.0,0.332726872849409,414.748239003859,,,,,
5.5842,0.0,0.332618232439881,414.729149160105,,,,,
5.79635,0.0,0.332726678773884,414.749064316322,,,,,
5.9553,0.0,0.332692724748405,414.755346301982,,,,,
5.1112,0.0,0.331523071174441,413.93580139965,,,,,
5.95285,0.0,0.332579299031225,414.680065452527,,,,,
5.7623,0.0,0.332576436366128,414.655653143929,,,,,
5.81045,0.0,0.332576570366095,414.62181054784,,,,,
5.27855,0.0,0.332604588846731,414.655095391271,,,,,
5.22615,0.0,0.332611168444786,414.688439950301,,,,,
5.28965,0.0,0.332560295264988,414.619612154006,,,,,
5.2869,0.0,0.332693310314542,414.721013190921,,,,,
5.2364,0.0,0.332637799420632,414.6979015515,,,,,
5.3909,0.0,0.332572792093271,414.619451051158,,,,,
5.44295,0.0,0.332577255679366,414.676460497916,,,,,
5.9962,0.0,0.332725952219714,414.750592925634,,,,,
5.76375,0.0,0.332600029919977,414.714839633256,,,,,
5.12185,0.0,0.331705532188075,414.075251050704,,,,,
5.70435,0.0,0.332628832252636,414.735303120668,,,,,
5.59945,0.0,0.332591502546612,414.640401928605,,,,,
5.15835,0.0,0.332252325520309,414.433758289033,,,,,
5.6876,0.0,0.332690954375048,414.711466250119,,,,,
5.796,0.0,0.332720814359476,414.75420944084,,,,,
5.70135,0.0,0.332577163246933,414.628077845414,,,,,
5.3508,0.0,0.332568035827774,414.616182900005,,,,,
5.6693,0.0,0.3325957722766,414.644324339751,,,,,
5.7999,0.0,0.332580325077905,414.62805326261,,,,,
5.63205,0.0,0.332576637639527,414.645488338786,,,,,
5.88545,0.0,0.33269964868764,414.755999200328,,,,,
5.24725,0.0,0.332646561834992,414.687421875904,,,,,
5.78245,0.0,0.332576574194665,414.661570534466,,,,,
5.61185,0.0,0.332576926969825,414.639169714835,,,,,
5.3023,0.0,0.332553362954573,414.635692166326,,,,,
5.46135,0.0,0.332576201182383,414.626154625174,,,,,
5.27925,0.0,0.332567801731994,414.628117995947,,,,,
5.2795,0.0,0.332558488633707,414.620002001885,,,,,
5.0614,0.0,0.328780939956606,412.770813429169,,,,,
5.66705,0.0,0.332717038271368,414.731838967782,,,,,
5.66665,0.0,0.332726068118605,414.743389513361,,,,,
5.73715,0.0,0.332712465577406,414.727723045891,,,,,
5.4122,0.0,0.332574077410934,414.64652311692,,,,,
5.88215,0.0,0.332576478480409,414.65164869066,,,,,
5.81185,0.0,0.332576885402539,414.64109718854,,,,,
5.32775,0.0,0.332675869733964,414.701891021212,,,,,
5.76865,0.0,0.332624515917093,414.666775897753,,,,,
5.60725,0.0,0.332710026672252,414.725670732186,,,,,
5.00795,1644.56801254043,0.317587996489217,403.81038770812,,,,,
5.07945,0.0,0.330663659746804,413.388690662628,,,,,
5.76845,0.0,0.332636242569618,414.674929617194,,,,,
5.27825,0.0,0.332623308448701,414.667610809945,,,,,
5.3595,0.0,0.332585539490099,414.63689514007,,,,,
5.87005,0.0,0.332578419560122,414.625269150699,,,,,
5.5288,0.0,0.332620320383075,414.663778160223,,,,,
5.75305,0.0,0.332581056872591,414.685756698946,,,,,
5.6682,0.0,0.332653958086741,414.686782493863,,,,,
5.0778,0.0,0.330817154456762,413.491781940248,,,,,
5.1414,0.0,0.331988708294308,414.252897021162,,,,,
5.0218,929.990054214497,0.333107112382905,413.74835651446,,,,,
5.7796,0.0,0.332585896631135,414.634730304786,,,,,
5.98345,0.0,0.332591893589874,414.705677490834,,,,,
5.139,0.0,0.33202271240141,414.284551390393,,,,,
5.18505,0.0,0.332406036606577,414.59353096684,,,,,
5.2843,0.0,0.332584044197123,414.708232515149,,,,,
5.23635,0.0,0.332636772457557,414.698554534623,,,,,
5.14755,0.0,0.332192929322643,414.402644435487,,,,,
5.12775,0.0,0.331937627925316,414.238492995461,,,,,
5.5175,0.0,0.332699205831026,414.717370722689,,,,,
5.8586,0.0,0.332625683460486,414.667609694515,,,,,
5.63685,0.0,0.332722934460813,414.738279217729,,,,,
5.32325,0.0,0.332566575461218,414.678683942565,,,,,
5.36775,0.0,0.332682440267564,414.705950176848,,,,,
5.78585,0.0,0.332715969456252,414.755477298153,,,,,
5.39115,0.0,0.332573120806899,414.621327806996,,,,,
5.62245,0.0,0.332576464806942,414.659551087122,,,,,
5.9283,0.0,0.332642283460811,414.6790149672,,,,,
5.76355,0.0,0.332592809668441,414.706842353727,,,,,
5.25925,0.0,0.332550715576817,414.617327549179,,,,,
5.42745,0.0,0.332701754162069,414.719442557825,,,,,
5.2621,0.0,0.332524805715961,414.610415633297,,,,,
5.1046,0.0,0.331388970544282,413.946683676048,,,,,
5.51035,0.0,0.332576848210752,414.622926879008,,,,,
5.5974,0.0,0.332703213935272,414.720316204591,,,,,
5.00935,1613.30921419808,0.316989193808609,402.57811165694,,,,,
5.8678,0.0,0.33267538201006,414.70091024417,,,,,
5.8783,0.0,0.332643299470295,414.679696707605,,,,,
5.06905,0.0,0.330076716242096,413.18310858396,,,,,
5.8863,0.0,0.33272654756783,414.74945164766,,,,,
5.43025,0.0,0.332576287598755,414.623454372996,,,,,
5.78715,0.0,0.332711808971881,414.727158242165,,,,,
5.5764,0.0,0.332726438229413,414.749413400248,,,,,
5.7519,0.0,0.332576830161795,414.642015692316,,,,,
5.9255,0.0,0.332702858560363,414.756164925354,,,,,
5.4224,0.0,0.332574400653871,414.653980468436,,,,,
5.5695,0.0,0.332590238079101,414.639203840505,,,,,
5.9953,0.0,0.332693459029587,414.755432727593,,,,,
5.36475,0.0,0.332639739595679,414.739260540758,,,,,
5.4034,0.0,0.332582418181441,414.6938462208,,,,,
5.64675,0.0,0.332724799788929,414.740968642966,,,,,
5.49795,0.0,0.332673088823289,414.699406355649,,,,,
5.4882,0.0,0.332657221987326,414.688945866548,,,,,
5.0012,1734.67251302633,0.291827421857738,390.475248504577,,,,,
5.16815,0.0,0.332336719699341,414.487670033295,,,,,
5.0544,0.0,0.326614437245839,412.051105463273,,,,,
5.6433,0.0,0.332584950452666,414.694805629788,,,,,
5.5443,0.0,0.332622870412209,414.731976963366,,,,,
5.5795,0.0,0.332590147291024,414.63912259981,,,,,
5.95895,0.0,0.332606103188493,414.652999409317,,,,,
5.52515,0.0,0.332675100420261,414.752119015933,,,,,
5.6153,0.0,0.332686283452873,414.754408110673,,,,,
5.85395,0.0,0.332610100383233,414.72349715888,,,,,
5.7953,0.0,0.33268975425557,414.754955776583,,,,,
5.5972,0.0,0.332712252905151,414.727533799602,,,,,
5.31685,0.0,0.332708040982402,414.7307688297,,,,,
5.0138,1438.26649124739,0.317127563008158,402.182864176533,,,,,
5.62065,0.0,0.332576398080414,414.621473590828,,,,,
5.1953,0.0,0.332470817208043,414.627331794945,,,,,
5.29225,0.0,0.33254824321327,414.630583306067,,,,,
5.98565,0.0,0.332710686014884,414.756086663534,,,,,
5.05685,0.0,0.328041320950805,412.462093887251,,,,,
5.6662,0.0,0.332724368446399,414.75225736233,,,,,
5.1245,0.0,0.331765209734715,414.204480976367,,,,,
5.80825,0.0,0.332647885145107,414.682755460511,,,,,
5.3871,0.0,0.332714368140634,414.730665079268,,,,,
5.7241,0.0,0.33261545870356,414.727323705745,,,,,
5.65635,0.0,0.332726335997961,414.749893976929,,,,,
5.19675,0.0,0.332533633466806,414.626189550571,,,,,
5.7536,0.0,0.332594369457307,414.708742846175,,,,,
5.1192,0.0,0.33172858396509,414.088718952729,,,,,
5.4008,0.0,0.332573389356394,414.619602135357,,,,,
5.3542,0.0,0.332606078578444,414.721501088072,,,,,
5.82495,0.0,0.332668874217537,414.750684100486,,,,,
5.09315,0.0,0.331038488552449,413.644799060903,,,,,
5.7844,0.0,0.332633320788458,414.737583267217,,,,,
5.0182,1207.65760585484,0.332847387197615,414.183129605679,,,,,
5.4547,0.0,0.332644090183818,414.74218631237,,,,,
5.8759,0.0,0.33271865324176,414.754899902124,,,,,
5.1901,0.0,0.332366143032929,414.492235281523,,,,,
5.76545,0.0,0.332697574910785,414.755842560254,,,,,
5.1768,0.0,0.332437554386721,414.566312555202,,,,,
5.19125,0.0,0.332362827565033,414.488393396627,,,,,
5.3321,0.0,0.332564132204405,414.636012038521,,,,,
5.93285,0.0,0.33257922902366,414.679792709703,,,,,
5.64955,0.0,0.332588182762222,414.637133513571,,,,,
5.8764,0.0,0.332726953213044,414.747552793099,,,,,
5.67635,0.0,0.332726387387037,414.749780648828,,,,,
5.36345,0.0,0.33257947514394,414.693037182512,,,,,
5.886,0.0,0.332721591221281,414.753895750589,,,,,
5.39645,0.0,0.332723055827731,414.74753102821,,,,,
5.6491,0.0,0.332603901949097,414.651237858587,,,,,
5.3583,0.0,0.33264698070149,414.682382648887,,,,,
5.64345,0.0,0.33258863342353,414.701095998255,,,,,
5.29335,0.0,0.332555364336288,414.674506933788,,,,,
5.23805,0.0,0.332592035787309,414.648405415089,,,,,
5.0441,0.0,0.324026705148294,412.127467619306,,,,,
5.69465,0.0,0.332646942423895,414.74354656663,,,,,
5.92855,0.0,0.33262725075117,414.668707412761,,,,,
5.02785,508.302462258431,0.317403367413138,407.160236948521,,,,,
5.098,0.0,0.331378637916044,413.848446620471,,,,,
5.66655,0.0,0.332726799592745,414.745765319478,,,,,
5.06035,0.0,0.328786891795203,412.775768887462,,,,,
5.3842,0.0,0.332610378199881,414.724169175953,,,,,
5.84295,0.0,0.332580070754263,414.682768690047,,,,,
5.60105,0.0,0.332576767810846,414.623341776813,,,,,
5.52425,0.0,0.332619681095417,414.730060638964,,,,,
5.1815,0.0,0.332315030911175,414.461679750645,,,,,
5.0854,0.0,0.33090285906062,413.593648268347,,,,,
5.057,0.0,0.328210561179784,412.53711646577,,,,,
5.31035,0.0,0.332558632486331,414.611808161298,,,,,
5.92,0.0,0.332578730219335,414.625755374817,,,,,
5.8817,0.0,0.332577041826773,414.637454146009,,,,,
5.133,0.0,0.331860836142252,414.224502686795,,,,,
5.7426,0.0,0.332576965255479,414.666967804526,,,,,
5.06535,0.0,0.329017813309333,412.706214268055,,,,,
5.8106,0.0,0.332576450039597,414.621492504221,,,,,
5.6226,0.0,0.332576796251631,414.665392555113,,,,,
5.34525,0.0,0.332667971471349,414.74680451897,,,,,
5.59635,0.0,0.332726115134181,414.750212929755,,,,,
5.7036,0.0,0.332593805046473,414.708080494979,,,,,
5.47145,0.0,0.332576453868168,414.628080343555,,,,,
5.10755,0.0,0.331595158340502,414.009957525657,,,,,
5.90835,0.0,0.332639582107258,414.677196682166,,,,,
5.66415,0.0,0.332617030964271,414.728369895286,,,,,
5.2502,0.0,0.332515281350401,414.585675740478,,,,,
5.7998,0.0,0.332581816559093,414.629994957878,,,,,
5.08135,0.0,0.330636507767896,413.355296090887,,,,,
5.4857,0.0,0.332705061878679,414.755873235651,,,,,
5.0179,1207.65760585484,0.333436697057364,414.700240252092,,,,,
5.0069,1675.11817469073,0.317406637416276,402.9048436804,,,,,
5.42455,0.0,0.33263330219572,414.737309456864,,,,,
5.8383,0.0,0.332644114791055,414.680242111582,,,,,
5.55905,0.0,0.33260734954839,414.654003493629,,,,,
5.017,1268.33469302076,0.335373743664496,415.445377707202,,,,,
5.24285,0.0,0.332499543203154,414.621630493446,,,,,
5.47845,0.0,0.332641436419315,414.67846713564,,,,,
5.69325,0.0,0.332584256951362,414.693391338033,,,,,
5.5291,0.0,0.332605432153828,414.652490298352,,,,,
5.2749,0.0,0.33261260072471,414.720970239653,,,,,
5.4278,0.0,0.332682440814329,414.705718101573,,,,,
5.54565,0.0,0.332703996852193,414.756098068658,,,,,
5.0966,0.0,0.331379083086386,413.873600060311,,,,,
5.1176,0.0,0.331778870849415,414.136011964043,,,,,
5.7924,0.0,0.332576511296729,414.659773121005,,,,,
5.1618,0.0,0.332184076637669,414.385382181558,,,,,
5.61775,0.0,0.332683432096847,414.706308491197,,,,,
5.47465,0.0,0.332641742098192,414.741285517381,,,,,
5.9115,0.0,0.332577196610122,414.632626924748,,,,,
5.19035,0.0,0.332363690093373,414.488506357822,,,,,
5.0968,0.0,0.331389370142218,413.874662884622,,,,,
5.28095,0.0,0.332541846707772,414.59990355401,,,,,
5.74865,0.0,0.332624874109998,414.667035478352,,,,,
5.8774,0.0,0.332698604966604,414.716895850271,,,,,
5.30695,0.0,0.332702545283397,414.725798049137,,,,,
5.03925,0.0,0.324355203489446,412.093040497469,,,,,
5.4018,0.0,0.332574030373864,414.634015701349,,,,,
5.41575,0.0,0.332704552328445,414.754788492881,,,,,
5.9742,0.0,0.332625264567168,414.733364513621,,,,,
5.10845,0.0,0.331570422969874,413.983331935386,,,,,
5.7069,0.0,0.332721197050247,414.736145025095,,,,,
5.5913,0.0,0.332577054406341,414.626563613426,,,,,
5.8173,0.0,0.332704657846959,414.721412869185,,,,,
5.32955,0.0,0.33257853496349,414.632057416689,,,,,
5.2229,0.0,0.332461007336173,414.599088111479,,,,,
5.71625,0.0,0.332725437781228,414.751264424324,,,,,
5.37985,0.0,0.332578767957846,414.628949581043,,,,,
5.4685,0.0,0.332638393832848,414.676425158841,,,,,
5.2326,0.0,0.332481237896543,414.600443111192,,,,,
5.0221,925.492360482822,0.3331085190496,414.082523314017,,,,,
5.47955,0.0,0.332589137135264,414.638290188735,,,,,
5.93815,0.0,0.332651543359315,414.685195904981,,,,,
5.878,0.0,0.332662443942935,414.692369266134,,,,,
5.48245,0.0,0.332575863720764,414.657468439717,,,,,
5.2872,0.0,0.332685685298907,414.712106078194,,,,,
5.78735,0.0,0.332702668297948,414.719908253078,,,,,
5.79225,0.0,0.332576440194699,414.654181762036,,,,,
5.59755,0.0,0.332695369355912,414.714570309467,,,,,
5.04645,0.0,0.323607816690248,410.972301293097,,,,,
5.9593,0.0,0.33259259090364,414.641418478832,,,,,
5.43835,0.0,0.332647765391226,414.682731434198,,,,,
5.556,0.0,0.332718386449629,414.754850444901,,,,,
5.7365,0.0,0.332726894717067,414.746384038623,,,,,
5.5869,0.0,0.332722114959603,414.737265881434,,,,,
5.6895,0.0,0.332589210969167,414.638158450507,,,,,
5.95565,0.0,0.332710278709681,414.756113761872,,,,,
5.10055,0.0,0.331307251972658,413.77925833995,,,,,
5.86485,0.0,0.332663296945696,414.749129806553,,,,,
5.38055,0.0,0.332572053170102,414.619085379997,,,,,
5.8014,0.0,0.332577214112121,414.629669541622,,,,,
5.88035,0.0,0.332576730072107,414.622207476952,,,,,
5.9903,0.0,0.332576771639413,414.622297984593,,,,,
5.3282,0.0,0.332648109341754,414.683300870207,,,,,
5.9333,0.0,0.332587207603444,414.698782715415,,,,,
5.8195,0.0,0.3325880700968,414.637003845242,,,,,
5.5586,0.0,0.33263122417729,414.671487145289,,,,,
5.39175,0.0,0.332573407405538,414.632214674173,,,,,
5.16805,0.0,0.332341821900829,414.491357488215,,,,,
5.6483,0.0,0.332647974276963,414.682827051129,,,,,
5.50675,0.0,0.332725136006103,414.741956398401,,,,,
5.05705,0.0,0.328265004880113,412.561617678683,,,,,
5.9307,0.0,0.332576505280404,414.621732435106,,,,,
5.93725,0.0,0.332705172317576,414.721820333455,,,,,
5.75035,0.0,0.332576856414823,414.622489318206,,,,,
5.7717,0.0,0.332577071908348,414.636488078271,,,,,
5.83715,0.0,0.332711146897888,414.726592894143,,,,,
5.1567,0.0,0.332290798002768,414.47909281368,,,,,
5.3495,0.0,0.332584099983595,414.636011930918,,,,,
5.9113,0.0,0.332577191687684,414.628419357561,,,,,
5.09115,0.0,0.331034838338457,413.588596509478,,,,,
5.50405,0.0,0.332609042162184,414.722748271598,,,,,
5.16295,0.0,0.332184852564379,414.427479016983,,,,,
5.51065,0.0,0.332576118594563,414.621319038153,,,,,
5.201,0.0,0.332401690016652,414.511138335695,,,,,
5.9426,0.0,0.332577267165052,414.669589708377,,,,,
5.175,0.0,0.332344584237905,414.557287716045,,,,,
5.1329,0.0,0.331860088508283,414.219616910913,,,,,
5.68745,0.0,0.332699203097342,414.717339396053,,,,,
5.5258,0.0,0.332710466234152,414.755929037086,,,,,
5.09095,0.0,0.331034669646276,413.587854868934,,,,,
5.37305,0.0,0.332573829098887,414.677037808453,,,,,
5.2812,0.0,0.332542182562925,414.601875127731,,,,,
5.9054,0.0,0.332697337078972,414.755823498485,,,,,
5.3532,0.0,0.332572953988876,414.681355509331,,,,,
5.4671,0.0,0.332716755623408,414.731837611185,,,,,
5.6168,0.0,0.332724092365019,414.739864856155,,,,,
5.23345,0.0,0.332490148866247,414.636325098482,,,,,
5.4714,0.0,0.332576425974292,414.627166737059,,,,,
5.2738,0.0,0.332553568617747,414.684377997407,,,,,
5.99245,0.0,0.332576745386378,414.664237579651,,,,,
5.7835,0.0,0.332591429260132,414.705061298765,,,,,
5.0928,0.0,0.33103534606294,413.626375329674,,,,,
5.1141,0.0,0.331559965425893,414.062836001621,,,,,
5.6696,0.0,0.332586750924064,414.63563734827,,,,,
5.32195,0.0,0.332561504056095,414.629590980534,,,,,
5.30155,0.0,0.332554058708204,414.614755471852,,,,,
5.0193,1143.58637133797,0.332396774793863,413.015820864356,,,,,
5.0814,0.0,0.33063656278267,413.355612600312,,,,,
5.58885,0.0,0.332616764090629,414.661168719843,,,,,
5.9679,0.0,0.332666967019804,414.695355745962,,,,,
5.69255,0.0,0.332576742104749,414.664331608407,,,,,
5.3859,0.0,0.332708646750276,414.753273916954,,,,,
5.3772,0.0,0.332710162258572,414.726953722939,,,,,
5.56905,0.0,0.332607216654599,414.653899067041,,,,,
5.2329,0.0,0.332482395548296,414.612628712596,,,,,
5.62485,0.0,0.332658247246858,414.747561447531,,,,,
5.45505,0.0,0.332666490765453,414.749685389625,,,,,
5.5029,0.0,0.332577939350417,414.675790264878,,,,,
5.0921,0.0,0.331035149896755,413.602014950923,,,,,
5.82925,0.0,0.332595720867342,414.644269189336,,,,,
5.1934,0.0,0.332370133262502,414.559740097996,,,,,
5.2527,0.0,0.332513183447911,414.624611240345,,,,,
5.29445,0.0,0.332598906585578,414.7171709524,,,,,
5.7188,0.0,0.332617231666234,414.661508390748,,,,,
5.9522,0.0,0.332576438006945,414.654254658104,,,,,
5.83575,0.0,0.33271281328805,414.755914471681,,,,,
5.1904,0.0,0.33236337376027,414.487944999488,,,,,
5.9051,0.0,0.332679923501158,414.753259991279,,,,,
5.04675,0.0,0.324111676475304,411.161920505133,,,,,
5.53255,0.0,0.3325764133947,414.662161216199,,,,,
5.0887,0.0,0.331088996722739,413.643262552614,,,,,
5.8904,0.0,0.33257660865179,414.621917271272,,,,,
5.1872,0.0,0.3324868308053,414.589308154901,,,,,
5.27215,0.0,0.332534251039564,414.618126807899,,,,,
5.91515,0.0,0.332683183866422,414.753887327504,,,,,
5.69845,0.0,0.332637612402033,414.675870836373,,,,,
5.09375,0.0,0.331057298357762,413.68629206668,,,,,
5.188,0.0,0.332454869590381,414.562435544772,,,,,
5.93585,0.0,0.332717650583339,414.755142833259,,,,,
5.1526,0.0,0.332095388373613,414.356973590651,,,,,
5.6827,0.0,0.332577343736277,414.670213492466,,,,,
5.6573,0.0,0.332707096244745,414.723312559954,,,,,
5.9368,0.0,0.332721844890049,414.73690700886,,,,,
5.23075,0.0,0.332481124647786,414.561076264791,,,,,
5.7906,0.0,0.33257643581919,414.621493640847,,,,,
5.16605,0.0,0.332347306050654,414.531782975108,,,,,
5.90855,0.0,0.332627620425077,414.668970112424,,,,,
5.16555,0.0,0.332315068132264,414.527061358507,,,,,
5.88475,0.0,0.332657291978478,414.747258491661,,,,,
5.90795,0.0,0.332665023176001,414.694068968903,,,,,
5.89,0.0,0.332578825386007,414.625900989,,,,,
5.63715,0.0,0.33271372848697,414.728825086095,,,,,
5.64355,0.0,0.332591541377502,414.70523251152,,,,,
5.57975,0.0,0.332583953954282,414.632615396488,,,,,
5.4105,0.0,0.332574238212028,414.620638138203,,,,,
5.57155,0.0,0.332577108006235,414.631195443592,,,,,
5.8009,0.0,0.332576696161933,414.622623855789,,,,,
5.07585,0.0,0.33044817265322,413.329495704095,,,,,
5.95195,0.0,0.332576665533386,414.645635806066,,,,,
5.2246,0.0,0.332519243532741,414.667920324943,,,,,
5.1556,0.0,0.332233726818708,414.476718622743,,,,,
5.8283,0.0,0.332644320944948,414.680377594745,,,,,
5.8147,0.0,0.332652626598582,414.745664343272,,,,,
5.5917,0.0,0.332577074096099,414.634925504521,,,,,
5.1433,0.0,0.331993902412126,414.321787876173,,,,,
5.04275,0.0,0.324368145412232,412.654546554641,,,,,
5.9207,0.0,0.332576508015097,414.621720957525,,,,,
5.2456,0.0,0.332622114100653,414.710654884687,,,,,
5.693,0.0,0.332580076223591,414.682817329724,,,,,
5.27315,0.0,0.332537828453521,414.656881000964,,,,,
5.2741,0.0,0.332566064057931,414.696165403208,,,,,
5.63025,0.0,0.332577480470563,414.623733715832,,,,,
5.91505,0.0,0.332677038190675,414.752653478008,,,,,
5.1914,0.0,0.332363015285541,414.490447559081,,,,,
5.9047,0.0,0.332654492320944,414.746318756245,,,,,
5.23485,0.0,0.332556637140968,414.687948870625,,,,,
5.76,0.0,0.332579258011169,414.62655831491,,,,,
5.24935,0.0,0.332535154148768,414.60664701134,,,,,
5.2325,0.0,0.332481148172893,414.59659819392,,,,,
5.5144,0.0,0.332627838619986,414.734749116534,,,,,
5.3398,0.0,0.332574313690066,414.626786423001,,,,,
5.2904,0.0,0.332548963591891,414.605379540168,,,,,
5.2705,0.0,0.332534426629129,414.595618046036,,,,,
5.41665,0.0,0.332724480518974,414.74396302567,,,,,
5.14,0.0,0.331993306845991,414.256860954937,,,,,
5.4918,0.0,0.332576584039558,414.636416191854,,,,,
5.5166,0.0,0.332726513126233,414.745565855521,,,,,
5.6364,0.0,0.332726630118312,414.74908686995,,,,,
5.6889,0.0,0.332612614943571,414.658058573948,,,,,
5.39075,0.0,0.332572704035156,414.619116718696,,,,,
5.2189,0.0,0.332502732031111,414.58929555883,,,,,
5.44605,0.0,0.332717686119267,414.754035242992,,,,,
5.3358,0.0,0.332696086682254,414.748968809071,,,,,
5.11305,0.0,0.331525278492919,413.998869953982,,,,,
5.37145,0.0,0.332571568028683,414.624390466294,,,,,
5.4651,0.0,0.332670083160896,414.750689208296,,,,,
5.94945,0.0,0.332588276285432,414.637214412853,,,,,
5.5595,0.0,0.332590313553508,414.639283383565,,,,,
5.10035,0.0,0.331308045325815,413.780816752999,,,,,
5.00965,1597.25385412412,0.317226857602819,402.732812671875,,,,,
5.69015,0.0,0.332578061864121,414.624705199633,,,,,
5.94575,0.0,0.332714199753293,414.755749919261,,,,,
5.4385,0.0,0.332638357741612,414.67643444128,,,,,
5.815,0.0,0.332671850364632,414.751445607774,,,,,
5.03855,0.0,0.323486203292607,411.462467766703,,,,,
5.52935,0.0,0.332595411317815,414.644048885249,,,,,
5.6233,0.0,0.332584806611426,414.694524080967,,,,,
5.8969,0.0,0.332719464004238,414.73425444266,,,,,
5.7434,0.0,0.332588186590658,414.700379331018,,,,,
5.72835,0.0,0.332643201587924,414.679640483455,,,,,
5.83945,0.0,0.332589259097925,414.638199081427,,,,,
5.9863,0.0,0.33272673453644,414.748838142203,,,,,
5.5044,0.0,0.332627570114451,414.734600593059,,,,,
5.8455,0.0,0.33270154749703,414.756109003882,,,,,
5.31585,0.0,0.332692092160859,414.745306894423,,,,,
5.59255,0.0,0.332576614668113,414.663019544576,,,,,
5.32905,0.0,0.332598299524028,414.648774473199,,,,,
5.07235,0.0,0.32996762389397,413.075095531136,,,,,
5.0171,1268.33469302076,0.335374852823233,415.512142920531,,,,,
5.66595,0.0,0.332718042025045,414.755036248592,,,,,
5.5664,0.0,0.33272639777419,414.74945691025,,,,,
5.85555,0.0,0.332704197501694,414.756205939586,,,,,
5.4584,0.0,0.332644647400587,414.680643356796,,,,,
5.9524,0.0,0.332576592243635,414.661774576187,,,,,
5.3684,0.0,0.332641711475634,414.678838259981,,,,,
5.1022,0.0,0.331307264600439,413.80060749263,,,,,
5.3578,0.0,0.332678374502072,414.703244152797,,,,,
5.8144,0.0,0.33263392067712,414.737869654864,,,,,
5.39255,0.0,0.332572805766889,414.658180774928,,,,,
5.5089,0.0,0.332615246516154,414.660075332783,,,,,
5.6066,0.0,0.332726617544399,414.745042914529,,,,,
5.68075,0.0,0.332576463166126,414.621627176429,,,,,
5.8522,0.0,0.332576442929393,414.653081313107,,,,,
5.0746,0.0,0.330064351410624,413.127248802776,,,,,
5.0389,0.0,0.324053965823194,411.848948582145,,,,,
5.49425,0.0,0.332618943370151,414.729600176978,,,,,
5.46385,0.0,0.332599221053964,414.714380013875,,,,,
5.1262,0.0,0.33190544173839,414.256185746172,,,,,
5.2687,0.0,0.332587968916655,414.64409573048,,,,,
5.9561,0.0,0.3327242804284,414.752351089602,,,,,
5.8116,0.0,0.332577165434683,414.634250774308,,,,,
5.74245,0.0,0.332576546300799,414.661067168847,,,,,
5.86855,0.0,0.332628377817819,414.669496463032,,,,,
5.41295,0.0,0.332576045304692,414.675342434682,,,,,
5.899,0.0,0.332604746898613,414.651912578362,,,,,
5.002,1734.64199934972,0.291818856829807,389.476479192898,,,,,
5.562,0.0,0.332576651312987,414.643118918337,,,,,
5.91855,0.0,0.332627439416159,414.668839310964,,,,,
5.7212,0.0,0.332577050577777,414.625708834201,,,,,
5.58195,0.0,0.332576751402699,414.641807229314,,,,,
5.3408,0.0,0.332566138990868,414.614982648703,,,,,
5.87935,0.0,0.332591832882489,414.640702130356,,,,,
5.9052,0.0,0.332685978908438,414.754374306302,,,,,
5.5352,0.0,0.332678474014408,414.75287720158,,,,,
5.707,0.0,0.332718270548063,414.733038350782,,,,,
5.073,0.0,0.329967314635285,413.062125516426,,,,,
5.92885,0.0,0.332611254305192,414.657015181075,,,,,
5.22465,0.0,0.332522397162009,414.669460364656,,,,,
5.6537,0.0,0.332596740300498,414.711444829814,,,,,
5.6843,0.0,0.332625583932357,414.733539460446,,,,,
5.69735,0.0,0.332704102370883,414.721000004964,,,,,
5.5501,0.0,0.332578783272023,414.625966761817,,,,,
5.7716,0.0,0.332577157230619,414.633929713617,,,,,
5.3615,0.0,0.332570320440792,414.624464749107,,,,,
5.7843,0.0,0.332627448165837,414.734565316439,,,,,
5.5206,0.0,0.332576212121165,414.621451462371,,,,,
5.25375,0.0,0.332530498542588,414.66901175521,,,,,
5.48205,0.0,0.332576143206829,414.643563586279,,,,,
5.945,0.0,0.332674505526854,414.752083580987,,,,,
5.2044,0.0,0.332449211580465,414.625839812951,,,,,
5.94125,0.0,0.332577152855119,414.62768599554,,,,,
5.74745,0.0,0.332698177417283,414.71659341434,,,,,
5.21245,0.0,0.33243364102356,414.564512428225,,,,,
5.84035,0.0,0.332576769998598,414.622289521133,,,,,
5.9653,0.0,0.332692903534813,414.755366476328,,,,,
5.5048,0.0,0.332652167274942,414.745403920887,,,,,
5.97625,0.0,0.332726371532961,414.749832622792,,,,,
5.60545,0.0,0.332694705062226,414.755542636462,,,,,
5.3071,0.0,0.332698798511769,414.721358110896,,,,,
5.28305,0.0,0.332544434534077,414.65762738962,,,,,
5.6985,0.0,0.332634576889549,414.673800150208,,,,,
5.75185,0.0,0.332576900169865,414.64051745746,,,,,
5.45155,0.0,0.332576095076173,414.629713087486,,,,,
5.13295,0.0,0.331860432178945,414.222045323211,,,,,
5.00705,1675.11817469073,0.317753283870176,403.391817764998,,,,,
5.12985,0.0,0.331866533781284,414.175872512452,,,,,
5.33505,0.0,0.332652798297971,414.742194243343,,,,,
5.76115,0.0,0.332577011745195,414.625181832769,,,,,
5.9951,0.0,0.332681720724735,414.753614289842,,,,,
5.3709,0.0,0.332570915520563,414.618239202566,,,,,
5.8761,0.0,0.332723797149032,414.752710602054,,,,,
5.52245,0.0,0.332576203917078,414.658170350705,,,,,
5.6065,0.0,0.332726906744278,414.747263393529,,,,,
5.8986,0.0,0.332624952310841,414.667088239745,,,,,
5.84215,0.0,0.332576482855919,414.651191014556,,,,,
5.80065,0.0,0.332576448945719,414.621515592694,,,,,
5.40895,0.0,0.332612166502276,414.658018958784,,,,,
5.57825,0.0,0.332652543482923,414.685862382073,,,,,
5.8666,0.0,0.332725919418134,414.743023856916,,,,,
5.4764,0.0,0.332725599602559,414.749641062283,,,,,
5.3185,0.0,0.332626440857639,414.669004580583,,,,,
5.2314,0.0,0.332481783897258,414.565908822877,,,,,
5.7239,0.0,0.332605824274494,414.720086952423,,,,,
5.02205,925.492360482822,0.333109262789451,414.012863987029,,,,,
5.4897,0.0,0.332585286811216,414.634270860938,,,,,
5.4523,0.0,0.332575348503175,414.65130961323,,,,,
5.1915,0.0,0.332363102304633,414.49213511012,,,,,
5.95345,0.0,0.332591599350372,414.705278258154,,,,,
5.3172,0.0,0.332699196536498,414.720375410387,,,,,
5.9129,0.0,0.332579740406704,414.681621048294,,,,,
5.0979,0.0,0.331382714687946,413.852042584872,,,,,
5.00775,1652.15936064241,0.317832349308144,403.994112892904,,,,,
5.52435,0.0,0.332625219724772,414.733318919143,,,,,
5.9259,0.0,0.332719144182458,414.754758476557,,,,,
5.2289,0.0,0.332524142175584,414.602837122326,,,,,
5.05445,0.0,0.326605546970418,412.035489133467,,,,,
5.6288,0.0,0.332618754153474,414.662628123202,,,,,
5.4561,0.0,0.332719484778975,414.753687150344,,,,,
5.3975,0.0,0.332698268722619,414.717016193669,,,,,
5.55505,0.0,0.332669517784947,414.75080508011,,,,,
5.91785,0.0,0.332671205708169,414.698142180844,,,,,
5.3208,0.0,0.332560991551081,414.611718459794,,,,,
5.80105,0.0,0.332576907826997,414.624075726062,,,,,
5.45435,0.0,0.332623094625716,414.732085759272,,,,,
5.57195,0.0,0.332576741557811,414.641697490754,,,,,
5.3548,0.0,0.332641206203016,414.739492576044,,,,,
5.0549,0.0,0.326567714786381,411.932621472283,,,,,
5.27165,0.0,0.332534759209733,414.604418908275,,,,,
5.6615,0.0,0.332577193328497,414.630796799291,,,,,
5.3225,0.0,0.332561013429646,414.648045374712,,,,,
5.6164,0.0,0.33272658911642,414.749201453963,,,,,
5.53925,0.0,0.332599053155228,414.647222387038,,,,,
5.1674,0.0,0.332367552288318,414.512860499973,,,,,
5.20395,0.0,0.33242655504882,414.608214225919,,,,,
5.45885,0.0,0.332618134550133,414.662270306642,,,,,
5.96915,0.0,0.332597695742791,414.646025530622,,,,,
5.02935,457.743965937541,0.32299580585873,410.884507808542,,,,,
5.4673,0.0,0.33270907920663,414.725046653204,,,,,
5.66345,0.0,0.332588832501874,414.701371407418,,,,,
5.67685,0.0,0.332722666578718,414.737912498287,,,,,
5.8908,0.0,0.332576602088528,414.622143145681,,,,,
5.5482,0.0,0.332656329052051,414.68834602667,,,,,
5.68375,0.0,0.332598996277461,414.713815407866,,,,,
5.81495,0.0,0.332668671359582,414.750631519249,,,,,
5.03225,253.187688045331,0.323726319862552,412.482415193604,,,,,
5.58745,0.0,0.33270083127593,414.718542262805,,,,,
5.47935,0.0,0.33259560492303,414.644320824684,,,,,
5.8324,0.0,0.332576534815089,414.660270884171,,,,,
5.58695,0.0,0.332720835134129,414.735771503039,,,,,
5.7518,0.0,0.332576966349355,414.639066963369,,,,,
5.0113,1548.95857317596,0.317737211835157,403.384270232106,,,,,
5.1932,0.0,0.332366627926914,414.550765473191,,,,,
5.5296,0.0,0.332587707488895,414.63670803346,,,,,
5.93475,0.0,0.33265832872068,414.747600198698,,,,,
5.99115,0.0,0.33257709761442,414.626286079621,,,,,
5.8077,0.0,0.332682763405213,414.705849034764,,,,,
5.4219,0.0,0.332574938297518,414.63756958269,,,,,
5.07645,0.0,0.330655792085759,413.422653867857,,,,,
5.9079,0.0,0.33266822354064,414.696176751708,,,,,
5.04615,0.0,0.323237485361617,410.85785134009,,,,,
5.88885,0.0,0.332611885405839,414.657501139774,,,,,
5.85265,0.0,0.332577380381071,414.670433626293,,,,,
5.5051,0.0,0.332671393801447,414.751192747342,,,,,
5.35915,0.0,0.332598963463361,414.648434694076,,,,,
5.6075,0.0,0.332697905688081,414.716391852651,,,,,
5.94725,0.0,0.332705025794676,414.721698813864,,,,,
5.12955,0.0,0.331873426724937,414.183187113568,,,,,
5.2953,0.0,0.332652653939255,414.736695686018,,,,,
5.56025,0.0,0.332577534070388,414.623929897098,,,,,
5.35665,0.0,0.332719220721032,414.741126464954,,,,,
5.11535,0.0,0.331665328398281,414.127454500711,,,,,
5.85355,0.0,0.332593767856578,414.708034686573,,,,,
5.71015,0.0,0.332578015374551,414.624623534657,,,,,
5.0306,369.616472157452,0.323705594969437,411.650612785908,,,,,
5.5584,0.0,0.332643426334556,414.679786554368,,,,,
5.33145,0.0,0.332564555003432,414.61972232562,,,,,
5.20675,0.0,0.332568956894619,414.647813279682,,,,,
5.0949,0.0,0.331169513538972,413.78505037822,,,,,
5.69685,0.0,0.332722511863042,414.737725839425,,,,,
5.0141,1435.37504994762,0.316842585103336,402.065076651748,,,,,
5.0129,1481.36826676355,0.317717062680568,402.848470552107,,,,,
5.5558,0.0,0.332710998737467,414.755976093919,,,,,
5.973,0.0,0.332581378467952,414.686667153992,,,,,
5.24715,0.0,0.332649672699049,414.690559660163,,,,,
5.73605,0.0,0.332721607622285,414.753882377029,,,,,
5.57655,0.0,0.332726812166651,414.746375879389,,,,,
5.34855,0.0,0.332629917753268,414.671033187196,,,,,
5.74445,0.0,0.332635543159995,414.738650696181,,,,,
5.67605,0.0,0.332721097003988,414.754088317467,,,,,
5.26115,0.0,0.332524821579647,414.590326226918,,,,,
5.11425,0.0,0.33156945798422,414.071984473094,,,,,
5.4039,0.0,0.332598317024917,414.714245793677,,,,,
5.3355,0.0,0.33268055665861,414.748012217185,,,,,
5.9681,0.0,0.332654121583277,414.686897911078,,,,,
5.52015,0.0,0.3325782625896,414.625292030797,,,,,
5.02375,772.70788517537,0.333596339150463,418.268051992107,,,,,
5.81955,0.0,0.332586793583961,414.635678142562,,,,,
5.32055,0.0,0.332561231668256,414.612309194003,,,,,
5.12755,0.0,0.331941183273989,414.243537568908,,,,,
5.3426,0.0,0.332566293779291,414.655357534468,,,,,
5.2773,0.0,0.332675378182628,414.704684407115,,,,,
5.67445,0.0,0.332634170037996,414.737993395405,,,,,
5.90295,0.0,0.332580324530973,414.683591443985,,,,,
5.46015,0.0,0.33257780097551,414.62517034924,,,,,
5.50915,0.0,0.332603400994196,414.650880939485,,,,,
5.67825,0.0,0.332650547607235,414.684533441458,,,,,
5.814,0.0,0.33261191056234,414.724831229682,,,,,
5.92005,0.0,0.332578278997672,414.625045474891,,,,,
5.35965,0.0,0.332581171728113,414.632621435156,,,,,
5.34115,0.0,0.332566526782222,414.616999489438,,,,,
5.96435,0.0,0.332633838103631,414.737831840053,,,,,
5.03905,0.0,0.324212880617359,411.971329103079,,,,,
5.74695,0.0,0.332719418081129,414.734211166099,,,,,
5.54915,0.0,0.3326030389499,414.650543552101,,,,,
5.32595,0.0,0.332699636659443,414.746946151486,,,,,
5.2887,0.0,0.332601912344284,414.652891135989,,,,,
5.65855,0.0,0.332632365448493,414.672271551138,,,,,
5.46415,0.0,0.33261279924183,414.725564515865,,,,,
5.46845,0.0,0.332641490555666,414.678513751207,,,,,
5.959,0.0,0.332603898120842,414.651225112958,,,,,
5.51355,0.0,0.332589973918542,414.703303788608,,,,,
5.25275,0.0,0.332513354125218,414.626623449752,,,,,
5.54,0.0,0.332579945506635,414.627659412783,,,,,
5.9515,0.0,0.332577182936684,414.632931900945,,,,,
5.08635,0.0,0.331094308239783,413.67922259182,,,,,
5.8497,0.0,0.33258329545426,414.631800726198,,,,,
5.80045,0.0,0.332576567084464,414.621823930602,,,,,
5.2333,0.0,0.332487120213748,414.629803467704,,,,,
5.42675,0.0,0.332724005987035,414.741716773698,,,,,
5.1875,0.0,0.332478025884208,414.580252237505,,,,,
5.6462,0.0,0.332724232319173,414.752345214374,,,,,
5.6361,0.0,0.332722020927313,414.753670660488,,,,,
5.57035,0.0,0.332576991508496,414.622898094931,,,,,
5.00485,1715.27221824744,0.290507321659543,383.357514026775,,,,,
5.15685,0.0,0.332293312242335,414.477011567462,,,,,
5.6684,0.0,0.332641303539143,414.678356847849,,,,,
5.71785,0.0,0.332675299993639,414.700856291531,,,,,
5.657,0.0,0.332718781170697,414.733551348957,,,,,
5.75885,0.0,0.332613987060801,414.659094298837,,,,,
5.1824,0.0,0.332314372425637,414.487118017299,,,,,
5.54245,0.0,0.332576300725291,414.658472620054,,,,,
5.92665,0.0,0.332724980198187,414.741223537013,,,,,
5.08165,0.0,0.33063679934609,413.357347140152,,,,,
5.6232,0.0,0.332582806500742,414.690296618136,,,,,
5.59305,0.0,0.332580267103071,414.683520493522,,,,,
5.98765,0.0,0.332682236324352,414.705501774941,,,,,
5.30855,0.0,0.332620050777737,414.664831556787,,,,,
5.37605,0.0,0.332713012292091,414.75181479457,,,,,
5.0286,483.665855525859,0.320700058060464,409.132511246347,,,,,
5.49395,0.0,0.332604252507701,414.718856624045,,,,,
5.95465,0.0,0.33265232967873,414.745561639767,,,,,
5.02985,401.087873986186,0.32358769636945,411.484519133691,,,,,
5.7676,0.0,0.332689461742878,414.710431261171,,,,,
5.36725,0.0,0.332707280490668,414.724685192755,,,,,
5.3152,0.0,0.332655873014371,414.740906765207,,,,,
5.9736,0.0,0.332596896715394,414.711615026929,,,,,
5.8188,0.0,0.332615547297231,414.660259357374,,,,,
5.9057,0.0,0.332711699628621,414.756013600295,,,,,
5.08765,0.0,0.331157989814683,413.692494364488,,,,,
5.2716,0.0,0.332534761397762,414.603343226015,,,,,
5.65915,0.0,0.332601665146813,414.64939139275,,,,,
5.89065,0.0,0.332576463166126,414.62156018808,,,,,
5.97455,0.0,0.332646377555438,414.743327329195,,,,,
5.59645,0.0,0.332726799046054,414.748349291326,,,,,
5.92795,0.0,0.332664609800158,414.693794636022,,,,,
5.45675,0.0,0.332724717784689,414.741987335477,,,,,
5.941,0.0,0.332576884308663,414.624024168725,,,,,
5.05855,0.0,0.329037807786289,412.967909884765,,,,,
5.7781,0.0,0.33265808375235,414.689511793966,,,,,
5.39635,0.0,0.332721943295985,414.749229825897,,,,,
5.96505,0.0,0.332678034957009,414.752869397036,,,,,
5.9469,0.0,0.332718967596967,414.733742118765,,,,,
5.97875,0.0,0.332615436281702,414.660183442383,,,,,
5.90145,0.0,0.332577205361122,414.63141695275,,,,,
5.72655,0.0,0.332726710482005,414.745325886636,,,,,
5.7946,0.0,0.332645851510573,414.743114735877,,,,,
5.95945,0.0,0.332588189872175,414.637126310555,,,,,
5.8629,0.0,0.332579532571979,414.680936915333,,,,,
5.9669,0.0,0.332718762582735,414.733536606157,,,,,
5.13215,0.0,0.331859309629754,414.187991538654,,,,,
5.26735,0.0,0.332665234238072,414.697927131298,,,,,
5.4516,0.0,0.332576090153719,414.630795069012,,,,,
5.84825,0.0,0.332647049601151,414.682207926572,,,,,
5.0102,1581.4291317762,0.317609279787414,403.191787210196,,,,,
5.3948,0.0,0.332646621985566,414.74258648015,,,,,
5.49165,0.0,0.33257670053744,414.632630257099,,,,,
5.1007,0.0,0.331306976357484,413.778613411314,,,,,
5.86445,0.0,0.33263792847434,414.739749509601,,,,,
5.85075,0.0,0.332576517313053,414.621825590753,,,,,
5.42305,0.0,0.332577581653899,414.679954878537,,,,,
5.0987,0.0,0.331347159947417,413.821844724793,,,,,
5.0081,1644.56801254043,0.317386609407785,403.620888886874,,,,,
5.2499,0.0,0.332519553153175,414.59131358433,,,,,
5.91,0.0,0.332578758659952,414.625803637353,,,,,
5.47785,0.0,0.332679524359832,414.70369736647,,,,,
5.23565,0.0,0.332608130503417,414.700863595552,,,,,
5.45335,0.0,0.332583617047457,414.693634352173,,,,,
5.07155,0.0,0.329966394575203,413.078436325975,,,,,
5.76305,0.0,0.332581101174011,414.685893719088,,,,,
5.64175,0.0,0.332577031981894,414.636681278815,,,,,
5.69875,0.0,0.332620230696942,414.663710014113,,,,,
5.95795,0.0,0.332663978799535,414.693383904283,,,,,
5.3855,0.0,0.332689164309147,414.752776972594,,,,,
5.3868,0.0,0.33272125117362,414.739363250826,,,,,
5.21415,0.0,0.332467736950393,414.636040418741,,,,,
5.37655,0.0,0.332721833956054,414.744685202038,,,,,
5.70695,0.0,0.332719804053725,414.734614281041,,,,,
5.85345,0.0,0.332590608341063,414.703940521611,,,,,
5.67465,0.0,0.332646529025583,414.743382920409,,,,,
5.50265,0.0,0.332576459884494,414.665597763996,,,,,
5.54255,0.0,0.33257645277429,414.662312681847,,,,,
5.1692,0.0,0.332283591286444,414.448759731093,,,,,
5.14195,0.0,0.331988751578959,414.265399925757,,,,,
5.9151,0.0,0.33268013346024,414.753302217168,,,,,
5.7539,0.0,0.33260627108367,414.720454980273,,,,,
5.79705,0.0,0.332715569264748,414.730457597581,,,,,
5.52975,0.0,0.332584173271691,414.632908337151,,,,,
5.77165,0.0,0.332577118944988,414.635182390147,,,,,
5.1048,0.0,0.331408994308973,413.95985778002,,,,,
5.50975,0.0,0.332584186944841,414.632992984614,,,,,
5.39995,0.0,0.332578424482542,414.627644681092,,,,,
5.9328,0.0,0.332578715999025,414.67769967659,,,,,
5.25085,0.0,0.332512844281207,414.581212267447,,,,,
5.13785,0.0,0.332071074252026,414.32280099622,,,,,
5.31985,0.0,0.332568273205103,414.622504535574,,,,,
5.50385,0.0,0.332600244851588,414.715196653318,,,,,
5.6965,0.0,0.332726914944649,414.746665940147,,,,,
5.7041,0.0,0.33261511800052,414.727096035642,,,,,
5.10485,0.0,0.331414238127811,413.963022925358,,,,,
5.41645,0.0,0.332724249813438,414.748108649955,,,,,
5.4514,0.0,0.332576042569995,414.62681750582,,,,,
5.17355,0.0,0.33226669690449,414.50005637827,,,,,
5.64445,0.0,0.332633563587646,414.737701078261,,,,,
5.7236,0.0,0.332594029826484,414.708345524917,,,,,
5.8115,0.0,0.332577215205996,414.631880614949,,,,,
5.08665,0.0,0.331133197068425,413.693504662006,,,,,
5.9906,0.0,0.332576450039597,414.621531146326,,,,,
5.06415,0.0,0.328757486185164,412.610468108036,,,,,
5.62425,0.0,0.33262167879691,414.731280347671,,,,,
5.6224,0.0,0.332576418317149,414.657659227894,,,,,
5.5014,0.0,0.332576755778205,414.627554441505,,,,,
5.05095,0.0,0.326821883488174,412.428003178664,,,,,
5.8092,0.0,0.332597791997844,414.646090049539,,,,,
5.92395,0.0,0.332611208914024,414.724318459482,,,,,
5.4759,0.0,0.332713415766953,414.755342957747,,,,,
5.876,0.0,0.332721515776653,414.753933724909,,,,,
5.08255,0.0,0.330636843357871,413.367046619778,,,,,
5.0415,0.0,0.32436119559996,412.162699973586,,,,,
5.05845,0.0,0.329039469561383,412.965256564887,,,,,
5.536,0.0,0.33271811364352,414.75486191202,,,,,
5.3128,0.0,0.332558350250707,414.657529948934,,,,,
5.27345,0.0,0.332543248107649,414.669719349833,,,,,
5.8022,0.0,0.332576466447758,414.652499747126,,,,,
5.5129,0.0,0.332578047096846,414.675972738022,,,,,
5.80315,0.0,0.332583010504926,414.690677738296,,,,,
5.86255,0.0,0.332576929704515,414.666529355269,,,,,
5.5583,0.0,0.332649744879061,414.683997752677,,,,,
5.97255,0.0,0.332577078471601,414.66796317633,,,,,
5.25465,0.0,0.332575344127651,414.701620742305,,,,,
5.02705,554.43460652318,0.316104911933557,406.709192432726,,,,,
5.4662,0.0,0.332722246714103,414.752628568179,,,,,
5.85235,0.0,0.332576470276329,414.65861397504,,,,,
5.63465,0.0,0.332645690197271,414.743048388682,,,,,
5.9686,0.0,0.332623667189768,414.666178608952,,,,,
5.1695,0.0,0.332272572070997,414.43918758104,,,,,
5.604,0.0,0.332608578950154,414.722322051154,,,,,
5.5577,0.0,0.332687493973238,414.709077524767,,,,,
5.7113,0.0,0.332577144651055,414.62725111786,,,,,
5.84885,0.0,0.332612520333446,414.657989122182,,,,,
5.80145,0.0,0.332577218487621,414.6307096531,,,,,
5.99685,0.0,0.332719982825583,414.734799276264,,,,,
5.53875,0.0,0.332622925645306,414.665654511414,,,,,
5.55025,0.0,0.332577535164262,414.623950127999,,,,,
5.19795,0.0,0.33249806667081,414.589750873601,,,,,
5.33215,0.0,0.332564062740607,414.637615762245,,,,,
5.805,0.0,0.332671643681016,414.751392129853,,,,,
5.80435,0.0,0.332630753887107,414.736293697804,,,,,
5.1793,0.0,0.332338616751007,414.482717572733,,,,,
5.9007,0.0,0.332576494341631,414.621698853838,,,,,
5.12815,0.0,0.331925787265583,414.226906603855,,,,,
5.5411,0.0,0.332576681941536,414.623576645341,,,,,
5.96065,0.0,0.3325764741049,414.621610262383,,,,,
5.2518,0.0,0.332513541213704,414.594419132574,,,,,
5.054,0.0,0.326696909288626,412.193666176652,,,,,
5.29455,0.0,0.332604810884994,414.720263154911,,,,,
5.72685,0.0,0.332722286076433,414.737440229284,,,,,
5.10115,0.0,0.331307148205219,413.779495257043,,,,,
5.65545,0.0,0.332695635619758,414.755657962659,,,,,
5.9498,0.0,0.332581048121692,414.629019554992,,,,,
5.39545,0.0,0.332687317917704,414.752936850071,,,,,
5.9372,0.0,0.332707513394863,414.723650079454,,,,,
5.8305,0.0,0.332576492153876,414.621620727627,,,,,
5.05065,0.0,0.326824704167872,412.434908733878,,,,,
5.74355,0.0,0.33259259090364,414.706576366081,,,,,
5.46175,0.0,0.332576203370139,414.63458850791,,,,,
5.26255,0.0,0.332524521810554,414.626193633476,,,,,
5.4798,0.0,0.332583097466457,414.631875461068,,,,,
5.10895,0.0,0.331552598534949,413.967553204045,,,,,
5.85405,0.0,0.33261506003175,414.727057885636,,,,,
5.8754,0.0,0.332696825876684,414.755779349978,,,,,
5.60435,0.0,0.33262692263789,414.734268737095,,,,,
5.2555,0.0,0.332630120088007,414.718169961863,,,,,
5.0889,0.0,0.331076457073046,413.633275857139,,,,,
5.89595,0.0,0.332720328341562,414.754385846686,,,,,
5.76895,0.0,0.332608947551042,414.65523735087,,,,,
5.3802,0.0,0.332573912234219,414.622488719343,,,,,
5.6972,0.0,0.332710935864943,414.726430440063,,,,,
5.87105,0.0,0.332576942831025,414.624346973456,,,,,
5.9058,0.0,0.332715581292368,414.755545937062,,,,,
5.9972,0.0,0.332706627155259,414.722940560246,,,,,
5.52365,0.0,0.332593267433324,414.707573058176,,,,,
5.74665,0.0,0.332725783838236,414.742743561498,,,,,
5.2566,0.0,0.332669184245493,414.712194457383,,,,,
5.10795,0.0,0.331586872279158,413.999010879238,,,,,
5.56645,0.0,0.332726691894486,414.748506888144,,,,,
5.7021,0.0,0.332576568178341,414.647904384912,,,,,
5.7283,0.0,0.332646344746011,414.681741855672,,,,,
5.32225,0.0,0.332561100396929,414.639053294772,,,,,
5.19835,0.0,0.332475186966873,414.573987808783,,,,,
5.0714,0.0,0.329966103507129,413.077187223023,,,,,
5.15405,0.0,0.332125184698974,414.424680454799,,,,,
5.126,0.0,0.331891363821649,414.254090861775,,,,,
5.5877,0.0,0.332686967446628,414.708716839738,,,,,
5.50235,0.0,0.332576026708752,414.654136300183,,,,,
5.9053,0.0,0.332691801837218,414.755229934464,,,,,
5.30095,0.0,0.332553399055033,414.607248624045,,,,,
5.8416,0.0,0.332577146291868,414.634493696526,,,,,
5.8449,0.0,0.332666088327261,414.749929798064,,,,,
5.18635,0.0,0.33248264775828,414.604980803727,,,,,
5.42765,0.0,0.33269117854267,414.71174610298,,,,,
5.94765,0.0,0.332683029132385,414.706034401029,,,,,
5.4748,0.0,0.332651232221286,414.744983386238,,,,,
5.31255,0.0,0.332557600903025,414.647640271387,,,,,
5.2963,0.0,0.332697877804388,414.736616673513,,,,,
5.8203,0.0,0.332576963067727,414.622698231624,,,,,
5.4447,0.0,0.332643642331784,414.741950358392,,,,,
5.4353,0.0,0.332681209498451,414.752846495788,,,,,
5.0688,0.0,0.330116829180358,413.208784233706,,,,,
5.0862,0.0,0.331069704123299,413.669481031677,,,,,
5.1877,0.0,0.332469800124348,414.573461092551,,,,,
5.52585,0.0,0.33271252844964,414.755759677157,,,,,
5.9519,0.0,0.332576734994552,414.644033474176,,,,,
5.2041,0.0,0.3324332848133,414.614368696912,,,,,
5.5935,0.0,0.332589563184007,414.70247403028,,,,,
5.92185,0.0,0.332576829067919,414.642176855148,,,,,
5.625,0.0,0.332667877423755,414.75040808062,,,,,
5.65285,0.0,0.332578323846398,414.675980293047,,,,,
5.807,0.0,0.332717213764468,414.731994323371,,,,,
5.53865,0.0,0.332628614605232,414.669675168997,,,,,
5.49755,0.0,0.332696758080814,414.715605335259,,,,,
5.72855,0.0,0.332631018562129,414.671346554834,,,,,
5.8515,0.0,0.332577191687684,414.632176405088,,,,,
5.9856,0.0,0.332708505696122,414.75618925004,,,,,
5.71075,0.0,0.332576482855919,414.621658235965,,,,,
5.79985,0.0,0.332581032807619,414.628994547601,,,,,
5.35825,0.0,0.33265017959926,414.684494839263,,,,,
5.8963,0.0,0.332726567248742,414.749393583301,,,,,
5.5591,0.0,0.332605091987409,414.652207780946,,,,,
5.97195,0.0,0.332576653500741,414.645847240705,,,,,
5.24375,0.0,0.332516148953664,414.660079836949,,,,,
5.5368,0.0,0.332724405621696,414.740479379511,,,,,
5.92995,0.0,0.332579208787096,414.626475518348,,,,,
5.7995,0.0,0.332588244017193,414.637179743453,,,,,
5.6129,0.0,0.332578641068921,414.677506406591,,,,,
5.03425,0.0,0.323258096213967,413.382746165887,,,,,
5.57175,0.0,0.332576989867683,414.636030060594,,,,,
5.9224,0.0,0.332576583492619,414.661396923783,,,,,
5.71455,0.0,0.33264109519605,414.741143669612,,,,,
5.12305,0.0,0.331707225565,414.12524790688,,,,,
5.61375,0.0,0.332598097169931,414.712899696438,,,,,
5.59445,0.0,0.332632580906057,414.737202531235,,,,,
5.3564,0.0,0.332718150819516,414.746014958385,,,,,
5.81885,0.0,0.332613011977676,414.658356888629,,,,,
5.2973,0.0,0.332687464448403,414.71212200935,,,,,
5.22915,0.0,0.332511907194627,414.593539362521,,,,,
5.6116,0.0,0.332577156683682,414.632658099382,,,,,
5.6535,0.0,0.332590157135515,414.703309806323,,,,,
5.84525,0.0,0.332687782113615,414.754662602246,,,,,
5.9473,0.0,0.332702573713431,414.71983449933,,,,,
5.19915,0.0,0.332432311936023,414.54315797872,,,,,
5.7343,0.0,0.332626514136405,414.734058107526,,,,,
5.31515,0.0,0.332652680733112,414.740117573083,,,,,
5.4954,0.0,0.332689433858477,414.754689371967,,,,,
5.039,0.0,0.324165196459018,411.933519017105,,,,,
5.85765,0.0,0.332684789159464,414.707229862949,,,,,
5.2989,0.0,0.332595803450295,414.648130483064,,,,,
5.1098,0.0,0.331530274122155,413.945424810137,,,,,
5.70445,0.0,0.332634757894583,414.738275944766,,,,,
5.9945,0.0,0.332643653268349,414.742223220489,,,,,
5.9174,0.0,0.33269791224895,414.716394537944,,,,,
5.4916,0.0,0.332576719133342,414.631477127985,,,,,
5.34895,0.0,0.33260720188862,414.654983565234,,,,,
5.5912,0.0,0.332576947753466,414.625069498377,,,,,
5.1188,0.0,0.331742687432253,414.100835216183,,,,,
5.8815,0.0,0.332577199344809,414.632400604401,,,,,
5.57415,0.0,0.332615423703585,414.727312760444,,,,,
5.32555,0.0,0.332680462614574,414.746672307569,,,,,
5.66395,0.0,0.332607194779073,414.721218543269,,,,,
5.95865,0.0,0.332621092557804,414.66432515855,,,,,
5.72365,0.0,0.332595764619903,414.710362041134,,,,,
5.27195,0.0,0.33253452891958,414.61203526752,,,,,
5.53795,0.0,0.332672505955462,414.699008920441,,,,,
5.32465,0.0,0.332624216784706,414.731160576908,,,,,
5.4482,0.0,0.332657418290596,414.689096291751,,,,,
5.2755,0.0,0.332650795862014,414.730527516298,,,,,
5.2665,0.0,0.332679075461959,414.720455998548,,,,,
5.9036,0.0,0.332596073075288,414.710705333969,,,,,
5.22655,0.0,0.332620452177897,414.68370568327,,,,,
5.4933,0.0,0.332583477581057,414.692455136883,,,,,
5.77935,0.0,0.332592856155943,414.641673481427,,,,,
5.83745,0.0,0.332696618661843,414.715463705598,,,,,
5.5071,0.0,0.332716754529991,414.731691157275,,,,,
5.60445,0.0,0.332632776130177,414.737302564634,,,,,
5.82655,0.0,0.332726522419998,414.744566563646,,,,,
5.564,0.0,0.332607892607647,414.721802583986,,,,,
5.9434,0.0,0.332590000170533,414.703082065945,,,,,
5.3894,0.0,0.332591719124476,414.6416616909,,,,,
5.1728,0.0,0.332256094298155,414.466083362036,,,,,
5.247,0.0,0.332653284961361,414.694927249738,,,,,
5.46115,0.0,0.33257596654541,414.623379047826,,,,,
5.9458,0.0,0.332716044355429,414.755465890108,,,,,
5.7458,0.0,0.332713616410774,414.755819931181,,,,,
5.35495,0.0,0.332650851637291,414.7428467544,,,,,
5.404,0.0,0.332602603074296,414.718066241746,,,,,
5.8231,0.0,0.332582225662408,414.688836269022,,,,,
5.9977,0.0,0.332678975403033,414.703309181848,,,,,
5.91205,0.0,0.332576562708955,414.64852472804,,,,,
5.4656,0.0,0.332699474825484,414.755516749387,,,,,
5.3086,0.0,0.332617014558111,414.662764274572,,,,,
5.18155,0.0,0.332315061016468,414.462615994567,,,,,
5.84775,0.0,0.332678892293956,414.703255638572,,,,,
5.3136,0.0,0.332570996468832,414.691194161143,,,,,
5.0196,1110.11744555501,0.332599667325111,413.043606885424,,,,,
5.15955,0.0,0.332198823863277,414.392123604253,,,,,
5.0008,1734.6791724023,0.291849249356439,390.61807563038,,,,,
5.9783,0.0,0.332641261433069,414.678335696401,,,,,
5.92575,0.0,0.332713955919524,414.755781933696,,,,,
5.3697,0.0,0.332581088047665,414.63201236777,,,,,
5.02965,411.06187952905,0.323426703365222,411.303341206634,,,,,
5.23595,0.0,0.332623356572525,414.701459700833,,,,,
5.29135,0.0,0.332548745892214,414.607907329762,,,,,
5.53745,0.0,0.33270154749703,414.719085330003,,,,,
5.2399,0.0,0.332505333838231,414.582336680616,,,,,
5.5317,0.0,0.332576938455522,414.634335888173,,,,,
5.23975,0.0,0.332508537381017,414.585927431076,,,,,
5.5617,0.0,0.332577014479884,414.634644095052,,,,,
5.4328,0.0,0.332575806839031,414.669938097568,,,,,
5.00815,1644.56801254043,0.317320340110744,403.551891570691,,,,,
5.03355,126.464256858937,0.323749504906959,413.900665340515,,,,,
5.7154,0.0,0.332693960395629,414.755487435577,,,,,
5.9899,0.0,0.332579549526922,414.626974523821,,,,,
5.8026,0.0,0.332577068079784,414.667751552173,,,,,
5.7414,0.0,0.332577189499934,414.629278362706,,,,,
5.2771,0.0,0.332682028553659,414.71112148203,,,,,
5.39965,0.0,0.332584645815442,414.634695227014,,,,,
5.545,0.0,0.332666080672182,414.749867544756,,,,,
5.3879,0.0,0.332674983956838,414.700789832606,,,,,
5.24185,0.0,0.332499236299417,414.586599420865,,,,,
5.3274,0.0,0.332694028738815,414.715237389768,,,,,
5.22405,0.0,0.332489149895404,414.648213292288,,,,,
5.1858,0.0,0.332457203128941,414.605538734452,,,,,
5.54185,0.0,0.332576813753652,414.638437453245,,,,,
5.307,0.0,0.332701442524263,414.724365464553,,,,,
5.4978,0.0,0.332682381216996,414.705617043632,,,,,
5.07745,0.0,0.330822152531545,413.4948949793,,,,,
5.7409,0.0,0.332576651312987,414.622476734627,,,,,
5.03835,0.0,0.323035596992621,411.186152940655,,,,,
5.28465,0.0,0.332604454858052,414.719258769817,,,,,
5.485,0.0,0.332664415688309,414.749263140479,,,,,
5.9958,0.0,0.332716626600275,414.755361354794,,,,,
5.22585,0.0,0.332598347104567,414.689264754479,,,,,
5.62055,0.0,0.332576463166126,414.621650406208,,,,,
5.95495,0.0,0.332671557836196,414.751374846866,,,,,
5.90075,0.0,0.332576542472229,414.621897542747,,,,,
5.1646,0.0,0.332244921422608,414.501177132232,,,,,
5.45055,0.0,0.332575475393356,414.621178251742,,,,,
5.07015,0.0,0.329973235152277,413.088138680203,,,,,
5.0691,0.0,0.330069051721364,413.177776420879,,,,,
5.517,0.0,0.332719859817434,414.734804035713,,,,,
5.0819,0.0,0.330636931381415,413.359297363598,,,,,
5.70415,0.0,0.332617718928533,414.728819669264,,,,,
5.44,0.0,0.332579181440385,414.627501562135,,,,,
5.3203,0.0,0.332562393964206,414.614543938899,,,,,
5.4537,0.0,0.332593339078666,414.708160126757,,,,,
5.87815,0.0,0.332652807593795,414.686020400154,,,,,
5.2724,0.0,0.332534001056752,414.626717210745,,,,,
5.6084,0.0,0.332642492349989,414.679153120051,,,,,
5.2539,0.0,0.332536033187291,414.675151653701,,,,,
5.6782,0.0,0.332653744830269,414.686647980359,,,,,
5.85365,0.0,0.332597301971829,414.712053112408,,,,,
5.1925,0.0,0.332362412171461,414.521261249164,,,,,
5.3244,0.0,0.332609342948871,414.723664119261,,,,,
5.50725,0.0,0.332711080198371,414.726623791102,,,,,
5.6914,0.0,0.332577189499934,414.628956901037,,,,,
5.3577,0.0,0.332684186081958,414.707256333091,,,,,
5.9198,0.0,0.332581200715453,414.629210300161,,,,,
5.3305,0.0,0.33256420112123,414.614396164816,,,,,
5.25895,0.0,0.332564781444087,414.628273254142,,,,,
5.6165,0.0,0.332726914397957,414.747204006913,,,,,
5.97045,0.0,0.33257648230898,414.621633085068,,,,,
5.1247,0.0,0.331780469552885,414.214083344158,,,,,
5.04225,0.0,0.324368842460149,412.48265473201,,,,,
5.4367,0.0,0.332724826030282,414.743087327535,,,,,
5.5958,0.0,0.332711623088317,414.755981650091,,,,,
5.59355,0.0,0.332591033294092,414.704540129284,,,,,
5.62075,0.0,0.332576422692659,414.621562844246,,,,,
5.39835,0.0,0.332646860947284,414.68218450699,,,,,
5.367,0.0,0.332715390490519,414.73269772355,,,,,
5.69455,0.0,0.33264067632214,414.740968052821,,,,,
5.951,0.0,0.332576902357617,414.624061681843,,,,,
5.91155,0.0,0.332577169810183,414.633820399281,,,,,
5.35685,0.0,0.332717223058492,414.736197160941,,,,,
5.1482,0.0,0.332169013334354,414.382063330327,,,,,
5.78755,0.0,0.33269195930092,414.712168236051,,,,,
5.7738,0.0,0.332602198371217,414.716906479368,,,,,
5.2886,0.0,0.332607835731392,414.656977667555,,,,,
5.8716,0.0,0.332577146838805,414.634738625741,,,,,
5.1265,0.0,0.33192280059289,414.257242099344,,,,,
5.5569,0.0,0.332722303024101,414.73751862222,,,,,
5.99995,0.0,0.332578965401292,414.626118437095,,,,,
5.7358,0.0,0.33271349011999,414.755837426123,,,,,
5.42145,0.0,0.332575141759587,414.626952836139,,,,,
5.24585,0.0,0.332635340828555,414.711527329751,,,,,
5.29505,0.0,0.332636634653964,414.732660143234,,,,,
5.4143,0.0,0.332618252674071,414.72918618236,,,,,
5.92865,0.0,0.332621630672844,414.664709509054,,,,,
5.2828,0.0,0.332542524434679,414.647227256791,,,,,
5.80635,0.0,0.332726701734938,414.748999996636,,,,,
5.29535,0.0,0.332655757091025,414.737315152877,,,,,
5.36865,0.0,0.33262635226687,414.668438866279,,,,,
5.33605,0.0,0.332706044346188,414.74794093302,,,,,
5.96475,0.0,0.332658955904399,414.747799515416,,,,,
5.6343,0.0,0.332624647163393,414.733013507536,,,,,
5.4132,0.0,0.332579177611845,414.685871430641,,,,,
5.38465,0.0,0.332636131560996,414.738199578184,,,,,
5.41625,0.0,0.332721498828945,414.751297011819,,,,,
5.99665,0.0,0.332724606805585,414.740614153745,,,,,
5.61325,0.0,0.332583699086488,414.692270858288,,,,,
5.57105,0.0,0.332576698896625,414.623217733944,,,,,
5.0913,0.0,0.331035002085183,413.589594245167,,,,,
5.61645,0.0,0.332726831300855,414.748232054642,,,,,
5.028,508.302462258431,0.318028326570761,407.496996013406,,,,,
5.20535,0.0,0.332512376558813,414.651198496117,,,,,
5.27175,0.0,0.33253472091922,414.606740959522,,,,,
5.22185,0.0,0.332460429567822,414.56184868759,,,,,
5.5191,0.0,0.332605512546806,414.652575548071,,,,,
5.8913,0.0,0.332577185671372,414.628298291534,,,,,
5.2203,0.0,0.332461382666211,414.550743529266,,,,,
5.97775,0.0,0.332676265052253,414.701504983628,,,,,
5.90365,0.0,0.332597916691849,414.712696811308,,,,,
5.49585,0.0,0.332711928155995,414.755673707451,,,,,
5.95015,0.0,0.332577485939933,414.623709178439,,,,,
5.7548,0.0,0.332657788477784,414.747422299455,,,,,
5.14085,0.0,0.3319880409429,414.248408184846,,,,,
5.8362,0.0,0.332725283066841,414.751441095464,,,,,
5.2891,0.0,0.33258072269749,414.637382566032,,,,,
5.80815,0.0,0.332654264847734,414.686981455689,,,,,
5.48575,0.0,0.332707382727975,414.755854408444,,,,,
5.53495,0.0,0.332662630400776,414.748864871361,,,,,
5.97135,0.0,0.332577202626434,414.629776373444,,,,,
5.8698,0.0,0.332581455038231,414.629532983697,,,,,
5.24475,0.0,0.332567440195897,414.695799322565,,,,,
5.9244,0.0,0.332636073595888,414.738894198056,,,,,
5.0074,1672.61727780877,0.318050296446003,403.995946766026,,,,,
5.83345,0.0,0.332590431140412,414.703672134481,,,,,
5.42775,0.0,0.332685416840059,414.707747869087,,,,,
5.77315,0.0,0.332582816345451,414.690265392587,,,,,
5.22215,0.0,0.332460049859666,414.570671178278,,,,,
5.3723,0.0,0.332570881062848,414.647550129335,,,,,
5.0118,1518.32275940642,0.317723421581458,403.206816275599,,,,,
5.79505,0.0,0.33267459191769,414.752103466581,,,,,
5.9804,0.0,0.332576541378352,414.62178983756,,,,,
5.5377,0.0,0.33268781054491,414.709300487269,,,,,
5.35615,0.0,0.332713193801168,414.749377566893,,,,,
5.50615,0.0,0.332721855824043,414.753363994052,,,,,
5.68555,0.0,0.332701431589598,414.756097666284,,,,,
5.15415,0.0,0.3321301964979,414.429236609262,,,,,
5.0316,297.03983630609,0.323716410761217,411.796729569044,,,,,
5.13325,0.0,0.33186391545561,414.237148218899,,,,,
5.92435,0.0,0.332633062677416,414.737452257533,,,,,
5.91985,0.0,0.332580476578133,414.628255916959,,,,,
5.5263,0.0,0.332725024480444,414.75129756433,,,,,
5.7918,0.0,0.332576949941218,414.639440241247,,,,,
5.503,0.0,0.332578928756672,414.679970079795,,,,,
5.7394,0.0,0.332591678105952,414.64056692792,,,,,
5.60375,0.0,0.332597967006961,414.712763300003,,,,,
5.92305,0.0,0.332581931961282,414.6880954171,,,,,
5.70545,0.0,0.332696516967969,414.755746788518,,,,,
5.4843,0.0,0.332621367630946,414.731081839754,,,,,
5.26245,0.0,0.332524472578377,414.622428577008,,,,,
5.42665,0.0,0.332724865392307,414.744136591813,,,,,
5.3713,0.0,0.332571437308383,414.621950457297,,,,,
5.61725,0.0,0.332709891632596,414.725563783528,,,,,
5.93045,0.0,0.332576505827342,414.621670820236,,,,,
5.39895,0.0,0.332611765638997,414.657785904209,,,,,
5.9616,0.0,0.332577111834798,414.635485196127,,,,,
5.08675,0.0,0.331142838088581,413.6966840793,,,,,
5.7242,0.0,0.33262075514173,414.7307212181,,,,,
5.21275,0.0,0.332434099007619,414.576291531674,,,,,
5.91145,0.0,0.332577211924371,414.631488987226,,,,,
5.12375,0.0,0.331723359920694,414.164008462456,,,,,
5.5378,0.0,0.332681827890787,414.705230681616,,,,,
5.99915,0.0,0.33259734298966,414.645707980971,,,,,
5.18565,0.0,0.332447946571749,414.604292633788,,,,,
5.3352,0.0,0.332662398558752,414.74470036825,,,,,
5.85455,0.0,0.332643923948213,414.742339581986,,,,,
5.98145,0.0,0.332577191687684,414.631999708188,,,,,
5.25945,0.0,0.332543065411825,414.610746292647,,,,,
5.93565,0.0,0.332709993322383,414.756129194505,,,,,
5.8228,0.0,0.332578391119476,414.676209337542,,,,,
5.7105,0.0,0.332576528798764,414.621739435579,,,,,
5.39215,0.0,0.33257290968637,414.643855557486,,,,,
5.632,0.0,0.332576708194576,414.643889460738,,,,,
5.7026,0.0,0.332576917124942,414.666445579268,,,,,
5.65155,0.0,0.332577180201996,414.631823859911,,,,,
5.98355,0.0,0.332595211696501,414.709741544227,,,,,
5.3382,0.0,0.332650280213665,414.68466219327,,,,,
5.53965,0.0,0.332586399253169,414.635330384214,,,,,
5.05625,0.0,0.327347787659884,412.168641502809,,,,,
5.88125,0.0,0.332577153948994,414.627344752469,,,,,
5.9876,0.0,0.332685251718624,414.707544616525,,,,,
5.57715,0.0,0.332714410784168,414.72944905229,,,,,
5.2179,0.0,0.332560896379305,414.629364674835,,,,,
5.7057,0.0,0.332708905349402,414.75617091196,,,,,
5.88635,0.0,0.332726828567398,414.748496762108,,,,,
5.9993,0.0,0.332592178531597,414.641029329628,,,,,
5.37105,0.0,0.33257109984193,414.619143413694,,,,,
5.3326,0.0,0.332563986166324,414.653778170217,,,,,
5.8742,0.0,0.332623459382489,414.732322530863,,,,,
5.458,0.0,0.332670217669926,414.697529484102,,,,,
5.3811,0.0,0.332572197016858,414.620258501944,,,,,
5.04935,0.0,0.32700995638667,412.625416868714,,,,,
5.8007,0.0,0.332576474651839,414.621604766791,,,,,
5.1426,0.0,0.331988249695825,414.289089458373,,,,,
5.58475,0.0,0.332650958266472,414.745044393169,,,,,
5.44265,0.0,0.33257543601365,414.664220860167,,,,,
5.8168,0.0,0.332722790132527,414.738049514214,,,,,
5.7498,0.0,0.33258208127306,414.630331454959,,,,,
5.8507,0.0,0.332576472464084,414.621648437345,,,,,
5.88165,0.0,0.332577094879731,414.636111357795,,,,,
5.8433,0.0,0.332586486213814,414.697555428794,,,,,
5.4827,0.0,0.332576445664087,414.66721054168,,,,,
5.152,0.0,0.332095830939969,414.335201928826,,,,,
5.80175,0.0,0.332577017214573,414.638116475666,,,,,
5.2505,0.0,0.332513293403494,414.582248133912,,,,,
5.9377,0.0,0.332680165719566,414.704114381223,,,,,
5.16365,0.0,0.332197454411747,414.460121426549,,,,,
5.36135,0.0,0.332570217614401,414.621853245326,,,,,
5.18415,0.0,0.332348609207081,414.562880417606,,,,,
5.34035,0.0,0.332567169453782,414.617155126733,,,,,
5.61685,0.0,0.332723079882431,414.738457793918,,,,,
5.0658,0.0,0.329262491421611,412.8164618386,,,,,
5.16125,0.0,0.33218375465767,414.375104615199,,,,,
5.8728,0.0,0.332578545355261,414.676886365357,,,,,
5.9219,0.0,0.33257675741902,414.643726097919,,,,,
5.4926,0.0,0.33257622743546,414.663435162716,,,,,
5.2876,0.0,0.332668324149588,414.697942532032,,,,,
5.53085,0.0,0.332576312211009,414.621669206427,,,,,
5.81965,0.0,0.332584505802548,414.633185563014,,,,,
5.2308,0.0,0.332481116441353,414.561052096205,,,,,
5.9733,0.0,0.332587535208983,414.699326691318,,,,,
5.065,0.0,0.328882707764117,412.645152131103,,,,,
5.7611,0.0,0.332576948847342,414.624522240286,,,,,
5.97535,0.0,0.332695853223317,414.755689872995,,,,,
5.68365,0.0,0.332595295920303,414.709836131576,,,,,
5.495,0.0,0.332664738843466,414.749392484686,,,,,
5.27475,0.0,0.332602902773016,414.717252199252,,,,,
5.48,0.0,0.332579777051234,414.627741294168,,,,,
5.0899,0.0,0.331040242487111,413.597186593671,,,,,
5.60745,0.0,0.332700527838282,414.718309557014,,,,,
5.48335,0.0,0.332584345006419,414.694359023261,,,,,
5.32205,0.0,0.332561365674349,414.632564615103,,,,,
5.4318,0.0,0.332575426715663,414.635154331198,,,,,
5.78,0.0,0.332579179799582,414.626454575302,,,,,
5.1827,0.0,0.332314623668402,414.49890028045,,,,,
5.3526,0.0,0.332568193897028,414.656672144537,,,,,
5.79725,0.0,0.332707318761321,414.723486086998,,,,,
5.56855,0.0,0.332634024030664,414.673420301496,,,,,
5.7855,0.0,0.33270054260012,414.756054837883,,,,,
5.0643,0.0,0.328763099286231,412.605292165406,,,,,
5.10685,0.0,0.33158939075903,414.021483496843,,,,,
5.5414,0.0,0.332577001900315,414.627931673773,,,,,
5.6104,0.0,0.332576812659775,414.622430686978,,,,,
5.61445,0.0,0.332632976822639,414.737406695244,,,,,
5.49365,0.0,0.332592731460041,414.707039215296,,,,,
5.82445,0.0,0.332637139386687,414.739386975796,,,,,
5.67335,0.0,0.332586346748618,414.697328606914,,,,,
5.3447,0.0,0.332632805659865,414.735760556473,,,,,
5.4942,0.0,0.332616294326874,414.727900884146,,,,,
5.1805,0.0,0.33231482783722,414.45662754813,,,,,
5.35755,0.0,0.332692349679357,414.713099047554,,,,,
5.86735,0.0,0.332701363247933,414.718928192985,,,,,
5.3006,0.0,0.332553435702465,414.607205981998,,,,,
5.68225,0.0,0.33257643581919,414.652886882094,,,,,
5.70565,0.0,0.332706632075781,414.756219010403,,,,,
5.2441,0.0,0.332530378746433,414.674154884282,,,,,
5.8262,0.0,0.332725236597842,414.751489353809,,,,,
5.6538,0.0,0.332600590491955,414.715386427416,,,,,
5.63055,0.0,0.332576469182452,414.621644652451,,,,,
5.6023,0.0,0.332576396439597,414.65372328854,,,,,
5.2073,0.0,0.332560493266366,414.633578478683,,,,,
5.4453,0.0,0.332681690652622,414.753056494201,,,,,
5.3271,0.0,0.332705387181264,414.725358000269,,,,,
5.22155,0.0,0.332460513825769,414.554959000852,,,,,
5.9165,0.0,0.332726664559897,414.745058410365,,,,,
5.0203,1075.72314131441,0.333009820632984,413.402350111532,,,,,
5.91725,0.0,0.332705500353685,414.722060040659,,,,,
5.6589,0.0,0.332613095650092,414.658422317384,,,,,
5.80865,0.0,0.332623797342681,414.666257355426,,,,,
5.4117,0.0,0.332574675765632,414.631933303449,,,,,
5.5511,0.0,0.332576717492527,414.623632612373,,,,,
5.70255,0.0,0.332576749761884,414.664460414877,,,,,
5.57815,0.0,0.332658963559642,414.690095492564,,,,,
5.5778,0.0,0.332681118735199,414.704761792519,,,,,
5.81765,0.0,0.332685572666505,414.70775853755,,,,,
5.00055,1734.74167429909,0.291855643345087,390.647088777386,,,,,
5.238,0.0,0.332595028482312,414.650430602552,,,,,
5.05885,0.0,0.32900591400926,412.958080269405,,,,,
5.53465,0.0,0.332643475549126,414.742105840463,,,,,
5.14315,0.0,0.331991623694705,414.314404906551,,,,,
5.32355,0.0,0.332573139403002,414.69138071545,,,,,
5.4609,0.0,0.332575627989673,414.621353815244,,,,,
5.602,0.0,0.332576710382329,414.643567307269,,,,,
5.14945,0.0,0.332113665106545,414.339118845867,,,,,
5.56035,0.0,0.332576984398304,414.622912816746,,,,,
5.3505,0.0,0.332568384783328,414.617012881937,,,,,
5.5765,0.0,0.332726846608218,414.747446623159,,,,,
5.72185,0.0,0.332576907280059,414.640229437534,,,,,
5.44635,0.0,0.332724345485184,414.750301615896,,,,,
5.6296,0.0,0.332587053918597,414.635966298403,,,,,
5.8912,0.0,0.332577115663362,414.626564416826,,,,,
5.9881,0.0,0.332653709287511,414.686622907692,,,,,
5.14375,0.0,0.332005740642599,414.344285733317,,,,,
5.6089,0.0,0.332613892997943,414.659019082544,,,,,
5.4554,0.0,0.332688071347253,414.754221907664,,,,,
5.1095,0.0,0.331536467390827,413.952236480983,,,,,
5.94085,0.0,0.332576670455831,414.622589826303,,,,,
5.1863,0.0,0.332480998815788,414.605361558025,,,,,
5.8419,0.0,0.332576788047558,414.642914786662,,,,,
5.45065,0.0,0.332575348503175,414.620854708252,,,,,
5.40945,0.0,0.332591021808882,414.640698086458,,,,,
5.06835,0.0,0.330182597701502,413.243576305955,,,,,
5.1856,0.0,0.332444700861277,414.603745072245,,,,,
5.2725,0.0,0.332534004885812,414.630414628785,,,,,
5.8886,0.0,0.332625137695981,414.667217877639,,,,,
5.7819,0.0,0.332576803908765,414.642313872915,,,,,
5.05,0.0,0.326886135850199,412.524391308623,,,,,
5.38805,0.0,0.332665576530161,414.69453949361,,,,,
5.17765,0.0,0.332421560303436,414.543779456065,,,,,
5.2057,0.0,0.332534641603143,414.655171054573,,,,,
5.08335,0.0,0.330642885019447,413.393140940077,,,,,
5.15865,0.0,0.332236852498258,414.422630041403,,,,,
5.787,0.0,0.332717418232947,414.732205002907,,,,,
5.97155,0.0,0.332577145197993,414.634300594044,,,,,
5.0244,767.289842176287,0.333683004561671,418.650601176825,,,,,
5.93325,0.0,0.332585990701911,414.696684179233,,,,,
5.64875,0.0,0.332621102948244,414.664340737457,,,,,
5.3924,0.0,0.332572704035156,414.652548289016,,,,,
5.2852,0.0,0.33263994028394,414.731476021301,,,,,
5.98295,0.0,0.332580677849087,414.684689471199,,,,,
5.40665,0.0,0.332723978652225,414.743721436537,,,,,
5.85435,0.0,0.332631699935287,414.736781774526,,,,,
5.25525,0.0,0.33261449346852,414.715109603363,,,,,
5.9452,0.0,0.332686747650227,414.754500341437,,,,,
5.16455,0.0,0.332241588867822,414.499299608129,,,,,
5.40625,0.0,0.33272090128499,414.751019148294,,,,,
5.59325,0.0,0.332583561807831,414.69198245523,,,,,
5.669,0.0,0.332608116831251,414.654589758259,,,,,
5.47595,0.0,0.332715269667514,414.755063369692,,,,,
5.69825,0.0,0.332650133119769,414.684261134645,,,,,
5.71435,0.0,0.332629037322297,414.735405659171,,,,,
5.6799,0.0,0.332580853961072,414.628776053791,,,,,
5.95155,0.0,0.332577153402056,414.634139620924,,,,,
5.222,0.0,0.332460259410474,414.566035455803,,,,,
5.50275,0.0,0.332576900169865,414.66962054904,,,,,
5.8685,0.0,0.332631304564034,414.671533464786,,,,,
5.97635,0.0,0.332726907290969,414.747912988122,,,,,
5.9638,0.0,0.332604851901898,414.719261220916,,,,,
5.97115,0.0,0.332577082300165,414.626184650289,,,,,
5.7752,0.0,0.332683439751526,414.753936326012,,,,,
5.77885,0.0,0.332613652918785,414.658848125365,,,,,
5.2619,0.0,0.332525070475313,414.604521288698,,,,,
5.7323,0.0,0.332576423239598,414.65529375556,,,,,
5.7776,0.0,0.332689266005269,414.710302869524,,,,,
5.8791,0.0,0.332600804876305,414.648667601948,,,,,
5.61865,0.0,0.332627254032301,414.668714768289,,,,,
5.95445,0.0,0.332639728658986,414.740553883519,,,,,
5.68345,0.0,0.332589013531803,414.701644968696,,,,,
5.37595,0.0,0.332709504555062,414.752474587281,,,,,
5.49955,0.0,0.332589139869853,414.638235411269,,,,,
5.4603,0.0,0.332576624513005,414.623232473549,,,,,
5.4778,0.0,0.332682573131306,414.705751244005,,,,,
5.51125,0.0,0.332576704366008,414.625237150993,,,,,
5.2235,0.0,0.332469910094279,414.62509092273,,,,,
5.86375,0.0,0.332601341930373,414.71610468367,,,,,
5.54925,0.0,0.332598959635049,414.647134605778,,,,,
5.09845,0.0,0.331358343880824,413.83133222284,,,,,
5.62975,0.0,0.332583689788732,414.632271185921,,,,,
5.28785,0.0,0.332654404284456,414.68812404051,,,,,
5.3147,0.0,0.332623728985065,414.730359675208,,,,,
5.60575,0.0,0.332709640141594,414.756111337367,,,,,
5.68025,0.0,0.332577402805495,414.623572238187,,,,,
5.37975,0.0,0.332580857789592,414.631316856596,,,,,
5.4555,0.0,0.332693750445273,414.754939583524,,,,,
5.16245,0.0,0.332183393251177,414.406456467103,,,,,
5.3285,0.0,0.332629122631238,414.670685972593,,,,,
5.3319,0.0,0.332564405683785,414.63005719637,,,,,
5.7699,0.0,0.33258045251312,414.628231532502,,,,,
5.6252,0.0,0.332680439650329,414.753349368673,,,,,
5.00625,1695.33218638262,0.311472954651666,398.463384263865,,,,,
5.8085,0.0,0.332632464427747,414.672332078804,,,,,
5.2685,0.0,0.332599940228372,414.652296133877,,,,,
5.06195,0.0,0.328783324467065,412.785229093968,,,,,
5.11445,0.0,0.331583859513568,414.083803937717,,,,,
5.42335,0.0,0.332582487094477,414.692643231841,,,,,
5.06145,0.0,0.328781199985269,412.772551951547,,,,,
5.46,0.0,0.332579545151453,414.627668802031,,,,,
5.349,0.0,0.332604669239912,414.653082798665,,,,,
5.2589,0.0,0.332567398627425,414.630199547608,,,,,
5.5362,0.0,0.332723380019329,414.752727469022,,,,,
5.0529,0.0,0.326830105579105,412.530686560709,,,,,
5.3131,0.0,0.332560893644483,414.670019395189,,,,,
5.768,0.0,0.332664729547975,414.693877351179,,,,,
5.01405,1435.37504994762,0.316847529203422,402.03355894756,,,,,
5.7423,0.0,0.33257642214572,414.655413331748,,,,,
5.0484,0.0,0.326823163037881,412.461635609419,,,,,
5.80005,0.0,0.332578623566997,414.625593161066,,,,,
5.09695,0.0,0.331394365624656,413.874198331394,,,,,
5.9877,0.0,0.332679171146696,414.70344249388,,,,,
5.8829,0.0,0.332579621722153,414.681210300841,,,,,
5.03095,335.255924164333,0.323692686685071,411.622238446816,,,,,
5.91545,0.0,0.332700158245384,414.756033904734,,,,,
5.0871,0.0,0.331163199158968,413.70168858167,,,,,
5.8887,0.0,0.332619617111897,414.663253438808,,,,,
5.70675,0.0,0.332724496919835,414.740451260839,,,,,
5.49235,0.0,0.332575958341317,414.653961213487,,,,,
5.1784,0.0,0.332383442802725,414.516021702802,,,,,
5.77815,0.0,0.332654871807154,414.687394815124,,,,,
5.3058,0.0,0.332685659601227,414.742926118654,,,,,
5.1589,0.0,0.332224471152675,414.413478553336,,,,,
5.47495,0.0,0.33266086806926,414.748178963798,,,,,
5.30495,0.0,0.332635391684847,414.733764973322,,,,,
5.84795,0.0,0.332666267674776,414.694891331085,,,,,
5.5276,0.0,0.332693683195522,414.713387587758,,,,,
5.6997,0.0,0.332584257498288,414.632920341921,,,,,
5.9414,0.0,0.332577199891747,414.630614029919,,,,,
5.78175,0.0,0.332577004088066,414.637935600963,,,,,
5.3138,0.0,0.332577521490838,414.699401927088,,,,,
5.4736,0.0,0.332590686003047,414.704574420771,,,,,
5.65745,0.0,0.332699713202505,414.717710492886,,,,,
5.55415,0.0,0.332615058391125,414.727056889244,,,,,
5.2862,0.0,0.33268953446101,414.734244979707,,,,,
5.54155,0.0,0.332577034716582,414.630930432167,,,,,
5.83265,0.0,0.332577360144394,414.670169005099,,,,,
5.03145,335.255924164333,0.323708165213705,411.713609011136,,,,,
5.5985,0.0,0.332636514349193,414.675114463948,,,,,
5.3215,0.0,0.33256174034416,414.618788448026,,,,,
5.1687,0.0,0.332307351782994,414.466833295735,,,,,
5.6294,0.0,0.332592793261086,414.641617404337,,,,,
5.688,0.0,0.332666387968787,414.694969555404,,,,,
5.5119,0.0,0.332576604276282,414.639491863088,,,,,
5.10565,0.0,0.331502186789164,414.003896475114,,,,,
5.1608,0.0,0.332183291400185,414.372586571034,,,,,
5.65625,0.0,0.332725145299906,414.751563101466,,,,,
5.1907,0.0,0.332362407793134,414.485924662605,,,,,
5.41605,0.0,0.332716335204625,414.753477725276,,,,,
5.15775,0.0,0.332279983763968,414.454768462937,,,,,
5.7148,0.0,0.332656952411896,414.747146553378,,,,,
5.1139,0.0,0.33154915203781,414.050408504048,,,,,
5.22995,0.0,0.332487031038771,414.570241427443,,,,,
5.00065,1734.72153872564,0.291854335141048,390.640602492368,,,,,
5.0823,0.0,0.330636889020087,413.363314795755,,,,,
5.89545,0.0,0.332699815442138,414.756012521999,,,,,
5.11825,0.0,0.331762847204522,414.118016525055,,,,,
5.2324,0.0,0.332481154738039,414.592886710429,,,,,
5.60985,0.0,0.332581975168726,414.630210942697,,,,,
5.0187,1161.70256898401,0.332309503533221,413.421230065846,,,,,
5.92585,0.0,0.332717548895894,414.755165209472,,,,,
5.02625,624.117664275658,0.320435049987616,409.443815416846,,,,,
5.45655,0.0,0.332725936365618,414.746651587516,,,,,
5.57805,0.0,0.332665388980386,414.694323492958,,,,,
5.6955,0.0,0.332699011192624,414.75595450899,,,,,
5.63825,0.0,0.332651356348443,414.685074286999,,,,,
5.02645,624.117664275658,0.318817548869327,408.461694576418,,,,,
5.7798,0.0,0.332581910631022,414.630128978565,,,,,
5.47305,0.0,0.332579082992208,414.681452862683,,,,,
5.62365,0.0,0.332594594236937,414.709034591211,,,,,
5.8889,0.0,0.332609468732314,414.655643138173,,,,,
5.61005,0.0,0.332579214803372,414.626511524091,,,,,
5.6291,0.0,0.332604182505388,414.651460257558,,,,,
5.55855,0.0,0.332634206129686,414.673541477495,,,,,
5.99355,0.0,0.332595338579104,414.709873099489,,,,,
5.60015,0.0,0.3325782625896,414.625065694864,,,,,
5.32815,0.0,0.332651300573251,414.685405536853,,,,,
5.23515,0.0,0.332576697802748,414.694632851572,,,,,
5.7641,0.0,0.332616132452364,414.727775837725,,,,,
5.9048,0.0,0.33266091946845,414.748413906938,,,,,
5.79605,0.0,0.332722105119015,414.753663056579,,,,,
5.9885,0.0,0.332629008885978,414.669943579479,,,,,
5.04775,0.0,0.326041156008015,412.026868664361,,,,,
5.33375,0.0,0.332582259025089,414.701517339678,,,,,
5.17265,0.0,0.332255637163666,414.459790523046,,,,,
5.64015,0.0,0.332578164141151,414.624909016275,,,,,
5.757,0.0,0.332717751724048,414.732521820973,,,,,
5.42975,0.0,0.332583420153699,414.632770765677,,,,,
5.10355,0.0,0.33132026272453,413.872378354746,,,,,
5.0478,0.0,0.326121958067935,412.067994338916,,,,,
5.8271,0.0,0.332713314078213,414.728437103856,,,,,
5.7018,0.0,0.332576975647298,414.638603244364,,,,,
5.35025,0.0,0.3325697423154,414.619508787763,,,,,
5.0176,1238.34020496912,0.334165727162225,415.155090274135,,,,,
5.6759,0.0,0.332716469148248,414.755381474707,,,,,
5.81545,0.0,0.332698453520169,414.755915572762,,,,,
5.3118,0.0,0.332558219525211,414.623226938326,,,,,
5.6366,0.0,0.332726560688438,414.744831528235,,,,,
5.4473,0.0,0.332708962208379,414.725031304811,,,,,
5.70125,0.0,0.332577087222604,414.626372514081,,,,,
5.9485,0.0,0.332629770650367,414.670472357457,,,,,
5.146,0.0,0.33215932707453,414.419746657447,,,,,
5.78555,0.0,0.332703072878815,414.756171639976,,,,,
5.2322,0.0,0.332481349503977,414.585920330434,,,,,
5.03305,126.464256858937,0.323744888707317,413.582184157819,,,,,
5.8041,0.0,0.33261681932474,414.728224481241,,,,,
5.35285,0.0,0.332569204116402,414.666686763677,,,,,
5.50905,0.0,0.332607884404342,414.654459287116,,,,,
5.8345,0.0,0.332640419310472,414.740851436616,,,,,
5.2395,0.0,0.332515622155736,414.592929286593,,,,,
5.1178,0.0,0.331775526485967,414.130971633117,,,,,
5.5947,0.0,0.332648017475829,414.743942335931,,,,,
5.91555,0.0,0.33270515044849,414.756221690848,,,,,
5.9835,0.0,0.332593505886465,414.707718831859,,,,,
5.8825,0.0,0.332576794063878,414.664800154669,,,,,
5.6806,0.0,0.332576433631434,414.6215152874,,,,,
5.078,0.0,0.330803718113712,413.48457960716,,,,,
5.58935,0.0,0.332594874801079,414.64353313717,,,,,
5.5163,0.0,0.332724917328305,414.751318870463,,,,,
5.35895,0.0,0.33260858605967,414.655845505929,,,,,
5.76745,0.0,0.332697833518517,414.716343043854,,,,,
5.76565,0.0,0.332707536903963,414.756211211093,,,,,
5.6629,0.0,0.332578821557463,414.678201839144,,,,,
5.20545,0.0,0.332519037848336,414.652657595165,,,,,
5.0257,630.687615318878,0.325812601732566,412.776894229049,,,,,
5.0447,0.0,0.323531652595166,411.53545306922,,,,,
5.43005,0.0,0.332578273528315,414.626462679107,,,,,
5.82025,0.0,0.332577180201996,414.623129658273,,,,,
5.99725,0.0,0.332704244520361,414.721097907449,,,,,
5.04495,0.0,0.323313517340878,411.300917363582,,,,,
5.01035,1581.4291317762,0.317671624352184,403.297137370895,,,,,
5.94965,0.0,0.332583642206095,414.632198471519,,,,,
5.0229,840.149543741029,0.333110951214725,415.920909592646,,,,,
5.1215,0.0,0.331705481737594,414.067222115518,,,,,
5.68145,0.0,0.332577192781559,414.629887410144,,,,,
5.16945,0.0,0.332274209456793,414.440693078558,,,,,
5.19555,0.0,0.332487704500735,414.63106502711,,,,,
5.0276,531.852132089336,0.316545629414253,406.73835833117,,,,,
5.34585,0.0,0.33270062953093,414.750204559238,,,,,
5.922,0.0,0.332576620684436,414.646956723654,,,,,
5.09625,0.0,0.331351075163042,413.866784849578,,,,,
5.8509,0.0,0.332576704912946,414.622753270809,,,,,
5.3041,0.0,0.332585728725672,414.708316796687,,,,,
5.9655,0.0,0.332703498781655,414.756186070608,,,,,
5.91395,0.0,0.332611056334031,414.72420260236,,,,,
5.92985,0.0,0.33258043227663,414.628195922058,,,,,
5.00525,1715.27221824744,0.295226962945407,387.254055137974,,,,,
5.15205,0.0,0.332095767950982,414.336744480126,,,,,
5.81845,0.0,0.332635260442786,414.674258888331,,,,,
5.51805,0.0,0.332666456317638,414.695022598003,,,,,
5.90465,0.0,0.332651292371016,414.745185545181,,,,,
5.00445,1720.28690832855,0.288199426635544,380.925588269453,,,,,
5.77625,0.0,0.332725683793356,414.750950989025,,,,,
5.52165,0.0,0.33257690946781,414.63300442212,,,,,
5.86505,0.0,0.332676011895505,414.752426954217,,,,,
5.72255,0.0,0.332576773280228,414.664718603059,,,,,
5.91665,0.0,0.332725037601112,414.741311865753,,,,,
5.6118,0.0,0.332576989320745,414.637763893706,,,,,
5.7028,0.0,0.332578053660079,414.67458756778,,,,,
5.3184,0.0,0.332632691915865,414.673190926103,,,,,
5.81925,0.0,0.332595828061104,414.64437261968,,,,,
5.45635,0.0,0.332724615552708,414.750394001691,,,,,
5.44525,0.0,0.332678635311812,414.752466385453,,,,,
5.136,0.0,0.332036611087728,414.344821178103,,,,,
5.80095,0.0,0.332576766716969,414.623042967345,,,,,
5.68105,0.0,0.332576832349547,414.623636206014,,,,,
5.43915,0.0,0.33260334739854,414.651024782743,,,,,
5.7911,0.0,0.332576963614665,414.624646484668,,,,,
5.9915,0.0,0.332577179655059,414.633240589752,,,,,
5.9747,0.0,0.332655945193039,414.746817282236,,,,,
5.532,0.0,0.332576580210988,414.642752907615,,,,,
5.4884,0.0,0.332644471869203,414.680498185562,,,,,
5.66995,0.0,0.332580206940496,414.627904826434,,,,,
5.1881,0.0,0.332449412383741,414.558599235877,,,,,
5.01065,1565.0949313978,0.317736749269095,403.423407729666,,,,,
5.8581,0.0,0.332656420368873,414.688411790306,,,,,
5.92135,0.0,0.332577211924371,414.629448904472,,,,,
5.446,0.0,0.332716070597472,414.754432621303,,,,,
5.3077,0.0,0.332672495019846,414.700010171967,,,,,
5.41785,0.0,0.332679221449519,414.703563329626,,,,,
5.88865,0.0,0.33262234323644,414.665223990041,,,,,
5.20835,0.0,0.332507763850801,414.59452390993,,,,,
5.84835,0.0,0.332640783501415,414.678010357784,,,,,
5.99925,0.0,0.332593806687203,414.642543653134,,,,,
5.825,0.0,0.332672052127085,414.751494165801,,,,,
5.25545,0.0,0.332627102006523,414.717686546024,,,,,
5.98935,0.0,0.332590737413083,414.639655971063,,,,,
5.94865,0.0,0.332621270288985,414.664452857178,,,,,
5.4356,0.0,0.332698255600896,414.75505158937,,,,,
5.08815,0.0,0.331128170728719,413.671540848642,,,,,
5.91295,0.0,0.332580381411933,414.683729128733,,,,,
5.67735,0.0,0.332704421113666,414.72123925984,,,,,
5.5768,0.0,0.332724267307702,414.740192543621,,,,,
5.75345,0.0,0.332589669832836,414.70259530381,,,,,
5.1612,0.0,0.332183681281232,414.374557439757,,,,,
5.0263,624.117664275658,0.320004083769626,409.182539023563,,,,,
5.76255,0.0,0.332576819223033,414.665234864262,,,,,
5.60455,0.0,0.332638836770423,414.740144968885,,,,,
5.28275,0.0,0.332542301807833,414.645199846405,,,,,
5.4442,0.0,0.332614571671804,414.726809675678,,,,,
5.30295,0.0,0.332555087567629,414.660922551112,,,,,
5.86715,0.0,0.332710730845762,414.726248539699,,,,,
5.3171,0.0,0.33270243867075,414.723576027798,,,,,
5.69985,0.0,0.332581514106719,414.629634108453,,,,,
5.8717,0.0,0.332577050577777,414.637365344715,,,,,
5.4391,0.0,0.332605585283292,414.65281230918,,,,,
5.43555,0.0,0.332695603908674,414.754848294541,,,,,
5.169,0.0,0.332292414497319,414.455749215184,,,,,
5.1838,0.0,0.332333417621376,414.547840315469,,,,,
5.2888,0.0,0.332596204879718,414.648872500751,,,,,
5.9527,0.0,0.332577921848455,414.673816816203,,,,,
5.32865,0.0,0.332620014684511,414.664480681961,,,,,
5.08035,0.0,0.330637537092788,413.356633847494,,,,,
5.99985,0.0,0.332580126541401,414.627783374556,,,,,
5.79415,0.0,0.332619290084824,414.729815068697,,,,,
5.85875,0.0,0.332617465727226,414.661685780494,,,,,
5.4492,0.0,0.332601319507563,414.649319549083,,,,,
5.7761,0.0,0.332723100110245,414.753135346447,,,,,
5.099,0.0,0.331335089022304,413.811140286772,,,,,
5.57125,0.0,0.332576959239162,414.625668093062,,,,,
5.86585,0.0,0.332716885193199,414.755305836507,,,,,
5.60775,0.0,0.332683625650838,414.706433774911,,,,,
5.64285,0.0,0.332578277903801,414.675841867729,,,,,
5.3712,0.0,0.332571312057503,414.620635465768,,,,,
5.2813,0.0,0.33254231493571,414.603117377151,,,,,
5.0841,0.0,0.330682691648999,413.447616034036,,,,,
5.80665,0.0,0.332725548760055,414.742245554671,,,,,
5.81675,0.0,0.3327238485385,414.739471445412,,,,,
5.3223,0.0,0.332561051170168,414.640779026527,,,,,
5.0494,0.0,0.327001702660793,412.620969839811,,,,,
5.75415,0.0,0.332618596108247,414.729375979102,,,,,
5.58225,0.0,0.332576386047759,414.651687056127,,,,,
5.5861,0.0,0.332721570993375,414.753821611827,,,,,
5.15465,0.0,0.33216109863852,414.450141388692,,,,,
5.66305,0.0,0.332580614951927,414.684511257448,,,,,
5.6999,0.0,0.332580757154185,414.628654290001,,,,,
5.91035,0.0,0.332576707100699,414.622148811029,,,,,
5.8741,0.0,0.332618021347985,414.729003873969,,,,,
5.5198,0.0,0.332583166379352,414.6317926913,,,,,
5.1422,0.0,0.331988432149061,414.273498854958,,,,,
5.4539,0.0,0.33260092628779,414.716071779329,,,,,
5.1671,0.0,0.332372744863986,414.520616452495,,,,,
5.8211,0.0,0.332576979475863,414.624772843259,,,,,
5.327,0.0,0.332708106042362,414.728392194263,,,,,
5.7144,0.0,0.3326319766402,414.736912770786,,,,,
5.1678,0.0,0.332353547581726,414.500223826677,,,,,
5.65125,0.0,0.332577063704283,414.626110742067,,,,,
5.58725,0.0,0.33271027488265,414.725886231174,,,,,
5.59005,0.0,0.332579256917301,414.626602688829,,,,,
5.7207,0.0,0.332576447304903,414.621547700238,,,,,
5.39065,0.0,0.332572743415185,414.619226325715,,,,,
5.98735,0.0,0.332699341421756,414.717442314616,,,,,
5.1214,0.0,0.331705374804483,414.065547823991,,,,,
5.59695,0.0,0.332720777730479,414.735684295005,,,,,
5.8535,0.0,0.33259214134152,414.705996067363,,,,,
5.23995,0.0,0.332504430648033,414.581249208121,,,,,
5.11765,0.0,0.331778199238149,414.134804883389,,,,,
5.8189,0.0,0.332610557030553,414.656484540187,,,,,
5.56915,0.0,0.332602802691175,414.650348548828,,,,,
5.45385,0.0,0.332598890725426,414.714130339587,,,,,
5.40365,0.0,0.332589210969167,414.704258412219,,,,,
5.74295,0.0,0.332579653991229,414.681398110311,,,,,
5.8712,0.0,0.3325771162103,414.626460137338,,,,,
5.97715,0.0,0.332709177616341,414.724982132851,,,,,
5.37455,0.0,0.332628805456858,414.734696091142,,,,,
5.88245,0.0,0.332576658970125,414.662834848498,,,,,
5.63855,0.0,0.332632728554562,414.672533318346,,,,,
5.96525,0.0,0.332690051142022,414.754996741654,,,,,
5.35295,0.0,0.332569956172687,414.670824401709,,,,,
5.67535,0.0,0.332690374272278,414.755037755461,,,,,
5.83305,0.0,0.332581459960605,414.686857792287,,,,,
5.2542,0.0,0.332549613955153,414.686732661124,,,,,
5.1191,0.0,0.331731913448518,414.091658047222,,,,,
5.02855,500.222553430159,0.320490413295712,408.992297255539,,,,,
5.07175,0.0,0.329966758961198,413.079423395736,,,,,
5.66405,0.0,0.332611948843967,414.724865336766,,,,,
5.47195,0.0,0.332576151957857,414.640315584261,,,,,
5.5859,0.0,0.332715357141187,414.755522900658,,,,,
5.73745,0.0,0.332698345265995,414.716720408453,,,,,
5.5353,0.0,0.332684572095429,414.754043904278,,,,,
5.27225,0.0,0.332534122492627,414.621442443999,,,,,
5.05035,0.0,0.326841551489501,412.46599588339,,,,,
5.22715,0.0,0.332615661047095,414.669585117326,,,,,
5.64935,0.0,0.332594241480516,414.64295474614,,,,,
5.35045,0.0,0.332568560901822,414.617382420772,,,,,
5.1032,0.0,0.331311571743879,413.849488505742,,,,,
5.0568,0.0,0.327983414386532,412.43677798139,,,,,
5.4941,0.0,0.332611228054879,414.724387484191,,,,,
5.50885,0.0,0.332617860021187,414.662006255532,,,,,
5.0147,1396.97327302284,0.318400462277787,403.849565832038,,,,,
5.80385,0.0,0.332604775337006,414.71918531328,,,,,
5.1999,0.0,0.332408508933388,414.521067907742,,,,,
5.4883,0.0,0.332650811719692,414.684714508905,,,,,
5.18705,0.0,0.332489368728266,414.593230648696,,,,,
5.585,0.0,0.332667003107936,414.750156276092,,,,,
5.13595,0.0,0.332033056213045,414.344254163348,,,,,
5.96165,0.0,0.332577062610407,414.63680313627,,,,,
5.63565,0.0,0.332705538077817,414.75620958764,,,,,
5.7435,0.0,0.332591031106433,414.704525485382,,,,,
5.8185,0.0,0.332632262641281,414.672199620406,,,,,
5.1404,0.0,0.331989130182438,414.250711271912,,,,,
5.45085,0.0,0.332575383507368,414.621005270174,,,,,
5.847,0.0,0.33271675781024,414.731570576705,,,,,
5.8053,0.0,0.332689946165627,414.754979811428,,,,,
5.12345,0.0,0.331714024759209,414.147092462151,,,,,
5.1869,0.0,0.332490542764111,414.596696357357,,,,,
5.67405,0.0,0.332612110173632,414.724985307749,,,,,
5.0181,1207.65760585484,0.333025141400417,414.356978598926,,,,,
5.3462,0.0,0.332712643806492,414.747797326284,,,,,
5.9044,0.0,0.332635676042468,414.738709493803,,,,,
5.7344,0.0,0.332632349589936,414.737106317349,,,,,
5.10695,0.0,0.331592186792365,414.020634180802,,,,,
5.3657,0.0,0.332697218983113,414.752230398393,,,,,
5.0656,0.0,0.329145312761718,412.763939413415,,,,,
5.30915,0.0,0.332587597557914,414.641346634851,,,,,
5.56515,0.0,0.332676048529431,414.752390782095,,,,,
5.07955,0.0,0.330658168577014,413.38319770153,,,,,
5.9273,0.0,0.332702902298833,414.720078532938,,,,,
5.1198,0.0,0.331712953809,414.073270728811,,,,,
5.83505,0.0,0.332675411535967,414.752291203398,,,,,
5.72795,0.0,0.332668750096916,414.696531200157,,,,,
5.4758,0.0,0.332709333431658,414.75570373173,,,,,
5.26165,0.0,0.332525238411404,414.598319008449,,,,,
5.94565,0.0,0.332710134922624,414.756119626311,,,,,
5.44935,0.0,0.332595438663191,414.64431034194,,,,,
5.151,0.0,0.332095316073113,414.317225645351,,,,,
5.49515,0.0,0.332674278067329,414.751850305395,,,,,
5.4114,0.0,0.332574652247141,414.625712389113,,,,,
5.45525,0.0,0.332679076555499,414.752657880303,,,,,
5.69565,0.0,0.332706474619025,414.756222155899,,,,,
5.26475,0.0,0.332593331968824,414.711469854108,,,,,
5.1986,0.0,0.33246066811624,414.564005890878,,,,,
5.73315,0.0,0.33258257569693,414.689713840155,,,,,
5.20665,0.0,0.33256848268772,414.649709566305,,,,,
5.0487,0.0,0.326981914675484,412.573269986684,,,,,
5.36455,0.0,0.332627351919366,414.73383964313,,,,,
5.77925,0.0,0.332596286368738,414.644786901779,,,,,
5.8669,0.0,0.332719753210335,414.734556548432,,,,,
5.4876,0.0,0.332694111297365,414.713717989891,,,,,
5.6887,0.0,0.332623161342877,414.665813631462,,,,,
5.2508,0.0,0.332512828963992,414.581161273446,,,,,
5.8801,0.0,0.332577980917571,414.624560588518,,,,,
5.5437,0.0,0.332595297014118,414.709912629808,,,,,
5.66195,0.0,0.332576783125115,414.642642770471,,,,,
5.9012,0.0,0.332577113475611,414.626616931151,,,,,
5.8837,0.0,0.332599603884641,414.71441030942,,,,,
5.59365,0.0,0.332594251324886,414.708623721168,,,,,
5.8882,0.0,0.332649404211138,414.683768842126,,,,,
5.09665,0.0,0.331382048860712,413.874052800373,,,,,
5.23375,0.0,0.332498644920827,414.649181792175,,,,,
5.5111,0.0,0.332576508562035,414.62337781829,,,,,
5.0446,0.0,0.323621792927072,411.634851186783,,,,,
5.36435,0.0,0.332615760031319,414.727644976804,,,,,
5.3953,0.0,0.332678413869593,414.751481956116,,,,,
5.72755,0.0,0.332693053343535,414.712939027296,,,,,
5.38285,0.0,0.332573097835242,414.669488210868,,,,,
5.5053,0.0,0.33268378585222,414.753829389281,,,,,
5.91485,0.0,0.332664351166599,414.749435968663,,,,,
5.5681,0.0,0.332662378874045,414.692334921001,,,,,
5.6916,0.0,0.332577169263246,414.633295409669,,,,,
5.0363,0.0,0.318425647735661,409.234993138326,,,,,
5.3607,0.0,0.332569576589582,414.61716681374,,,,,
5.41225,0.0,0.332574023810552,414.648229370685,,,,,
5.909,0.0,0.332604606347289,414.651797281763,,,,,
5.7938,0.0,0.332602481116528,414.717156742711,,,,,
5.70995,0.0,0.33258004668922,414.627676960878,,,,,
5.53725,0.0,0.332710851670415,414.726385792373,,,,,
5.866,0.0,0.33272141573049,414.753966835406,,,,,
5.93245,0.0,0.332576692880303,414.663471032478,,,,,
5.8604,0.0,0.332576614668113,414.621964716302,,,,,
5.3637,0.0,0.332586610912057,414.703416217423,,,,,
5.57965,0.0,0.332586164623391,414.635060369737,,,,,
5.06945,0.0,0.330022186150347,413.141175843983,,,,,
5.1782,0.0,0.332394553014887,414.523758677012,,,,,
5.4538,0.0,0.33259694703066,414.712163285977,,,,,
5.27145,0.0,0.332534700132939,414.600469820512,,,,,
5.9943,0.0,0.332631445104077,414.73664736831,,,,,
5.811,0.0,0.33257684875769,414.623560901626,,,,,
5.74495,0.0,0.332667199405434,414.750237096819,,,,,
5.7756,0.0,0.332705348910388,414.756223299524,,,,,
5.72805,0.0,0.332662342238613,414.692312315209,,,,,
5.0934,0.0,0.331043719008708,413.660648447788,,,,,
5.4101,0.0,0.332576915484128,414.625196202134,,,,,
5.0403,0.0,0.324390544967815,412.149118512586,,,,,
5.24025,0.0,0.332500566213568,414.57594934928,,,,,
5.9423,0.0,0.332576451680413,414.65783122448,,,,,
5.613,0.0,0.332579722904838,414.68170005508,,,,,
5.9586,0.0,0.33262385640365,414.666308704442,,,,,
5.9979,0.0,0.33266635297417,414.694945739773,,,,,
5.5213,0.0,0.332576821957723,414.626072105183,,,,,
5.45775,0.0,0.332685619687804,414.707853500916,,,,,
5.7576,0.0,0.332689656386866,414.710563111941,,,,,
5.2247,0.0,0.332525600540407,414.670951706421,,,,,
5.1316,0.0,0.331859671937305,414.172556449492,,,,,
5.7143,0.0,0.332626155945266,414.733852581952,,,,,
5.3916,0.0,0.33257347467961,414.628697043947,,,,,
5.71345,0.0,0.332589303398253,414.702054148094,,,,,
5.00725,1675.11817469073,0.31800114080287,403.822948542487,,,,,
5.10165,0.0,0.331307647825924,413.785916957926,,,,,
5.05825,0.0,0.32902462274631,412.94970447901,,,,,
5.5846,0.0,0.332641493836657,414.741302757217,,,,,
5.1025,0.0,0.331307002711136,413.812305382356,,,,,
5.5408,0.0,0.332576308382436,414.621532111356,,,,,
5.6338,0.0,0.332600309385735,414.71512736081,,,,,
5.1715,0.0,0.332256156709282,414.424419847641,,,,,
5.9394,0.0,0.332589739291286,414.63869100134,,,,,
5.35345,0.0,0.332577865514011,414.691945962839,,,,,
5.21805,0.0,0.332552301818086,414.623434240279,,,,,
5.5308,0.0,0.332576269002829,414.621497328089,,,,,
5.90775,0.0,0.332677689397104,414.702448421749,,,,,
5.01355,1461.4768444145,0.317453421248667,402.482230238992,,,,,
5.6492,0.0,0.332599761391992,414.647801418193,,,,,
5.4218,0.0,0.33257505151433,414.634831581382,,,,,
5.9208,0.0,0.332576617402805,414.622201658814,,,,,
5.6158,0.0,0.332711899180044,414.755971844533,,,,,
5.9893,0.0,0.332592278616636,414.641126156719,,,,,
5.45025,0.0,0.332576789141435,414.62372564971,,,,,
5.984,0.0,0.332614659171959,414.726785752317,,,,,
5.1905,0.0,0.332362888314247,414.487012625859,,,,,
5.69595,0.0,0.332718355287419,414.754965641348,,,,,
5.78875,0.0,0.33261867157622,414.662568651492,,,,,
5.4998,0.0,0.332583159269292,414.631854936316,,,,,
5.2173,0.0,0.332588380200079,414.650857361438,,,,,
5.02725,554.43460652318,0.315977271164426,406.552386412374,,,,,
5.4251,0.0,0.332668162300396,414.749810690838,,,,,
5.58565,0.0,0.332704713613207,414.756167764821,,,,,
5.76145,0.0,0.332577208642746,414.630432973754,,,,,
5.46615,0.0,0.332721078962856,414.753228687893,,,,,
5.68685,0.0,0.332722590040937,414.737816452324,,,,,
5.776,0.0,0.332720626840837,414.754275458648,,,,,
5.3782,0.0,0.332655324565351,414.687812724619,,,,,
5.8652,0.0,0.332685201963473,414.754243843946,,,,,
5.76585,0.0,0.332715739838235,414.755517142878,,,,,
5.58895,0.0,0.332611696185147,414.657364703343,,,,,
5.332,0.0,0.33256427496067,414.632939609955,,,,,
5.4115,0.0,0.332574704206596,414.627552790453,,,,,
5.63255,0.0,0.332576661704817,414.66355168664,,,,,
5.14915,0.0,0.332124643588851,414.348588366843,,,,,
5.8257,0.0,0.332710615488247,414.756091320759,,,,,
5.67045,0.0,0.332576635998712,414.62201720566,,,,,
5.13335,0.0,0.33186571709829,414.242332480498,,,,,
5.4687,0.0,0.332626465466182,414.668209083047,,,,,
5.0307,335.255924164333,0.323700682565613,411.641186926159,,,,,
5.8925,0.0,0.332576800627136,414.664929009745,,,,,
5.22485,0.0,0.332535453908276,414.675119726239,,,,,
5.1647,0.0,0.33225179666166,414.504800715411,,,,,
5.33685,0.0,0.332713574313851,414.734060090859,,,,,
5.075,0.0,0.330157586259843,413.183119782482,,,,,
5.4509,0.0,0.332575432732008,414.621208970844,,,,,
5.89525,0.0,0.332688737294447,414.754808811099,,,,,
5.95675,0.0,0.332722884711297,414.738179900122,,,,,
5.75115,0.0,0.332577008463569,414.625136761659,,,,,
5.5561,0.0,0.332721272494947,414.753894905727,,,,,
5.2116,0.0,0.332434387914801,414.53932206252,,,,,
5.441,0.0,0.332575294902998,414.621632312502,,,,,
5.2215,0.0,0.332460488657813,414.554015813023,,,,,
5.60225,0.0,0.332576420504904,414.65193387216,,,,,
5.8387,0.0,0.332620498661535,414.663891450822,,,,,
5.6091,0.0,0.332604463061442,414.651680187679,,,,,
5.4296,0.0,0.332587125018357,414.636672904034,,,,,
5.2403,0.0,0.332500153180331,414.575278829652,,,,,
5.9484,0.0,0.332635730179757,414.674579427943,,,,,
5.69245,0.0,0.332576526064071,414.660438802173,,,,,
5.5959,0.0,0.332715510220059,414.755516071457,,,,,
5.7948,0.0,0.332658623447963,414.747693084653,,,,,
5.26595,0.0,0.332664528327875,414.726181927165,,,,,
5.35595,0.0,0.332706626608534,414.750911635339,,,,,
5.12105,0.0,0.331704879621474,414.061855131012,,,,,
5.0875,0.0,0.331163175540237,413.696780784037,,,,,
5.5672,0.0,0.332712578747419,414.727837876818,,,,,
5.6127,0.0,0.332577203173372,414.669269639531,,,,,
5.9867,0.0,0.33272372717187,414.739323240736,,,,,
5.0169,1268.33469302076,0.335247663459559,415.319668382891,,,,,
5.59275,0.0,0.332577427417666,414.671025659958,,,,,
5.06705,0.0,0.330014290519082,413.151353046841,,,,,
5.182,0.0,0.332314849184623,414.473706549352,,,,,
5.83565,0.0,0.332708576223206,414.756189357675,,,,,
5.1502,0.0,0.332097905188038,414.32172427162,,,,,
5.348,0.0,0.332664722439659,414.694140235238,,,,,
5.2045,0.0,0.33245516887514,414.6293625548,,,,,
5.8157,0.0,0.332710479355394,414.756102313004,,,,,
5.9353,0.0,0.33269235186635,414.755301421328,,,,,
5.4825,0.0,0.332575912398393,414.659363171073,,,,,
5.41815,0.0,0.332660308145658,414.69102419047,,,,,
5.96735,0.0,0.332699679851602,414.717691196943,,,,,
5.6209,0.0,0.332576570366095,414.62219454439,,,,,
5.6675,0.0,0.332696883831208,414.715657016198,,,,,
5.95025,0.0,0.332576988773807,414.622761277067,,,,,
5.90115,0.0,0.332577064798158,414.625837848403,,,,,
5.4565,0.0,0.332725843427795,414.747676177524,,,,,
5.003,1734.68257800021,0.291543555593374,385.709017900562,,,,,
5.062,0.0,0.328783514231308,412.785514559466,,,,,
5.2568,0.0,0.332668790012363,414.707859741264,,,,,
5.11715,0.0,0.331779096729797,414.144916966141,,,,,
5.7524,0.0,0.33257649871714,414.659276798945,,,,,
5.106,0.0,0.331536658322501,414.014686398581,,,,,
5.0762,0.0,0.330574957557031,413.387012154651,,,,,
5.38085,0.0,0.332571895102683,414.618731110775,,,,,
5.00765,1659.77947677449,0.317930450016678,404.043437758623,,,,,
5.7268,0.0,0.332723406260794,414.73888245773,,,,,
5.02405,767.289842176287,0.333787322450513,418.695156851748,,,,,
5.3061,0.0,0.332697519143341,414.741645086568,,,,,
5.6326,0.0,0.332576811018961,414.665526179163,,,,,
5.6056,0.0,0.332702613078088,414.756125802266,,,,,
5.7925,0.0,0.332576703819069,414.663647370327,,,,,
5.0881,0.0,0.331131691921149,413.673968245095,,,,,
5.7913,0.0,0.332577162153057,414.62770768762,,,,,
5.77535,0.0,0.332692235955714,414.755286864329,,,,,
5.4471,0.0,0.332716571382732,414.731799942259,,,,,
5.38575,0.0,0.332702113912015,414.753585736857,,,,,
5.24265,0.0,0.332498775122679,414.61352262381,,,,,
5.13555,0.0,0.332001750416584,414.337299169223,,,,,
5.88585,0.0,0.332717116997256,414.755260085462,,,,,
5.5523,0.0,0.332576308929375,414.653079072728,,,,,
5.34095,0.0,0.332566256039364,414.615451458327,,,,,
5.65405,0.0,0.332611792983029,414.724748862821,,,,,
5.57775,0.0,0.332684151089213,414.70681036221,,,,,
5.8885,0.0,0.332630915754501,414.671267763559,,,,,
5.29705,0.0,0.332695690840775,414.720152096141,,,,,
5.15335,0.0,0.332101943005848,414.391203770277,,,,,
5.18145,0.0,0.332314990953237,414.460805976216,,,,,
5.1514,0.0,0.332095865994705,414.321317416933,,,,,
5.14845,0.0,0.332157084540256,414.373218774666,,,,,
5.5832,0.0,0.332582525926419,414.68971857621,,,,,
5.4323,0.0,0.332574811954074,414.650729005418,,,,,
5.7578,0.0,0.332677611755431,414.70239625062,,,,,
5.9711,0.0,0.332577028153329,414.625439404462,,,,,
5.21315,0.0,0.332437246878588,414.593320707229,,,,,
5.85145,0.0,0.332577203173372,414.631060429793,,,,,
5.7823,0.0,0.332576429255924,414.655893289552,,,,,
5.3996,0.0,0.332585987420373,414.636057939872,,,,,
5.9229,0.0,0.332579774863501,414.681757398005,,,,,
5.83625,0.0,0.332725930351995,414.750626645644,,,,,
5.40205,0.0,0.332573712053057,414.641196677621,,,,,
5.7994,0.0,0.332591094001623,414.63999636288,,,,,
5.0811,0.0,0.330636232693892,413.353973169797,,,,,
5.64375,0.0,0.332598470704559,414.713295248247,,,,,
5.3592,0.0,0.332596772021007,414.646666151752,,,,,
5.27375,0.0,0.332551813365977,414.682329722769,,,,,
5.8229,0.0,0.332579390369198,414.680390442782,,,,,
5.4498,0.0,0.332582776966614,414.631778488919,,,,,
5.5686,0.0,0.332631045904578,414.671367075168,,,,,
5.43165,0.0,0.332575534462907,414.63143074101,,,,,
5.92175,0.0,0.332576965802417,414.639218160468,,,,,
5.88425,0.0,0.332626458903904,414.734018956389,,,,,
5.0652,0.0,0.328953381220535,412.676935230397,,,,,
5.4214,0.0,0.332575110583956,414.626058713728,,,,,
5.20165,0.0,0.332402355443143,414.52002777422,,,,,
5.12995,0.0,0.331864775991971,414.173765909022,,,,,
5.6404,0.0,0.332576777655733,414.622374922875,,,,,
5.12865,0.0,0.331906004579579,414.210827496163,,,,,
5.1593,0.0,0.332207278636728,414.399749191971,,,,,
5.24155,0.0,0.332499329300579,414.579687519417,,,,,
5.8043,0.0,0.332627837526277,414.734767376524,,,,,
5.1053,0.0,0.331463823076609,413.98854147928,,,,,
5.77585,0.0,0.332715854647263,414.755500190836,,,,,
5.644,0.0,0.332609199665065,414.722816627821,,,,,
5.88855,0.0,0.332627996660821,414.669233132276,,,,,
5.9846,0.0,0.332649752534516,414.744621832193,,,,,
5.35415,0.0,0.332603572718996,414.719721793346,,,,,
5.6596,0.0,0.332586825305419,414.635720182429,,,,,
5.06395,0.0,0.328756550566787,412.623434714733,,,,,
5.66105,0.0,0.332576821410785,414.623564417416,,,,,
5.0402,0.0,0.324404626540212,412.167266872935,,,,,
5.7298,0.0,0.332582183548854,414.630467396003,,,,,
5.89695,0.0,0.332717897694637,414.732668084431,,,,,
5.5691,0.0,0.332604965108527,414.65210569315,,,,,
5.2283,0.0,0.332559048181774,414.626993966575,,,,,
5.98435,0.0,0.332634216519717,414.738020399692,,,,,
5.7679,0.0,0.332671116582537,414.698086957327,,,,,
5.24205,0.0,0.33249899340214,414.592286181684,,,,,
5.5056,0.0,0.332700617502769,414.755846698505,,,,,
5.43525,0.0,0.332678150325821,414.752251831334,,,,,
5.8846,0.0,0.332647703053573,414.743838106544,,,,,
5.69295,0.0,0.332579465846066,414.680712051388,,,,,
5.4553,0.0,0.332682128611667,414.753243603015,,,,,
5.1726,0.0,0.332255558328434,414.457755023395,,,,,
5.1099,0.0,0.331528657203501,413.943455639985,,,,,
5.8016,0.0,0.332577162153057,414.634170174278,,,,,
5.22125,0.0,0.33246022548842,414.550231311066,,,,,
5.3075,0.0,0.332682977189847,414.707663648293,,,,,
5.71445,0.0,0.3326349695227,414.738372428978,,,,,
5.86635,0.0,0.332726793579138,414.748624124631,,,,,
5.0411,0.0,0.324349274079174,412.079528051853,,,,,
5.7535,0.0,0.332591143223937,414.704660768503,,,,,
5.4178,0.0,0.332682248899942,414.705609551571,,,,,
5.60875,0.0,0.332621811138058,414.664838583905,,,,,
5.9461,0.0,0.332724215371603,414.752394985274,,,,,
5.75745,0.0,0.332698012302181,414.716470308206,,,,,
5.47515,0.0,0.332673630134896,414.751610048891,,,,,
5.9768,0.0,0.332721517963454,414.736519633028,,,,,
5.95105,0.0,0.332576969084044,414.624672702712,,,,,
5.67875,0.0,0.332620586160131,414.663963260078,,,,,
5.1527,0.0,0.332095571863449,414.361198258822,,,,,
5.3609,0.0,0.332569643864429,414.617427774878,,,,,
5.3361,0.0,0.332707647342038,414.747537802829,,,,,
5.165,0.0,0.332273705815081,414.514511936286,,,,,
5.42595,0.0,0.332713448569765,414.754415377775,,,,,
5.819,0.0,0.332605900839144,414.652837570256,,,,,
5.5341,0.0,0.332612141345796,414.725019972953,,,,,
5.71475,0.0,0.332653743189834,414.746056618529,,,,,
5.5499,0.0,0.332581369717062,414.629519531757,,,,,
5.63,0.0,0.332579719076304,414.627243503104,,,,,
5.8608,0.0,0.332576578023234,414.622087082304,,,,,
5.56355,0.0,0.332590661938772,414.704103008847,,,,,
5.99065,0.0,0.332576479574287,414.62163592314,,,,,
5.38215,0.0,0.332572067390697,414.643217794533,,,,,
5.8219,0.0,0.332576798439384,414.642713787703,,,,,
5.7211,0.0,0.332576927516763,414.624359497638,,,,,
5.50465,0.0,0.332642664054609,414.7417390592,,,,,
5.07405,0.0,0.32999316071527,413.077000888863,,,,,
5.24365,0.0,0.332512938919693,414.655869844614,,,,,
5.65435,0.0,0.332627891117988,414.734797332471,,,,,
5.8001,0.0,0.332578186018587,414.624897078919,,,,,
5.4019,0.0,0.332573918797534,414.636740770439,,,,,
5.6171,0.0,0.332715838792686,414.730716932743,,,,,
5.28985,0.0,0.332555583672551,414.614550072229,,,,,
5.57425,0.0,0.332620723970373,414.730708579812,,,,,
5.2616,0.0,0.33252523950545,414.597246311728,,,,,
5.33225,0.0,0.332563939127827,414.64095034639,,,,,
5.7767,0.0,0.332724949036595,414.741191250073,,,,,
5.2745,0.0,0.332587471219279,414.710020819136,,,,,
5.0384,0.0,0.323156478793688,411.258412178393,,,,,
5.92245,0.0,0.33257669069255,414.663343399474,,,,,
5.36555,0.0,0.332689385197458,414.751711007341,,,,,
5.99705,0.0,0.332713103593356,414.72825947,,,,,
5.13585,0.0,0.332025668043837,414.342917227747,,,,,
5.10395,0.0,0.33133846033958,413.900596910398,,,,,
5.04755,0.0,0.325690281309079,411.854187692332,,,,,
5.1241,0.0,0.331739603155388,414.183517799627,,,,,
5.45905,0.0,0.332608054486167,414.654685256528,,,,,
5.08795,0.0,0.331141753206306,413.680895547344,,,,,
5.4992,0.0,0.332601352321431,414.649211760251,,,,,
5.4958,0.0,0.33270984242785,414.75582986689,,,,,
5.21215,0.0,0.332433922270715,414.554031665649,,,,,
5.8536,0.0,0.33259548843177,414.710054366317,,,,,
5.66975,0.0,0.332583453516261,414.631984529311,,,,,
5.2472,0.0,0.33264818480303,414.689012339926,,,,,
5.8675,0.0,0.332693320702727,414.713119891316,,,,,
5.2794,0.0,0.332561939438603,414.623122368984,,,,,
5.81205,0.0,0.332576609198728,414.647430800052,,,,,
5.51975,0.0,0.332584177100173,414.632954278349,,,,,
5.23785,0.0,0.332603740068557,414.656415256453,,,,,
5.219,0.0,0.332497640504827,414.585508397956,,,,,
5.6736,0.0,0.332593481822395,414.707682308893,,,,,
5.64985,0.0,0.332581768429258,414.629957141574,,,,,
5.26495,0.0,0.332606342179322,414.71637120264,,,,,
5.0995,0.0,0.331319820220221,413.796077451359,,,,,
5.6156,0.0,0.332702783111487,414.756141338514,,,,,
5.64755,0.0,0.332694485270937,414.713953185425,,,,,
5.87945,0.0,0.33258889539748,414.637838143703,,,,,
5.6745,0.0,0.332637198992126,414.739417014593,,,,,
5.24855,0.0,0.332575764177725,414.636885850134,,,,,
5.98725,0.0,0.332704393777247,414.721217314198,,,,,
5.6613,0.0,0.332577116757237,414.626969504193,,,,,
5.33915,0.0,0.332595806184829,414.646481294577,,,,,
5.18,0.0,0.332319546127237,414.463775862539,,,,,
5.9989,0.0,0.332607794167969,414.654335388128,,,,,
5.4035,0.0,0.33258486349162,414.698045832847,,,,,
5.42885,0.0,0.33261790869267,414.662164481045,,,,,
5.39865,0.0,0.332628355396831,414.669681304487,,,,,
5.5157,0.0,0.332705780277577,414.756038389353,,,,,
5.08125,0.0,0.330636394437434,413.354706946046,,,,,
5.846,0.0,0.332721246800015,414.754036805868,,,,,
5.3985,0.0,0.332637437413776,414.675884340845,,,,,
5.6612,0.0,0.332577017214573,414.625418914776,,,,,
5.2106,0.0,0.332433808458666,414.531449203911,,,,,
5.3228,0.0,0.332561824029476,414.659834443947,,,,,
5.4762,0.0,0.332722488355001,414.752686413669,,,,,
5.5847,0.0,0.332647776874477,414.743851118005,,,,,
5.1354,0.0,0.331989155934033,414.333606838836,,,,,
5.3257,0.0,0.332688420176902,414.747273203104,,,,,
5.2331,0.0,0.33248420751686,414.621137905467,,,,,
5.0927,0.0,0.331035028460487,413.621917718678,,,,,
5.1536,0.0,0.332107932272153,414.403306155413,,,,,
5.73775,0.0,0.332681082101832,414.704730001998,,,,,
5.08225,0.0,0.330636906624795,413.362710765005,,,,,
5.17085,0.0,0.332255409964854,414.418163120675,,,,,
5.1738,0.0,0.332274569122201,414.511520624568,,,,,
5.55265,0.0,0.332576792970002,414.666408213282,,,,,
5.0896,0.0,0.331046596026632,413.605073696993,,,,,
5.6859,0.0,0.332716579583358,414.755357647663,,,,,
5.7557,0.0,0.332709635767836,414.756146624295,,,,,
5.18985,0.0,0.332370325357108,414.497415276325,,,,,
5.1684,0.0,0.332323409929925,414.478242081791,,,,,
5.57795,0.0,0.332671766160211,414.698529686265,,,,,
5.3598,0.0,0.332577613923172,414.628807642612,,,,,
5.58205,0.0,0.332576609745667,414.6449315647,,,,,
5.43975,0.0,0.332583637283753,414.632885866811,,,,,
5.0063,1695.33218638262,0.31216149627684,398.928395540535,,,,,
5.29795,0.0,0.332653580239924,414.687304795578,,,,,
5.68175,0.0,0.332577037451271,414.637039670648,,,,,
5.76715,0.0,0.332712079596297,414.727383847543,,,,,
5.22255,0.0,0.332459808028021,414.584917503748,,,,,
5.35735,0.0,0.332701933490358,414.720481256184,,,,,
5.04135,0.0,0.324356531465086,412.121027407802,,,,,
5.98265,0.0,0.332577637441454,414.672160167872,,,,,
5.8684,0.0,0.332637315468779,414.67565675349,,,,,
5.57365,0.0,0.332593974041678,414.708340400521,,,,,
5.38915,0.0,0.332601689210292,414.650080229941,,,,,
5.519,0.0,0.332610158352868,414.656218953023,,,,,
5.97985,0.0,0.332580198736507,414.627899991607,,,,,
5.12215,0.0,0.331705203163059,414.084738098175,,,,,
5.52705,0.0,0.33271831647133,414.733164738208,,,,,
5.83645,0.0,0.332726942825909,414.746767902847,,,,,
5.0407,0.0,0.324352667534373,412.084983296745,,,,,
5.64995,0.0,0.332580280776382,414.628018458327,,,,,
5.56985,0.0,0.332582131043638,414.630449445137,,,,,
5.95485,0.0,0.332665175184449,414.749674691406,,,,,
5.98985,0.0,0.33258016756135,414.627841519884,,,,,
5.70765,0.0,0.332687679323528,414.709201065587,,,,,
5.6149,0.0,0.332661251375793,414.748504394546,,,,,
5.28895,0.0,0.332588128070274,414.643006832947,,,,,
5.1058,0.0,0.331517618381881,414.00909928921,,,,,
5.03965,0.0,0.324457299871945,412.20641347248,,,,,
5.50735,0.0,0.332706689481872,414.723055178066,,,,,
5.3449,0.0,0.332645562240224,414.740587704658,,,,,
5.1337,0.0,0.331875093484744,414.260710070338,,,,,
5.8239,0.0,0.332607304703578,414.721301983,,,,,
5.7885,0.0,0.332632837376936,414.672598708929,,,,,
5.1878,0.0,0.332465117888269,414.56988240664,,,,,
5.14455,0.0,0.332048043512676,414.381577096113,,,,,
5.93775,0.0,0.332677070997075,414.702045115614,,,,,
5.7191,0.0,0.332602953087374,414.650452602694,,,,,
5.1614,0.0,0.332183951240734,414.377142068595,,,,,
5.39315,0.0,0.332577070267535,414.682701070605,,,,,
5.31795,0.0,0.332661158966698,414.692050751599,,,,,
5.9615,0.0,0.332577182389746,414.633008703819,,,,,
5.67145,0.0,0.332577196610122,414.629819506903,,,,,
5.5552,0.0,0.332678944237131,414.75300376213,,,,,
5.91245,0.0,0.332576682488475,414.66321634707,,,,,
5.6973,0.0,0.332706489927324,414.722844311949,,,,,
5.2306,0.0,0.332481310113122,414.561546701111,,,,,
5.95145,0.0,0.332577201532559,414.631779416696,,,,,
5.11215,0.0,0.33152319243194,413.956957368166,,,,,
5.26865,0.0,0.332590896018462,414.646126306893,,,,,
5.1168,0.0,0.331770985773308,414.148839238938,,,,,
5.8667,0.0,0.332724468491675,414.740401231431,,,,,
5.563,0.0,0.332579440687112,414.68096759731,,,,,
5.056,0.0,0.327093591625277,412.066915677003,,,,,
5.53945,0.0,0.332591985471301,414.640898850582,,,,,
5.9294,0.0,0.332589848127726,414.638782770277,,,,,
5.02095,1003.54071103356,0.33309448979541,413.562001047529,,,,,
5.0461,0.0,0.323191245577025,410.847264361587,,,,,
5.4723,0.0,0.332575727532753,414.651774201483,,,,,
5.2704,0.0,0.332534868064167,414.59648909806,,,,,
5.2894,0.0,0.33256821358731,414.627057626963,,,,,
5.7687,0.0,0.332621736217663,414.66478698504,,,,,
5.8793,0.0,0.332593441350999,414.642206182823,,,,,
5.41945,0.0,0.332591374021804,414.640890638068,,,,,
5.0985,0.0,0.33135605695003,413.829411400949,,,,,
5.5651,0.0,0.33267290619877,414.751661783263,,,,,
5.2009,0.0,0.332401594799266,414.510746746144,,,,,
5.18435,0.0,0.332359416834594,414.570869824466,,,,,
5.91905,0.0,0.332602331267012,414.649935849515,,,,,
5.6395,0.0,0.332589640299318,414.638604739232,,,,,
5.5623,0.0,0.332576324243666,414.653212576457,,,,,
5.0624,0.0,0.328784765123472,412.77759781747,,,,,
5.1096,0.0,0.3315341794941,413.949824031973,,,,,
5.9548,0.0,0.332661963854521,414.748734106873,,,,,
5.4592,0.0,0.332601378572524,414.649337943457,,,,,
5.9287,0.0,0.332618923136003,414.662745342377,,,,,
5.2335,0.0,0.332491333293833,414.638492092828,,,,,
5.2992,0.0,0.332581258690125,414.636985025995,,,,,
5.32825,0.0,0.332644914798685,414.681193344666,,,,,
5.3902,0.0,0.3325747331945,414.62297554458,,,,,
5.5977,0.0,0.332686799045418,414.708595713759,,,,,
5.34715,0.0,0.332708127911253,414.726362562404,,,,,
5.4755,0.0,0.332694478710001,414.755191886731,,,,,
5.52675,0.0,0.332725184661894,414.741862289303,,,,,
5.926,0.0,0.332721914320907,414.753750276039,,,,,
5.87245,0.0,0.332576656782371,414.662708226906,,,,,
5.703,0.0,0.332580115602748,414.682954621394,,,,,
5.8492,0.0,0.332597286658505,414.645666554205,,,,,
5.37885,0.0,0.332615838781178,414.660935317829,,,,,
5.00385,1725.16107644743,0.288633960196447,380.795534839012,,,,,
5.7762,0.0,0.332724976371325,414.751741436916,,,,,
5.4532,0.0,0.332580765905091,414.687286969079,,,,,
5.40035,0.0,0.332574300563452,414.621543757983,,,,,
5.29755,0.0,0.332676183582824,414.703129516848,,,,,
5.55785,0.0,0.332678422071159,414.702940527641,,,,,
5.16955,0.0,0.332271017340807,414.43772211838,,,,,
5.27075,0.0,0.332533989022564,414.594589111038,,,,,
5.9472,0.0,0.332707373433676,414.7235306969,,,,,
5.4081,0.0,0.332663246640465,414.692972055098,,,,,
5.95095,0.0,0.332576832349547,414.623514659837,,,,,
5.2628,0.0,0.332525207778117,414.636105608394,,,,,
5.1765,0.0,0.332432728336601,414.57062452044,,,,,
5.42835,0.0,0.332647669697455,414.682669216105,,,,,
5.0954,0.0,0.331242004937637,413.824009802482,,,,,
5.965,0.0,0.332674913969409,414.752178084383,,,,,
5.01175,1523.81184657387,0.317723786268323,403.226059750144,,,,,
5.61095,0.0,0.332576642015035,414.622507770831,,,,,
5.8994,0.0,0.332590125414375,414.639059938482,,,,,
5.3992,0.0,0.332600047420775,414.648642961315,,,,,
5.4655,0.0,0.332694122779016,414.755071665323,,,,,
5.1745,0.0,0.332309942530157,414.540897142255,,,,,
5.71155,0.0,0.332577194969309,414.632276377897,,,,,
5.9189,0.0,0.332609014271041,414.655285105372,,,,,
5.5284,0.0,0.332643938165735,414.68012940674,,,,,
5.0671,0.0,0.33003546526668,413.161265649606,,,,,
5.4256,0.0,0.332697723623924,414.754818713822,,,,,
5.08095,0.0,0.330636111661258,413.353500877986,,,,,
5.26435,0.0,0.332569264827917,414.699240033457,,,,,
5.9222,0.0,0.332576450586535,414.653900999359,,,,,
5.35205,0.0,0.332568391893703,414.637306865062,,,,,
5.11095,0.0,0.331522773242931,413.934293841732,,,,,
5.49325,0.0,0.332582506783913,414.690339692859,,,,,
5.8322,0.0,0.332576458790616,414.652848349345,,,,,
5.97015,0.0,0.332577443278843,414.623639724085,,,,,
5.64885,0.0,0.332615787375022,414.660447591596,,,,,
5.7297,0.0,0.332584062245689,414.632693263199,,,,,
5.9205,0.0,0.332576466447758,414.621555947362,,,,,
5.3494,0.0,0.332587485439214,414.63910302408,,,,,
5.09585,0.0,0.331305188147486,413.851065961347,,,,,
5.0914,0.0,0.331035108685356,413.590470913854,,,,,
5.48825,0.0,0.332654011127432,414.686829352394,,,,,
5.63035,0.0,0.332576975647298,414.622775504956,,,,,
5.64705,0.0,0.332717242739955,414.732046056955,,,,,
5.31165,0.0,0.332558301023539,414.619625047355,,,,,
5.96855,0.0,0.332626492809005,414.668183004822,,,,,
5.31415,0.0,0.332592503397679,414.712861248511,,,,,
5.2104,0.0,0.332434586538343,414.533026273535,,,,,
5.64095,0.0,0.332576654047679,414.622593985039,,,,,
5.8304,0.0,0.332576652406864,414.622014617971,,,,,
5.46665,0.0,0.332725807892738,414.744462526353,,,,,
5.32345,0.0,0.332570603760154,414.687172992717,,,,,
5.6873,0.0,0.33270664465045,414.722959506738,,,,,
5.76925,0.0,0.332596411063307,414.644890539138,,,,,
5.68515,0.0,0.332678583368589,414.752980518199,,,,,
5.5477,0.0,0.332687654719513,414.709188284699,,,,,
5.0423,0.0,0.324368784139222,412.504625046824,,,,,
5.278,0.0,0.332638951605994,414.678006468212,,,,,
5.6617,0.0,0.332577093238918,414.635540314089,,,,,
5.71545,0.0,0.332696707780643,414.755766798357,,,,,
5.94675,0.0,0.332722953048542,414.738271767955,,,,,
5.69585,0.0,0.332714895717304,414.755648765321,,,,,
5.00585,1695.33218638262,0.305104966292106,394.21750005606,,,,,
5.44185,0.0,0.332575656430556,414.636783921578,,,,,
5.70215,0.0,0.332576513484483,414.64960543451,,,,,
5.43295,0.0,0.332576938455522,414.676134586238,,,,,
5.81945,0.0,0.332589436846118,414.638380760964,,,,,
5.2671,0.0,0.332673715979181,414.706017464776,,,,,
5.45555,0.0,0.332696474868883,414.755199761438,,,,,
5.53935,0.0,0.332595332563119,414.64397221272,,,,,
5.2162,0.0,0.332588467707125,414.673316630967,,,,,
5.87235,0.0,0.332576495435508,414.658860174016,,,,,
5.1295,0.0,0.331874810119724,414.184534003218,,,,,
5.6523,0.0,0.33257641777021,414.654334070991,,,,,
5.6959,0.0,0.332716692205264,414.755340025845,,,,,
5.52945,0.0,0.332592051647789,414.640969684796,,,,,
5.58065,0.0,0.3325763472151,414.621453265213,,,,,
5.33835,0.0,0.332640702023296,414.678334409379,,,,,
5.2811,0.0,0.332542039797177,414.600890294408,,,,,
5.08025,0.0,0.330638452534575,413.358320910889,,,,,
5.90585,0.0,0.332717329119695,414.755213207603,,,,,
5.9689,0.0,0.332608234958748,414.654690136553,,,,,
5.1906,0.0,0.332362575811415,414.486337926594,,,,,
5.71385,0.0,0.332603500528964,414.718073156345,,,,,
5.863,0.0,0.332580839740853,414.68515456645,,,,,
5.5277,0.0,0.332687961996191,414.709402142235,,,,,
5.50835,0.0,0.332647376054111,414.682435845878,,,,,
5.08805,0.0,0.33113514056599,413.676341382946,,,,,
5.78395,0.0,0.332609014817926,414.722665575329,,,,,
5.95615,0.0,0.332725116871801,414.751612139032,,,,,
5.1236,0.0,0.331718187339292,414.155534786291,,,,,
5.79565,0.0,0.332707988497047,414.75620531122,,,,,
5.3369,0.0,0.332712717066273,414.73270685492,,,,,
5.7864,0.0,0.332726875036175,414.748147529845,,,,,
5.60995,0.0,0.332580448684595,414.628241581926,,,,,
5.39715,0.0,0.33271334305404,414.729409413728,,,,,
5.6455,0.0,0.332698133131452,414.755877490596,,,,,
5.71845,0.0,0.332637230708778,414.675602432942,,,,,
5.31855,0.0,0.332623363681726,414.666924558928,,,,,
5.8308,0.0,0.332576582398742,414.622033478582,,,,,
5.4129,0.0,0.332575618144752,414.673263890138,,,,,
5.37805,0.0,0.332664915457742,414.694133423547,,,,,
5.48975,0.0,0.332584174365543,414.633043699012,,,,,
5.3084,0.0,0.332629371448859,414.671093014655,,,,,
5.57375,0.0,0.332597541515887,414.712351396762,,,,,
5.1798,0.0,0.332323345889363,414.468242994203,,,,,
5.3144,0.0,0.33260573294378,414.721470004988,,,,,
5.2316,0.0,0.332481899881262,414.569568696927,,,,,
5.75735,0.0,0.332703159808964,414.720275334006,,,,,
5.82545,0.0,0.332698622462217,414.755926224717,,,,,
5.31145,0.0,0.332558255078175,414.615621227995,,,,,
5.884,0.0,0.332613037134091,414.725640713348,,,,,
5.918,0.0,0.332661608435546,414.69181960317,,,,,
5.9752,0.0,0.332687319011217,414.754593756832,,,,,
5.51335,0.0,0.33258482684765,414.694943285575,,,,,
5.6386,0.0,0.332629773931473,414.670487566621,,,,,
5.2875,0.0,0.332673316830406,414.701687822507,,,,,
5.4076,0.0,0.332693428411789,414.713417302237,,,,,
5.67515,0.0,0.332678382703639,414.752939967236,,,,,
5.1543,0.0,0.332138487625042,414.435868811094,,,,,
5.0953,0.0,0.331227258495757,413.816844210868,,,,,
5.3441,0.0,0.332599108392281,414.716632625047,,,,,
5.38365,0.0,0.332587492002261,414.703049144745,,,,,
5.4086,0.0,0.332631710325397,414.671958994831,,,,,
5.97275,0.0,0.332578373070603,414.676157701897,,,,,
5.2935,0.0,0.332558724923915,414.680882891098,,,,,
5.95905,0.0,0.332601783276601,414.649487981584,,,,,
5.8651,0.0,0.332679120297096,414.753096209706,,,,,
5.9015,0.0,0.332577190593809,414.63255123812,,,,,
5.2561,0.0,0.332659244616298,414.718816137824,,,,,
5.2563,0.0,0.332665033018277,414.71692260638,,,,,
5.68115,0.0,0.33257696744323,414.624825619983,,,,,
5.7517,0.0,0.332577081206289,414.636314880395,,,,,
5.23105,0.0,0.332481322149217,414.561928401008,,,,,
5.34045,0.0,0.332566675553962,414.616212240595,,,,,
5.8374,0.0,0.332699285654608,414.717395212743,,,,,
5.78725,0.0,0.332707458722531,414.723601853112,,,,,
5.57395,0.0,0.332605781070147,414.720078880694,,,,,
5.10625,0.0,0.331557316699619,414.019478364173,,,,,
5.4075,0.0,0.33269869463161,414.717258597014,,,,,
5.43585,0.0,0.332710020658341,414.755071769548,,,,,
5.65065,0.0,0.3325764133947,414.621480924024,,,,,
5.00275,1734.67328656376,0.291774876460218,386.96927981715,,,,,
5.8511,0.0,0.332576981116677,414.624901475713,,,,,
5.0151,1381.95521363818,0.321112832825284,406.109639996626,,,,,
5.883,0.0,0.332580946939411,414.685429409381,,,,,
5.7089,0.0,0.332612300487848,414.657815955599,,,,,
5.6784,0.0,0.33264109738338,414.678223719279,,,,,
5.2216,0.0,0.332460528051135,414.555962418058,,,,,
5.9631,0.0,0.332583037851321,414.69076257819,,,,,
5.6197,0.0,0.332584788562901,414.633523028741,,,,,
5.5239,0.0,0.332602728313393,414.717460423377,,,,,
5.52265,0.0,0.332576628888512,414.665941358914,,,,,
5.262,0.0,0.332524946301015,414.60737109244,,,,,
5.5244,0.0,0.332628086344859,414.734882760027,,,,,
5.8141,0.0,0.332616988855125,414.728337750622,,,,,
5.7062,0.0,0.332724601338633,414.752074509907,,,,,
5.508,0.0,0.332669785163054,414.69722128529,,,,,
5.94885,0.0,0.332610931644953,414.656772983257,,,,,
5.93885,0.0,0.332611078209303,414.656894403559,,,,,
5.84535,0.0,0.332693523545652,414.755438598835,,,,,
5.3188,0.0,0.332608680670914,414.656738173902,,,,,
5.34905,0.0,0.332602216965693,414.651211887764,,,,,
5.6858,0.0,0.33271284226392,414.755900605635,,,,,
5.195,0.0,0.33244968431605,414.620814761251,,,,,
5.9828,0.0,0.332578868593855,414.678378298393,,,,,
5.64455,0.0,0.332639648274278,414.740517705906,,,,,
5.5657,0.0,0.332706734313288,414.756151780007,,,,,
5.50805,0.0,0.332666595749249,414.695117864703,,,,,
5.85275,0.0,0.332578048190718,414.674540138576,,,,,
5.2094,0.0,0.332454260624399,414.555013894868,,,,,
5.0333,126.464256858937,0.323760140569192,413.802804748941,,,,,
5.1633,0.0,0.332189104522953,414.443614580349,,,,,
5.91355,0.0,0.332594444383868,414.708824645471,,,,,
5.4236,0.0,0.332588887193706,414.703099843691,,,,,
5.49555,0.0,0.332697772830463,414.755613799363,,,,,
5.63235,0.0,0.332576404643679,414.655922560535,,,,,
5.58185,0.0,0.332576886496415,414.638868518586,,,,,
5.3045,0.0,0.332607136808922,414.721962948613,,,,,
5.3119,0.0,0.332558117242047,414.62589625077,,,,,
5.75915,0.0,0.332600352590792,414.648293293247,,,,,
5.3675,0.0,0.332696066452798,414.715695362024,,,,,
5.8572,0.0,0.332708694861756,414.724587866499,,,,,
5.3127,0.0,0.332557930725607,414.653501618116,,,,,
5.9145,0.0,0.332642031371863,414.741544449153,,,,,
5.6117,0.0,0.332577091598105,414.635104897785,,,,,
5.60075,0.0,0.332576416129394,414.621537647921,,,,,
5.1909,0.0,0.332362386448786,414.485892269039,,,,,
5.31345,0.0,0.332567072095957,414.684889384286,,,,,
5.215,0.0,0.332519776889315,414.663223104187,,,,,
5.27845,0.0,0.332610744064365,414.65924706031,,,,,
5.7194,0.0,0.332591887026914,414.640758201219,,,,,
5.39705,0.0,0.332716527646058,414.732596724253,,,,,
5.2082,0.0,0.332516687785572,414.600574099131,,,,,
5.9608,0.0,0.332576629982389,414.622283551631,,,,,
5.82605,0.0,0.332722343479823,414.753546750691,,,,,
5.35215,0.0,0.332568251327015,414.640479637807,,,,,
5.2446,0.0,0.332557944946805,414.691467641091,,,,,
5.9282,0.0,0.33264858015422,414.683220359439,,,,,
5.516,0.0,0.33271779108691,414.754851451492,,,,,
5.2427,0.0,0.332498904230347,414.615513388839,,,,,
5.23185,0.0,0.332481798668808,414.575462763871,,,,,
5.4775,0.0,0.332699536059964,414.717645946963,,,,,
5.88575,0.0,0.332713456223755,414.755842580899,,,,,
5.51045,0.0,0.332576456055923,414.622127486873,,,,,
5.34705,0.0,0.332711189541835,414.72950872914,,,,,
5.40085,0.0,0.332573421079131,414.619717933165,,,,,
5.47605,0.0,0.332718579436581,414.754307173138,,,,,
5.34745,0.0,0.332695861971196,414.715952069404,,,,,
5.34405,0.0,0.332596774755534,414.714780606725,,,,,
5.65255,0.0,0.33257669397418,414.663813054754,,,,,
5.78905,0.0,0.332604121253353,414.651408209694,,,,,
5.23365,0.0,0.332495437453225,414.644943235293,,,,,
5.60865,0.0,0.332627441603578,414.668839887953,,,,,
5.3498,0.0,0.332576144300708,414.627906297405,,,,,
5.0626,0.0,0.328784747419592,412.766176439429,,,,,
5.5735,0.0,0.33258932199345,414.702184235432,,,,,
5.7627,0.0,0.332577507817413,414.671279015576,,,,,
5.9599,0.0,0.332579666023765,414.627138802082,,,,,
5.502,0.0,0.33257639042327,414.642335281427,,,,,
5.2429,0.0,0.332499852841933,414.623711233469,,,,,
5.429,0.0,0.332610184056382,414.65641511586,,,,,
5.42135,0.0,0.332575069563384,414.625225352817,,,,,
5.87305,0.0,0.332581672169567,414.687408090299,,,,,
5.5088,0.0,0.332620548426365,414.66396347647,,,,,
5.21815,0.0,0.332546380176736,414.619412952274,,,,,
5.8577,0.0,0.332681765559516,414.705184299241,,,,,
5.51785,0.0,0.332679063979788,414.70338037989,,,,,
5.83165,0.0,0.332577110740923,414.635686028101,,,,,
5.72445,0.0,0.332635157636469,414.738463971519,,,,,
5.36195,0.0,0.332570063374753,414.635386422687,,,,,
5.7215,0.0,0.332577202079497,414.6312270862,,,,,
5.17095,0.0,0.332255471828643,414.418396116254,,,,,
5.50075,0.0,0.332576035459783,414.621262113373,,,,,
5.9809,0.0,0.332576763982278,414.623121158498,,,,,
5.2488,0.0,0.332561239872712,414.626788013578,,,,,
5.2272,0.0,0.332614283468005,414.668079790117,,,,,
5.855,0.0,0.332672662881516,414.751647297598,,,,,
5.6169,0.0,0.332721917601104,414.737001732068,,,,,
5.1024,0.0,0.331307042790644,413.808111300449,,,,,
5.29985,0.0,0.332560698378167,414.61776764086,,,,,
5.7722,0.0,0.332576458243678,414.652152636072,,,,,
5.6728,0.0,0.332577980370635,414.674181319737,,,,,
5.24045,0.0,0.33249924231714,414.573647227835,,,,,
5.5458,0.0,0.332710825974678,414.755962350779,,,,,
5.1818,0.0,0.332315045142768,414.468205202141,,,,,
5.8922,0.0,0.332576451133474,414.65354893219,,,,,
5.7553,0.0,0.332689002470093,414.754846447573,,,,,
5.29945,0.0,0.33257152427294,414.628675534602,,,,,
5.493,0.0,0.332578824292138,414.679777845406,,,,,
5.9192,0.0,0.332596464660082,414.644932312748,,,,,
5.63815,0.0,0.332657768792803,414.689306512936,,,,,
5.7579,0.0,0.332671327093959,414.698224469762,,,,,
5.40875,0.0,0.332622945332349,414.665854384092,,,,,
5.0202,1075.72314131441,0.33297160986525,413.348530340295,,,,,
5.0192,1143.58637133797,0.332343537212506,413.038489779196,,,,,
5.4351,0.0,0.332668738614389,414.750089199835,,,,,
5.3633,0.0,0.332576265174255,414.686694687157,,,,,
5.5172,0.0,0.332713046735086,414.728285561262,,,,,
5.90085,0.0,0.332576665533386,414.62249306968,,,,,
5.6886,0.0,0.332628853033034,414.669835377947,,,,,
5.3469,0.0,0.332714706008483,414.733880529432,,,,,
5.3485,0.0,0.332632997055933,414.673114995049,,,,,
5.2079,0.0,0.332533878526816,414.612420292379,,,,,
5.97595,0.0,0.332721035226775,414.754121452778,,,,,
5.6775,0.0,0.332696709420866,414.715534648141,,,,,
5.42075,0.0,0.332574396278334,414.620201455604,,,,,
5.10965,0.0,0.331533118936137,413.948669336175,,,,,
5.05075,0.0,0.326822591999788,412.429812336204,,,,,
5.2562,0.0,0.332662425898622,414.717998589616,,,,,
5.96275,0.0,0.332578346817694,414.676022258174,,,,,
5.00045,1734.75194830825,0.291853357256257,390.643303534673,,,,,
5.5068,0.0,0.332724385940657,414.740636985116,,,,,
5.9111,0.0,0.332577019402325,414.62516571116,,,,,
5.2402,0.0,0.332501039970265,414.576682058174,,,,,
5.83195,0.0,0.332576727337416,414.644382225598,,,,,
5.28565,0.0,0.332666841258101,414.73598193631,,,,,
5.63385,0.0,0.332602360252508,414.71706333706,,,,,
5.07905,0.0,0.330693774842717,413.414605269092,,,,,
5.8654,0.0,0.332696633423855,414.7557610845,,,,,
5.13895,0.0,0.332024818333574,414.286223544766,,,,,
5.6608,0.0,0.332576495982447,414.621768149627,,,,,
5.266,0.0,0.332666549818842,414.725985446405,,,,,
5.3656,0.0,0.332692086693373,414.751950408527,,,,,
5.74185,0.0,0.332576890324981,414.64042128422,,,,,
5.3021,0.0,0.332553611828877,414.629049089851,,,,,
5.24175,0.0,0.332499309606217,414.584070075864,,,,,
5.2482,0.0,0.332597351193225,414.651364921595,,,,,
5.02695,554.43460652318,0.316311461404055,406.866951178541,,,,,
5.37415,0.0,0.332606684532019,414.721661333529,,,,,
5.95645,0.0,0.33272684004792,414.74590702737,,,,,
5.18595,0.0,0.332465604279265,414.60618514769,,,,,
5.68295,0.0,0.332579423185229,414.680573567719,,,,,
5.46685,0.0,0.332723289267582,414.73934970784,,,,,
5.03335,126.464256858937,0.323761137820185,413.833109023281,,,,,
5.55115,0.0,0.332576786953682,414.624205341332,,,,,
5.54875,0.0,0.332622780179901,414.665545329047,,,,,
5.06765,0.0,0.330186316283105,413.236881305591,,,,,
5.66615,0.0,0.332723398060336,414.752940864406,,,,,
5.3557,0.0,0.332695600081474,414.75134401525,,,,,
5.4331,0.0,0.332578630130219,414.682435059929,,,,,
5.95435,0.0,0.33263364233329,414.737738658745,,,,,
5.1665,0.0,0.332366468119945,414.530355953706,,,,,
5.40265,0.0,0.332573703301965,414.662638329208,,,,,
5.59145,0.0,0.332577144104118,414.629263711274,,,,,
5.4794,0.0,0.332593848252375,414.642743934684,,,,,
5.28225,0.0,0.3325418806215,414.626461972348,,,,,
5.882,0.0,0.332576635998712,414.646527128727,,,,,
5.3095,0.0,0.332574002479785,414.629736152106,,,,,
5.78805,0.0,0.332661099365552,414.691489536569,,,,,
5.5852,0.0,0.332679598173675,414.753162471782,,,,,
5.69215,0.0,0.332576520594685,414.649492869082,,,,,
5.55015,0.0,0.332578307438328,414.625231580279,,,,,
5.2455,0.0,0.332616219952109,414.709842884712,,,,,
5.0926,0.0,0.331034870208632,413.617806695239,,,,,
5.6486,0.0,0.332629592376876,414.67035696764,,,,,
5.9932,0.0,0.332585291733534,414.695399958991,,,,,
5.10525,0.0,0.331458218942605,413.986003211144,,,,,
5.82585,0.0,0.332716443452945,414.755393914432,,,,,
5.6714,0.0,0.332577183483621,414.628828712482,,,,,
5.25145,0.0,0.332513543401873,414.586944163472,,,,,
5.8656,0.0,0.332706731579665,414.756222723273,,,,,
5.04115,0.0,0.324350461315844,412.084930363201,,,,,
5.07655,0.0,0.33068460203987,413.435230766329,,,,,
5.0607,0.0,0.328779061105093,412.760188135785,,,,,
5.0252,687.142064711925,0.330321171681918,415.854869106682,,,,,
5.73415,0.0,0.332618236814841,414.729155073543,,,,,
5.5094,0.0,0.332593782623154,414.64261692341,,,,,
5.3265,0.0,0.33271256999998,414.740494374696,,,,,
5.9728,0.0,0.332578839606312,414.678242779632,,,,,
5.5075,0.0,0.332699300416501,414.717451920118,,,,,
5.4788,0.0,0.332620814750105,414.664172396372,,,,,
5.6558,0.0,0.332712459016824,414.755937788958,,,,,
5.18545,0.0,0.332434579972277,414.601711296344,,,,,
5.98015,0.0,0.332577421948295,414.623605409079,,,,,
5.2374,0.0,0.332625890719517,414.673086782898,,,,,
5.5857,0.0,0.332707071642166,414.756171617613,,,,,
5.77425,0.0,0.332624418029193,414.732885498567,,,,,
5.26505,0.0,0.332612923930209,414.718483275469,,,,,
5.96535,0.0,0.332695680999406,414.755670544106,,,,,
5.3294,0.0,0.332583505474342,414.636639896848,,,,,
5.0905,0.0,0.331035087255427,413.588829377846,,,,,
5.15705,0.0,0.33229442018772,414.473430028078,,,,,
5.0662,0.0,0.329520522880921,412.930697234525,,,,,
5.2156,0.0,0.332559454031298,414.672953101767,,,,,
5.3747,0.0,0.3326380444039,414.738825714661,,,,,
5.43455,0.0,0.332633874195357,414.737631405556,,,,,
5.9761,0.0,0.332724389767526,414.752258546567,,,,,
5.479,0.0,0.332610463513608,414.656487226913,,,,,
5.69035,0.0,0.332576923688197,414.622632018119,,,,,
5.8962,0.0,0.332725551493523,414.75113089863,,,,,
5.95325,0.0,0.332586141105712,414.696957412454,,,,,
5.31565,0.0,0.332682399260226,414.745136308209,,,,,
5.87875,0.0,0.332617135963678,414.6614342639,,,,,
5.6982,0.0,0.332653328159537,414.686375238882,,,,,
5.0771,0.0,0.33079613092462,413.48368415439,,,,,
5.57465,0.0,0.332644392579295,414.742513008223,,,,,
5.5758,0.0,0.332711300525414,414.755984103795,,,,,
5.3528,0.0,0.332568910403776,414.664642176607,,,,,
5.12695,0.0,0.331938917346398,414.254399550123,,,,,
5.86685,0.0,0.332721151674079,414.736089131526,,,,,
5.7684,0.0,0.332639302674495,414.677007496948,,,,,
5.33655,0.0,0.332715432040501,414.741051621157,,,,,
5.2423,0.0,0.332498666256428,414.600457259724,,,,,
5.34005,0.0,0.332570002116434,414.621506691666,,,,,
5.2165,0.0,0.332595900252802,414.669961315524,,,,,
5.4462,0.0,0.332721684706992,414.752454262368,,,,,
5.2667,0.0,0.33267979501051,414.716516706618,,,,,
5.4674,0.0,0.332704524445309,414.721426939504,,,,,
5.23645,0.0,0.332638672719538,414.697186125148,,,,,
5.5587,0.0,0.332625428077808,414.667431714407,,,,,
5.927,0.0,0.332715850820297,414.730714155039,,,,,
5.0531,0.0,0.326821957511847,412.492483009729,,,,,
5.05835,0.0,0.329035318977686,412.959247051911,,,,,
5.38255,0.0,0.332571953625923,414.657526206474,,,,,
5.5565,0.0,0.332726813806726,414.747554349733,,,,,
5.22455,0.0,0.332516144577361,414.66633304207,,,,,
5.41675,0.0,0.332723641887185,414.741551141858,,,,,
5.2743,0.0,0.332576160708884,414.703406385357,,,,,
5.9583,0.0,0.332641672650601,414.678607577389,,,,,
5.85505,0.0,0.332675808495127,414.752383400283,,,,,
5.1251,0.0,0.331814384264799,414.230907674917,,,,,
5.218,0.0,0.332555211730673,414.625426635326,,,,,
5.20855,0.0,0.332495933100078,414.586451837753,,,,,
5.98885,0.0,0.332610302730027,414.656290183049,,,,,
5.83895,0.0,0.332607889873212,414.654407530952,,,,,
5.69615,0.0,0.332723598151441,414.752820007806,,,,,
5.7256,0.0,0.332704567090105,414.756208171969,,,,,
5.3593,0.0,0.332592659267656,414.643242439236,,,,,
5.0349,0.0,0.321810355726209,412.007343069631,,,,,
5.88745,0.0,0.33269573293996,414.714828944406,,,,,
5.9774,0.0,0.332696851573503,414.715639080423,,,,,
5.70955,0.0,0.332587692175129,414.636617070006,,,,,
5.43935,0.0,0.332595298654842,414.644256601778,,,,,
5.71985,0.0,0.332581422222399,414.629504927911,,,,,
5.6072,0.0,0.332712124426987,414.727424530009,,,,,
5.6792,0.0,0.332599389499516,414.647480994237,,,,,
5.1457,0.0,0.332138023756758,414.416058584138,,,,,
5.7276,0.0,0.332690205326041,414.71095037329,,,,,
5.5259,0.0,0.332714467642205,414.75552410873,,,,,
5.2822,0.0,0.332541941338004,414.6247821336,,,,,
5.172,0.0,0.332255988089719,414.436477268096,,,,,
5.60215,0.0,0.332576511296729,414.648466063096,,,,,
5.36785,0.0,0.332676494697517,414.701893998134,,,,,
5.10715,0.0,0.331595683857966,414.018061318393,,,,,
5.2552,0.0,0.332611243367562,414.714307546868,,,,,
5.25365,0.0,0.332527284818002,414.664825034891,,,,,
5.89775,0.0,0.332677892796332,414.70258434662,,,,,
5.8753,0.0,0.332691260008428,414.755160088314,,,,,
5.8024,0.0,0.332576523329378,414.659897154047,,,,,
5.9585,0.0,0.332629579799295,414.670340614329,,,,,
5.72635,0.0,0.332726515313001,414.749485444797,,,,,
5.14835,0.0,0.332161931571523,414.376786735628,,,,,
5.9444,0.0,0.332636461305712,414.739078058309,,,,,
5.2994,0.0,0.332573287624839,414.630254785993,,,,,
5.58285,0.0,0.332578069521226,414.674997454991,,,,,
5.0364,0.0,0.31839596619522,409.170834299393,,,,,
5.37935,0.0,0.332592797089469,414.642835012425,,,,,
5.37715,0.0,0.332711934169871,414.728604242783,,,,,
5.0206,1040.18759395619,0.333078582961131,413.524097269082,,,,,
5.5669,0.0,0.332722234686723,414.737434591503,,,,,
5.28725,0.0,0.332683927463617,414.710465150363,,,,,
5.86045,0.0,0.332576525517133,414.621747545183,,,,,
5.16335,0.0,0.33219002171229,414.445966736275,,,,,
5.4404,0.0,0.332575684871437,414.622028287173,,,,,
5.02085,1003.54071103356,0.3330940693073,413.560961442125,,,,,
5.56305,0.0,0.332580062003339,414.683073945038,,,,,
5.49085,0.0,0.332576023974055,414.621443665159,,,,,
5.76525,0.0,0.332686243539524,414.754417004716,,,,,
5.81405,0.0,0.332614409796456,414.726603126505,,,,,
5.1041,0.0,0.331347849450328,413.911412617888,,,,,
5.60805,0.0,0.332664825783632,414.693933777234,,,,,
5.16865,0.0,0.332309981941325,414.468724414553,,,,,
5.2863,0.0,0.33269194016471,414.733078911249,,,,,
5.5318,0.0,0.332576844382185,414.636940748963,,,,,
5.8725,0.0,0.332576789141435,414.664671944165,,,,,
5.19565,0.0,0.33249405828188,414.632105629673,,,,,
5.67395,0.0,0.332607346267062,414.721342791532,,,,,
5.2768,0.0,0.332687715956169,414.719385760559,,,,,
5.4001,0.0,0.332576385500821,414.624894183261,,,,,
5.26935,0.0,0.332556136661841,414.61990527181,,,,,
5.1369,0.0,0.332078661342972,414.343713576394,,,,,
5.2526,0.0,0.332512956425074,414.62066393606,,,,,
5.2,0.0,0.33240676331278,414.518938638734,,,,,
5.12135,0.0,0.331705310096225,414.064814458757,,,,,
5.5969,0.0,0.332722067396762,414.737181800064,,,,,
5.34165,0.0,0.332566898164492,414.625291244171,,,,,
5.90355,0.0,0.332594322423108,414.708692279035,,,,,
5.04255,0.0,0.324368685442245,412.601187203749,,,,,
5.81735,0.0,0.332702190454506,414.719543647738,,,,,
5.2939,0.0,0.332571709140917,414.69734142777,,,,,
5.96115,0.0,0.332577087222604,414.626134319008,,,,,
5.23055,0.0,0.332481437586287,414.561835436813,,,,,
5.8182,0.0,0.332650853824557,414.684730309793,,,,,
5.477,0.0,0.332719870751494,414.734978207218,,,,,
5.46035,0.0,0.33257634229265,414.622714213153,,,,,
5.49115,0.0,0.332576415582455,414.623753342062,,,,,
5.12445,0.0,0.331761629472364,414.201976392383,,,,,
5.5961,0.0,0.332721686347092,414.753797775563,,,,,
5.3695,0.0,0.332586708264162,414.637597917902,,,,,
5.14245,0.0,0.331988194905043,414.282901497529,,,,,
5.70345,0.0,0.332589196202388,414.701917223361,,,,,
5.29405,0.0,0.332578114916916,414.703154255351,,,,,
5.2226,0.0,0.332459866023861,414.586860927551,,,,,
5.12395,0.0,0.331731916738505,414.175236880228,,,,,
5.52285,0.0,0.332577732061503,414.674071350604,,,,,
5.55755,0.0,0.332696006857906,414.715034200563,,,,,
5.66225,0.0,0.332576439100822,414.652651158392,,,,,
5.92625,0.0,0.332726233219784,414.750119987294,,,,,
5.6648,0.0,0.332655889418615,414.74678987169,,,,,
5.5655,0.0,0.332696653106536,414.75570299017,,,,,
5.47175,0.0,0.332576384406943,414.63477731319,,,,,
5.9564,0.0,0.332726949386205,414.747004688554,,,,,
5.36265,0.0,0.33256985662788,414.65972628123,,,,,
5.6642,0.0,0.332619687110961,414.730064489255,,,,,
5.1753,0.0,0.332366726985304,414.564558955766,,,,,
5.08395,0.0,0.330670170147034,413.434186638639,,,,,
5.97655,0.0,0.332726070305376,414.743382678747,,,,,
5.4065,0.0,0.332724008720516,414.746904946114,,,,,
5.75625,0.0,0.332725612176511,414.751056783386,,,,,
5.8482,0.0,0.332650225531927,414.684317593022,,,,,
5.4831,0.0,0.332579913237587,414.683783273965,,,,,
5.675,0.0,0.33266893709801,414.750700605885,,,,,
5.16715,0.0,0.332372242466133,414.519443529736,,,,,
5.6592,0.0,0.332599645449088,414.647695142976,,,,,
5.8122,0.0,0.332576469182452,414.652615932508,,,,,
5.63875,0.0,0.332621270288985,414.664467046199,,,,,
5.84715,0.0,0.332711000377619,414.726476990688,,,,,
5.26185,0.0,0.332525122989539,414.603172885835,,,,,
5.39025,0.0,0.332574315330893,414.622300737382,,,,,
5.67035,0.0,0.332576941737149,414.622680340156,,,,,
5.8448,0.0,0.332659664013629,414.748023358058,,,,,
5.05405,0.0,0.326686345293999,412.174741567435,,,,,
5.9024,0.0,0.332576561615078,414.661145856379,,,,,
5.4602,0.0,0.332577350299524,414.624461149086,,,,,
5.09655,0.0,0.331375854901707,413.873019550628,,,,,
5.0575,0.0,0.328686915601561,412.760286388543,,,,,
5.9611,0.0,0.332577034169645,414.625393122508,,,,,
5.29745,0.0,0.332681020317188,414.706828162528,,,,,
5.4154,0.0,0.332685992030645,414.753301349015,,,,,
5.7131,0.0,0.332581631696734,414.687320539716,,,,,
5.25885,0.0,0.332570084705772,414.632149907018,,,,,
5.7049,0.0,0.332663157512702,414.749087729839,,,,,
5.8607,0.0,0.332576476292655,414.621657963592,,,,,
5.41555,0.0,0.332694462854404,414.754335236179,,,,,
5.987,0.0,0.332715131349722,414.730064373058,,,,,
5.99715,0.0,0.332708901522355,414.724749556415,,,,,
5.85095,0.0,0.33257677546798,414.623193552451,,,,,
5.22325,0.0,0.332464866212109,414.61416113769,,,,,
5.33995,0.0,0.332571490362235,414.623445564714,,,,,
5.39935,0.0,0.332594079595274,414.643595593078,,,,,
5.35395,0.0,0.332594399537315,414.71226849872,,,,,
5.3483,0.0,0.332645609814004,414.681521586983,,,,,
5.7601,0.0,0.332578287201708,414.625071230505,,,,,
5.2071,0.0,0.332565650012126,414.639444938422,,,,,
5.0438,0.0,0.324195579123094,412.376876313329,,,,,
5.8194,0.0,0.332590895471547,414.639807529499,,,,,
5.79895,0.0,0.332608490901513,414.654881297015,,,,,
5.15255,0.0,0.332095344007399,414.354915827593,,,,,
5.9754,0.0,0.332698543731953,414.755923690043,,,,,
5.72995,0.0,0.332579954804495,414.627563491191,,,,,
5.7664,0.0,0.332726857542048,414.748277218146,,,,,
5.12455,0.0,0.33176888864705,414.206945974698,,,,,
5.7669,0.0,0.332720673857182,414.735556519595,,,,,
5.23885,0.0,0.332544255667846,414.615821571658,,,,,
5.49535,0.0,0.332686509810674,414.754250196874,,,,,
5.8766,0.0,0.33272589536364,414.742944108517,,,,,
5.8479,0.0,0.332669462012799,414.69699653861,,,,,
5.04265,0.0,0.324368585062903,412.631098662052,,,,,
5.5483,0.0,0.332649928063113,414.684115820248,,,,,
5.65605,0.0,0.332720928073351,414.754152847193,,,,,
5.67015,0.0,0.332578108353684,414.624787021284,,,,,
5.54465,0.0,0.332643713966277,414.742210409911,,,,,
5.22475,0.0,0.332528848743344,414.672392943566,,,,,
5.40865,0.0,0.332628732725449,414.669906380641,,,,,
5.33275,0.0,0.332564443423922,414.659718029686,,,,,
5.60195,0.0,0.332576782031239,414.642021670406,,,,,
5.1184,0.0,0.33175758422287,414.113386850869,,,,,
5.239,0.0,0.332536447816976,414.610067269346,,,,,
5.61615,0.0,0.332723027946146,414.753137309781,,,,,
5.9667,0.0,0.332723860019125,414.739505048539,,,,,
5.4358,0.0,0.332707886259926,414.755200692201,,,,,
5.53235,0.0,0.332576230717095,414.654608219288,,,,,
5.91125,0.0,0.332577162699995,414.627514244926,,,,,
5.2993,0.0,0.332577091598105,414.633540556499,,,,,
5.84605,0.0,0.332722489995097,414.753469574357,,,,,
5.9595,0.0,0.332586905702894,414.635795936346,,,,,
5.29005,0.0,0.332552202267994,414.610371692184,,,,,
5.3603,0.0,0.332570881609796,414.619819872613,,,,,
5.36715,0.0,0.332710929851049,414.728019156139,,,,,
5.62665,0.0,0.332726182924069,414.743699577633,,,,,
5.378,0.0,0.332668079188618,414.696226587333,,,,,
5.4048,0.0,0.332647488699447,414.743067573272,,,,,
5.0392,0.0,0.324326453278365,412.066979366652,,,,,
5.61245,0.0,0.332576464806942,414.659422558226,,,,,
5.07045,0.0,0.329967025221815,413.077536336838,,,,,
5.53645,0.0,0.332726569982202,414.748644968916,,,,,
5.8269,0.0,0.332720137542434,414.734959063537,,,,,
5.15045,0.0,0.332096011143181,414.31857268401,,,,,
5.9035,0.0,0.332592665283688,414.706659634123,,,,,
5.55465,0.0,0.332643951289601,414.742317191439,,,,,
5.2007,0.0,0.332401609574379,414.510761955565,,,,,
5.37275,0.0,0.332571501848119,414.664637752946,,,,,
5.64565,0.0,0.332705691707933,414.756209886414,,,,,
5.19315,0.0,0.332365950388621,414.548537527385,,,,,
5.95585,0.0,0.332717870359326,414.755093083185,,,,,
5.09475,0.0,0.331149373124497,413.772195119796,,,,,
5.2721,0.0,0.332534322150614,414.616534151381,,,,,
5.02845,508.302462258431,0.320057082918692,408.709536573418,,,,,
5.0908,0.0,0.331034641072999,413.587753488071,,,,,
5.99905,0.0,0.332601251145327,414.649042725978,,,,,
5.3051,0.0,0.332645127513992,414.736702756942,,,,,
5.14875,0.0,0.332142497019178,414.362455919745,,,,,
5.8682,0.0,0.332649820886785,414.684043190251,,,,,
5.5246,0.0,0.332640099412694,414.740667316581,,,,,
5.0095,1600.26702993656,0.317103926497643,402.638752142945,,,,,
5.03495,0.0,0.321663598187229,411.882128813249,,,,,
5.9888,0.0,0.332612747835204,414.658159239627,,,,,
5.8495,0.0,0.332587805387599,414.63674134993,,,,,
5.6234,0.0,0.33258715017673,414.698729062802,,,,,
5.01505,1381.95521363818,0.32071163596933,405.798898650643,,,,,
5.171,0.0,0.332255523838013,414.41861284356,,,,,
5.93555,0.0,0.332705447321203,414.756224670664,,,,,
5.053,0.0,0.326826720037302,412.513342139831,,,,,
5.7217,0.0,0.332577086128728,414.636056127582,,,,,
5.53785,0.0,0.332678759975515,414.703170334095,,,,,
5.1722,0.0,0.332255717641281,414.442845905147,,,,,
5.87265,0.0,0.332577437809472,414.670698519609,,,,,
5.5358,0.0,0.332710658132262,414.755952958583,,,,,
5.92945,0.0,0.332588455674907,414.637391516029,,,,,
5.4104,0.0,0.33257460138156,414.621391678148,,,,,
5.38395,0.0,0.332598624931033,414.71498629422,,,,,
5.5656,0.0,0.332701887018097,414.756060193197,,,,,
5.2321,0.0,0.332481488466121,414.582692060534,,,,,
5.6473,0.0,0.332707227458469,414.723425650715,,,,,
5.45035,0.0,0.332576164537458,414.622616570078,,,,,
5.3998,0.0,0.332581155320184,414.63092141883,,,,,
5.28,0.0,0.332546605535792,414.60736535934,,,,,
5.45755,0.0,0.332696911168244,414.715776664521,,,,,
5.3511,0.0,0.332568355794871,414.617740443028,,,,,
5.7818,0.0,0.332576941190211,414.639346608723,,,,,
5.83045,0.0,0.332576556145693,414.621784548781,,,,,
5.29475,0.0,0.332617219635057,414.725866310912,,,,,
5.53385,0.0,0.332600842612312,414.715690847227,,,,,
5.4377,0.0,0.332688459543234,414.709831587858,,,,,
5.1718,0.0,0.332256177512988,414.430955075788,,,,,
5.72825,0.0,0.332649515215331,414.683850248023,,,,,
5.71865,0.0,0.332625429171525,414.667425817881,,,,,
5.90385,0.0,0.332606210925799,414.720407979404,,,,,
5.34465,0.0,0.332629686982146,414.73441993397,,,,,
5.87145,0.0,0.332577218487621,414.631202342408,,,,,
5.63785,0.0,0.332676887281195,414.701925366332,,,,,
5.4025,0.0,0.332573415609694,414.656827726401,,,,,
5.4573,0.0,0.332709035468971,414.725055517736,,,,,
5.22775,0.0,0.332591167835092,414.648993714709,,,,,
5.5648,0.0,0.332653696710841,414.746013541712,,,,,
5.23675,0.0,0.332640598124994,414.691629126589,,,,,
5.0609,0.0,0.328778549896286,412.75881710643,,,,,
5.6723,0.0,0.332576427068169,414.654574765976,,,,,
5.19935,0.0,0.332424080120276,414.53635557116,,,,,
5.28495,0.0,0.332623685783044,414.726777544269,,,,,
5.6996,0.0,0.332586506996858,414.635389185265,,,,,
5.867,0.0,0.332716536940102,414.731357563895,,,,,
5.14345,0.0,0.33199696131501,414.329268225528,,,,,
5.59845,0.0,0.332639578826249,414.677193693873,,,,,
5.71035,0.0,0.332576903451493,414.622583887549,,,,,
5.14805,0.0,0.332175706151453,414.38720069451,,,,,
5.7086,0.0,0.332628483907351,414.669573438437,,,,,
5.11,0.0,0.331527261939567,413.941651463259,,,,,
5.8241,0.0,0.332617154010448,414.728447652594,,,,,
5.2796,0.0,0.332555405906264,414.617064376297,,,,,
5.12785,0.0,0.331935192642937,414.235762273183,,,,,
5.7793,0.0,0.332594524779501,414.64320764955,,,,,
5.48185,0.0,0.332576416676333,414.637622025501,,,,,
5.27695,0.0,0.332685548609093,414.715477743051,,,,,
5.9016,0.0,0.332577128789865,414.634985466687,,,,,
5.6437,0.0,0.332596598105074,414.711310862768,,,,,
5.60915,0.0,0.33260232306357,414.649932728705,,,,,
5.31475,0.0,0.332626885451698,414.731667508601,,,,,
5.22495,0.0,0.332542165059082,414.677630473387,,,,,
5.0577,0.0,0.328824410019728,412.83061153582,,,,,
5.93195,0.0,0.332576679206845,414.645425087493,,,,,
5.75755,0.0,0.332692517531009,414.712556230738,,,,,
5.4937,0.0,0.332594420319865,414.70906595456,,,,,
5.9777,0.0,0.332679369624092,414.703577830781,,,,,
5.37,0.0,0.332575269743729,414.625232479024,,,,,
5.5124,0.0,0.332576107108838,414.656139809815,,,,,
5.3579,0.0,0.332672332079121,414.699156819767,,,,,
5.9746,0.0,0.332649548024445,414.744546015342,,,,,
5.72945,0.0,0.33259026433107,414.639206997579,,,,,
5.27115,0.0,0.332534348406998,414.596390444473,,,,,
5.10245,0.0,0.331307013691823,413.810171577914,,,,,
5.6584,0.0,0.332641502585965,414.678492141135,,,,,
5.59175,0.0,0.332577029247205,414.636222293176,,,,,
5.81855,0.0,0.332629317857387,414.670156800459,,,,,
5.4604,0.0,0.332576108749656,414.622260708921,,,,,
5.70375,0.0,0.332599251133533,414.714072966084,,,,,
5.8323,0.0,0.332576448945719,414.656495715237,,,,,
5.7243,0.0,0.332626334220599,414.733953403421,,,,,
5.71285,0.0,0.332578518008496,414.676800098183,,,,,
5.3308,0.0,0.332563830829867,414.613514578661,,,,,
5.406,0.0,0.332714039019842,414.75355900274,,,,,
5.40775,0.0,0.332684926943111,414.707465788967,,,,,
5.0901,0.0,0.331037626417625,413.593365618063,,,,,
5.2368,0.0,0.332640362439779,414.690501274399,,,,,
5.55555,0.0,0.332699133115008,414.755891599912,,,,,
5.11925,0.0,0.331726984463226,414.087279528093,,,,,
5.28795,0.0,0.332648401343989,414.684055670997,,,,,
5.91715,0.0,0.332710044167264,414.725676216477,,,,,
5.968,0.0,0.332660547097545,414.691131326213,,,,,
5.434,0.0,0.332604436263701,414.719287353784,,,,,
5.91135,0.0,0.332577209736621,414.62938416393,,,,,
5.0867,0.0,0.331138231022235,413.695193474739,,,,,
5.14555,0.0,0.332126391787609,414.413325737695,,,,,
5.57055,0.0,0.332576426521231,414.621664548969,,,,,
5.4169,0.0,0.332721217824876,414.73753596866,,,,,
5.0993,0.0,0.331325136271968,413.801615879783,,,,,
5.3273,0.0,0.33269831355517,414.718767516664,,,,,
5.71215,0.0,0.332576520594685,414.649718337804,,,,,
5.14055,0.0,0.331988443655117,414.249370108331,,,,,
5.85215,0.0,0.332576473557961,414.651305358568,,,,,
5.7854,0.0,0.33269520806662,414.755622372818,,,,,
5.94475,0.0,0.332658534865764,414.74766574214,,,,,
5.57945,0.0,0.332591657323231,414.640576648947,,,,,
5.46695,0.0,0.332721111218212,414.736485941098,,,,,
5.75435,0.0,0.332629797446068,414.735803760915,,,,,
5.5887,0.0,0.332624928795904,414.667074618176,,,,,
5.0965,0.0,0.331372364299007,413.872309755338,,,,,
5.00985,1581.4291317762,0.317387000271789,402.893006625393,,,,,
5.38885,0.0,0.332616517997941,414.661343791002,,,,,
5.96575,0.0,0.332714450147425,414.755716781638,,,,,
5.4002,0.0,0.332575372021618,414.623365168384,,,,,
5.11635,0.0,0.331749187074891,414.149093240602,,,,,
5.21945,0.0,0.332478603074881,414.569976165941,,,,,
5.6344,0.0,0.332630406090684,414.736121132146,,,,,
5.57235,0.0,0.332576335729383,414.655161208568,,,,,
5.0101,1581.4291317762,0.317556027338675,403.110556609718,,,,,
5.24655,0.0,0.332655863171825,414.705236783645,,,,,
5.28955,0.0,0.332563185964014,414.622449739381,,,,,
5.90455,0.0,0.332644950342383,414.742753443521,,,,,
5.69745,0.0,0.332699027594741,414.717218007743,,,,,
5.3696,0.0,0.332583715494291,414.63470541432,,,,,
5.29275,0.0,0.332548680801077,414.649321689112,,,,,
5.0427,0.0,0.324368428044875,412.643686854001,,,,,
5.69385,0.0,0.332603205752835,414.717823242007,,,,,
5.72775,0.0,0.332681280578088,414.704861438113,,,,,
5.23685,0.0,0.332639968719325,414.689318728305,,,,,
5.8541,0.0,0.332617658772732,414.72878253678,,,,,
5.0818,0.0,0.330636893421264,413.358487492427,,,,,
5.58245,0.0,0.33257640409674,414.659028355581,,,,,
5.88375,0.0,0.332601619754337,414.716356176778,,,,,
5.32925,0.0,0.332589308320511,414.641613066076,,,,,
5.6904,0.0,0.332576755778205,414.622276115377,,,,,
5.91185,0.0,0.332576832349547,414.642077809062,,,,,
5.1652,0.0,0.33228889191951,414.519912706722,,,,,
5.89395,0.0,0.3326107336736,414.723968056008,,,,,
5.3997,0.0,0.332583394448117,414.633384046358,,,,,
5.0999,0.0,0.331312288772137,413.787178727136,,,,,
5.03315,126.464256858937,0.323752155146656,413.683198715657,,,,,
5.67725,0.0,0.332709061164846,414.724885547571,,,,,
5.1874,0.0,0.332481474241652,414.583435429981,,,,,
5.2765,0.0,0.332687800156552,414.725719892535,,,,,
5.3763,0.0,0.332719324048078,414.749030559204,,,,,
5.4737,0.0,0.332593945602361,414.708651237863,,,,,
5.3388,0.0,0.332613520574391,414.659768964375,,,,,
5.0653,0.0,0.328995273769783,412.695967720836,,,,,
5.5747,0.0,0.33264754775621,414.743764204432,,,,,
5.78535,0.0,0.332692418022874,414.755307136693,,,,,
5.5115,0.0,0.33257687391684,414.629577438391,,,,,
5.90235,0.0,0.332576491606937,414.659230161766,,,,,
5.50865,0.0,0.332629020916729,414.669973476339,,,,,
5.80785,0.0,0.332673468288286,414.699636946757,,,,,
5.18135,0.0,0.332314884763624,414.459248601286,,,,,
5.69655,0.0,0.332726756404107,414.745550681039,,,,,
5.13465,0.0,0.331927629125016,414.307221898375,,,,,
5.5626,0.0,0.332576650766049,414.66456716943,,,,,
5.8156,0.0,0.332705981472728,414.756227062861,,,,,
5.48945,0.0,0.332592189469854,414.641184500043,,,,,
5.54605,0.0,0.332719770704836,414.754412870837,,,,,
5.54085,0.0,0.332576352684489,414.621708299531,,,,,
5.97705,0.0,0.332713349614604,414.728482350877,,,,,
5.4957,0.0,0.332705326494588,414.755942882522,,,,,
5.8099,0.0,0.332580290074233,414.627994215758,,,,,
5.05295,0.0,0.326828570040161,412.522461352153,,,,,
5.9813,0.0,0.332577186765247,414.628850941981,,,,,
5.0839,0.0,0.330666580778731,413.429980707188,,,,,
5.3187,0.0,0.332614391749537,414.660761839954,,,,,
5.3787,0.0,0.33262426818956,414.666929668844,,,,,
5.741,0.0,0.332576792423064,414.623329207382,,,,,
5.90705,0.0,0.332714236929726,414.729255455571,,,,,
5.61915,0.0,0.332602183605014,414.64982614566,,,,,
5.43775,0.0,0.332685538767425,414.707819869889,,,,,
5.9587,0.0,0.332618398688327,414.662365838193,,,,,
5.86235,0.0,0.332576476839593,414.658736797955,,,,,
5.7967,0.0,0.332724855551801,414.741017811592,,,,,
5.8934,0.0,0.332589541307319,414.702409680201,,,,,
5.0103,1581.4291317762,0.317653219865423,403.264732522406,,,,,
5.63425,0.0,0.332621863637012,414.731393490694,,,,,
5.3455,0.0,0.332682942743739,414.749370184691,,,,,
5.0251,687.142064711925,0.331032702480293,416.389319287163,,,,,
5.8706,0.0,0.332576446757964,414.621495453544,,,,,
5.68865,0.0,0.332625975482408,414.667814118591,,,,,
5.4055,0.0,0.332690978978818,414.753704902161,,,,,
5.7474,0.0,0.332700791911062,414.718508618869,,,,,
5.2528,0.0,0.332513568018771,414.628658771035,,,,,
5.4881,0.0,0.33266364962889,414.693175545496,,,,,
5.54825,0.0,0.332653122011226,414.686229676905,,,,,
5.95575,0.0,0.332714328230655,414.755735451142,,,,,
5.70195,0.0,0.332576769998598,414.643050393322,,,,,
5.59185,0.0,0.33257691493719,414.638970374031,,,,,
5.1227,0.0,0.331705111584371,414.107679597606,,,,,
5.9744,0.0,0.332637052439285,414.739353651719,,,,,
5.76325,0.0,0.332584744808897,414.694354865006,,,,,
5.65335,0.0,0.332586187047223,414.697051555772,,,,,
5.4196,0.0,0.332586832962322,414.636525241622,,,,,
5.97415,0.0,0.332622466280652,414.731753549437,,,,,
5.3092,0.0,0.332585383616785,414.639570219801,,,,,
5.17805,0.0,0.33240262522505,414.529458802379,,,,,
5.2946,0.0,0.332607846122247,414.721738742551,,,,,
5.6333,0.0,0.33258488372784,414.69466639785,,,,,
5.6993,0.0,0.332595418974521,414.644019560337,,,,,
5.01955,1117.63251035746,0.332563370289665,413.030064927844,,,,,
5.3368,0.0,0.332714277386428,414.7353616834,,,,,
5.2629,0.0,0.332525789263069,414.640229647811,,,,,
5.7711,0.0,0.332576952675907,414.624563435913,,,,,
5.13475,0.0,0.331935225522656,414.311420496386,,,,,
5.10135,0.0,0.331307401309868,413.78133274731,,,,,
5.1284,0.0,0.331916256123643,414.218986393772,,,,,
5.4003,0.0,0.332574602475444,414.622087081364,,,,,
5.8108,0.0,0.332576578570173,414.621999066022,,,,,
5.8224,0.0,0.332576526064071,414.660146039379,,,,,
5.9223,0.0,0.332576465353881,414.657587217792,,,,,
5.2638,0.0,0.332543958651232,414.678382400956,,,,,
5.3604,0.0,0.332570300750635,414.618764428984,,,,,
5.42855,0.0,0.332635190993842,414.674291911282,,,,,
5.31655,0.0,0.332709680052135,414.73767768248,,,,,
5.60925,0.0,0.332598316478014,414.646554733503,,,,,
5.4634,0.0,0.332585011708232,414.696003816008,,,,,
5.8631,0.0,0.332582444980956,414.689386823837,,,,,
5.42645,0.0,0.332724679516037,414.748299044923,,,,,
5.0508,0.0,0.326822032648641,412.428314649279,,,,,
5.38145,0.0,0.332572593005325,414.625101296993,,,,,
5.5767,0.0,0.332725755410186,414.742827076453,,,,,
5.04975,0.0,0.32693276940597,412.570485477698,,,,,
5.21485,0.0,0.332509582792757,414.659443875607,,,,,
5.00805,1644.56801254043,0.317453820052317,403.687468063076,,,,,
5.28375,0.0,0.332559676646662,414.687252296749,,,,,
5.34365,0.0,0.332581370263993,414.698983953463,,,,,
5.6495,0.0,0.332589558808669,414.638515689604,,,,,
5.4846,0.0,0.332638969104745,414.740113220492,,,,,
5.39945,0.0,0.332590564040909,414.64044154275,,,,,
5.67085,0.0,0.332576560521201,414.622014948878,,,,,
5.54025,0.0,0.332577525866334,414.623966831222,,,,,
5.58265,0.0,0.332576885949477,414.666839584818,,,,,
5.05105,0.0,0.326822693295117,412.431161405523,,,,,
5.97285,0.0,0.332579370132643,414.680338337195,,,,,
5.19715,0.0,0.332530106880113,414.616764848658,,,,,
5.07925,0.0,0.330677090779216,413.400952372484,,,,,
5.1576,0.0,0.332285166212275,414.459445672399,,,,,
5.72705,0.0,0.332716365820315,414.731206508647,,,,,
5.4113,0.0,0.332574560907867,414.624115213207,,,,,
5.6103,0.0,0.332577236536557,414.623275790529,,,,,
5.85795,0.0,0.332666060440901,414.694755516425,,,,,
5.78935,0.0,0.33259275661799,414.641575289837,,,,,
5.1306,0.0,0.331859098603236,414.165109482162,,,,,
5.5508,0.0,0.332576341745711,414.621562519179,,,,,
5.51165,0.0,0.332576847116876,414.632888753287,,,,,
5.42165,0.0,0.33257515598005,414.631118415732,,,,,
5.51265,0.0,0.332576551223246,414.665774389813,,,,,
5.52775,0.0,0.332685002942796,414.707377771997,,,,,
5.4396,0.0,0.332587325191446,414.636778021057,,,,,
5.53135,0.0,0.33257693353308,414.626970200042,,,,,
5.7251,0.0,0.332676289110336,414.752486942122,,,,,
5.4419,0.0,0.332575595173267,414.638184708091,,,,,
5.1945,0.0,0.332416188460755,414.605585507422,,,,,
5.1778,0.0,0.332415037692089,414.538598969152,,,,,
5.5697,0.0,0.332585084996127,414.633878653311,,,,,
5.8956,0.0,0.332707188641081,414.756220382055,,,,,
5.06335,0.0,0.328772860155001,412.68837944169,,,,,
5.09495,0.0,0.331176471521139,413.789247017009,,,,,
5.15025,0.0,0.332097415519871,414.320974850202,,,,,
5.9559,0.0,0.332719439402574,414.754673629635,,,,,
5.00945,1605.49439088691,0.317064270425296,402.614405544672,,,,,
5.13735,0.0,0.33208129824237,414.335867010604,,,,,
5.92155,0.0,0.332577167622433,414.633899837742,,,,,
5.9471,0.0,0.332711733525035,414.727089968041,,,,,
5.4333,0.0,0.332581911724882,414.690900693102,,,,,
5.3198,0.0,0.332569306943107,414.623680993621,,,,,
5.98845,0.0,0.332631947657285,414.671984524518,,,,,
5.8784,0.0,0.332637116419451,414.67552265959,,,,,
5.321,0.0,0.332561165485635,414.612441543568,,,,,
5.25255,0.0,0.332512892421018,414.618732666749,,,,,
5.26555,0.0,0.332644392579295,414.725362333071,,,,,
5.12165,0.0,0.331705571122681,414.070252099913,,,,,
5.03845,0.0,0.323271971095579,411.328650136687,,,,,
5.08425,0.0,0.330697997568863,413.462188454088,,,,,
5.4161,0.0,0.332717841930599,414.753029177795,,,,,
5.80115,0.0,0.332577035810458,414.625364358523,,,,,
5.56815,0.0,0.332659163142701,414.690219481663,,,,,
5.72115,0.0,0.332576992055434,414.625002632897,,,,,
5.2213,0.0,0.332460292238265,414.550861660779,,,,,
5.8425,0.0,0.332576747027193,414.664286764464,,,,,
5.31325,0.0,0.332563062350909,414.676390272255,,,,,
5.5642,0.0,0.332617843615068,414.72890407426,,,,,
5.5982,0.0,0.332655380339869,414.687720640471,,,,,
5.2695,0.0,0.332550815674334,414.615157279701,,,,,
5.043,0.0,0.324362811796494,412.679544185822,,,,,
5.78975,0.0,0.332582730477703,414.631124055156,,,,,
