T,W,L,V,Unnamed: 4,Unnamed: 5,Unnamed: 6,Unnamed: 7,Unnamed: 8
3.57165,1418.03258049338,244.864780588153,376.387043300754,,,,,
3.6523,1413.53975286125,249.177213307204,380.678356993605,,,,,
3.00155,1734.58869633864,5.64010976988707,389.017178909391,,,,,
3.34625,1422.71928899242,240.038400039407,376.352054455628,,,,,
3.63525,1418.99064600197,239.281991035863,376.529771511007,,,,,
3.0594,1430.7172540266,245.6221198731,382.157215701448,,,,,
3.9597,1409.06605725777,250.0181161375,386.859931774291,,,,,
3.35395,1417.84530587427,246.886388778749,376.749631818642,,,,,
3.30095,1414.3467378669,249.955763058133,384.329997571875,,,,,
3.32405,1418.35516116061,245.166722634162,376.450052453463,,,,,
3.53115,1423.39966460504,242.875959492251,376.402179145939,,,,,
3.13955,1428.26125245612,242.62913231118,377.037574867105,,,,,
3.03075,1449.37356610944,252.498314678259,389.018907325614,,,,,
3.76305,1408.54756114426,249.961443588829,387.022136600742,,,,,
3.84325,1412.98302515702,244.102982504027,380.956435456337,,,,,
3.67805,1413.16947844227,243.056604135164,380.18324215909,,,,,
3.81215,1413.81245440616,243.338526193491,380.415214822762,,,,,
3.8523,1418.10918635805,237.68300236401,376.694010841731,,,,,
3.3857,1418.12291114393,245.514865528406,376.408475781788,,,,,
3.34535,1422.76116870712,243.372470913971,376.357532240862,,,,,
3.3953,1418.10985525033,246.698766518277,376.581965281705,,,,,
3.0185,1493.84408048367,246.687340419321,384.490907106013,,,,,
3.4345,1408.87160125841,250.011464730226,385.852956542819,,,,,
3.61115,1413.88244684244,248.934028886465,380.087256599611,,,,,
3.24035,1419.43203445075,247.413447803276,377.397706077935,,,,,
3.0323,1449.14283461017,252.469689329625,387.780904401897,,,,,
3.5947,1413.67443905122,238.425108913389,377.212577653189,,,,,
3.79055,1414.05823314214,237.994646787774,376.955877234483,,,,,
3.51345,1413.27591271274,245.343289348425,381.907450927937,,,,,
3.0862,1437.43089723185,247.777217866154,377.652606734892,,,,,
3.39475,1418.10450676577,248.506072738859,378.968555665348,,,,,
3.83965,1423.15628522658,245.259513134168,376.456041794807,,,,,
3.73155,1412.444754453,249.532094005755,386.549166009672,,,,,
3.7202,1412.25274167308,247.636338594247,383.908917513071,,,,,
3.22185,1419.624374313,242.819233577482,376.573568184074,,,,,
3.3354,1423.23081453976,242.170911507652,376.382981481351,,,,,
3.1351,1418.60149848022,250.588991086686,386.996332855046,,,,,
3.92335,1413.44278990595,242.023465725369,376.533136846622,,,,,
3.46075,1414.30241532082,238.941913418293,377.627772357411,,,,,
3.3849,1418.19483728517,246.69129334176,376.671796772253,,,,,
3.1161,1429.17269654908,249.878526570784,380.920921600918,,,,,
3.5174,1413.40312751496,249.810212595239,384.642697719258,,,,,
3.74345,1407.65812984194,249.64793789923,386.391077727207,,,,,
3.48305,1414.07563869349,248.072445036728,384.314984585922,,,,,
3.1582,1422.36670988519,247.000883203582,376.933260262425,,,,,
3.50445,1418.64089625138,249.569955688557,386.430878821253,,,,,
3.2116,1424.76584124925,242.573765742889,376.573118933265,,,,,
3.5523,1417.91895647563,240.957438393077,376.407365384237,,,,,
3.22005,1419.74173392842,246.619084043086,376.619036606094,,,,,
3.38815,1418.12503457815,237.691973976443,376.53528209399,,,,,
3.9688,1413.93281775983,249.753242945782,386.800813343099,,,,,
3.1184,1429.01198547843,244.540303314207,377.10224498554,,,,,
3.5781,1408.19465772302,249.760574062424,386.756900453104,,,,,
3.2117,1424.75166928058,242.213340776421,376.571967693776,,,,,
3.17615,1421.40385160128,250.209205874391,386.897189261348,,,,,
3.83045,1423.62371774435,242.236134428827,376.456698951147,,,,,
3.92885,1408.6802589639,249.792579963366,386.682710220503,,,,,
3.033,1449.01182739531,252.446889977481,385.444031605811,,,,,
3.5276,1413.59586162187,249.806830942741,385.026745110931,,,,,
3.766,1418.62953060826,248.566330391535,379.106409445336,,,,,
3.8552,1413.05373253762,249.613147514211,386.58340405104,,,,,
3.10625,1435.30764896921,248.426268565717,378.21084417286,,,,,
3.21725,1414.65924902449,249.977725468614,386.865246643995,,,,,
3.9668,1413.8293343429,242.997739569769,380.168913401632,,,,,
3.07585,1438.72814880638,248.01744526302,377.748028956689,,,,,
3.92915,1408.6802589639,249.782957971404,386.375621293069,,,,,
3.26685,1409.56136339921,249.0539227267,385.490671927374,,,,,
3.2488,1409.34538934827,249.871208938421,385.971279903214,,,,,
3.88205,1417.60384633867,241.951599754821,376.393741705493,,,,,
3.8892,1412.73620925326,249.515163765263,382.27598794186,,,,,
3.14745,1427.72132365073,248.210688109902,378.169532448822,,,,,
3.38685,1418.07880771148,242.607662265926,376.396401151254,,,,,
3.7624,1408.37569897179,249.768977707059,386.609565821407,,,,,
3.8478,1413.10794505321,249.669164795172,383.026233167498,,,,,
3.9383,1408.71301942022,249.830050248319,386.982510337029,,,,,
3.3874,1418.07880771148,240.523691741313,376.397411798632,,,,,
3.295,1414.53277281512,238.972370202614,376.642795416654,,,,,
3.14975,1427.44595755648,242.945896310609,376.9122653866,,,,,
3.58995,1408.63194552659,249.963964812808,383.318880698195,,,,,
3.9927,1413.89197837987,249.251274587876,380.349508603778,,,,,
3.3549,1417.76346534255,245.427874382403,376.454047822021,,,,,
3.9822,1413.66513424392,249.475681051052,381.402818719256,,,,,
3.69965,1417.60137619124,247.753092656619,384.129598466458,,,,,
3.3697,1412.77186665465,247.976058760147,384.345898867069,,,,,
3.17245,1421.67038751159,241.837850637493,379.40440173358,,,,,
3.80965,1418.88706054538,243.019003456846,376.634917238863,,,,,
3.94415,1413.7568364867,241.226211772335,376.48369855178,,,,,
3.1034,1430.65596982136,250.914960329152,387.802320048545,,,,,
3.59015,1408.63194552659,249.819384373015,382.334183313907,,,,,
3.19465,1415.62981766663,249.137618563807,385.59702082133,,,,,
3.6994,1417.61505222035,246.770654535393,383.146842292157,,,,,
3.81695,1413.88505897191,249.790675522382,382.753263888437,,,,,
3.0687,1439.77429981845,239.660913857257,378.263960990922,,,,,
3.09195,1426.75393146308,250.830356082585,387.413083330356,,,,,
3.63625,1418.98924805696,239.85420831296,378.109893481131,,,,,
3.8584,1415.64516549098,249.452292863844,381.613455318907,,,,,
3.92585,1408.44534305818,244.692944101812,381.346623994404,,,,,
3.7541,1408.12747883747,249.89196734786,386.010156917016,,,,,
3.4774,1419.28168779128,248.047566006533,378.165104342503,,,,,
3.5787,1408.22305170397,249.747283026282,386.087094441562,,,,,
3.09635,1436.52832222156,247.647415842048,377.454777555338,,,,,
3.7124,1412.24956898583,249.804503390937,386.571071176275,,,,,
3.63345,1419.08839011834,245.284107129285,376.54407428733,,,,,
3.99165,1408.77595862095,250.056705876545,385.21509772211,,,,,
3.7218,1412.41614769344,249.851524580055,386.942752046573,,,,,
3.65335,1418.59674940839,246.246885714484,376.463726106722,,,,,
3.3279,1413.28525617823,245.780773572872,382.284132013819,,,,,
3.0444,1442.5423708281,249.647464022088,379.067091899813,,,,,
3.67405,1418.33823402728,246.204333225092,376.478726338918,,,,,
3.2326,1419.46103789485,241.234285904844,376.578286973944,,,,,
3.61625,1408.82588827642,243.603089077836,380.593258034072,,,,,
3.78295,1408.82571983955,249.668721982967,386.551849048559,,,,,
3.17345,1421.55954146771,247.355049764913,383.598405788188,,,,,
3.95435,1413.936883789,241.889918929145,376.583346171267,,,,,
3.4796,1419.15692900803,243.172579239774,376.606192948916,,,,,
3.14805,1427.63840479831,246.87317555814,376.957407659435,,,,,
3.21045,1424.89578880122,245.626606017808,376.596403392787,,,,,
3.0674,1439.99256391837,243.511887474505,377.753574622158,,,,,
3.3282,1413.28525617823,247.1642200156,383.531360532712,,,,,
3.6049,1418.72475370803,237.951560065878,376.906746991109,,,,,
3.46225,1409.25376762438,247.261895386579,383.580443867439,,,,,
3.05825,1440.98696451722,239.587561961201,378.208643498592,,,,,
3.5736,1418.05696219151,238.06434366842,376.397637562956,,,,,
3.0304,1449.42697020861,252.433401467437,388.866233367288,,,,,
3.1167,1429.14739590185,247.806891949152,377.572298594788,,,,,
3.6501,1413.55433663473,249.813898270196,386.899467337567,,,,,
3.1614,1422.24529828632,238.314255710637,377.219997406571,,,,,
3.98185,1413.66513424392,249.837714879418,383.247826987198,,,,,
3.21295,1424.76261783447,237.875872655711,376.860764805112,,,,,
3.71245,1412.24802017859,249.80284649259,386.519875317662,,,,,
3.9053,1407.60896777572,245.166559114475,381.738365708991,,,,,
3.1604,1422.21898706804,241.628485630824,376.894641470117,,,,,
3.60905,1408.76751332368,249.791123729382,386.763348939756,,,,,
3.0755,1438.90026494394,248.576965202541,378.053109220187,,,,,
3.23175,1419.4632026276,244.144121164872,376.581957478607,,,,,
3.9815,1413.63024270028,249.912454854394,384.686090819976,,,,,
3.83275,1418.46880193635,243.081429658155,380.159392772991,,,,,
3.3794,1407.79684102941,245.405008162126,381.962694289184,,,,,
3.66455,1418.51352297747,244.779809079642,376.434519069481,,,,,
3.64145,1413.81017369341,249.821390831033,383.499098698167,,,,,
3.69665,1422.79479181767,240.998899413106,376.349788105821,,,,,
3.9135,1413.06122917109,240.098139358397,376.482300117791,,,,,
3.11835,1429.01198547843,244.687095134725,377.103075384624,,,,,
3.41855,1413.27787417998,239.627773770262,376.488649818284,,,,,
3.5213,1418.47226645183,241.265312150497,376.465517519559,,,,,
3.6743,1418.33823402728,245.867532085753,376.471994716055,,,,,
3.88645,1412.67138199786,249.667067148985,386.801540382765,,,,,
3.5225,1418.51691616303,238.138337382835,377.127446342795,,,,,
3.58805,1408.55917334513,250.029764986657,387.04095681758,,,,,
3.79825,1419.16383601236,245.809613293179,376.603114011032,,,,,
3.6731,1418.39363771529,248.722604614968,379.572240233995,,,,,
3.279,1409.43069071516,249.910170880917,386.863092178369,,,,,
3.05485,1441.36945030246,248.881824339776,378.391851029008,,,,,
3.3584,1412.68854444547,243.451640063728,380.392413596557,,,,,
3.5018,1423.7486968613,237.966530338184,376.988076570712,,,,,
3.26895,1409.64800356379,249.970526402106,386.685098004024,,,,,
3.09775,1436.17482148649,244.915284048644,377.393210762563,,,,,
3.5049,1418.72019983289,249.843242195853,386.967923958114,,,,,
3.23415,1419.41099766281,240.541628276043,378.52937997473,,,,,
3.5228,1415.92956584233,239.71837044909,378.07251510724,,,,,
3.9047,1412.63638035483,241.561758840988,379.171146297186,,,,,
3.04365,1442.56202337702,251.885243259702,383.519680908639,,,,,
3.04005,1442.98147606048,251.401072621087,387.371415589789,,,,,
3.8733,1422.52500232274,238.796188682308,377.456957342676,,,,,
3.59885,1408.81575103745,249.992217989941,386.762816673397,,,,,
3.99605,1418.6998283798,240.044307043534,376.555887103345,,,,,
3.077,1438.55613458697,245.84731738261,377.696537975268,,,,,
3.49875,1423.93288270886,246.255205042897,376.571943605823,,,,,
3.9453,1413.84221028757,238.088010413334,377.061272920974,,,,,
3.84525,1413.11038279119,249.729253179555,386.876658847116,,,,,
3.6369,1413.88022952986,243.712068375844,380.633311428575,,,,,
3.26755,1409.62326623888,249.921669288318,386.871182058909,,,,,
3.4127,1408.05916247612,249.761553381323,386.928695972577,,,,,
3.4337,1408.86372437109,250.016701340286,386.896177695788,,,,,
3.9458,1411.23009541123,240.855773668712,378.737540971908,,,,,
3.1015,1430.72000120652,248.958719059354,385.083868806383,,,,,
3.87135,1422.51229581145,243.281934581028,376.35999289567,,,,,
3.4462,1414.01139790812,248.974705618708,379.809108989342,,,,,
3.10995,1434.81441384554,238.890186108959,377.686776856827,,,,,
3.1432,1422.96022397252,249.760285536061,386.2225495836,,,,,
3.44385,1408.89035392021,250.019666466718,386.982460511757,,,,,
3.49575,1414.0553908418,249.916161025285,386.787713152135,,,,,
3.3326,1418.49193874865,249.133006462435,380.627244181443,,,,,
3.88325,1417.66292825268,237.63476375102,376.623601705351,,,,,
3.6847,1418.15605425003,245.68210407585,376.454719684593,,,,,
3.3902,1412.97207886892,247.832886807494,384.092184965013,,,,,
3.5643,1417.97846993482,241.072668194769,378.871854403802,,,,,
3.30785,1418.72373409484,248.250903145505,384.638402090648,,,,,
3.3048,1423.94967056799,241.013304908099,376.532438310614,,,,,
3.4241,1408.5079717247,249.830517814583,386.009973901604,,,,,
3.70665,1422.26145375512,242.152553336124,376.302405045152,,,,,
3.1389,1428.28768331273,244.746114992107,377.051415920291,,,,,
3.9378,1408.70309494688,249.695497152754,386.682801136954,,,,,
3.81055,1418.89793161439,239.465150261064,376.638269079665,,,,,
3.1255,1418.82113404896,250.625578678648,385.31486315007,,,,,
3.42205,1408.41066392905,249.65389054751,386.591963159114,,,,,
3.5058,1418.58986089676,249.859080728345,386.92562524517,,,,,
3.03275,1449.0315478511,252.491930345763,386.462431308692,,,,,
3.02595,1470.03671702388,245.070214326368,378.344611929154,,,,,
3.06165,1430.61822934986,251.701587664863,388.439518546731,,,,,
3.34525,1422.76116870712,243.670677287121,376.358920390123,,,,,
3.1708,1426.77804162656,241.155635465962,376.789914880005,,,,,
3.2483,1409.32132819375,249.869224907581,386.691629113575,,,,,
3.61815,1408.96088213682,249.802203285936,386.801147545841,,,,,
3.6071,1408.67048117322,248.666979211042,385.128901708454,,,,,
3.20345,1420.26734563872,241.993522259907,379.510564547765,,,,,
3.98205,1413.66513424392,249.682175858234,382.241313178175,,,,,
3.174,1421.52179443719,249.201906272,385.595183545769,,,,,
3.5888,1408.55864496689,249.996559353862,386.536996418271,,,,,
3.91715,1408.21986859994,249.819061676015,386.702977739825,,,,,
3.242,1419.25425177195,244.253011992551,376.5704339044,,,,,
3.8066,1414.01383266504,249.921891132731,382.923623784948,,,,,
3.4194,1413.34262117264,238.273648552252,377.22834355583,,,,,
3.5321,1423.3753674494,239.175466945602,376.398164705452,,,,,
3.45295,1409.15708911769,249.725754800919,386.608937261822,,,,,
3.23195,1419.46002981992,243.556834638393,376.580145706924,,,,,
3.66115,1408.53489844659,249.79142999591,386.188916817155,,,,,
3.8053,1414.01491123199,250.00242755062,386.62218516966,,,,,
3.4328,1408.88636094269,250.025977269082,387.040877994305,,,,,
3.3919,1413.07185973667,249.967687305192,387.027216589577,,,,,
3.04585,1442.24823946331,246.971229736387,378.204669951499,,,,,
3.3189,1413.32783271716,249.583993656768,386.504934462538,,,,,
3.42,1408.23731526612,241.710346139471,379.319988745209,,,,,
3.01925,1493.46086428822,251.339641853088,387.378470033547,,,,,
3.42245,1408.4383262406,249.840856701936,386.980603550643,,,,,
3.49975,1423.83317208504,244.343736947958,376.543730470121,,,,,
3.1823,1425.99866070128,239.059134227317,377.712283085667,,,,,
3.50735,1418.5465098289,249.838441349079,383.681867599956,,,,,
3.73725,1417.43848730831,243.234387988263,376.339521552836,,,,,
3.849,1418.17713544583,246.662686503623,376.685430891356,,,,,
3.95075,1408.91936507777,250.047326075871,384.010268716588,,,,,
3.4822,1414.07845460534,243.902633810947,380.767705584059,,,,,
3.3026,1424.23682065008,246.509307800375,376.5962423934,,,,,
3.6267,1408.97844427222,244.449260131822,381.155723639769,,,,,
3.35345,1417.78452722613,248.641497994064,379.259830435105,,,,,
3.6052,1418.72475370803,239.160603881213,377.695178276106,,,,,
3.1448,1422.83771578257,250.496289693022,387.424624551421,,,,,
3.92895,1408.6802589639,249.788108169378,386.59782439981,,,,,
3.4525,1409.06276275575,249.050508089169,385.578547030368,,,,,
3.98305,1418.73477708602,246.803272446219,376.732177601793,,,,,
3.20115,1425.41464853064,243.199836074903,376.661714384835,,,,,
3.28265,1414.4713458761,245.567680583899,376.595400910647,,,,,
3.07555,1438.87432041629,248.454610203155,377.938276784118,,,,,
3.61785,1408.96088213682,249.556941570311,386.347519210284,,,,,
3.3653,1417.81474391221,245.242375708251,376.462803203665,,,,,
3.72145,1412.36540676623,249.811157204287,386.84514744868,,,,,
3.63185,1419.23953633737,248.8491360563,379.659848399482,,,,,
3.01755,1494.34072780215,232.923969575102,380.713420434074,,,,,
3.74875,1412.96126653821,238.778111241555,376.394714044492,,,,,
3.9152,1408.04179186694,242.897602937436,380.043171624282,,,,,
3.6213,1409.05337818717,249.382214650591,381.09984308092,,,,,
3.58455,1413.4315836322,239.006181897117,377.618702947226,,,,,
3.06735,1439.99256391837,243.700529988633,377.754952194451,,,,,
3.67725,1418.29679336484,238.384421855126,377.250479922064,,,,,
3.7961,1409.22243588083,250.046581032285,383.81861285174,,,,,
3.78505,1408.88379596558,249.890304709156,386.05570575844,,,,,
3.7602,1413.30035781403,241.06355428516,378.822901910943,,,,,
3.4851,1414.11835056529,250.087100404572,387.050064505321,,,,,
3.1943,1415.60367644161,248.120680414967,384.411867969356,,,,,
3.3634,1415.36726134469,249.530696041636,381.470454092946,,,,,
3.0745,1433.99721110739,251.39487215928,383.566475549399,,,,,
3.19595,1415.72076682685,250.122803249394,387.215184023393,,,,,
3.53555,1418.24123371033,249.61318134954,386.57239793178,,,,,
3.77725,1413.72762645742,246.101423859943,376.535386754567,,,,,
3.95005,1408.86672963884,250.035987921346,386.094290595293,,,,,
3.86875,1417.72652037238,249.383437882407,381.349067369919,,,,,
3.1358,1418.59061556638,250.622915463718,385.379250047583,,,,,
3.55035,1418.00645000687,246.054679180743,376.420074414132,,,,,
3.6762,1418.23703115398,240.43920660173,376.454155954348,,,,,
3.688,1413.00335686819,240.811569500347,378.700090182029,,,,,
3.8718,1422.47994032183,241.729005734422,376.356532490907,,,,,
3.0532,1436.49237239393,251.850280171046,386.637954617227,,,,,
3.35125,1412.71605758574,249.901917256552,386.794661047883,,,,,
3.09185,1426.75393146308,250.715192061419,387.218623259364,,,,,
3.55525,1412.87191468499,247.734620356263,384.115047754657,,,,,
3.16465,1417.18602230961,250.315731450008,387.341001625519,,,,,
3.7324,1412.53767101318,249.656358423196,386.80523947111,,,,,
3.5405,1423.00051642324,245.308959895402,376.389728916224,,,,,
3.43,1413.67496353864,239.893341730842,378.121876165286,,,,,
3.6567,1418.37007503833,238.771840483599,377.468194832056,,,,,
3.5192,1418.55419276707,246.368443230631,376.480646770422,,,,,
3.91765,1408.30003264089,249.969483429267,387.033323814536,,,,,
3.9373,1408.56175505337,249.09487873985,385.701936342002,,,,,
3.89485,1412.57651576357,244.204147186269,380.99681950501,,,,,
3.6946,1422.99781084228,246.168049041735,376.396798052737,,,,,
3.84955,1418.14192163768,245.89212961059,376.48000872205,,,,,
3.1078,1434.95581107611,245.456180096643,377.196486447326,,,,,
3.8759,1412.58978104879,249.594355542826,386.57081037429,,,,,
3.66355,1418.62830442873,246.379698539819,376.459959286074,,,,,
3.56465,1412.93135082882,243.177419518434,380.277663273772,,,,,
3.9388,1408.65881800201,249.819694687235,386.913747624597,,,,,
3.667,1418.45925863042,238.681535147717,377.401923897909,,,,,
3.8155,1413.85703588499,249.900661890317,386.7419988529,,,,,
3.2043,1420.18537987707,246.729061617685,383.089053243248,,,,,
3.20865,1420.04557674351,249.707853583129,381.960650696908,,,,,
3.3925,1413.0539755172,249.940854953946,386.818309520828,,,,,
3.22465,1414.51583335565,245.391114824972,381.911764195605,,,,,
3.704,1422.48787719865,248.684649072507,379.691999504384,,,,,
3.7132,1412.25034465723,249.829042007969,385.070195724296,,,,,
3.8125,1413.80972127689,245.340354293017,381.915022643783,,,,,
3.73475,1412.58407696183,249.127153947057,380.866849125688,,,,,
3.2699,1409.6736730002,250.00051183542,384.699006508324,,,,,
3.1921,1420.77159905217,238.260172605097,376.769462189397,,,,,
3.97735,1413.60863884844,244.451918472532,381.241242279798,,,,,
3.07775,1438.44876879702,243.340576573507,377.673517990446,,,,,
3.63475,1418.99151698099,241.373559455695,376.528063046717,,,,,
3.4799,1419.14881109756,242.101305147969,376.605476753366,,,,,
3.9776,1413.60091066443,245.815982499497,382.32093893986,,,,,
3.02015,1492.97106615462,252.679709763432,389.164671178489,,,,,
3.9785,1413.6169387913,249.085494060289,385.66452770578,,,,,
3.323,1418.43834599003,246.801064190286,376.761591119006,,,,,
3.27415,1419.46441044678,239.968089569272,376.575361917225,,,,,
3.99975,1413.7419441986,249.907935920722,386.826377559032,,,,,
3.7578,1413.26465183398,243.810485365213,376.489678310221,,,,,
3.03165,1449.21667535012,252.467247641757,388.732125836556,,,,,
3.97075,1413.80178254436,249.821961448291,385.851958560346,,,,,
3.28945,1409.49283510861,249.908340183092,386.799384493094,,,,,
3.0192,1493.46086428822,251.161706127273,387.214506039934,,,,,
3.1652,1417.19646089641,250.329006904831,387.353438871397,,,,,
3.34955,1412.69197500963,249.365936215594,385.981034363534,,,,,
3.01645,1499.72780666162,210.564482045474,378.899256832435,,,,,
3.93185,1418.68244196151,246.214002562534,376.493432975874,,,,,
3.3345,1423.29817956063,244.786652193873,376.397627764001,,,,,
3.5687,1413.07804972142,249.707637620126,385.379931226286,,,,,
3.83615,1418.37257161015,249.799793810398,386.57876332222,,,,,
3.5973,1408.69358415464,249.748113425733,386.478579893828,,,,,
3.63805,1413.87614024213,248.758422534458,385.207673765884,,,,,
3.08655,1437.36045024376,247.281201322639,377.635149130781,,,,,
3.6944,1423.08790092576,246.426942591338,376.457015281203,,,,,
3.59735,1408.69358415464,249.794808004314,386.562606143128,,,,,
3.88245,1417.60701108093,240.385669832757,376.396713297666,,,,,
3.7967,1414.29783123965,249.392715074114,380.704500782685,,,,,
3.3854,1418.19483728517,245.966356573924,376.415011804628,,,,,
3.6014,1418.91741622839,247.167394515283,377.042670254757,,,,,
3.89065,1417.72787896846,245.994223561684,376.360463163052,,,,,
3.93115,1418.79753637635,247.88559238725,378.159241505593,,,,,
3.19905,1425.68416980933,247.727147854709,377.734190725647,,,,,
3.61015,1408.79466762318,249.80901014803,384.859623508333,,,,,
3.4409,1408.71221803814,243.531997906657,380.479850496709,,,,,
3.4604,1414.36157494085,237.898840559431,376.822026765044,,,,,
3.9331,1418.60944576956,243.725892687892,376.468748398067,,,,,
3.45465,1409.19291592427,249.927152238891,386.657627157511,,,,,
3.1082,1434.95581107611,244.327660974081,377.184371188487,,,,,
3.77325,1408.60206478657,249.829236516824,386.997448313399,,,,,
3.27925,1409.43069071516,249.898034929133,386.669580416662,,,,,
3.6385,1413.89664367338,249.545716918327,386.34203825749,,,,,
3.1101,1434.81441384554,239.526097557458,378.095959656576,,,,,
3.92035,1408.4060457228,249.497283358188,381.256133296667,,,,,
3.4091,1417.90713184554,238.294960013136,377.21158492603,,,,,
3.09345,1426.67556329202,251.093700548517,387.776862286501,,,,,
3.2569,1409.49602828541,249.634696397594,386.402837293818,,,,,
3.3257,1418.37438697156,239.80059825712,376.451048628913,,,,,
3.6326,1419.17373916727,246.551417501814,376.57349184777,,,,,
3.23355,1419.4623863109,237.945950847589,376.829475996545,,,,,
3.4679,1419.4622414139,246.150742945398,376.55755129704,,,,,
3.8191,1418.85695867224,245.195582295369,376.548645459263,,,,,
3.5558,1412.95020377294,249.150406915839,385.851057978425,,,,,
3.879,1412.62686590364,249.42299993066,381.674558317267,,,,,
3.0857,1437.46125572492,248.695611973511,378.285141504703,,,,,
3.5047,1418.6885791388,249.767107899559,386.800879966181,,,,,
3.856,1413.15042630208,249.816051745414,387.010259526467,,,,,
3.08665,1437.30679896942,247.112995963409,377.630642765722,,,,,
3.65735,1413.33366369636,242.607495560789,379.862229425797,,,,,
3.8488,1418.17713544583,247.238342459498,377.319515857492,,,,,
3.48845,1419.16963277714,246.430561233377,376.679552916325,,,,,
3.29035,1409.47649913104,249.926115865281,385.241947120505,,,,,
3.41165,1408.0002138558,249.479658346348,386.376799085906,,,,,
3.88725,1412.72285690291,249.697045253898,386.827333534362,,,,,
3.3438,1422.85993211492,246.370629767572,376.411591979503,,,,,
3.7008,1417.67940110217,249.643084952345,386.759481286747,,,,,
3.87115,1422.51229581145,243.872808557107,376.3624552284,,,,,
3.14615,1422.75083389591,250.505986167129,385.150212234953,,,,,
3.09745,1436.2999281738,245.729108909063,377.40373923677,,,,,
3.5853,1408.3520874547,243.621046265785,380.559356955398,,,,,
3.33345,1423.47024144317,246.454171194001,376.479829856683,,,,,
3.74895,1412.96957949317,237.953475706759,376.416554200723,,,,,
3.40085,1412.88844285735,248.784327256751,385.162586359015,,,,,
3.4537,1409.20296267509,249.966399606289,387.110202793707,,,,,
3.2045,1420.17500142928,247.589415426371,383.902644101565,,,,,
3.91455,1413.11222883241,239.037469489946,377.620983958826,,,,,
3.2174,1414.65745861493,249.971334257811,386.733185373086,,,,,
3.52645,1413.60455375693,249.796082997253,386.856448408833,,,,,
3.8926,1417.65447539804,240.945728800932,376.341538389727,,,,,
3.1475,1427.71543495397,248.030588831949,377.927167720471,,,,,
3.5672,1413.13616782672,249.728383997679,386.917365969086,,,,,
3.02755,1454.84234376647,240.778756261185,379.138215123713,,,,,
3.3433,1422.94162257579,247.826811775595,378.102006409107,,,,,
3.61725,1408.85406254085,248.317313619253,384.689746353811,,,,,
3.58105,1413.40274748583,246.347080762778,376.450204574962,,,,,
3.62925,1409.1949448285,249.954073959983,387.000965667925,,,,,
3.5515,1417.92766615602,243.737566239654,376.405992869586,,,,,
3.33095,1413.42920171222,249.753612703184,386.456036474592,,,,,
3.15265,1417.27352411982,246.701258647727,383.007956981525,,,,,
3.25685,1409.49602828541,249.573973378242,386.302346924161,,,,,
3.05925,1430.72315628244,244.728568768953,381.527313368124,,,,,
3.5761,1408.05704945189,248.475542386875,384.918231140456,,,,,
3.66295,1418.67513628475,248.105811506831,378.486299513566,,,,,
3.23485,1414.33357953539,244.673915212183,381.336816123939,,,,,
3.0015,1734.59515168176,5.47106991809954,389.149013216479,,,,,
3.3398,1418.12913233033,249.69438595902,386.771620393114,,,,,
3.0937,1426.61248599355,251.083250852046,387.554376194191,,,,,
3.31615,1423.33414661711,237.824993860803,376.861103589559,,,,,
3.39095,1413.02957281991,249.607032634429,386.321591976967,,,,,
3.6341,1419.01386345022,243.653248105893,376.533135138381,,,,,
3.40845,1417.85113073814,238.887718530266,376.530906047969,,,,,
3.3533,1412.77713583388,249.098479628939,380.222995309651,,,,,
3.95555,1413.97589061083,238.153675077924,377.01130163425,,,,,
3.7931,1409.04980678886,249.64891024757,386.286437773815,,,,,
3.11,1434.81441384554,239.060661462626,377.808989835566,,,,,
3.87085,1422.51229581145,244.639171316849,376.367120537829,,,,,
3.09095,1426.75238170997,248.23190029073,384.311121521603,,,,,
3.113,1429.55086170646,250.650656034623,387.564748471045,,,,,
3.36565,1417.78780758055,244.449731143604,376.459103407741,,,,,
3.4124,1408.07765937498,249.767731354485,386.964118847067,,,,,
3.72725,1417.36327172221,242.415580511825,376.406701458258,,,,,
3.366,1417.77617535054,243.47217851152,376.457004718781,,,,,
3.75945,1413.32932298311,237.88170351988,376.686051592661,,,,,
3.72465,1417.4763084083,248.777469182814,379.62158535768,,,,,
3.44265,1408.87417880836,249.804835773776,386.599983243737,,,,,
3.15815,1422.36670988519,247.071993011365,376.963023574078,,,,,
3.4696,1419.38361657693,241.89668396498,376.532422900176,,,,,
3.296,1414.44719064795,240.418165644518,378.535809505041,,,,,
3.31505,1423.300786648,241.19232524189,376.429969862169,,,,,
3.45225,1409.03271342099,248.394046429361,384.772772020881,,,,,
3.8562,1413.15042630208,249.809274222195,386.973435795509,,,,,
3.32875,1413.34242851227,248.889502772637,385.459538006239,,,,,
3.98765,1408.47720826087,244.502850027222,381.168019771287,,,,,
3.0914,1426.75138268374,249.827975784527,385.995613308272,,,,,
3.36415,1417.93092812904,247.203041325611,377.098859897792,,,,,
3.04675,1442.16500537112,244.170953144796,378.182156465974,,,,,
3.679,1413.16665258353,247.802880426425,384.145633513795,,,,,
3.84035,1423.12146021706,243.524851852535,376.442530043272,,,,,
3.45715,1414.40409232914,246.762003021833,376.747686361308,,,,,
3.41795,1413.24847081914,242.012559125462,376.479332093072,,,,,
3.34295,1422.94162257579,249.012731106382,380.354700196377,,,,,
3.2115,1424.78183290968,242.920168606369,376.574427452991,,,,,
3.36675,1417.79501039357,240.768441508266,376.458505468832,,,,,
3.07745,1438.54722699831,244.447940524077,377.681730320154,,,,,
3.5196,1418.51407624199,245.868578299364,376.471973255609,,,,,
3.04995,1436.83747636006,249.94464876312,385.864912756029,,,,,
3.42835,1413.64826212003,241.789133636974,376.457312172097,,,,,
3.22885,1414.58090070278,250.025564874687,383.996105157863,,,,,
3.4871,1414.1162210501,249.784203478603,381.924160163157,,,,,
3.2847,1414.49842981777,238.893331400524,376.597741235554,,,,,
3.4722,1414.28692673337,245.63762917794,382.08981969456,,,,,
3.93935,1408.65592208845,249.793170819355,386.54618950368,,,,,
3.6958,1422.82019566516,243.882726536658,376.361658340809,,,,,
3.0019,1734.5554857331,6.39978893442922,387.862889673168,,,,,
3.4343,1408.86000101209,250.002044268096,386.242689801982,,,,,
3.0845,1432.58972730399,251.365196499181,384.867018188858,,,,,
3.3909,1413.02957281991,249.544758202374,386.219417502099,,,,,
3.6642,1418.53838561402,245.480690247793,376.440854181838,,,,,
3.49515,1414.10535790384,249.945704691667,387.07104393046,,,,,
3.15645,1417.2676832158,250.391707144167,385.088203747939,,,,,
3.73755,1417.43659612203,242.245362519707,376.338910065042,,,,,
3.27835,1409.51198867495,249.935127640362,387.044462510191,,,,,
3.27255,1419.54952680266,245.228380642251,376.591415113916,,,,,
3.5111,1423.33955260556,240.785033430455,376.427824098847,,,,,
3.0644,1432.91032185873,251.178402100944,382.499763898146,,,,,
3.8211,1418.8578029517,238.293192637816,376.55514127537,,,,,
3.56305,1418.01152970063,239.11081425847,376.402180555383,,,,,
3.3034,1424.13652134866,245.286695693914,376.563756855665,,,,,
3.6945,1423.04976931209,246.282695379972,376.401223338265,,,,,
3.6339,1419.01386345022,244.225186217919,376.535912924742,,,,,
3.45685,1414.40409232914,247.647652112559,377.748459077164,,,,,
3.33895,1418.04647786561,248.581211979371,385.053483131468,,,,,
3.1521,1417.28061869148,243.646132354644,380.652126797181,,,,,
3.70405,1422.48787719865,248.528984460683,379.370170311242,,,,,
3.39795,1417.95539356762,239.712928603434,376.464943385103,,,,,
3.67245,1413.37237995744,249.756754883893,383.180331237785,,,,,
3.02695,1459.92961095512,240.790158988929,378.30092874239,,,,,
3.39405,1413.04967448856,249.869499108652,383.033125533366,,,,,
3.807,1419.01787311083,249.380882086545,380.749549016675,,,,,
3.5023,1423.7486968613,240.493619637074,378.537858524046,,,,,
3.54335,1422.91100003873,239.163323185908,377.685757372093,,,,,
3.6833,1413.1893359686,249.01726944523,380.267897416835,,,,,
3.4133,1408.04855849071,249.731850503852,386.609555803628,,,,,
3.7428,1407.65377546875,249.678112465645,386.829277899678,,,,,
3.02435,1490.61794451324,248.970393956458,378.494365435515,,,,,
3.0373,1453.37808297903,240.663340249684,378.217602426242,,,,,
3.24865,1409.33362155365,249.86541212645,386.245766745183,,,,,
3.29485,1414.53277281512,239.62007542731,376.640075810964,,,,,
3.6919,1413.06023231138,249.713312292055,386.414835195223,,,,,
3.44655,1414.03491900873,247.679766150606,377.693384287509,,,,,
3.92765,1408.65501841162,249.764822288179,386.81152164734,,,,,
3.68085,1413.18459991751,249.808384851788,386.925033873421,,,,,
3.39785,1417.95539356762,240.13781017881,376.463790185356,,,,,
3.94885,1408.87259641617,250.069413761369,387.100751715417,,,,,
3.04925,1436.93377661574,246.7034617535,382.971843888251,,,,,
3.86275,1422.85051877792,237.83121560259,376.863525887995,,,,,
3.797,1419.29317180859,248.447827991655,378.782173679743,,,,,
3.04885,1436.93377661574,244.357059565641,381.293953438055,,,,,
3.02055,1492.72673321799,252.726167304249,389.273789726247,,,,,
3.73065,1412.35710996502,247.916908436392,384.300621296625,,,,,
3.7291,1417.36487134895,239.821561127698,378.042843686484,,,,,
3.73105,1412.38514896717,248.939570348088,385.572424143786,,,,,
3.6404,1413.83872449622,249.828764133446,386.389357572602,,,,,
3.4792,1419.17010964983,244.386297272803,376.6091677492,,,,,
3.3255,1418.34575962028,240.645849206261,376.448454182631,,,,,
3.67145,1413.37876774613,249.789443920309,386.181521423112,,,,,
3.5561,1412.95596707903,249.522143517693,386.460075512507,,,,,
3.7122,1412.25046534447,249.813697334061,386.734637788997,,,,,
3.0308,1449.35571353979,252.499991723538,389.022786294838,,,,,
3.73315,1412.47565175736,249.621918294704,386.325466593834,,,,,
3.5597,1418.09955632642,248.499490540948,379.262606023729,,,,,
3.992,1408.80569802525,250.045090255951,383.987721077207,,,,,
3.42085,1408.28574625573,246.487429570006,382.900271995514,,,,,
3.5312,1423.39966460504,242.709371278344,376.40155872443,,,,,
3.7358,1417.492384647,246.167554870864,376.360749614416,,,,,
3.627,1408.98160041841,246.066418215259,382.446371839603,,,,,
3.5355,1418.23170615049,249.575219035749,386.500026560484,,,,,
3.6021,1418.79200922277,246.063759600821,376.584279743538,,,,,
3.25825,1409.54375493947,249.966322833416,386.98191561691,,,,,
3.78495,1408.88379596558,249.886311150445,386.240547768476,,,,,
3.66245,1413.62598009846,249.470977291153,381.598036023274,,,,,
3.95815,1408.95279891161,249.655653904467,386.310253337336,,,,,
3.06095,1430.61436057429,251.342118573204,387.735128793895,,,,,
3.0337,1448.97997980219,251.366033465725,381.521341651891,,,,,
3.4219,1408.41066392905,249.504846391681,386.329202143919,,,,,
3.2008,1425.41464853064,244.273320867912,376.667978486988,,,,,
3.8311,1423.59367736166,239.631734684516,376.454278347178,,,,,
3.3842,1413.15485384335,249.030032221349,380.404729055531,,,,,
3.34825,1412.63644857235,244.388762203827,381.120830259232,,,,,
3.4237,1408.49933811858,249.826767248924,386.611208509967,,,,,
3.5362,1418.30392829841,249.780119756766,386.935710701371,,,,,
3.6867,1418.12071118835,239.611512077572,376.4411048267,,,,,
3.48835,1419.17815093168,246.552311384038,376.682484599864,,,,,
3.3569,1417.79914551432,238.797555996372,376.457377289632,,,,,
3.07305,1434.16185045494,251.568835424478,387.872522662695,,,,,
3.39135,1413.02957281991,249.903265746672,386.879399658443,,,,,
3.54225,1422.87989804549,239.803229609809,376.367531778409,,,,,
3.58005,1413.33819753449,249.262702794052,381.018248025465,,,,,
3.9742,1418.71503155288,244.171882456132,376.524519330123,,,,,
3.0569,1441.04603876088,244.352588723263,377.953610601398,,,,,
3.35555,1417.75498280536,243.894304043426,376.448315606964,,,,,
3.94635,1408.71609848376,244.246645156115,381.017708675305,,,,,
3.79205,1408.96702706729,246.401528465455,382.715482281145,,,,,
3.4971,1414.07315281416,249.889620090511,383.463695306692,,,,,
3.3494,1412.66152530438,249.091676389624,385.589878516227,,,,,
3.03005,1449.42631609731,252.187324441668,388.395532354384,,,,,
3.5065,1418.57022622097,249.839591817106,386.206695424138,,,,,
3.1657,1417.13723573356,250.303670381213,387.115986000412,,,,,
3.61385,1413.86493556665,242.271770229451,376.500654889289,,,,,
3.16255,1417.08917906709,244.423362188531,381.217313162973,,,,,
3.96945,1413.92318562068,249.852560271745,387.021682640296,,,,,
3.5425,1422.886832363,238.721991552489,376.369098698019,,,,,
3.53665,1418.21393914845,249.764798048046,386.842432763662,,,,,
3.0944,1426.58256408804,251.10818314295,386.21281752026,,,,,
3.5885,1408.55513129215,250.00691894923,386.831612870316,,,,,
3.18285,1415.83240049039,242.293409534928,379.697932466072,,,,,
3.6627,1413.67982212506,248.962283181045,380.11274824589,,,,,
3.83935,1423.22659965027,245.785220375405,376.464055408618,,,,,
3.80315,1414.01868017857,249.144762109309,385.589371427296,,,,,
3.37075,1412.92054069897,249.652520714142,386.73532400936,,,,,
3.07205,1434.39393671541,251.607391355375,388.299838683812,,,,,
3.633,1419.09482326594,246.05669213617,376.555366887991,,,,,
3.7484,1412.86986689056,240.275470005697,376.386175479461,,,,,
3.87945,1417.63410358938,248.323913843392,378.929030618094,,,,,
3.08605,1437.43089723185,247.951118829017,377.661107444849,,,,,
3.6141,1413.86493556665,241.337376116263,376.502497624295,,,,,
3.32165,1413.32884242041,249.784785260422,383.885648678436,,,,,
3.00425,1734.25646474853,54.9911553178496,379.881073205497,,,,,
3.2912,1409.52558632949,249.557982474887,381.620204103489,,,,,
3.0201,1492.97106615462,252.663090613708,389.127406890852,,,,,
3.9771,1413.60863884844,242.974612604874,380.177299385175,,,,,
3.3461,1422.71928899242,240.664437990897,376.351907461975,,,,,
3.38605,1418.10631364189,244.842413752816,376.402899334398,,,,,
3.52275,1418.4375389927,239.430862225182,377.901606963312,,,,,
3.3541,1417.84530587427,246.572403104233,376.501833711336,,,,,
3.3917,1413.08059229572,249.966491661705,387.029065858218,,,,,
3.08265,1432.86942680824,251.394431767663,388.12502164085,,,,,
3.29745,1414.37949287926,248.068808223157,384.428837467437,,,,,
3.12445,1418.85056819413,250.601386500142,387.353884867063,,,,,
3.2149,1414.63536141936,247.912533391646,384.220845770036,,,,,
3.7564,1413.33899904834,246.466620045629,376.500489764714,,,,,
3.9825,1418.68407456674,248.736670844817,379.536706358445,,,,,
3.25355,1414.44874636796,239.764486778825,376.561521242956,,,,,
3.8458,1413.0775029865,249.754153242804,386.922775375398,,,,,
3.3309,1413.42920171222,249.754679500796,386.514542558137,,,,,
3.22395,1414.52942701029,241.24578532852,378.997685266466,,,,,
3.79275,1409.03346525089,248.997858116953,385.367390453833,,,,,
3.13365,1418.67496681746,250.59837478242,387.552279797914,,,,,
3.3507,1412.74387042939,249.927616495494,386.99971797303,,,,,
3.1152,1429.21807800018,250.680927904242,385.304625399454,,,,,
3.37555,1417.85911370927,245.174302550929,376.389234009278,,,,,
3.8369,1418.32094504199,249.820074769604,385.231802913799,,,,,
3.8643,1417.75129733257,246.389021611655,382.79277362267,,,,,
3.32835,1413.28525617823,247.743128302615,384.115372879926,,,,,
3.06565,1440.23133625642,247.895779848547,377.823268174758,,,,,
3.74865,1412.92969153173,239.212805604409,376.391937019139,,,,,
3.1205,1423.91268632722,239.925207632781,378.354752574517,,,,,
3.218,1414.64291815073,249.983533934405,385.741269328761,,,,,
3.04295,1442.60797751025,252.19436273938,386.586415331649,,,,,
3.5749,1407.97966338446,242.842248031629,380.034678976555,,,,,
3.9817,1413.64949814405,249.891359547302,383.914970265743,,,,,
3.217,1414.65924902449,249.991032914082,387.013189470962,,,,,
3.18925,1420.88108494615,246.655031667864,376.752396293635,,,,,
3.5508,1417.9319730551,245.366906922542,376.411999844936,,,,,
3.6695,1413.40919886166,249.572031888716,386.415139412237,,,,,
3.0191,1493.46086428822,250.757790395108,386.870389661449,,,,,
3.2464,1409.22784850194,249.288769378832,385.937821811429,,,,,
3.51955,1418.52469295171,245.940362127062,376.472836578484,,,,,
3.7762,1413.68796032746,248.81915924955,379.832820455618,,,,,
3.07945,1433.32965357822,241.885362534712,379.581314891516,,,,,
3.76895,1418.43311455084,240.874386170548,376.565485099165,,,,,
3.30435,1424.01312033478,242.696877164421,376.539284009321,,,,,
3.837,1418.32094504199,249.826239253476,384.938259116904,,,,,
3.70645,1422.28614510455,242.840905542735,376.304403154141,,,,,
3.6321,1419.23953633737,247.91094073743,378.065442093015,,,,,
3.88075,1417.62095477098,245.447737378726,376.400483919895,,,,,
3.80975,1418.88196074323,242.673815918253,376.634536174388,,,,,
3.5025,1418.70781650267,241.6874001432,379.292204656138,,,,,
3.3469,1422.75845429248,237.609383884799,376.487137642109,,,,,
3.61445,1413.86979427354,239.908687587915,376.507137911265,,,,,
3.36365,1417.90411749119,248.99340299166,379.971460815949,,,,,
3.61335,1413.85975658073,243.873562358772,376.49977610566,,,,,
3.2783,1409.51198867495,249.934258779658,387.043063450519,,,,,
3.9984,1413.61931939001,246.738617149261,383.002275901395,,,,,
3.80145,1414.06041785457,241.133854788682,378.888772579085,,,,,
3.1341,1418.69286813601,250.629152605363,387.622503462782,,,,,
3.1061,1435.30764896921,248.990960520147,379.013408164423,,,,,
3.27165,1419.64221378784,246.599631837801,376.621717613562,,,,,
3.5919,1413.66048348465,245.886632563344,376.553632281658,,,,,
3.057,1441.04603876088,243.989684849516,377.950932916284,,,,,
3.8496,1418.12903765095,245.819808963816,376.478953205649,,,,,
3.8952,1412.57651576357,246.0606755205,382.500480174149,,,,,
3.488,1419.17815093168,247.118448062904,376.987298816315,,,,,
3.59465,1413.68389863532,238.256420859943,377.091150644419,,,,,
3.493,1413.94123710006,246.376469457797,382.771266035569,,,,,
3.63045,1409.15151806008,249.929406131202,385.793479394788,,,,,
3.8221,1413.7490802167,241.173487054486,378.964729860227,,,,,
3.3893,1412.99010297414,243.231231009616,380.276582982877,,,,,
3.16685,1417.12228670023,250.325919100245,384.738931642892,,,,,
3.7877,1414.02745028657,245.952778932947,376.51096765906,,,,,
3.0376,1448.32099573002,240.079735918635,378.445507943904,,,,,
3.75415,1408.12747883747,249.894577851267,385.909624111467,,,,,
3.4404,1416.31024451752,240.531035021494,378.509723875379,,,,,
3.89805,1412.69354070229,249.648147933022,386.475589628292,,,,,
3.48505,1414.11835056529,250.089730825631,387.069587707691,,,,,
3.53265,1423.35167594213,237.697656509839,376.689376808672,,,,,
3.85495,1413.05373253762,249.338025771963,386.114868032049,,,,,
3.7513,1407.91215901197,248.2931921043,384.624256064402,,,,,
3.8245,1413.82954363104,249.901099143888,386.940699092047,,,,,
3.74765,1412.85918813335,243.052216574565,376.376559602325,,,,,
3.38715,1418.07880771148,241.519613109446,376.396272746993,,,,,
3.68055,1413.24671436238,249.815261892307,386.963537364842,,,,,
3.47865,1419.19569089722,245.635907671914,376.616737599016,,,,,
3.7287,1417.38072150948,237.890603943461,376.861405005554,,,,,
3.27935,1409.43069071516,249.894944658942,386.563494668697,,,,,
3.49065,1419.05297670745,240.369247130972,376.659314636579,,,,,
3.7282,1417.39115492995,238.581248704938,376.416908876451,,,,,
3.61285,1413.85975658073,245.090218828707,376.502104501714,,,,,
3.1671,1417.12228670023,250.270308602378,383.707562163383,,,,,
3.11205,1429.54453839386,249.454359208955,385.720427843584,,,,,
3.25315,1414.42512457226,241.404542432398,376.556070247352,,,,,
3.27915,1409.43069071516,249.902351844746,386.758358011558,,,,,
3.1484,1427.63840479831,246.390781095274,376.944119169418,,,,,
3.4432,1408.94521858647,250.029265534255,387.068830158372,,,,,
3.9127,1413.03573344411,243.147292335334,376.470727006846,,,,,
3.0964,1436.52832222156,247.590619393786,377.451775570271,,,,,
3.61665,1408.83948366025,245.834135866521,382.309327842609,,,,,
3.4959,1414.04929585773,249.910625219168,386.642098794243,,,,,
3.231,1419.51250167782,245.807133921473,376.593514634509,,,,,
3.84435,1413.00445391841,248.743649973399,385.287119566126,,,,,
3.9212,1413.53068510137,246.841779177902,376.737115447816,,,,,
3.1762,1421.40385160128,250.207652650199,386.84435351941,,,,,
3.87025,1422.60184118537,245.775902217383,376.38042642598,,,,,
3.1367,1423.62208227555,249.877857435687,381.05236949345,,,,,
3.8471,1413.05600986095,249.733128545826,385.515250920492,,,,,
3.63325,1419.09482326594,245.66033939255,376.548648158188,,,,,
3.3099,1418.61928576375,249.861682882616,386.893612098338,,,,,
3.9241,1413.49754253127,238.967985170926,376.545947206566,,,,,
3.39125,1413.02957281991,249.858009073043,386.782744156547,,,,,
3.4764,1414.25588213349,250.045000319037,383.823422609876,,,,,
3.77455,1408.56379425773,249.79210836027,386.292616039774,,,,,
3.7843,1408.8729251514,249.902727997971,386.929504530406,,,,,
3.9691,1413.94038858964,249.840926631972,386.999173078292,,,,,
3.9856,1418.60319872599,240.421964913963,376.449710072882,,,,,
3.14045,1428.22189196194,238.904592623502,377.035501153923,,,,,
3.34635,1422.71928899242,239.609962380686,376.352455891589,,,,,
3.7128,1412.24952947518,249.803600643531,386.020048224886,,,,,
3.22275,1419.66519076011,239.238388453411,376.578378777313,,,,,
3.97535,1418.6880430109,240.125734199659,376.521193307107,,,,,
3.3694,1412.73808324672,246.833389983627,383.179093060424,,,,,
3.3778,1417.89409759414,237.669846625246,376.485392833154,,,,,
3.63855,1413.90605178956,249.597823461519,386.432736365526,,,,,
3.6522,1413.53975286125,249.372541641154,381.269915545357,,,,,
3.84945,1418.16979762204,246.028622749601,376.482291775905,,,,,
3.52605,1413.61352798434,249.814389106331,386.984501390925,,,,,
3.45095,1408.98814182412,241.893288287546,379.441172809522,,,,,
3.2162,1414.73633902924,249.986504354451,387.072110442132,,,,,
3.29995,1414.36535132882,249.929459262011,386.677349998316,,,,,
3.27535,1419.47319456687,240.219203054571,378.347147707336,,,,,
3.4186,1413.2908808925,239.415144389202,376.489796738586,,,,,
3.5607,1418.03062263057,245.999714731533,376.408536693499,,,,,
3.80385,1414.13031621845,249.968173665287,386.921204599929,,,,,
3.1918,1420.77159905217,239.459560105728,376.727659326576,,,,,
3.7668,1418.51237956205,246.422138718707,376.592832251045,,,,,
3.4367,1418.89634560606,246.589845051036,376.58731599214,,,,,
3.8918,1417.64845487711,243.67595146538,376.342688569884,,,,,
3.74535,1412.80832325521,248.368728539413,379.100050459864,,,,,
3.74845,1412.87587630834,240.066545212802,376.387203429438,,,,,
3.1579,1422.36670988519,247.67123928899,377.530163046398,,,,,
3.67025,1413.49986286301,249.830661908608,386.949132509239,,,,,
3.06495,1440.38639936854,249.380052107402,379.050169787832,,,,,
3.3895,1412.98182168564,244.429918788129,381.142959659071,,,,,
3.6628,1416.18914026432,248.664836249794,379.474959810131,,,,,
3.67165,1413.36902062927,249.797049492612,385.814165565912,,,,,
3.1003,1430.90293574154,242.747885694548,380.113569445237,,,,,
3.02835,1449.68058119584,245.65825039055,382.190230610493,,,,,
3.2112,1424.79490383119,243.868645620223,376.579208039883,,,,,
3.5925,1413.65586655342,244.676017818309,376.548472241536,,,,,
3.346,1422.71928899242,241.068706709287,376.352085096492,,,,,
3.205,1420.16005896229,249.112784518374,385.63396200457,,,,,
3.6852,1418.13663337723,244.710344755385,376.445835871616,,,,,
3.7415,1407.54187877052,249.194490414623,385.959918504387,,,,,
3.8353,1418.52210825331,249.83711314756,386.953648770614,,,,,
3.67475,1418.26408532081,245.067594610835,376.463027650167,,,,,
3.99105,1408.73823133063,250.027940563616,386.476702571599,,,,,
3.88605,1412.64392716701,249.42278549429,386.319707066303,,,,,
3.26305,1414.57956836253,242.978021548862,376.561347198508,,,,,
3.9097,1407.95492792678,249.77375280126,382.994211387582,,,,,
3.1267,1423.90768791107,248.838986689701,379.033652508296,,,,,
3.2351,1414.33357953539,246.010136471804,382.409709343127,,,,,
3.4078,1417.84566124562,241.607468075945,376.523818387861,,,,,
3.615,1413.94942186527,237.820907239838,376.611219420702,,,,,
3.22405,1414.52942701029,241.85475572573,379.386963823578,,,,,
3.97215,1418.82624347375,248.831510234103,379.828216229449,,,,,
3.41715,1413.23070882083,244.453518298515,376.475973623273,,,,,
3.8957,1412.607459393,248.068253469472,384.474597537786,,,,,
3.5371,1418.16885265405,249.742294868743,386.540982382915,,,,,
3.0959,1436.52832222156,248.794603434043,378.608796363662,,,,,
3.9881,1408.49266340643,246.876477095863,383.117866095197,,,,,
3.89075,1417.69732145198,245.858716596638,376.357952316383,,,,,
3.4836,1414.10966380666,249.496855614825,386.054426628515,,,,,
3.2968,1414.38347576099,245.13192779018,381.769786751868,,,,,
3.04065,1442.98151307494,252.106352872677,388.524389791817,,,,,
3.7638,1408.51369293457,249.931435218209,386.780429605734,,,,,
3.02845,1449.65076139716,246.271483555772,382.623777195893,,,,,
3.28355,1414.4463520421,243.356294465356,376.588380032434,,,,,
3.60555,1413.66575869601,241.16776240256,378.913438565835,,,,,
3.8894,1415.23890009446,249.253455548765,381.17789984112,,,,,
3.241,1419.32630144599,246.21261155685,376.58933203484,,,,,
3.3166,1418.26007693101,240.032933513003,378.230413259551,,,,,
3.72855,1417.39579944966,237.694714049081,376.605341832627,,,,,
3.5767,1408.17185787341,249.53660384079,386.428252785593,,,,,
3.4562,1409.28168560409,249.599405181159,381.713836541741,,,,,
3.04555,1442.33689292015,247.621382607412,378.21442843057,,,,,
3.7151,1417.38001012467,246.423165065986,376.423849703445,,,,,
3.3022,1424.3262261094,247.472093957866,377.508099419511,,,,,
3.05085,1436.82797068082,251.698432335518,388.226116005557,,,,,
3.51415,1413.30787223987,248.303194450117,384.714694825752,,,,,
3.9337,1418.59410234152,241.710488017201,376.464808140514,,,,,
3.10155,1430.71010361506,249.129500424471,385.268504454374,,,,,
3.9745,1418.70761306597,243.297854870325,376.521685438701,,,,,
3.38465,1418.194497481,247.468448834742,377.596653308263,,,,,
3.48435,1414.15600559772,250.084152474593,387.104307022227,,,,,
3.92325,1413.44278990595,242.386553522359,376.53230490735,,,,,
3.5255,1413.56015714984,249.775406905939,386.8999735733,,,,,
3.51725,1413.3998860055,249.80456063031,385.120253704845,,,,,
3.77235,1408.43561200179,249.202059628513,385.872382164027,,,,,
3.7964,1411.73738394971,249.869830456503,382.400084210614,,,,,
3.17005,1426.83267205167,243.864910506987,376.801542327667,,,,,
3.2148,1414.63388615239,247.531104675064,383.832742905381,,,,,
3.39985,1412.84549081423,244.572289222851,381.20721870303,,,,,
3.9459,1408.71609848376,241.477994178855,379.128909335131,,,,,
3.15355,1417.29916065517,249.720593424764,386.227012597775,,,,,
3.87645,1412.59450633826,249.744679401144,386.902068621934,,,,,
3.7072,1422.24968774852,239.987257881673,376.300563189103,,,,,
3.1095,1434.86299035802,239.172323507741,377.166033985016,,,,,
3.2578,1409.54627592631,249.983671178768,387.091605014496,,,,,
3.53285,1423.31681502577,238.22525141563,377.127448195816,,,,,
3.8669,1417.71643213702,249.782270953558,386.764442585522,,,,,
3.2962,1414.44719064795,241.610540207849,379.281792673211,,,,,
3.3977,1417.9495572859,240.760162618622,376.462529751095,,,,,
3.58065,1413.39387233227,247.309849608337,377.375598827526,,,,,
3.9509,1408.93265025401,249.999160661927,383.359337331661,,,,,
3.0384,1443.22686980129,243.836421173121,380.879361505988,,,,,
3.67915,1413.16665258353,248.29375456307,384.68692606346,,,,,
3.0352,1453.67767085184,247.897499987752,378.285457392659,,,,,
3.9477,1408.80914749647,249.503102548061,386.074678098551,,,,,
3.50535,1418.72019983289,249.877783992914,387.048377619577,,,,,
3.292,1414.62136979961,247.112430674256,377.11030006614,,,,,
3.1998,1425.51038448351,246.304053181851,376.695422979946,,,,,
3.69385,1423.08790092576,248.184695849677,378.693804533419,,,,,
3.504,1418.63027690613,248.800889284065,385.310823493423,,,,,
3.6716,1413.37087789849,249.794400166695,385.915415883297,,,,,
3.9145,1413.12563037646,238.758636240783,377.459436259267,,,,,
3.07505,1438.93475719454,250.163535810386,380.269988090342,,,,,
3.2894,1409.49713077646,249.910908096253,386.83716975106,,,,,
3.94025,1408.68271733153,249.824873023442,384.591827942982,,,,,
3.70395,1422.48787719865,248.825391180901,380.008180158468,,,,,
3.83685,1418.32094504199,249.816454651716,385.367147271197,,,,,
3.67945,1413.17698641934,249.036356843383,385.619470826722,,,,,
3.20075,1425.42089122901,244.410409759292,376.669004259499,,,,,
3.62615,1414.03381700172,241.157883606094,378.901801944032,,,,,
3.4283,1413.64826212003,241.974119027121,376.456824146352,,,,,
3.8774,1412.54427963981,249.708808192459,386.533461451103,,,,,
3.59805,1408.86039047398,250.024713976576,387.044827778852,,,,,
3.7017,1417.57608689301,249.672093341248,386.75867964262,,,,,
3.51005,1423.376318037,244.323301766931,376.436695800895,,,,,
3.819,1418.85695867224,245.393282606697,376.550151920004,,,,,
3.41275,1408.05432759566,249.759469379326,386.916354044789,,,,,
3.09005,1426.82977137357,243.313650993877,380.510423789917,,,,,
3.56425,1417.97846993482,240.773858912205,378.683476966444,,,,,
3.6715,1413.37574436174,249.790569598614,386.098872031371,,,,,
3.38985,1412.97207886892,246.321053304764,382.665076310607,,,,,
3.5544,1412.86341683262,243.583841272803,380.572510461139,,,,,
3.37525,1417.88197792946,245.691488321947,376.394190333671,,,,,
3.2916,1414.58373959217,248.554034313286,379.181646696001,,,,,
3.95785,1408.95279891161,249.153272517327,385.569430608,,,,,
3.08895,1437.06443999511,239.414382911512,377.58784363499,,,,,
3.5695,1413.10990629058,249.53298066788,382.286746101775,,,,,
3.6023,1418.79200922277,245.742159750104,376.579345517258,,,,,
3.8133,1413.81402410366,248.643708965568,385.082176559823,,,,,
3.45825,1414.32241166402,244.983758994178,376.603715072352,,,,,
3.755,1408.21285533075,249.830647583003,383.043701042836,,,,,
3.7285,1417.39573110705,237.709919109832,376.545359907038,,,,,
3.79,1414.06397053994,239.000740284643,376.517703295719,,,,,
3.6594,1408.41440374092,249.724341268844,386.723477803272,,,,,
3.79445,1409.19567784521,250.067478638444,387.027808870147,,,,,
3.41555,1413.24262329684,247.63445026216,377.865703399808,,,,,
3.4454,1408.92555749901,250.012872116858,384.017101160639,,,,,
3.1353,1418.60149848022,250.593153191414,386.669656789683,,,,,
3.9657,1418.93335453431,237.921752948482,376.758563365686,,,,,
3.46535,1409.46741256851,249.949451490665,386.083782645436,,,,,
3.6004,1411.3716634777,249.86370625147,382.623383451481,,,,,
3.57505,1407.97966338446,243.737435158891,380.669170665545,,,,,
3.86415,1417.75129733257,245.642895888572,382.150903837208,,,,,
3.25855,1409.53428005246,249.950709076749,386.794668334238,,,,,
3.3047,1423.96107953194,241.408286052823,376.533630171164,,,,,
3.98905,1408.59437361332,249.641155622918,386.264586370805,,,,,
3.5871,1408.49515543596,249.865375736064,386.709613584405,,,,,
3.69045,1413.0644895765,249.695179338631,386.790791350519,,,,,
3.21805,1414.64291815073,249.98720275646,385.616944696677,,,,,
3.9876,1408.47368954147,244.208793761751,380.94961323888,,,,,
3.356,1417.74560241423,242.451016635445,376.447642663598,,,,,
3.1917,1420.76180549698,239.894175061116,376.726405578183,,,,,
3.84815,1413.11198054015,249.295874095621,381.195920777427,,,,,
3.7956,1409.19374468834,250.061940845523,385.529013775083,,,,,
3.33385,1423.31865626125,245.942547594997,376.415541350268,,,,,
3.22645,1414.59354255475,250.016270572131,387.042981088239,,,,,
3.35415,1417.84530587427,246.502231221225,376.475388503027,,,,,
3.29335,1414.52431655825,244.778748618242,376.638172809359,,,,,
3.7402,1407.41456827647,244.47284225236,381.226272978409,,,,,
3.2164,1414.73620482442,250.006994533088,387.123053727178,,,,,
3.946,1408.71609848376,242.102550984535,379.53254540206,,,,,
3.84775,1413.10012474423,249.6931093716,383.256465921625,,,,,
3.48145,1419.20170692885,239.4314663683,377.883006221393,,,,,
3.4014,1412.89547812362,249.679620429771,386.483213433217,,,,,
3.18185,1425.99866070128,238.117657311936,376.802345135113,,,,,
3.9205,1413.44684399741,249.177953271465,380.357410687027,,,,,
3.82425,1413.78591539137,249.754377809963,386.645539141471,,,,,
3.94265,1413.76604196633,245.510432310002,376.484326156235,,,,,
3.8729,1422.52500232274,237.618884901622,376.531111411638,,,,,
3.38795,1418.12503457815,238.167930958915,376.408783393587,,,,,
3.51665,1413.39494281292,249.776171185643,386.379696156226,,,,,
3.3903,1412.97207886892,248.184135219338,384.465806455236,,,,,
3.31525,1423.300786648,240.375367469511,376.42950443737,,,,,
3.38855,1418.08099338793,238.647701492699,377.391191903489,,,,,
3.88185,1417.60384633867,242.655876896294,376.393302170516,,,,,
3.34975,1412.74134577925,249.628297272204,386.402959346606,,,,,
3.56485,1412.92871405933,244.339813459321,381.128256013379,,,,,
3.91735,1408.21986859994,249.917270834429,386.908645132402,,,,,
3.21105,1424.79490383119,244.289353228037,376.582042988109,,,,,
3.28145,1414.51378809041,247.920090500156,378.140680382202,,,,,
3.4782,1419.24975670797,246.341562816944,376.62665253105,,,,,
3.71735,1417.29241691768,240.852270327721,376.398998007967,,,,,
3.20295,1425.30212247041,239.077187843259,377.72071196252,,,,,
3.696,1422.82019566516,243.301138806125,376.357915130429,,,,,
3.67365,1418.37194944039,246.807580737766,376.754698126729,,,,,
3.3258,1418.38794811103,239.367159621865,376.452722597102,,,,,
3.99115,1408.73823133063,250.028538373139,386.330150544886,,,,,
3.95,1408.86672963884,250.033834856096,386.188471049366,,,,,
3.0196,1493.21139533287,252.206260827925,388.350601402635,,,,,
3.5199,1418.48174325766,245.372824964026,376.467818836993,,,,,
3.02115,1492.29119159504,252.70129106365,389.098676061447,,,,,
3.1906,1420.75689411505,244.000007420973,376.726714813852,,,,,
3.1364,1421.10195375358,250.391266933267,382.778597786456,,,,,
3.48185,1414.07845460534,241.795245654669,379.33394287988,,,,,
3.7444,1407.70860638475,249.676099054459,384.132470262572,,,,,
3.55355,1417.94159433906,238.575898581592,377.373794199507,,,,,
3.3418,1417.95237406569,249.734489483199,385.406476946463,,,,,
3.8055,1414.00542307667,250.000886877516,386.351997043156,,,,,
3.8867,1412.72148242843,249.706320715663,386.89662974891,,,,,
3.9913,1408.73823133063,250.033402687795,386.066305157888,,,,,
3.7811,1408.66729289757,242.666832979484,379.960667219718,,,,,
3.7571,1413.26496289217,245.47211073301,376.490832682667,,,,,
3.5831,1413.37557237054,241.55714253021,376.441605312552,,,,,
3.31515,1423.300786648,240.789199491583,376.429627748516,,,,,
3.3375,1418.12241818982,241.619871274738,379.195861686927,,,,,
3.1624,1417.10347288114,243.539156477667,380.587587680531,,,,,
3.9148,1410.55376600205,240.4857003005,378.483578530234,,,,,
3.8374,1418.32136853675,249.786639750538,383.443377022603,,,,,
3.27585,1409.3328576056,243.201593939275,380.281561011119,,,,,
3.42915,1413.70766380355,238.495768633886,376.472483538056,,,,,
3.6459,1418.69570219084,237.884728649927,376.562181687393,,,,,
3.4388,1418.79329474726,241.483641368056,376.557702111252,,,,,
3.8348,1418.51570928293,249.76625014773,386.789158735081,,,,,
3.7724,1408.44345898145,249.284283643388,385.99521201541,,,,,
3.6422,1418.81955955625,248.637324276737,379.372565806736,,,,,
3.1937,1415.60714294468,245.399034762544,381.948261435351,,,,,
3.03315,1449.01182739531,252.366450542188,384.731274150844,,,,,
3.68225,1413.15081405185,249.801931941005,385.109211071886,,,,,
3.97525,1418.6880430109,240.543483784044,376.520523399638,,,,,
3.65515,1418.43517998188,242.044063041194,376.43414766917,,,,,
3.7855,1408.90377950916,249.917921934996,384.871466542484,,,,,
3.9954,1418.70051180621,242.6069617111,376.553889209802,,,,,
3.4993,1423.92144511228,245.369592167111,376.554334119072,,,,,
3.95585,1413.92150784385,239.454895748641,377.843218393557,,,,,
3.1297,1423.75281850594,240.889426388131,377.117415481812,,,,,
3.0454,1442.3900310667,247.898632845174,378.219802568498,,,,,
3.6225,1414.14205154247,246.226552039874,376.519121467038,,,,,
3.71255,1412.24632840414,249.800664918068,386.403540484711,,,,,
3.6876,1418.07619977133,238.526795470201,377.330955607027,,,,,
3.5166,1413.3944480886,249.776682105701,386.444814984039,,,,,
3.15275,1417.2738154611,247.175763166691,383.428700114891,,,,,
3.90225,1417.63773009552,243.336695289404,376.343419521734,,,,,
3.6987,1417.6390826778,243.04960305083,380.161148620672,,,,,
3.1513,1427.45699750948,238.95114384155,377.706453799137,,,,,
3.35825,1412.68920958451,242.553320257451,379.771271532854,,,,,
3.90465,1412.64251489919,241.249687430664,378.970819311428,,,,,
3.9975,1413.6532959123,241.710406358686,379.225425943159,,,,,
3.77225,1408.43561200179,249.014319672208,385.605861410949,,,,,
3.07805,1438.44131490226,242.116079916847,377.666975137462,,,,,
3.58025,1413.33819753449,248.781371983385,379.791205897885,,,,,
3.50215,1423.7486968613,239.624632029383,378.011914479941,,,,,
3.42855,1413.66617744626,241.01820553314,376.459720382276,,,,,
3.0575,1441.0304195023,241.986280482744,377.940233336801,,,,,
3.5368,1418.17485187582,249.756706980045,386.771734457391,,,,,
3.41745,1413.23141204676,243.650422617614,376.476259187599,,,,,
3.09425,1426.58549438979,251.097264526227,386.610003860519,,,,,
3.5795,1408.26673073395,249.758647764516,383.786465537562,,,,,
3.3729,1412.88257586284,249.699716134767,384.91719323099,,,,,
3.844,1413.00445391841,247.708390032097,384.088100622987,,,,,
3.40895,1417.90713184554,237.856110948458,376.874325922362,,,,,
3.0335,1448.99597093481,251.895811718942,382.7872465209,,,,,
3.6351,1418.99064600197,239.930879507381,376.528601870231,,,,,
3.5333,1423.31681502577,240.74567765478,378.640430603951,,,,,
3.7011,1417.68416306019,249.687879536684,386.867809118647,,,,,
3.52095,1418.47226645183,242.575631764456,376.463522478908,,,,,
3.90995,1412.97525803777,249.537895779482,381.707248704228,,,,,
3.13985,1428.22161676862,241.459598990297,377.033504803904,,,,,
3.9384,1408.71252601897,249.832114400411,386.986345330643,,,,,
3.9526,1413.99484226273,246.292398475432,376.593661289415,,,,,
3.17165,1426.74893893691,238.158988896936,376.998030883988,,,,,
3.746,1412.88128551641,246.321876678944,376.407139727849,,,,,
3.6977,1422.74390373905,237.687991579424,376.718568621003,,,,,
3.9628,1419.01048167092,246.450662785094,376.662314763218,,,,,
3.7384,1417.44009643777,238.851380108239,376.345921772412,,,,,
3.9721,1418.82624347375,248.973764282822,380.143486963943,,,,,
3.2799,1409.43822934637,249.911185331054,385.589289654225,,,,,
3.55165,1417.92149648526,243.288862118357,376.405536710618,,,,,
3.86655,1417.7857031015,249.800422246409,386.923363869245,,,,,
3.64245,1418.82024293827,247.678176346433,377.817592069797,,,,,
3.8923,1417.64845487711,242.073484675015,376.340811257579,,,,,
3.51875,1418.55181218224,247.419069148964,377.496979714772,,,,,
3.5554,1412.87558162386,248.226927924946,384.657456392707,,,,,
3.261,1414.70095265069,247.326060747827,377.290410480304,,,,,
3.6233,1414.0758680581,244.862424176005,376.507500368742,,,,,
3.8435,1412.98589654597,245.483941054756,382.036025171544,,,,,
3.27435,1419.46441044678,239.09864936623,376.576864082686,,,,,
3.4664,1412.03697325935,249.749755455574,382.299432491933,,,,,
3.32605,1418.38794811103,238.269278981859,376.45977422303,,,,,
3.936,1408.5041211267,243.782673876872,380.712341200707,,,,,
3.02575,1475.01488705425,245.776499136713,378.357753895439,,,,,
3.6645,1418.52316866648,244.890656719865,376.435313438954,,,,,
3.2944,1414.49566929825,241.470248246557,376.635396924858,,,,,
3.82885,1423.7190212705,246.124717442683,376.491462671363,,,,,
3.62995,1409.1477245547,249.920600702533,386.598171250816,,,,,
3.56975,1413.16786092913,249.180139121138,380.900756677446,,,,,
3.0939,1426.58549438979,251.081380772775,387.293631417476,,,,,
3.1062,1435.30764896921,248.606577145642,378.452885839112,,,,,
3.7752,1408.59069944589,249.82572711438,384.754314011482,,,,,
3.60475,1418.72620013897,237.877153601347,376.690352595646,,,,,
3.62685,1408.98160041841,245.284291881639,381.802293816784,,,,,
3.19145,1420.74087406266,240.952844493832,376.724417980002,,,,,
3.16155,1422.21290555583,238.686307709669,377.543061856996,,,,,
3.2368,1414.48460378256,249.944916978121,386.994229003485,,,,,
3.9533,1413.95488509531,245.068394268343,376.584170086832,,,,,
3.86835,1417.68678687817,249.7544780563,383.406898845875,,,,,
3.1714,1426.77804162656,238.595739017146,376.794863414113,,,,,
3.66445,1418.53324106979,244.997868541185,376.436143078782,,,,,
3.53345,1418.29021660283,241.648748828816,379.216387465046,,,,,
3.65185,1413.53975286125,249.742836467679,383.106180460917,,,,,
3.9154,1408.04382197369,244.085645395037,380.884128498904,,,,,
3.5061,1418.5837881362,249.843730072561,386.722943757753,,,,,
3.9037,1417.70067373828,237.755094589144,376.396178824712,,,,,
3.0405,1442.97854226796,252.011088872385,388.335086428947,,,,,
3.87495,1412.4630191203,247.723753002857,384.071615812128,,,,,
3.07935,1438.38322157259,241.300912102344,379.228429119845,,,,,
3.20685,1420.09000774592,249.992474144084,386.947915996869,,,,,
3.8499,1418.08884785122,245.322978869442,376.473661078472,,,,,
3.60605,1408.60782546774,244.130929044699,380.941767165332,,,,,
3.21945,1419.70996837795,248.470933453971,378.946718636896,,,,,
3.4833,1414.07563869349,248.850770934363,385.193672537284,,,,,
3.58245,1413.36028076783,243.739625532804,376.437190971255,,,,,
3.037,1453.37808297903,242.006903695181,378.220610586419,,,,,
3.1546,1417.35324648551,250.399157832844,387.42870215153,,,,,
3.9701,1413.82266821835,249.822176442973,386.759584795383,,,,,
3.08335,1432.77334605081,251.359844577118,387.731069433722,,,,,
3.23945,1414.39552130105,249.808327808723,382.6146671388,,,,,
3.8903,1417.80798878638,246.478276106982,376.491398328182,,,,,
3.61055,1408.82939849519,249.756051199947,383.32918365649,,,,,
3.88475,1412.55724668165,245.416480325194,381.975260770356,,,,,
3.576,1408.05704945189,248.183523767484,384.576979718658,,,,,
3.3385,1418.05408463969,247.063680614705,383.408912413362,,,,,
3.1803,1426.06131083142,243.945594225404,376.732669102576,,,,,
3.2301,1419.64061911989,247.284873139481,377.183003600853,,,,,
3.66215,1408.59713097147,249.75057985479,383.137289195629,,,,,
3.58555,1408.36146482545,245.086348626992,381.647640423647,,,,,
3.30105,1414.3467378669,249.939547466681,383.929339978597,,,,,
3.04225,1442.75242011609,252.161573539664,388.148526564821,,,,,
3.3312,1413.42920171222,249.755534412881,386.083418080164,,,,,
3.65695,1413.33366369636,240.203638358885,378.317312974926,,,,,
3.54395,1412.79583391457,242.746075267947,379.957353998669,,,,,
3.9354,1416.11001808914,240.180454058578,378.32784709252,,,,,
3.85915,1423.16021636514,247.150947571102,377.172022181263,,,,,
3.4632,1409.33883922565,249.676937876088,386.495455750081,,,,,
3.9371,1408.56175505337,248.649451819265,385.115229112439,,,,,
3.798,1419.16383601236,246.200040147479,376.609002373107,,,,,
3.87705,1412.5448930157,249.72650081071,386.778270289353,,,,,
3.533,1423.31681502577,239.004323476997,377.588974161183,,,,,
3.18415,1415.8259481969,248.709416986695,385.023686612469,,,,,
3.6972,1422.78556282456,238.68712126143,376.349631075988,,,,,
3.25175,1414.42690635211,245.448667499662,376.557368070706,,,,,
3.39305,1413.02352627072,249.929093672218,386.194418781999,,,,,
3.7391,1417.50422921282,238.092005952268,377.061649652414,,,,,
3.8888,1412.73297983666,249.696717125832,384.086812298609,,,,,
3.897,1412.77107922684,249.680850539131,386.85494812333,,,,,
3.8704,1422.60184118537,245.536724492509,376.376516716518,,,,,
3.3891,1412.99010297414,241.991223073087,379.438096368101,,,,,
3.56215,1417.98068581643,242.684470646439,376.394389412374,,,,,
3.8276,1418.89743600614,249.342903967547,380.854660406047,,,,,
3.20895,1425.02208570997,249.112073052965,380.188794206026,,,,,
3.4253,1408.59792873729,249.423482925626,381.377577913438,,,,,
3.22715,1414.61299367614,250.041452026175,387.072077801488,,,,,
3.1577,1422.36057160323,248.366769757496,378.467821250178,,,,,
3.1868,1415.79331062482,250.147598057025,386.39443866264,,,,,
3.29435,1414.49566929825,241.663642431736,376.635146580401,,,,,
3.24475,1414.1890191625,242.167373670048,379.599920127566,,,,,
3.9214,1413.53068510137,246.502996395421,376.543513561055,,,,,
3.8572,1413.10746921591,249.78006134309,386.059820254763,,,,,
3.57525,1407.97966338446,244.881287007839,381.532220524555,,,,,
3.7365,1417.47900752937,245.105421816276,376.346179376289,,,,,
3.03415,1453.93171337034,249.694805205484,378.943018300067,,,,,
3.74805,1412.86986689056,241.664357331149,376.380474238564,,,,,
3.8423,1423.10762446542,238.504465696632,377.334351563004,,,,,
3.31545,1423.30199838709,239.52113397127,376.429990062411,,,,,
3.36305,1412.8641712389,249.857804557499,383.262960165916,,,,,
3.82625,1413.84439971109,249.929380258025,386.16472057784,,,,,
3.96625,1418.92595781205,239.751066756783,378.089963153561,,,,,
3.7812,1408.66729289757,243.268594475061,380.375509336926,,,,,
3.6608,1408.53468356393,249.796185753826,386.625001951017,,,,,
3.59455,1413.69509490434,238.040324137881,376.888029926422,,,,,
3.78475,1408.87938507099,249.884667829854,386.538098639054,,,,,
3.0681,1439.89428606856,240.594183796049,377.739866311118,,,,,
3.85735,1413.10746921591,249.788396487029,385.748533012331,,,,,
3.2321,1419.46002981992,243.07510557591,376.579134736661,,,,,
3.1017,1430.68312482109,249.586716106723,385.792002877908,,,,,
3.69515,1422.9151943773,245.356501828883,376.377557308406,,,,,
3.70745,1422.2521360043,238.904462387961,376.30202111418,,,,,
3.36925,1412.73585704674,246.145019510013,382.551961817261,,,,,
3.3572,1417.79914551432,237.860552272709,376.578751909193,,,,,
3.5324,1423.3753674494,237.934400065888,376.424107567604,,,,,
3.2625,1414.59754195771,244.5720020465,376.563163595741,,,,,
3.9288,1408.68092053773,249.795101458706,386.719427781876,,,,,
3.94335,1413.75044895008,243.937767014788,376.480238731612,,,,,
3.1838,1415.82554085979,247.45475583024,383.706809524145,,,,,
3.455,1409.20085481209,249.92943333953,386.143226778009,,,,,
3.69405,1423.08790092576,247.409034999533,377.517366174669,,,,,
3.95195,1414.04388586496,247.486099228598,377.388287677646,,,,,
3.8209,1418.8578029517,239.156044627164,376.546833822961,,,,,
3.22615,1414.57251626263,249.877249197284,386.750892726109,,,,,
3.66715,1418.45925863042,239.534422690469,377.900136137021,,,,,
3.7533,1408.11442108139,249.908345673581,386.897031485304,,,,,
3.7236,1412.40551032041,249.843053353866,384.789154149226,,,,,
3.9536,1413.94359408634,244.331460571722,376.582416600876,,,,,
3.60375,1418.69606301973,241.681892621202,376.561384615707,,,,,
3.17475,1421.56451153517,250.165925436401,387.105439614541,,,,,
3.7441,1407.70267848911,249.673027075448,385.12672724178,,,,,
3.5713,1418.0706158198,245.525697757685,376.392240961882,,,,,
3.64625,1418.69570219084,238.142604815273,377.115913655339,,,,,
3.953,1413.95488509531,245.67164233766,376.587180257039,,,,,
3.4358,1416.49475246228,249.227864297359,380.353320736475,,,,,
3.7778,1413.68031449317,245.193652499432,376.528605805226,,,,,
3.5121,1423.38540132597,237.827835273371,376.863677191434,,,,,
3.1591,1422.26025215873,245.64621692603,376.904151801166,,,,,
3.15375,1417.33563686844,250.020413665795,386.687964089862,,,,,
3.3978,1417.95539356762,240.347394932418,376.463309859884,,,,,
3.38245,1408.01992692214,249.727994364484,386.499388862444,,,,,
3.54115,1422.92364583052,243.785826015384,376.376289001678,,,,,
3.0206,1492.65154304273,252.725731407651,389.27068776477,,,,,
3.38315,1408.05739294665,249.752212046806,385.173334649615,,,,,
3.85125,1418.06424998587,241.458237295172,376.465973500382,,,,,
3.7058,1422.28966171542,244.644357782133,376.314683114187,,,,,
3.5817,1413.36670009866,245.455605220105,376.43904145052,,,,,
3.8545,1413.00154077055,248.379239572712,384.83656403442,,,,,
3.2158,1414.72931205958,249.805159438482,386.692925011489,,,,,
3.0873,1437.24279377098,245.673861323229,377.605198409411,,,,,
3.3641,1417.93092812904,247.36562080958,377.296033544026,,,,,
3.20885,1425.02208570997,249.360161264015,380.80620015611,,,,,
3.6442,1418.68246888869,244.165007193583,376.509296072989,,,,,
3.90455,1412.65674631809,240.627485937255,378.579652277071,,,,,
3.3797,1407.84480338451,246.85700465982,383.230104104949,,,,,
3.9185,1408.30978077938,249.943010617109,386.79978101837,,,,,
3.81995,1418.82359389824,242.903707493262,376.541326017685,,,,,
3.0354,1453.67767085184,247.484467894732,378.275995323474,,,,,
3.64795,1413.5364372709,247.398652033286,383.748968608834,,,,,
3.40695,1417.84729167375,244.376912436776,376.526406214992,,,,,
3.44955,1414.03448486459,239.709710160473,376.671394524243,,,,,
3.65565,1418.4448913215,240.071710964488,376.434948275879,,,,,
3.43725,1418.8661285551,245.856827583232,376.572427354617,,,,,
3.567,1413.13616782672,249.724974196753,386.912534044939,,,,,
3.56315,1418.01152970063,238.670444475716,376.404244480543,,,,,
3.43305,1408.89255879681,250.041958121135,387.079922511492,,,,,
3.7163,1417.30504241849,244.362526667186,376.398095029508,,,,,
3.8271,1413.87054773858,249.909882767633,383.513810525771,,,,,
3.0781,1438.44131490226,241.902367930047,377.666074923687,,,,,
3.49005,1419.03675686871,242.710973691773,376.657451138092,,,,,
3.18265,1420.88987490349,241.0871558936,378.925299128637,,,,,
3.46205,1409.25376762438,246.355771926015,382.752419926278,,,,,
3.75855,1413.28379462152,241.19253645519,376.495981430066,,,,,
3.28235,1414.51598026069,246.050194491017,376.600467391303,,,,,
3.0958,1434.04991456946,249.174683338761,379.158257326825,,,,,
3.08435,1432.61663522989,251.38785898548,385.463224152001,,,,,
3.0505,1436.82954653613,251.311262790583,387.569936072411,,,,,
3.1172,1429.12761097328,247.00106541698,377.132011915308,,,,,
3.8117,1418.84602889844,240.639970053273,378.641703431116,,,,,
3.3535,1417.79789199687,248.457869605252,378.928160256519,,,,,
3.56605,1412.98366495325,249.015513450021,385.669261681988,,,,,
3.08,1433.15940377902,245.180934135075,381.758258710849,,,,,
3.62125,1409.05337818717,249.471216538716,381.390611231804,,,,,
3.4461,1414.01139790812,249.251387054037,380.431515648179,,,,,
3.93835,1408.71301942022,249.831584638599,386.985956545728,,,,,
3.39515,1418.10985525033,247.064065824889,376.918595783591,,,,,
3.4672,1419.5980720843,247.491170664975,377.511745408604,,,,,
3.0267,1464.92363046883,241.935917544973,378.307097185492,,,,,
3.0671,1439.99256391837,244.5899696789,377.762441278952,,,,,
3.05425,1436.42491448053,250.979681175047,381.677682165993,,,,,
3.2999,1414.36535132882,249.931003451062,386.730125463446,,,,,
3.7385,1417.45730300477,238.416438444235,376.347926153478,,,,,
3.3668,1417.79738835569,240.564199780734,376.458975809356,,,,,
3.57605,1408.05704945189,248.334032173701,384.750347906952,,,,,
3.12405,1418.8605069004,250.622887288671,387.567519742509,,,,,
3.8139,1413.89854399481,249.693217259261,386.585306748833,,,,,
3.1633,1417.07301885166,248.108889445367,384.35006830681,,,,,
3.09215,1426.75393146308,250.991296695237,387.714084390357,,,,,
3.4963,1414.04929585773,249.915104580129,386.029228613998,,,,,
3.2833,1414.45110222035,244.096204854326,376.589277721129,,,,,
3.0004,1734.69339362121,0.834322796120542,390.548165092831,,,,,
3.3198,1413.31280434886,249.805080366248,386.95829296716,,,,,
3.4697,1419.38124582301,241.515024919329,376.532284847263,,,,,
3.21375,1419.643674552,241.869302264198,379.413925733814,,,,,
3.46845,1419.45661489975,245.233190211207,376.544715784608,,,,,
3.6251,1414.10389596559,238.552225671388,376.518039683244,,,,,
3.5745,1413.03465877274,240.418266776117,378.455389221697,,,,,
3.8555,1413.09934756535,249.771746102825,386.908339117205,,,,,
3.6287,1409.17034089441,249.93497699145,386.971200912156,,,,,
3.4483,1413.99290426116,244.254840931919,376.659867337147,,,,,
3.2668,1409.5569965038,248.938064891491,385.3404165064,,,,,
3.80765,1419.01136202503,247.209634776291,377.108862638393,,,,,
3.9667,1413.84222574613,242.400491542044,379.761192214878,,,,,
3.1666,1417.11788397278,250.322065585586,385.56482370779,,,,,
3.5691,1413.08644245933,249.715007354846,384.095208894668,,,,,
3.51455,1413.34877491199,249.224772800865,385.908063217031,,,,,
3.2511,1414.48075497178,246.398228005296,376.568375612408,,,,,
3.528,1413.61983717027,249.771146156314,383.538852480483,,,,,
3.8412,1423.07302472728,240.428880005488,376.435529828434,,,,,
3.62845,1409.0802136242,249.846899714228,386.776557630771,,,,,
3.62255,1414.12837662429,246.163359765362,376.518009812371,,,,,
3.9942,1418.7594580664,245.758741594781,376.567402590914,,,,,
3.96415,1418.93313005766,243.65660217816,376.634271518687,,,,,
3.1946,1415.62398100667,249.019116201213,385.444786507355,,,,,
3.19705,1415.65679215788,250.082260038507,386.468873379281,,,,,
3.07125,1434.41317245024,251.238116964251,387.576657364539,,,,,
3.4356,1413.96748363211,249.636800365282,381.540291383439,,,,,
3.94445,1413.76176774094,239.995853594844,376.487914216633,,,,,
3.44055,1413.76739804628,241.426088014835,379.067999705895,,,,,
3.7824,1408.71273206124,248.733673659264,385.19892840917,,,,,
3.48095,1419.21152647013,238.006418112743,376.730727474148,,,,,
3.9436,1413.75128755909,243.191742071402,376.480327771157,,,,,
3.901,1417.69157088744,245.95607314231,376.359340864424,,,,,
3.7297,1412.32289790618,243.364244721246,380.360809388873,,,,,
3.6668,1418.45925863042,237.886795017315,376.87349289791,,,,,
3.4606,1414.34271411096,238.257051534792,377.203698109354,,,,,
3.7831,1408.82571983955,249.784921201767,386.77151317095,,,,,
3.33485,1423.23081453976,243.918386059839,376.390659978591,,,,,
3.70175,1417.56242589789,249.66938306868,386.735330503564,,,,,
3.50685,1418.5465098289,249.860207523158,385.43695001311,,,,,
3.3853,1418.19483728517,246.094721641931,376.417641572341,,,,,
3.99705,1418.7002653573,239.098544781732,377.631337029751,,,,,
3.6127,1413.86885527253,245.382599938432,376.503467515142,,,,,
3.5011,1423.79171171784,239.530663445555,376.529943790255,,,,,
3.38755,1418.09125153835,239.8955495876,376.398750196854,,,,,
3.89095,1417.69006064316,245.555302688569,376.353620246702,,,,,
3.59995,1408.85725874234,250.01656567997,384.550893360992,,,,,
3.57755,1408.2254941964,249.785081546337,386.939436665985,,,,,
3.589,1408.55963052738,249.997929261942,386.242467223214,,,,,
3.13565,1418.59140686074,250.615942291703,385.844688354617,,,,,
3.5876,1408.55295005231,250.032383426248,387.071217632117,,,,,
3.66695,1418.45925863042,238.421599631642,377.248419195228,,,,,
3.4642,1409.49587936077,249.980448398431,387.095778407118,,,,,
3.41345,1408.05453958798,249.727411366427,386.449677754894,,,,,
3.4233,1408.49115939429,249.845404835468,386.911889653267,,,,,
3.10215,1430.66390695446,250.494517071257,387.031417714966,,,,,
3.87505,1412.4630191203,248.061759221899,384.43957357014,,,,,
3.8618,1422.89283928295,240.515671906946,376.412962638127,,,,,
3.0249,1480.27954225944,248.061487754268,378.432084361284,,,,,
3.45285,1409.15708911769,249.624040687793,386.430334263016,,,,,
3.96405,1418.93313005766,243.956001880566,376.635443090795,,,,,
3.7675,1418.49603181847,245.341300049805,376.576100919989,,,,,
3.4765,1414.26494874115,250.009248658625,383.382667785262,,,,,
3.0903,1426.82977137357,244.813963946332,381.539154384583,,,,,
3.6077,1408.77835555864,249.621446736003,386.544969445202,,,,,
3.6705,1413.46218006483,249.824976239755,386.918006236609,,,,,
3.3194,1413.33174289168,249.797378069885,386.950417503226,,,,,
3.45405,1409.19208753764,249.95575545011,387.049759989438,,,,,
3.98455,1418.61385282219,244.077283637668,376.451288486163,,,,,
3.99205,1408.80569802525,250.033443596401,383.77948526932,,,,,
3.61865,1409.0030952315,249.908479282553,387.043184403205,,,,,
3.08025,1433.15940377902,246.604577027359,382.829680993312,,,,,
3.16625,1417.12088576441,250.298976437608,386.402653200854,,,,,
3.26365,1414.60080302563,240.739090309813,376.564515160206,,,,,
3.93925,1408.65592208845,249.796662289757,386.645989175785,,,,,
3.53855,1418.13935702447,249.592765433418,382.349228591951,,,,,
3.50945,1423.46328077231,245.591825756702,376.448790202833,,,,,
3.46425,1409.49587936077,249.978696126406,387.086354664832,,,,,
3.67825,1413.16947844227,244.230727414939,381.030329782794,,,,,
3.8315,1423.59666834461,237.991318496849,376.491829112141,,,,,
3.97105,1413.80020701981,249.842563772415,385.079628019378,,,,,
3.9743,1418.71503155288,243.896390886442,376.52344558987,,,,,
3.68865,1412.98735639969,244.657342196694,381.35914624717,,,,,
3.86915,1422.69052753526,248.305551887881,378.833973678801,,,,,
3.3296,1413.43736431325,249.764382065542,386.903509164264,,,,,
3.3942,1413.04967448856,249.751395862201,382.281089323897,,,,,
3.70625,1422.28966171542,243.468102704396,376.306975494823,,,,,
3.41405,1408.09820472041,249.75013374614,385.306188460311,,,,,
3.4083,1417.84566124562,239.543703025732,376.528302827012,,,,,
3.41265,1408.06493820053,249.763442343877,386.939228394014,,,,,
3.73025,1412.32340478135,246.318255988741,382.715956905324,,,,,
3.5718,1418.01523796223,244.529100258826,376.385377333156,,,,,
3.7544,1408.1314580099,249.911949494544,385.302018838794,,,,,
3.98235,1413.66513424392,249.167685790696,380.498808121936,,,,,
3.8818,1417.60384633867,242.822726499673,376.39328470658,,,,,
3.11055,1429.73352272129,242.127392773144,379.66696017248,,,,,
3.51065,1423.35025230331,242.49760965494,376.429534588576,,,,,
3.08385,1432.61663522989,251.36652480207,386.935032072712,,,,,
3.71345,1412.25987120191,249.83057558547,384.228954104035,,,,,
3.9039,1417.70784152945,237.581118202398,376.613623895994,,,,,
3.1272,1423.91681388024,247.316896751933,377.194676047447,,,,,
3.40665,1417.86558085228,245.08590513434,376.529632082015,,,,,
3.10005,1430.90293574154,241.266214805359,379.183717061701,,,,,
3.97905,1413.67539693852,249.782018012645,386.778982638108,,,,,
3.7508,1407.90883101815,246.264798574829,382.644341941464,,,,,
3.86725,1417.71643213702,249.769124680235,386.434021169591,,,,,
3.08615,1437.43089723185,247.837437784285,377.655347121951,,,,,
3.2571,1409.49602828541,249.817916974691,386.732688160024,,,,,
3.40075,1412.8788648258,248.51787681239,384.836710941462,,,,,
3.34305,1422.94162257579,248.74380360814,379.727423195292,,,,,
3.5931,1413.64611221657,242.927190537179,376.548223986651,,,,,
3.3351,1423.23081453976,243.182089355871,376.386654499734,,,,,
3.8528,1415.4984960242,239.612307698866,378.023227369268,,,,,
3.8795,1417.64898224718,248.128317164238,378.595670133452,,,,,
3.79085,1414.0080464271,239.345124680057,377.809634876637,,,,,
3.35065,1412.75380484795,249.928896147175,387.006161611985,,,,,
3.6308,1409.17996860199,249.951514831967,384.836975386848,,,,,
3.24365,1419.27731788148,238.098380565059,376.596301734739,,,,,
3.50245,1418.72028464665,241.38655836035,379.098306511507,,,,,
3.52545,1413.54220320578,249.759956666193,386.864858907184,,,,,
3.6636,1418.60680010116,246.324416786869,376.457136633089,,,,,
3.45245,1409.05038542806,248.936814510735,385.429504142693,,,,,
3.0945,1426.57160936472,251.113722411894,385.909726688242,,,,,
3.43125,1408.63821913313,247.075101638204,383.321441628284,,,,,
3.1548,1417.31123337225,250.395793085883,387.409804026373,,,,,
3.735,1417.56749809639,248.483666802033,379.321518178638,,,,,
3.1209,1418.79526101875,242.298724440023,379.807450990156,,,,,
3.81985,1418.82359389824,243.231195276355,376.541691618211,,,,,
3.3876,1418.09742849371,239.682308027939,376.39931898914,,,,,
3.9754,1418.6880430109,239.913693966892,376.52161979697,,,,,
3.54155,1422.9055734205,242.525293450031,376.370799196609,,,,,
3.4744,1414.38838514788,250.079740347356,387.122790452008,,,,,
3.98105,1413.62151682384,249.887523744355,385.947340509347,,,,,
3.6212,1409.05337818717,249.549106289217,381.674228079023,,,,,
3.25235,1414.4236473359,244.078044161249,376.553626250742,,,,,
3.11805,1429.01198547843,245.481065136871,377.108715135858,,,,,
3.49035,1419.03675686871,241.592893974539,376.657497884593,,,,,
3.42925,1413.70766380355,238.106462467434,376.489158687056,,,,,
3.0623,1430.58069088534,251.69003046665,388.346964400757,,,,,
3.41865,1413.30466460322,239.201330603691,376.49101189198,,,,,
3.11615,1429.17269654908,249.743776406182,380.608141235527,,,,,
3.70165,1417.59047404937,249.674731636611,386.779372862307,,,,,
3.41965,1413.28446804465,239.62957744687,378.02795687787,,,,,
3.45385,1409.19208753764,249.963581378541,387.09513536435,,,,,
3.9438,1413.7568364867,242.526740087267,376.481003605151,,,,,
3.25345,1414.42956500397,240.187611918751,376.559812349565,,,,,
3.72805,1417.39115492995,239.233255022667,376.413803533091,,,,,
3.85485,1413.05373253762,249.181386311671,385.87734525033,,,,,
3.5229,1413.42544761542,240.302916626995,378.425897246054,,,,,
3.07405,1434.01852780325,251.596818819478,385.591153953029,,,,,
3.34665,1422.74499776368,238.290924489069,376.35535131907,,,,,
3.11545,1429.20764990835,250.653220659007,384.345336474271,,,,,
3.35985,1412.77034778418,249.324318030604,385.89392634654,,,,,
3.3465,1422.72596968069,238.954870059383,376.353566038836,,,,,
3.6795,1413.18453556207,249.130676906261,385.752643994537,,,,,
3.6753,1418.25916090316,243.686727407403,376.456122123309,,,,,
3.17625,1421.40385160128,250.206483444783,386.78681109702,,,,,
3.05745,1441.04071947545,242.198409818417,377.941068364529,,,,,
3.62715,1408.98160041841,246.78472579304,383.07836979443,,,,,
3.5522,1417.91895647563,241.353827922173,376.406617276474,,,,,
3.7572,1413.26496289217,245.280086538876,376.490249606153,,,,,
3.9424,1413.80254706828,245.907164496628,376.487657288958,,,,,
3.6797,1413.22088752432,249.432435652451,386.215439656503,,,,,
3.41605,1413.27178111196,246.331477364615,376.487084436305,,,,,
3.8797,1417.68657907137,247.358806503535,377.447059949851,,,,,
3.4224,1408.42032211665,249.830083320343,386.954935785345,,,,,
3.93195,1418.68244196151,246.087920636571,376.490386457302,,,,,
3.3606,1412.84257583993,249.908305903103,386.940803738038,,,,,
3.7643,1408.51309236373,249.92038949478,386.198532209977,,,,,
3.85325,1412.994647195,242.311799244131,379.72526549428,,,,,
3.1811,1425.98934052695,241.081913641664,376.720528606073,,,,,
3.8929,1417.6673623701,239.725094014189,376.3440782844,,,,,
3.7522,1408.03458232442,249.814948258954,386.769830689534,,,,,
3.75575,1413.33034587386,248.281628336434,378.657886001432,,,,,
3.8058,1413.99276959487,250.013870192112,385.771590065207,,,,,
3.2024,1425.37945123197,238.194818799341,376.687583460215,,,,,
3.05155,1436.76819426305,251.861608406441,388.578718120521,,,,,
3.51055,1423.36079857373,242.840589078397,376.430380632554,,,,,
3.1427,1422.97250486589,248.368203654731,384.569833961159,,,,,
3.6143,1413.86493556665,240.535519774612,376.504817155649,,,,,
3.4648,1409.46775825908,249.951479347771,386.82713696653,,,,,
3.09915,1436.08285872826,239.528350360269,377.363592795134,,,,,
3.85835,1413.14161904198,249.52066279322,381.891315968675,,,,,
3.4344,1408.86217259782,250.00580183361,386.060696505106,,,,,
3.06785,1439.89428606856,241.684563173595,377.743401809246,,,,,
3.1668,1417.12145430928,250.328061367325,384.920257907476,,,,,
3.0042,1734.25646474853,53.5202657166863,379.883664655484,,,,,
3.96885,1413.94038858964,249.776269921466,386.85000377051,,,,,
3.67515,1418.25916090316,244.111077355636,376.457618441399,,,,,
3.54505,1412.8244767214,248.119694156555,384.510686298658,,,,,
3.1667,1417.11890728876,250.327228831541,385.258484424246,,,,,
3.967,1413.82637512894,244.169489563651,381.010510797438,,,,,
3.49845,1424.07766980956,246.640656472837,376.639802685465,,,,,
3.9562,1413.92150784385,241.479737680665,379.079145666545,,,,,
3.87985,1417.6903722719,246.875096488327,376.857841169199,,,,,
3.5746,1413.01987925239,241.02067618076,378.831270988294,,,,,
3.28995,1409.47649913104,249.901126187174,386.173555526965,,,,,
3.60695,1408.67048117322,248.247470318551,384.626758411887,,,,,
3.2797,1409.43301476301,249.898671506382,386.02953734813,,,,,
3.3768,1417.82364525591,241.595436481582,376.382331874263,,,,,
3.6702,1413.49986286301,249.830026351324,386.948452084917,,,,,
3.66725,1418.45925863042,240.119297229954,378.251121835827,,,,,
3.33365,1423.3749059755,246.197990027641,376.42282546755,,,,,
3.26765,1409.66171951364,249.959377889441,386.954315984551,,,,,
3.1233,1418.87292317383,250.592266403197,387.530891057354,,,,,
3.67455,1418.30721364865,245.456315423351,376.46658126711,,,,,
3.1644,1417.12065524212,250.236627142375,387.163523690411,,,,,
3.48675,1414.10790049483,250.054537448807,383.652780946206,,,,,
3.3805,1407.90863068555,249.206777919145,385.913083368388,,,,,
3.4038,1412.94466307557,249.896487851964,385.107744493624,,,,,
3.09135,1426.75238170997,249.686866566139,385.827711700285,,,,,
3.25425,1414.50313972634,237.956180029243,376.958051665039,,,,,
3.75395,1408.12747883747,249.887169125197,386.273631013825,,,,,
3.6379,1413.87614024213,248.34900837689,384.713939781075,,,,,
3.5403,1423.02396690602,245.658270815846,376.395170699663,,,,,
3.3733,1412.88257586284,249.667167826394,383.448697720098,,,,,
3.1728,1421.5755536221,243.941970276434,380.828883724825,,,,,
3.69115,1413.11688516045,249.747372770743,386.894543702572,,,,,
3.44675,1414.03984002077,247.06347293745,376.966752276288,,,,,
3.18905,1420.88108494615,246.92153727985,376.83412622112,,,,,
3.99575,1418.69906706962,241.284819972731,376.553894169555,,,,,
3.13195,1418.57720579089,246.568293990229,382.903790611009,,,,,
3.83195,1423.55986477431,238.436245273088,377.240451296796,,,,,
3.6536,1418.53534804187,245.920204233947,376.456239729906,,,,,
3.1802,1426.06131083142,244.238557723866,376.734853832592,,,,,
3.79335,1409.04980678886,249.904214874423,386.730625206901,,,,,
3.8337,1418.43945707174,247.828389464661,384.13441009533,,,,,
3.85755,1413.11715363568,249.802802012686,385.234073398132,,,,,
3.57325,1418.01571725524,239.573066714491,376.38581614139,,,,,
3.5972,1408.69358415464,249.636718648988,386.288670029637,,,,,
3.43205,1408.72332151122,249.465964394081,386.030454915375,,,,,
3.68395,1418.23923874908,246.808882405831,376.773014370681,,,,,
3.7095,1412.17460812114,245.931186954582,382.353871362414,,,,,
3.03345,1449.00183704216,251.994561315705,383.087430374271,,,,,
3.13815,1428.41177423201,246.401927894523,377.07457636424,,,,,
3.51985,1418.48174325766,245.46370940536,376.46840030547,,,,,
3.25455,1414.46256211821,239.216270153945,377.782045681369,,,,,
3.4887,1419.09373902981,246.081244350263,376.673315015054,,,,,
3.98005,1413.65070802714,249.907175741236,387.015331766485,,,,,
3.99135,1408.73823133063,250.036032321096,385.965690958863,,,,,
3.15345,1417.28455982903,249.524855777757,385.954715599719,,,,,
3.1219,1418.79455183855,247.805278374917,384.002993556953,,,,,
3.184,1415.8259481969,248.225769003892,384.485806379043,,,,,
3.0372,1453.37808297903,241.110995472987,378.217233953789,,,,,
3.22575,1414.55965912702,249.397370458139,385.96172925458,,,,,
3.82655,1413.85102691127,249.948296039398,385.486245561027,,,,,
3.89595,1412.62404719895,248.7352610958,385.288252762965,,,,,
3.7563,1413.33899904834,246.594986792315,376.538003615419,,,,,
3.7286,1417.39332110389,237.719549075996,376.677798547038,,,,,
3.7501,1407.86596396297,242.247093288506,379.629280634123,,,,,
3.44665,1414.04245537062,247.347797457336,377.275884657172,,,,,
3.56235,1417.98068581643,241.974133262117,376.394772668563,,,,,
3.5608,1418.01095962492,245.864748763623,376.406429809312,,,,,
3.49495,1414.10535790384,249.950131755995,387.094662106384,,,,,
3.4183,1413.24847081914,240.665637104139,376.483848072795,,,,,
3.4905,1419.04076960675,240.991941126366,376.658158307764,,,,,
3.792,1408.96702706729,246.151243449071,382.500919311734,,,,,
3.97995,1413.65070802714,249.911623514781,387.043542719772,,,,,
3.05835,1440.98696451722,239.75957991514,378.397620279035,,,,,
3.6915,1413.09632464371,249.729986929215,386.76037896599,,,,,
3.537,1418.16885265405,249.746365719176,386.63324200615,,,,,
3.81665,1413.86354180499,249.917347995312,384.102204198865,,,,,
3.44,1418.82508935659,238.36332122026,377.210307874494,,,,,
3.95775,1408.93729524724,248.922446877184,385.26905109107,,,,,
3.18595,1415.82923359068,250.174964992164,387.176782597156,,,,,
3.6058,1411.12180096101,242.659931660412,379.894393156329,,,,,
3.77365,1408.5726340565,249.827008104195,386.971608458755,,,,,
3.73665,1417.45531125396,244.79785597495,376.34424601958,,,,,
3.6142,1413.86493556665,240.941852676421,376.503554294708,,,,,
3.1786,1426.25922640392,247.283611302241,377.140936319472,,,,,
3.08015,1433.15940377902,246.04814759233,382.398886008376,,,,,
3.78105,1408.66729289757,242.364068494497,379.756812587359,,,,,
3.83255,1418.50847812357,241.880218594643,379.346056937101,,,,,
3.0891,1437.06443999511,239.117739690519,377.692121226266,,,,,
3.29855,1414.43221545638,249.907908885486,386.982169477164,,,,,
3.14095,1428.17091769457,238.930700400554,377.713417239235,,,,,
3.4943,1414.00109547127,249.78666536301,386.738693743298,,,,,
3.37895,1407.79340254936,242.826579714286,380.03495666749,,,,,
3.7805,1413.75818398571,239.100674913979,377.727713242383,,,,,
3.7647,1408.54702705388,249.943508824451,385.317219382792,,,,,
3.10265,1430.67684152556,250.875080892156,387.737121181413,,,,,
3.98265,1418.7164277801,248.170103990129,378.534412600762,,,,,
3.45635,1409.28168560409,249.328477872184,380.842130891505,,,,,
3.0294,1449.5102006476,250.84420767213,386.599181948935,,,,,
3.7569,1413.26496289217,245.814863788171,376.492500241221,,,,,
3.9482,1408.84210639383,249.985372601127,386.913857428608,,,,,
3.06585,1440.15217703067,247.610414457618,377.812814477452,,,,,
3.48255,1414.07364149427,245.861486793663,382.272177594955,,,,,
3.9916,1408.76829126284,250.053403804397,385.358588004638,,,,,
3.1085,1434.93437127678,243.314473190824,377.176707782221,,,,,
3.79285,1409.04980678886,249.223890535348,385.663690651976,,,,,
3.2567,1409.46393423753,249.350451366709,385.958123721688,,,,,
3.40355,1412.93966030553,249.878844599274,385.747348258996,,,,,
3.90655,1407.74294888221,249.447399624777,386.170415732368,,,,,
3.2113,1424.79490383119,243.568196397805,376.577479299126,,,,,
3.1841,1415.8259481969,248.557267503536,384.849437482546,,,,,
3.35655,1417.76083575615,240.304592095592,376.451361542945,,,,,
3.6268,1408.98080873452,245.011298408984,381.586609278109,,,,,
3.87525,1412.4630191203,248.629318603352,385.112534966478,,,,,
3.7723,1408.43561200179,249.112147924786,385.742539012759,,,,,
3.6037,1418.69766968476,241.87303766146,376.561489527795,,,,,
3.3244,1418.35516116061,244.373564929416,376.447021093807,,,,,
3.53215,1423.3753674494,238.958086377518,376.398537385465,,,,,
3.90915,1407.87302366639,249.85949772397,385.109732236327,,,,,
3.13995,1428.22161676862,241.048570963242,377.032563981993,,,,,
3.15765,1422.35356476822,248.561604800236,378.766406422196,,,,,
3.2415,1419.3090401645,245.404192750313,376.577877908134,,,,,
3.2696,1409.65715295105,249.98505248733,385.588301931378,,,,,
3.4058,1417.90531715941,246.432182543969,376.546969432286,,,,,
3.2778,1409.50277809737,249.816770999494,386.777902411019,,,,,
3.40205,1413.02808742982,249.910200485589,386.966842848679,,,,,
3.96165,1414.15008497825,249.480260142077,381.012632992479,,,,,
3.9956,1418.69703016184,241.870081817944,376.553621755301,,,,,
3.5382,1418.12883856743,249.760763483617,383.951889256164,,,,,
3.7454,1412.80832325521,248.18221903221,378.768445876732,,,,,
3.26885,1409.64800356379,249.974701931516,386.775358647427,,,,,
3.2614,1414.70095265069,246.472262386847,376.580475504484,,,,,
3.2695,1409.65218614826,249.977992939581,385.8253518484,,,,,
3.84685,1413.05600986095,249.719024663788,386.045080688872,,,,,
3.4535,1409.18736606468,249.958607000009,387.092368504431,,,,,
3.1263,1418.84319030464,250.072367876106,381.568104125068,,,,,
3.40835,1417.84566124562,239.326178734693,376.52909608087,,,,,
3.1919,1420.77159905217,239.020586847744,376.729209141894,,,,,
3.26645,1409.50713495663,247.876736656286,384.128992081264,,,,,
3.67505,1418.25916090316,244.373808235324,376.458774838353,,,,,
3.40245,1413.00942550943,249.902228721885,386.917257010405,,,,,
3.51135,1423.33955260556,239.733907016199,376.428691663002,,,,,
3.72935,1417.36487134895,241.279178586634,378.948894809996,,,,,
3.4005,1412.85405550558,247.692396769489,383.928642735943,,,,,
3.0947,1426.55449445237,251.109767117782,385.207235530031,,,,,
3.52815,1413.61983717027,249.697933189547,382.843672388816,,,,,
3.59585,1408.61342530766,244.988865109532,381.521734249912,,,,,
3.8465,1413.06362015771,249.719951148046,386.534513464101,,,,,
3.05385,1436.42491448053,251.672768858859,383.978130680349,,,,,
3.1606,1422.22807983059,240.800022942371,376.895612886951,,,,,
3.21305,1424.76261783447,238.059782047542,377.054995902331,,,,,
3.9361,1408.5041211267,244.361869860694,381.140931872578,,,,,
3.5866,1408.43504460647,249.19838209698,385.658488614538,,,,,
3.1163,1429.17269654908,249.248998196103,379.636586034191,,,,,
3.42165,1408.35685734504,249.123981471259,385.747632161678,,,,,
3.1649,1417.19646089641,250.335394573069,387.389496426934,,,,,
3.91245,1413.01889250343,243.911110210976,376.46918728271,,,,,
3.33375,1423.3295736878,246.075170474906,376.419052980637,,,,,
3.377,1417.82364525591,240.813962790414,376.383378885026,,,,,
3.78895,1414.0063403188,243.083018451795,376.504350209711,,,,,
3.53435,1418.22173856534,246.652693847652,383.017696143877,,,,,
3.99835,1413.61882412055,246.503586172607,382.792302857044,,,,,
3.1434,1422.96120429622,250.084238261839,386.707117410122,,,,,
3.5666,1413.05885826897,249.627747873433,386.690294574692,,,,,
3.48205,1414.07845460534,243.006641667176,380.138922205082,,,,,
3.49135,1419.06790124517,237.963650868686,376.852519360234,,,,,
3.9568,1408.87392500763,245.004330520401,381.543552929405,,,,,
3.21675,1414.67668465452,250.002799250128,387.093706871871,,,,,
3.07355,1434.10243814873,251.576936917343,387.071838387564,,,,,
3.15675,1417.28936021596,250.348643942018,383.91479382701,,,,,
3.4827,1414.07331386709,246.610146962395,382.91079161972,,,,,
3.4109,1407.89881468224,247.864679432741,384.255954126087,,,,,
3.0007,1734.63348091294,1.95736771569323,390.381694107627,,,,,
3.25065,1414.47855647309,247.386312527207,377.434178491877,,,,,
3.15135,1427.45699750948,239.207052966422,377.858671407264,,,,,
3.1581,1422.36670988519,247.161108496288,377.020974079285,,,,,
3.77215,1408.43561200179,248.793932024149,385.312687308227,,,,,
3.3593,1412.69268284089,247.904370486377,384.152702760289,,,,,
3.6722,1413.36542881539,249.81900287483,384.222252839713,,,,,
3.62875,1409.18198997776,249.943473414264,386.991944297293,,,,,
3.46145,1409.24168219007,243.038688680717,380.199629351452,,,,,
3.5694,1413.09091738427,249.612213649481,382.787860792089,,,,,
3.92215,1413.45008163722,245.39859015013,376.532332221857,,,,,
3.6475,1413.54521365571,245.288957885409,381.871808535248,,,,,
3.14205,1423.01616446117,245.278795740604,381.855763004342,,,,,
3.15465,1417.3465476134,250.399146339084,387.427290906592,,,,,
3.33695,1423.16070443063,238.426968620566,377.249353395394,,,,,
3.8414,1423.07302472728,239.577658981193,376.435961252901,,,,,
3.00025,1734.6989720452,0.449485048963532,390.596841255518,,,,,
3.80995,1418.88090583035,241.940932720534,376.634253697145,,,,,
3.26235,1414.60437546597,244.926772781449,376.564332375324,,,,,
3.90255,1417.63608887302,242.354369949135,376.342857541821,,,,,
3.883,1417.66292825268,238.04321103664,376.412794954115,,,,,
3.84055,1423.10182357687,242.887368333009,376.439844062364,,,,,
3.2892,1409.49942011781,249.921952075175,386.954364019427,,,,,
3.31485,1423.300786648,241.961854079799,376.431244623628,,,,,
3.57555,1408.00626335969,246.423009890112,382.819359704065,,,,,
3.5829,1413.37557237054,242.294446418776,376.43958252805,,,,,
3.73075,1412.37248352685,248.225875529839,384.653887219915,,,,,
3.8136,1413.85018521568,249.306253540375,385.958843850138,,,,,
3.89705,1412.77107922684,249.683656979984,386.861955437702,,,,,
3.17985,1426.06131083142,245.140570325732,376.743507675129,,,,,
3.43925,1418.79329474726,239.593986624242,376.561028936563,,,,,
3.10865,1434.8945978722,242.75874181094,377.173404837855,,,,,
3.3873,1418.07880771148,240.930667127415,376.396803466946,,,,,
3.5389,1423.12428660793,249.033437451204,380.365898882292,,,,,
3.2886,1409.52232019419,249.939525149146,387.073421849594,,,,,
3.25525,1409.37373381076,243.39856894865,380.444479773357,,,,,
3.2056,1420.19404302324,249.893135525535,386.86888195109,,,,,
3.31165,1418.56294156604,249.702922004799,382.499757610965,,,,,
3.59935,1408.81575103745,249.986000687314,386.132287105389,,,,,
3.6178,1408.95375244452,249.495904341293,386.246688075946,,,,,
3.15595,1417.26456432754,250.362771784583,386.414845675578,,,,,
3.19745,1415.65673455613,250.103266078247,385.633232436922,,,,,
3.8025,1414.00681187476,246.998606807583,383.25681400439,,,,,
3.18575,1415.85113871487,250.183375070144,387.227587009903,,,,,
3.39155,1413.07044531072,249.953072284862,386.995260662254,,,,,
3.2652,1414.56066190974,241.235163992386,378.960585948828,,,,,
3.8914,1417.69006064316,244.688241207911,376.346547074725,,,,,
3.1631,1417.07301885166,247.287305435078,383.552927635503,,,,,
3.8756,1412.51982920333,249.296511965882,386.047673847729,,,,,
3.66485,1418.47506602119,244.036140373084,376.430451080972,,,,,
3.499,1423.92144511228,245.897593118712,376.563171144062,,,,,
3.4529,1409.15708911769,249.677884807976,386.52329414735,,,,,
3.96,1409.05787677353,250.005023745893,386.59282038754,,,,,
3.5155,1413.43908269962,249.816884932847,386.984033068212,,,,,
3.547,1412.88175398869,249.741825818881,386.81332150475,,,,,
3.285,1414.5176179819,237.913099362267,376.702172022935,,,,,
3.9687,1413.90429452996,249.69403741781,386.680809516017,,,,,
3.247,1409.37250597248,249.847792395135,386.913037586076,,,,,
3.332,1413.46303877132,249.762614969472,383.733786113437,,,,,
3.82215,1413.7490802167,241.476524155938,379.157205938815,,,,,
3.04015,1442.98147606048,251.586225455322,387.635667491496,,,,,
3.8067,1414.0268117509,249.841405602799,382.424244389863,,,,,
3.9386,1408.68871557386,249.828095837392,386.964672007875,,,,,
3.29055,1409.49165190746,249.932188012784,384.597985041029,,,,,
3.52755,1413.59156186363,249.803868072523,385.176230395588,,,,,
3.8873,1412.72285690291,249.694502425513,386.808579672499,,,,,
3.7093,1412.17073362752,244.854937501869,381.479866393801,,,,,
3.40465,1412.99360279528,249.520187429069,381.470873915396,,,,,
3.9251,1413.47492590723,240.296482689647,378.353327635201,,,,,
3.2475,1409.36948896555,249.904882202832,387.045366355993,,,,,
3.72885,1417.36487134895,238.454764304796,377.238855469279,,,,,
3.47415,1414.39448704422,250.075464438575,387.117141209871,,,,,
3.1284,1423.79760955634,245.316959474618,377.124678616496,,,,,
3.1345,1418.66218211275,250.612483766402,387.516040637544,,,,,
3.97365,1418.74254434247,245.411194351546,376.532805269942,,,,,
3.7226,1412.39535228424,249.819351196744,386.66394718685,,,,,
3.95345,1413.9530230038,244.717021725359,376.583145876229,,,,,
3.138,1428.41177423201,246.641882597505,377.080317180723,,,,,
3.09595,1436.52832222156,248.616769656935,378.372406093386,,,,,
3.4619,1409.25376762438,245.597591443966,382.112667257267,,,,,
3.5123,1423.38540132597,238.606667051482,377.389550924214,,,,,
3.28655,1409.38491058228,245.435939652544,381.98496263881,,,,,
3.2885,1409.51587355023,249.933691438655,387.058879165426,,,,,
3.68165,1413.15974358476,249.773800131432,386.36293167004,,,,,
3.23445,1414.36744876121,242.326364761015,379.668155355665,,,,,
3.3969,1417.93949075601,243.632184803915,376.463123732517,,,,,
3.8608,1422.91550888725,243.991337346813,376.422697470867,,,,,
3.8849,1412.56082390851,246.168071922384,382.61501959792,,,,,
3.42965,1413.70089150176,238.074978423347,377.02339207535,,,,,
3.86545,1417.75669369208,249.550366273254,386.439519040763,,,,,
3.51945,1418.54800202474,246.07550143721,376.474732712468,,,,,
3.72625,1417.39645366072,245.169987211378,376.412348548864,,,,,
3.1424,1423.01226533199,247.102735912166,383.357839245262,,,,,
3.9502,1408.86672963884,250.045075381393,385.771857560213,,,,,
3.92905,1408.6802589639,249.78476166017,386.496097984992,,,,,
3.65165,1413.52422855856,249.80924632359,383.977958636937,,,,,
3.27995,1409.43822934637,249.914876442555,385.461712760465,,,,,
3.5539,1412.86380851726,240.585894820814,378.57358737653,,,,,
3.1113,1429.63494744672,246.476218131818,382.796445317672,,,,,
3.9616,1414.14217317522,249.573243979081,381.302062554522,,,,,
3.20905,1425.02208570997,248.806313611764,379.547862039638,,,,,
3.0905,1426.80498145921,245.969726358993,382.395457490695,,,,,
3.0909,1426.75238170997,248.010436895168,384.104885737297,,,,,
3.08775,1437.12288627669,244.289976063469,377.590892557502,,,,,
3.5374,1418.16584798007,249.739474292219,386.149263425053,,,,,
3.0926,1426.7510468473,251.118634534979,387.997463263346,,,,,
3.0363,1453.49886787601,244.858021994542,378.23992445915,,,,,
3.2082,1420.03511973907,249.997985881019,384.110353410085,,,,,
3.69835,1422.71968789334,240.940050900201,378.756343889213,,,,,
3.40855,1417.87475693377,238.447313429418,376.533024362432,,,,,
3.23405,1419.41099766281,239.96368587611,378.178963012039,,,,,
3.07825,1438.44131490226,241.248195308447,377.663747749728,,,,,
3.28255,1414.48979509798,245.740786547017,376.596900014049,,,,,
3.7224,1412.41252675963,249.829964459168,386.79469014345,,,,,
3.29975,1414.37881430353,249.937398940371,386.862598331774,,,,,
3.4092,1417.90713184554,238.78636342765,377.505132025067,,,,,
3.8269,1413.87054773858,249.954941570196,384.347636340688,,,,,
3.26465,1414.59534719276,238.244315136516,377.141266807631,,,,,
3.19085,1420.73963028093,243.212271877586,376.724869171556,,,,,
3.3149,1423.300786648,241.774381073334,376.430856808005,,,,,
3.6581,1408.30640815798,246.701386163532,383.051380781789,,,,,
3.95025,1408.86672963884,250.048696802685,385.650382666488,,,,,
3.12765,1423.8362729989,246.744930118536,377.139775211247,,,,,
3.8259,1413.84439971109,249.928238287062,386.668706473807,,,,,
3.032,1449.14283461017,252.45851286676,388.336579733718,,,,,
3.0227,1491.25019424987,252.666205758663,385.581560126537,,,,,
3.2179,1414.64291815073,249.97685359498,385.9684323725,,,,,
3.84545,1413.11751479047,249.755280721466,386.940697653037,,,,,
3.3388,1418.04647723012,248.15759835374,384.54974311597,,,,,
3.86345,1417.81812752683,241.572532379566,379.18755962455,,,,,
3.7234,1412.3881673065,249.830991762102,385.37528461121,,,,,
3.1136,1429.44559548611,250.683693037091,387.627787467068,,,,,
3.06285,1430.45261239836,251.666348192897,387.907425956409,,,,,
3.3382,1418.06143694835,245.658051058195,382.150478881486,,,,,
3.444,1408.89035392021,250.011327660718,386.90725929755,,,,,
3.3295,1413.40496652233,249.736473794621,386.83923524966,,,,,
3.02505,1480.27954225944,247.742832362443,378.417560001303,,,,,
3.6086,1408.79992540662,249.813195118315,386.939308909247,,,,,
3.3956,1418.04295444707,246.30291858678,376.484504027831,,,,,
3.5384,1418.12999328909,249.697665527611,383.085304974142,,,,,
3.2031,1425.30212247041,239.922926104454,378.21833796641,,,,,
3.94135,1413.76913912426,248.323821988684,378.869423945646,,,,,
3.30465,1423.96935661596,241.601668947525,376.534301996313,,,,,
3.4543,1409.19208753764,249.942769735963,386.943163648245,,,,,
3.70915,1412.17073362752,243.985329621984,380.821634075617,,,,,
3.14885,1427.51101069213,245.548326465217,376.930625132363,,,,,
3.245,1409.16030756294,243.66436845065,380.632091008528,,,,,
3.54835,1412.87891891802,249.751634740958,384.547175776009,,,,,
3.0749,1438.93475719454,250.659663735103,381.24447676933,,,,,
3.9579,1408.95279891161,249.256141134386,385.709980455866,,,,,
3.19095,1420.73963028093,242.870312846396,376.724374700438,,,,,
3.3557,1417.74788839996,243.447590974539,376.447781632608,,,,,
3.66765,1413.38939336981,242.535272571467,379.797283533955,,,,,
3.8126,1413.80930891811,245.86596636206,382.346150251975,,,,,
3.93505,1418.62451307629,238.248963413309,377.179718148687,,,,,
3.24985,1414.43489576228,249.658492016844,382.168137265072,,,,,
3.54365,1417.8320236237,240.929315223524,378.75990945211,,,,,
3.09515,1426.54722511381,250.883315551068,383.143510514989,,,,,
3.75475,1408.1964172405,249.912052661295,384.128398048363,,,,,
3.8346,1418.4717165869,249.653059411812,386.558494965251,,,,,
3.83775,1418.34055349857,249.510858552327,381.710506859877,,,,,
3.36405,1417.93092812904,247.538399390498,377.519563960788,,,,,
3.70015,1417.59807363745,249.043240090562,385.715834061048,,,,,
3.7863,1408.96739838853,249.399929464467,381.1464770288,,,,,
3.6319,1419.23953633737,248.68339515175,379.336788012598,,,,,
3.67115,1413.38401611277,249.793049108574,386.564542213116,,,,,
3.57775,1408.20141858312,249.778353559187,386.902949498451,,,,,
3.2034,1422.7902833489,241.692369065657,379.315310173187,,,,,
3.55685,1413.02974513902,249.750006629055,386.937280575903,,,,,
3.78595,1408.96739838853,249.817699237728,383.03475865274,,,,,
3.24715,1409.37250597248,249.885259828537,387.000363562022,,,,,
3.9626,1419.08772649907,246.679702716437,376.675823923457,,,,,
3.93545,1413.58539879615,240.477092968094,378.509292893593,,,,,
3.28375,1414.44380960721,242.696365410074,376.588262055128,,,,,
3.43935,1418.79329474726,239.153173947693,376.562485546183,,,,,
3.8655,1417.76583437188,249.595056716224,386.520968822536,,,,,
3.37165,1412.8902998633,249.695205661141,386.774670452112,,,,,
3.77545,1408.60668936465,249.804450151954,383.820469074478,,,,,
3.7462,1412.88128551641,246.088274970191,376.381379562027,,,,,
3.40745,1417.84649772458,242.878855176929,376.523617237794,,,,,
3.04965,1436.87133781514,248.746344999451,384.678776199526,,,,,
3.43435,1408.86000101209,250.003663169734,386.154811326807,,,,,
3.35905,1412.69268284089,246.902481479897,383.162689754871,,,,,
3.754,1408.12747883747,249.888238056731,386.191930377175,,,,,
3.31435,1423.35288136944,243.638827137991,376.437301416198,,,,,
3.19135,1420.73963028093,241.36100107229,376.724028816392,,,,,
3.40315,1412.94174517356,249.86928794651,386.429618026444,,,,,
3.34585,1422.71928899242,241.652470781452,376.352722330023,,,,,
3.60065,1413.9158100567,249.550560718444,381.27585491653,,,,,
3.9976,1413.6402556599,242.312180806229,379.619272416147,,,,,
3.81795,1418.95749278853,247.121308303342,377.087160495902,,,,,
3.4012,1412.88844285735,249.454682741237,386.10146206645,,,,,
3.90975,1407.9693177474,249.741769618676,382.75270817003,,,,,
3.2926,1414.56847798142,246.151113991566,376.64975737812,,,,,
3.63865,1413.92715475536,249.684621797047,386.592125314943,,,,,
3.0565,1441.14828451213,245.656398578224,377.965739232587,,,,,
3.9529,1413.95488509531,245.845128545662,376.588505252443,,,,,
3.43475,1408.90156350185,250.029069406317,385.210537065222,,,,,
3.3165,1418.29074367673,239.450382379705,377.881444877003,,,,,
3.073,1434.16185045494,251.570558818782,387.923398765493,,,,,
3.3117,1418.56581315752,249.65408576945,382.238048117069,,,,,
3.63385,1419.01386345022,244.358166391131,376.536687200753,,,,,
3.1784,1426.29800472008,247.930243917436,377.926411668659,,,,,
3.24945,1409.36149632827,249.88480709499,384.034874010422,,,,,
3.1927,1420.67032637832,239.550467228365,378.012987234152,,,,,
3.32205,1413.35687437318,249.543426535991,381.992190178415,,,,,
3.8664,1417.83380994475,249.806263522737,386.956767982631,,,,,
3.37595,1417.82514153794,244.29083270879,376.384792513324,,,,,
3.8054,1414.01284231036,250.000683912001,386.497570779923,,,,,
3.84905,1418.17713544583,246.553570611225,376.595525891505,,,,,
3.99055,1408.73952241651,250.04688457564,386.929797991356,,,,,
3.25475,1414.40596715401,240.380714991898,378.475602438575,,,,,
3.9083,1407.82605469662,249.836983058516,386.653147953532,,,,,
3.98285,1418.73477708602,247.410085986451,377.424656006103,,,,,
3.33315,1423.480623533,247.255907294259,377.298435480579,,,,,
3.12285,1418.87292317383,250.299878096886,386.965793245392,,,,,
3.2457,1409.20093932717,247.273567347526,383.601665784877,,,,,
3.4261,1413.72815356574,246.889795131225,376.852431898122,,,,,
3.20155,1425.39898666418,241.740453258964,376.656763231729,,,,,
3.1231,1418.87292317383,250.508631374187,387.350737663439,,,,,
3.76425,1408.51309236373,249.919477427115,386.279724272114,,,,,
3.059,1430.72315628244,243.216060581987,380.525782201399,,,,,
3.07545,1438.92368107975,248.713772918484,378.195756620354,,,,,
3.23495,1414.33357953539,245.225403216559,381.766463699079,,,,,
3.86075,1422.92084483305,244.125509113055,376.42356873048,,,,,
3.95795,1408.95279891161,249.350998602892,385.843895861441,,,,,
3.3675,1417.8050448227,237.82942192558,376.546470116342,,,,,
3.9545,1413.94451942991,241.306870447312,376.584618837207,,,,,
3.86255,1422.88903790522,237.679452413739,376.545869467875,,,,,
3.45925,1414.30946686946,242.017818288995,376.603063496258,,,,,
3.6245,1414.0648392957,241.082536240617,376.507770694181,,,,,
3.9887,1408.56234854736,248.993332610864,385.347894099428,,,,,
3.95705,1408.87506068326,246.311784207982,382.613736828205,,,,,
3.3275,1413.28291955528,243.571166972385,380.570873767353,,,,,
3.5775,1408.2281909743,249.785964215973,386.944081711396,,,,,
3.98625,1418.62243576163,237.861691399111,376.533167780277,,,,,
3.595,1413.65569845917,239.999863415792,378.151370628005,,,,,
3.15115,1427.45699750948,238.431665713052,377.334520397652,,,,,
3.2568,1409.48936145175,249.506596465363,386.19469767861,,,,,
3.07075,1434.42977897848,250.260345721116,386.231957219998,,,,,
3.46365,1409.4508685112,249.949063520974,387.030003005769,,,,,
3.6145,1413.87987624808,239.69601316873,376.508034720321,,,,,
3.55455,1412.86306138695,244.448699820684,381.213471505292,,,,,
3.339,1418.04647786561,248.704747208626,385.209728794992,,,,,
3.28285,1414.45110222035,245.181555412209,376.592893343288,,,,,
3.1864,1415.82623347481,250.151729460387,386.909591355092,,,,,
3.31535,1423.300786648,239.952159662812,376.429618425021,,,,,
3.0847,1432.55293423631,251.276568776246,383.958325472352,,,,,
3.31805,1413.22446681296,247.802008105883,384.163260838036,,,,,
3.45355,1409.19510702697,249.962455640797,387.102083827402,,,,,
3.27965,1409.43156731604,249.896583125396,386.123133434384,,,,,
3.46475,1409.4687241782,249.953881901718,386.866009791355,,,,,
3.45935,1414.30946686946,241.642705474287,376.603796046311,,,,,
3.591,1413.74819975702,247.443886691845,377.345125339104,,,,,
3.63935,1413.97195499132,249.870578778247,386.99110734643,,,,,
3.949,1408.87259641617,250.064157113162,387.072099263945,,,,,
3.09105,1426.75238170997,248.649300965128,384.714590637331,,,,,
3.0815,1433.02159986055,250.94098795668,387.283028990014,,,,,
3.5396,1423.08927239594,246.688040356755,376.647365802205,,,,,
3.6746,1418.29570525891,245.364319321634,376.46563326365,,,,,
3.2062,1420.23835557444,250.019446763218,387.150834154573,,,,,
3.95455,1413.95028797774,241.10697844837,376.585142561898,,,,,
3.82455,1413.84686029804,249.918005224434,386.978648968119,,,,,
3.6859,1418.09823195995,242.721863767686,376.439197880023,,,,,
3.29275,1414.5302007872,245.934300651223,376.646631271533,,,,,
3.75585,1413.33899904834,247.887234932459,378.038395832069,,,,,
3.2543,1414.50313972634,238.071100707116,377.062899526228,,,,,
3.458,1414.32241166402,245.495210322888,376.605966850618,,,,,
3.64965,1413.59758726556,249.82962820275,386.995977639677,,,,,
3.773,1408.60206478657,249.789127407214,386.90058217562,,,,,
3.7292,1417.36487134895,240.396606162154,378.393493288985,,,,,
3.32225,1413.35687437318,249.228242461808,380.859059081852,,,,,
3.2542,1414.50313972634,237.881783504282,376.866333518559,,,,,
3.1767,1421.34569310754,250.217988521533,386.018471053973,,,,,
3.5641,1417.97846993482,239.89036444722,378.140221061178,,,,,
3.935,1418.62451307629,238.060715738881,377.051377692005,,,,,
3.90485,1407.60896777572,242.496496225005,379.789116437971,,,,,
3.6241,1414.0573477061,242.577658820683,376.505335516768,,,,,
3.68825,1413.00335686819,242.314268614755,379.674512793901,,,,,
3.16335,1417.07301885166,248.292400534302,384.540248601254,,,,,
3.2069,1420.09000774592,249.989831250478,386.914094086895,,,,,
3.11645,1429.17329936293,248.65324453557,378.679736799683,,,,,
3.2352,1414.33357953539,246.499712064769,382.833451788335,,,,,
3.12085,1418.79526101875,241.995313775203,379.61353716255,,,,,
3.7927,1409.02315047997,248.871743996566,385.20974442267,,,,,
3.2347,1414.34171337214,243.813646645709,380.697895881994,,,,,
3.7104,1412.20071525932,249.09512783127,385.654410451124,,,,,
3.39665,1417.95398415985,244.335027237033,376.465261208509,,,,,
3.46385,1409.49587936077,249.978868837496,387.103164452902,,,,,
3.1032,1430.66825530828,250.922393309173,387.843903382672,,,,,
3.34925,1412.65687830387,248.742603357165,385.138691277683,,,,,
3.5593,1413.04373807638,249.424363760797,381.688309967102,,,,,
3.251,1414.48075497178,246.515122033931,376.582698297007,,,,,
3.4647,1409.47025250667,249.956437441286,386.90117910911,,,,,
3.124,1418.8605069004,250.625207089174,387.582169329217,,,,,
3.08595,1437.43089723185,248.084117679877,377.704128303064,,,,,
3.8213,1418.8578029517,237.83832423096,376.68828410431,,,,,
3.40375,1412.94290790721,249.893094223296,385.25028227728,,,,,
3.44975,1414.090940026,238.838885835983,376.676381095887,,,,,
3.1941,1415.60367644161,247.34200823928,383.631229694471,,,,,
3.2582,1409.54375493947,249.968936607406,387.002566487793,,,,,
3.28695,1409.39820374681,247.332706973546,383.65667963557,,,,,
3.59315,1413.64611221657,242.756518383349,376.548424954719,,,,,
3.7895,1414.0162180509,241.090581376668,376.508511212782,,,,,
3.56505,1412.92871405933,245.430513216044,381.989697889005,,,,,
3.2033,1425.30212247041,241.093767716544,378.934990809857,,,,,
3.5896,1408.59187215243,250.030294433557,384.724726741662,,,,,
3.72535,1417.50637769403,246.515288229494,376.472692922887,,,,,
3.3306,1413.44490007204,249.76747438297,386.774248909942,,,,,
3.9201,1408.4060457228,249.811776995206,382.611629368808,,,,,
3.42115,1408.28574625573,247.742231478135,384.105531652673,,,,,
3.4617,1409.24684491608,244.502020039447,381.253434541429,,,,,
3.2575,1409.52998516507,249.969655896328,387.059309895488,,,,,
3.62505,1414.10389596559,238.770408278291,376.516794283723,,,,,
3.6353,1418.99064600197,239.063049216291,376.530306244728,,,,,
3.8358,1418.37942783276,249.817537330635,386.826270249568,,,,,
3.35765,1417.73308511113,239.025366592872,377.569698551066,,,,,
3.7554,1410.72483391438,249.341318586268,380.891543192668,,,,,
3.03515,1453.67767085184,247.991796854404,378.287916665624,,,,,
3.00135,1734.6117801101,4.89456507911572,389.499402549353,,,,,
3.4692,1419.3925425824,243.287925112948,376.534635895133,,,,,
3.7609,1408.27195112782,245.173184448557,381.696527547561,,,,,
3.2191,1414.69897451378,249.476955316137,381.162179436958,,,,,
3.57695,1408.22385843093,249.703108847012,386.754057030042,,,,,
3.052,1436.63021333116,251.843648305607,388.464701262705,,,,,
3.85195,1418.10918635805,238.529479088902,376.474419808835,,,,,
3.89965,1412.76171792884,249.328058120359,381.502105928366,,,,,
3.3391,1418.04647786561,248.926271842887,385.503323336867,,,,,
3.8371,1418.32094504199,249.829123742388,384.613325852323,,,,,
3.8961,1412.62404719895,249.033417238294,385.701531105186,,,,,
3.3152,1423.300786648,240.58354185277,376.429537623812,,,,,
3.0689,1434.71500368586,240.578383230116,378.833482405073,,,,,
3.9058,1407.6799317612,247.540724355278,383.843373041565,,,,,
3.1486,1427.5715434064,246.049932875763,376.937696124415,,,,,
3.7511,1407.91215901197,247.588933950352,383.877247179442,,,,,
3.717,1417.29241691768,242.199694114188,376.39679612407,,,,,
3.55795,1412.99950211714,249.70835615696,386.268016369945,,,,,
3.56355,1418.01374265498,237.644409051668,376.636094972039,,,,,
3.9474,1408.74469312911,248.879686215177,385.233891034394,,,,,
3.7396,1412.45032291991,240.909011024783,378.757042332148,,,,,
3.3799,1407.86868496691,247.65761603039,384.021173288873,,,,,
3.7793,1413.69095061383,240.539058929199,376.532868058879,,,,,
3.54745,1412.87882905179,249.720089119945,386.486434702837,,,,,
3.8242,1413.78591539137,249.710227363919,386.564866431974,,,,,
3.19885,1425.68416980933,248.489755146633,378.87709768413,,,,,
3.00415,1734.25646474853,52.0361987446965,379.886275046897,,,,,
3.64385,1418.68246888869,245.010922653323,376.514809070428,,,,,
3.058,1440.98696451722,239.858719926566,377.955374045689,,,,,
3.76045,1408.25261356602,242.564657755989,379.798241757462,,,,,
3.60935,1408.76751332368,249.77826753004,386.5049067094,,,,,
3.6772,1418.29679336484,238.17350512855,377.113862894701,,,,,
3.79805,1419.16383601236,246.128140400369,376.607723264201,,,,,
3.44445,1408.89319727428,249.993747427748,386.483923642374,,,,,
3.5364,1418.29472100549,249.77588801677,386.913014734384,,,,,
3.8368,1418.32303788456,249.812766010381,385.495091002643,,,,,
3.13855,1428.36510553136,245.618822341997,377.061205633824,,,,,
3.9209,1413.53068510137,247.774688227881,377.84229578656,,,,,
3.80435,1414.13031621845,250.043145216195,387.095210824948,,,,,
3.75055,1407.88021129278,244.944663887576,381.56118339268,,,,,
3.63255,1419.19567823339,246.620163212728,376.598315164933,,,,,
3.87665,1412.57969907908,249.743886994523,386.892939210514,,,,,
3.8811,1417.61657461545,244.757588418429,376.396451777855,,,,,
3.9114,1413.05324597634,246.065186979414,376.472165661028,,,,,
3.15165,1422.34270123121,240.934069254732,378.882202418749,,,,,
3.93725,1408.56175505337,248.995980625317,385.564933494174,,,,,
3.93425,1418.59238280242,239.469010136259,376.466869368079,,,,,
3.9684,1413.83788980959,249.385356086538,386.144058597677,,,,,
3.75075,1407.90235900076,246.015162398703,382.430126223192,,,,,
3.8076,1419.01716068694,247.359485911831,377.279202166424,,,,,
3.47835,1419.24975670797,246.134154442133,376.622886787494,,,,,
3.2915,1414.56196211513,248.888980183821,379.825875572038,,,,,
3.8009,1419.1011629306,238.220775645517,377.108296554133,,,,,
3.12795,1423.79760955634,246.265090798747,377.132642389518,,,,,
3.64275,1418.78280726536,246.752802783316,376.722751845631,,,,,
3.767,1418.51237956205,246.171455985203,376.586980106133,,,,,
3.2549,1409.37373381076,241.279860069171,379.033992545263,,,,,
3.4739,1414.39448704422,250.031579706843,387.011686467616,,,,,
3.72955,1412.32603875901,242.474577410614,379.73896303739,,,,,
3.82185,1413.7490802167,239.688036225134,378.055769141244,,,,,
3.2838,1414.44390589368,242.52234950959,376.58832304269,,,,,
3.31845,1413.23842383849,248.932420466648,385.499416122147,,,,,
3.30815,1418.72373409484,249.031403160012,385.600463587488,,,,,
3.2788,1409.43455558799,249.920983898749,386.958770044564,,,,,
3.19825,1415.66897361226,249.911818508387,382.498158404437,,,,,
3.49775,1419.12479001042,248.927996830041,379.887181940445,,,,,
3.5904,1411.14412481697,249.442725480538,380.929659072402,,,,,
3.40915,1417.90713184554,238.524361849324,377.352286231529,,,,,
3.93285,1418.60944576956,244.40189234517,376.471814159211,,,,,
3.7825,1408.73571691062,248.974462382175,385.505729960937,,,,,
3.5442,1412.79583391457,244.22403483314,381.019950909989,,,,,
3.3937,1413.03921373724,249.960588371086,384.49908488055,,,,,
3.33595,1423.20178640882,240.012791838716,376.380320159694,,,,,
3.5055,1418.67660159543,249.87328337741,387.025029524054,,,,,
3.83505,1418.52210825331,249.826139219431,386.928634742101,,,,,
3.70205,1417.54314118843,249.654059582241,386.527520707563,,,,,
3.55045,1418.00016537628,245.922087960953,376.417904072472,,,,,
3.23685,1414.48951945731,249.954053539036,387.01637666678,,,,,
3.21075,1424.80202923417,245.024293492714,376.588583230125,,,,,
3.7618,1408.35961132376,248.830095521687,385.211893836426,,,,,
3.4214,1408.29164688112,248.544122848423,384.997659878393,,,,,
3.7818,1408.70426149932,246.541268010774,382.939023776176,,,,,
3.44525,1408.92073358413,250.027168284846,384.586052529477,,,,,
3.15655,1417.27318319902,250.388400211425,384.729916215665,,,,,
3.92005,1408.4060457228,249.849202998043,382.859575008916,,,,,
3.8397,1423.14203235006,245.160221734044,376.454854146623,,,,,
3.39015,1412.97207886892,247.64344899839,383.898685984519,,,,,
3.51805,1413.47381658021,249.488660288001,381.726674895566,,,,,
3.9556,1413.9682739275,238.2806215756,377.11905919411,,,,,
3.6846,1418.18396981841,245.83720801653,376.457019961904,,,,,
3.6336,1419.05180511408,244.964772390629,376.541045924784,,,,,
3.0555,1441.32595197467,247.861403651644,378.0053756066,,,,,
3.90435,1417.70784152945,239.403834229578,377.83908816746,,,,,
3.74325,1407.65199598043,249.65488128426,386.590462169861,,,,,
3.9897,1408.72456413512,250.053511387789,387.046353930574,,,,,
3.4516,1409.006560574,245.658085978596,382.169595323394,,,,,
3.7951,1409.17242842688,250.040310038579,386.508643615366,,,,,
3.647,1413.5529558151,242.393211674295,379.751931038919,,,,,
3.2302,1419.64061911989,247.002508666748,376.882832139764,,,,,
3.1628,1417.0740323475,245.81762037736,382.28722144393,,,,,
3.6397,1413.87359712025,249.859035179299,386.924947348895,,,,,
3.7352,1417.56749809639,247.723730515355,378.02793683134,,,,,
3.33565,1423.20915089563,241.232061602368,376.381025537002,,,,,
3.6981,1422.71968789334,239.470438446946,377.854287349304,,,,,
3.51905,1418.55419276707,246.584097143855,376.575127492729,,,,,
3.0641,1430.39804843512,251.564469848805,384.148292295696,,,,,
3.76945,1418.43811750945,238.735106033648,376.570907661342,,,,,
3.50965,1423.40732646016,245.226201710097,376.444146533639,,,,,
3.84895,1418.17713544583,246.78701353878,376.803080492592,,,,,
3.45955,1414.32460618194,240.858029655375,376.60582710238,,,,,
3.8278,1421.40709628275,248.804268301221,379.590488929153,,,,,
3.2294,1417.08567661204,249.546606149338,381.243903501457,,,,,
3.9848,1418.591996663,243.35171647503,376.449385649149,,,,,
3.05145,1436.80602404995,251.86171173936,388.581948793126,,,,,
3.199,1425.68416980933,247.906527709888,377.982219552901,,,,,
3.3786,1412.83462865669,240.703929350289,378.64310400435,,,,,
3.70575,1422.29590389704,244.755418789905,376.31570558988,,,,,
3.15185,1417.28061869148,242.133998295989,379.637620498698,,,,,
3.54715,1412.88175398869,249.733640038104,386.735651836401,,,,,
3.94805,1408.84210639383,249.898267517462,386.737474881186,,,,,
3.41485,1413.20422738535,249.528365099122,382.11011578394,,,,,
3.91815,1408.31083994923,249.961550024728,386.975703010807,,,,,
3.86785,1417.68678687817,249.794438137795,385.234380896309,,,,,
3.12145,1418.79299531508,245.564766253181,382.098235728971,,,,,
3.88105,1417.61657461545,244.866930212898,376.396917904212,,,,,
3.58095,1413.40274748583,246.494890659489,376.515255873842,,,,,
3.16385,1417.11306599676,249.633632782446,386.154562280936,,,,,
3.5233,1413.42544761542,242.706206307961,379.976413522895,,,,,
3.0639,1430.39804843512,251.666719093392,385.085286679085,,,,,
3.4825,1414.07452920783,245.597920170956,382.0570452347,,,,,
3.09555,1431.55759683255,250.097383250112,380.786031202812,,,,,
3.64035,1413.84150447752,249.829308493656,386.454301284419,,,,,
3.33645,1423.20268569427,237.913295098715,376.406543575068,,,,,
3.58585,1408.38569354105,246.64451169285,382.942354605681,,,,,
3.22565,1414.54445855486,249.206716536342,385.693855199665,,,,,
3.2035,1420.25401340856,242.294992423056,379.708882718923,,,,,
3.10575,1430.34709381004,250.182830791339,381.289379189365,,,,,
3.6926,1413.06675645847,249.742903567622,384.973003146043,,,,,
3.33115,1413.42920171222,249.754099320979,386.169429341138,,,,,
3.263,1414.57956836253,243.142202409291,376.561347705106,,,,,
3.65425,1418.48240771198,244.723324415387,376.442783368545,,,,,
3.1005,1430.85557665791,243.950001916877,380.916648745024,,,,,
3.82075,1418.85431923189,239.803533869382,376.544607015954,,,,,
3.85135,1418.06424998587,241.066388878998,376.466486044324,,,,,
3.86695,1417.71643213702,249.77968221439,386.729582895024,,,,,
3.90785,1407.82605469662,249.860058491397,386.915188036561,,,,,
3.33735,1423.16070443063,240.715690071361,378.619459184845,,,,,
3.5602,1418.11789926297,246.74388268402,376.718859563086,,,,,
3.14635,1422.75083389591,250.486379467748,384.385844784205,,,,,
3.3865,1418.09889470292,243.707904106149,376.398226011496,,,,,
3.75605,1413.33899904834,247.193259963288,377.102986756895,,,,,
3.38,1407.86868496691,248.003998067068,384.392371058896,,,,,
3.36835,1417.78539823012,241.05409377737,378.808443043824,,,,,
3.83765,1418.33218845245,249.627083582355,382.244558283497,,,,,
3.81955,1418.84295146636,244.120869492348,376.543594207044,,,,,
3.0217,1491.82911179617,252.682423684758,388.53705012808,,,,,
3.2316,1419.48394567827,244.543682777112,376.583652289043,,,,,
3.8815,1417.61235739946,243.744550878783,376.393883536353,,,,,
3.03945,1443.05651771062,249.560317263129,385.28702216851,,,,,
3.70885,1412.17073362752,242.147984892274,379.536989489062,,,,,
3.029,1449.51617895739,249.267392455818,385.023595346351,,,,,
3.3409,1417.99414208818,249.730538648545,386.72534490376,,,,,
3.72345,1412.39194262882,249.834645714271,385.240262316566,,,,,
3.7775,1413.7152263756,245.734162286602,376.531577542729,,,,,
3.22055,1419.706550279,245.980764656051,376.58889623453,,,,,
3.12355,1418.89266288734,250.630444377628,387.623335495316,,,,,
3.4575,1414.38356619581,246.279109956354,376.613812700252,,,,,
3.3039,1424.01312033478,244.09486015729,376.549335336806,,,,,
3.04075,1442.98667905227,252.147911104408,388.614465543205,,,,,
3.11945,1428.95439015949,240.607009562429,377.093696958646,,,,,
3.7526,1408.10025344914,249.922508207725,387.012716772081,,,,,
3.2787,1409.45159872001,249.925821332839,386.991380647332,,,,,
3.706,1422.28966171542,244.161485713573,376.310932198708,,,,,
3.1013,1430.74655517697,248.184753773665,384.303316591887,,,,,
3.19635,1415.72076682685,250.106804915284,387.115612542536,,,,,
3.6763,1418.23703115398,240.017383125658,376.454894707173,,,,,
3.0533,1436.49237239393,251.85417436815,386.319094262653,,,,,
3.8208,1418.8578029517,239.589112966606,376.545279120907,,,,,
3.4489,1414.00565026173,242.329524261784,376.662041508489,,,,,
3.63235,1419.23953633737,247.067274454051,376.979731162254,,,,,
3.9706,1413.80742911131,249.814856812821,386.144504469122,,,,,
3.4698,1419.38083008311,241.121689347507,376.532339050706,,,,,
3.1344,1418.68642891796,250.617655772854,387.555241799886,,,,,
3.9566,1408.86816027998,243.864471259731,380.690708545785,,,,,
3.8711,1422.51229581145,244.010477295252,376.363151937848,,,,,
3.9922,1408.80569802525,249.97144743886,383.105009766995,,,,,
3.02975,1449.43836506297,251.739748898376,387.708296301521,,,,,
3.2621,1414.60437546597,245.44414492942,376.566967576004,,,,,
3.3531,1412.77713583388,249.51496335785,381.420224926883,,,,,
3.35215,1412.71087336497,249.910805105066,385.406149986026,,,,,
3.0262,1470.03671702388,244.100827480828,378.329763605451,,,,,
3.67855,1413.16471163266,245.857610912752,382.320246209053,,,,,
3.1305,1423.74414834938,238.634344592681,377.509132960757,,,,,
3.5577,1413.00367921865,249.713138742156,386.568073211466,,,,,
3.1145,1429.30250196317,250.646836358887,386.975369327496,,,,,
3.92145,1413.52368905172,246.447101502258,376.542269390379,,,,,
3.38555,1418.15980910433,245.753654182645,376.411508501384,,,,,
3.26585,1409.4990928482,245.078828954537,381.64146013518,,,,,
3.7721,1408.43561200179,248.670946493871,385.156586812934,,,,,
3.55625,1412.95596707903,249.629079141622,386.666768661489,,,,,
3.298,1414.38883700585,249.419332042783,386.115711637985,,,,,
3.4175,1413.23300277366,243.503102343841,376.476415722514,,,,,
3.33805,1418.06143694835,244.858738969861,381.502274595832,,,,,
3.51835,1413.47381658021,248.872248486823,379.944865786019,,,,,
3.56545,1412.93561230693,247.283094943813,383.65500826097,,,,,
3.9646,1418.920184636,242.119178810879,376.630751068174,,,,,
3.80465,1414.05631633397,250.034210980513,387.045801325206,,,,,
3.28105,1414.50947288649,249.254164421503,380.66828545281,,,,,
3.7894,1414.0063403188,241.482287728775,376.507361614389,,,,,
3.2905,1409.48684739436,249.932466430158,384.770817476114,,,,,
3.23975,1414.4463690036,249.397769276638,380.972095846925,,,,,
3.997,1418.7002653573,238.826442924973,377.473531044134,,,,,
3.3788,1410.30513321019,241.91645555294,379.420757639395,,,,,
3.35945,1412.70296990402,248.398156277767,384.696675888645,,,,,
3.9093,1407.87302366639,249.864845319857,384.630872030345,,,,,
3.32185,1413.35687437318,249.712664690066,383.003797037394,,,,,
3.574,1418.07818647193,237.830690836351,376.869821217942,,,,,
3.35165,1412.70878928497,249.888643270503,386.396367520816,,,,,
3.50525,1418.72019983289,249.878684006971,387.05420613206,,,,,
3.7408,1407.49345464755,247.367077026643,383.745132401265,,,,,
3.84995,1418.08884785122,245.228760209828,376.472931903286,,,,,
3.91175,1413.01936869692,245.521818688865,376.469225244105,,,,,
3.71375,1412.30777726035,249.742590708255,382.948093535734,,,,,
3.6483,1413.5364372709,248.560012079547,385.017508391728,,,,,
3.2684,1409.70221916711,249.998118286857,387.014060827363,,,,,
3.35845,1412.68744694408,243.746904821729,380.603540047491,,,,,
3.16715,1417.12228670023,250.246142796982,383.476321808486,,,,,
3.7888,1414.0063403188,243.550267044304,376.504016567059,,,,,
3.4166,1413.24782004171,245.579105929288,376.478605139105,,,,,
3.17445,1421.52687138769,249.951902203627,386.695212315163,,,,,
3.5126,1418.31953430104,240.335311792848,378.414797944094,,,,,
3.83645,1418.36176992154,249.795618501179,386.200228753222,,,,,
3.47425,1414.39448704422,250.080074874517,387.128341205009,,,,,
3.08715,1437.24279377098,246.063444500138,377.610554176619,,,,,
3.15535,1417.30370395223,250.368968865794,387.182088753628,,,,,
3.6179,1408.96088213682,249.611638978852,386.441144273131,,,,,
3.63245,1419.2317914744,246.812073436507,376.733122876351,,,,,
3.3123,1423.53419661716,248.168182864285,378.558390212576,,,,,
3.5575,1413.01685450526,249.722632628035,386.72894723837,,,,,
3.21795,1414.64291815073,249.980042699974,385.858366052525,,,,,
3.18365,1415.82482461785,246.784963058389,383.087669913182,,,,,
3.6395,1413.93561390486,249.86726621147,386.973672985751,,,,,
3.3602,1412.77034778418,249.738625748005,386.581821036138,,,,,
3.7603,1413.30035781403,241.661599361895,379.203358946912,,,,,
3.22255,1419.63645543434,240.101007025339,376.575749684292,,,,,
3.6882,1413.00335686819,242.012723069381,379.47336091171,,,,,
3.89655,1412.677728293,249.547642473048,386.559380563467,,,,,
3.2805,1409.45702347057,249.884989571343,383.54416363041,,,,,
3.81975,1418.8254050488,243.543168274458,376.542194427838,,,,,
3.2924,1414.62136979961,246.403799450958,376.65476741756,,,,,
3.14845,1427.62848471992,246.310309347914,376.942442250948,,,,,
3.8698,1422.60184118537,246.347280396241,376.399236970858,,,,,
3.04545,1442.37920729712,247.809584996012,378.217970671722,,,,,
3.0973,1436.31094495902,246.085259593294,377.409449008072,,,,,
3.4986,1424.00522972189,246.438957588425,376.577966012012,,,,,
3.66925,1413.38315852976,249.255235155992,385.899876132709,,,,,
3.33005,1413.47256902562,249.792639842123,386.96686981553,,,,,
3.2512,1414.48075497178,246.281571587519,376.5660356864,,,,,
3.74285,1407.65199598043,249.675754355819,386.813674488902,,,,,
3.86495,1417.74431005824,248.729881700723,385.230623746845,,,,,
3.1567,1417.28463423795,250.364062353891,384.130945699696,,,,,
3.2135,1419.71340595948,240.360668217284,378.464243777333,,,,,
3.6005,1413.89305322161,249.766083373879,382.106656714348,,,,,
3.26125,1414.70095265069,246.676178653677,376.646107633807,,,,,
3.9802,1413.65070802714,249.899502546722,386.955450570246,,,,,
3.5966,1408.64918369476,248.338406636828,384.576810003345,,,,,
3.2246,1414.51739105364,245.117443416711,381.695577688638,,,,,
3.33985,1418.13547753627,249.710682710802,386.808446875275,,,,,
3.2854,1414.5176179819,238.730748919981,377.506879668825,,,,,
3.74455,1407.74612884559,249.648378730816,383.524740833198,,,,,
3.88375,1417.56210555903,239.581313056137,377.950286150122,,,,,
3.07445,1434.00533326548,251.440865228281,383.823962514389,,,,,
3.79885,1419.09696177405,244.51646404966,376.593202888061,,,,,
3.5701,1418.15244523648,248.159488742486,378.685178297262,,,,,
3.6529,1418.59674940839,247.142428805707,377.143255028504,,,,,
3.6302,1409.1477245547,249.918673033833,386.268134125013,,,,,
3.11785,1429.01198547843,245.929836298971,377.11312052868,,,,,
3.1454,1422.82402102412,250.472091604457,386.918596189661,,,,,
3.88525,1412.56082390851,247.644412634373,384.027101404678,,,,,
3.4359,1418.98212553951,248.943295534988,379.722110239779,,,,,
3.2094,1425.02208570997,247.484749091979,377.484172592913,,,,,
3.08755,1437.19467639133,244.944078813848,377.596911845307,,,,,
3.81635,1413.84045919985,249.925238486083,385.154674528968,,,,,
3.1923,1420.77159905217,238.070511474209,376.982894309683,,,,,
3.0513,1436.82797068082,251.853973165614,388.563278339625,,,,,
3.92755,1408.60984109881,249.722043213409,386.719116123069,,,,,
3.105,1430.36631404629,250.912394667917,385.095096541328,,,,,
3.31495,1423.300786648,241.58355656774,376.430513895401,,,,,
3.0286,1449.59410396564,247.161957408797,383.282477891967,,,,,
3.6959,1422.82019566516,243.599793082572,376.359721622666,,,,,
3.60235,1418.79200922277,245.653777096558,376.578227014799,,,,,
3.12895,1423.74560187575,243.741089677595,377.118515990499,,,,,
3.21195,1424.74224179113,241.254962638258,376.569853161937,,,,,
3.79115,1414.0080464271,241.154240161591,378.905795970091,,,,,
3.5293,1423.64493408577,246.682761188679,376.658330283139,,,,,
3.99685,1418.7002653573,238.209724138882,377.071973436375,,,,,
3.8436,1412.98990730325,245.993152057226,382.464757155745,,,,,
3.29705,1414.38066217464,246.415999508492,382.835738415956,,,,,
3.7681,1418.4443862941,243.879328615797,376.568126061407,,,,,
3.39815,1417.95539356762,238.845894177565,376.468099524936,,,,,
3.52425,1413.43200114646,247.586449295153,383.954894442507,,,,,
3.3381,1418.06143694835,245.131209381584,381.718754578882,,,,,
3.596,1408.61342530766,245.792316022044,382.166275547278,,,,,
3.33635,1423.20178640882,238.280948137931,376.382983464909,,,,,
3.8924,1417.64845487711,241.709835261658,376.340877642057,,,,,
3.9546,1413.95666500658,240.904613776883,376.585719457232,,,,,
3.9013,1417.69157088744,245.523033988528,376.353157686746,,,,,
3.90365,1417.69288079384,237.895495689394,376.371120818308,,,,,
3.00165,1734.57615119662,5.93661353067068,388.729635879556,,,,,
3.06555,1440.29810880049,248.023051849607,377.828866515384,,,,,
3.0273,1459.92961095512,240.082784726624,378.569665207415,,,,,
3.94155,1413.7951708675,247.544389515505,377.669716026649,,,,,
3.6718,1413.36570208988,249.807126039023,385.469817252701,,,,,
3.63315,1419.09482326594,245.828231497552,376.551190245724,,,,,
3.62315,1414.0758680581,245.182657380977,376.508843578611,,,,,
3.2817,1414.52478204757,247.068587430265,377.038041164434,,,,,
3.4559,1409.28168560409,249.882935936117,383.254648440502,,,,,
3.75745,1413.26436344202,244.735196732162,376.489432464675,,,,,
3.5373,1418.16885265405,249.73849944692,386.300931899816,,,,,
3.763,1408.54756114426,249.960362583608,387.020044272591,,,,,
3.60145,1418.91181684547,247.029172982171,376.899533642229,,,,,
3.0237,1490.76638063119,250.405736861565,379.75365258597,,,,,
3.26965,1409.66018544998,249.988746532657,385.459042726536,,,,,
3.43705,1418.8661285551,246.162544562639,376.577004142548,,,,,
3.03535,1453.67767085184,247.59324930691,378.278307344329,,,,,
3.70465,1422.43681187551,246.492513792575,376.484386010111,,,,,
3.8561,1413.15042630208,249.813130793972,386.99527696343,,,,,
3.30605,1423.90341370703,238.781987240674,377.507269189983,,,,,
3.3885,1418.10039345416,238.386560945947,377.236825541526,,,,,
3.27525,1419.47319456687,239.643843761116,378.002442740117,,,,,
3.099,1436.08285872826,240.188155866444,377.364584512667,,,,,
3.6808,1413.19157846159,249.810328714097,386.93602914967,,,,,
3.96585,1418.92595781205,237.991221461775,376.974200023124,,,,,
3.22455,1414.51934615712,244.838126930621,381.479373741036,,,,,
3.27575,1414.36510281644,242.603897132877,379.870724886039,,,,,
3.6291,1409.1949448285,249.958685742301,387.025138406605,,,,,
3.84375,1412.99877969646,246.700004584534,383.095234953624,,,,,
3.45515,1409.20085481209,249.937865161972,385.832146926707,,,,,
3.06295,1430.45261239836,251.666096361983,387.769739171157,,,,,
3.24765,1409.34637757639,249.900714934326,387.023753120003,,,,,
3.5328,1423.31681502577,238.032309656063,376.997712866274,,,,,
3.7862,1408.96739838853,249.56701458531,381.724417010149,,,,,
3.15705,1417.29729367345,250.133650108973,382.447336472923,,,,,
3.5943,1413.695012856,238.196026248756,376.598634845819,,,,,
3.60135,1418.91741622839,247.318409545067,377.212993247931,,,,,
3.5386,1418.14361934584,249.542994361014,382.087997618587,,,,,
3.0969,1436.31094495902,246.87666945445,377.426284975124,,,,,
3.9758,1418.74494932969,238.190177839201,376.532694463152,,,,,
3.1989,1425.68416980933,248.288534772217,378.554254589183,,,,,
3.93635,1408.5041211267,245.724226494527,382.219171500784,,,,,
3.94275,1413.75336734466,245.329661520848,376.483311557015,,,,,
3.75135,1407.91215901197,248.446266103031,384.798707862853,,,,,
3.4164,1413.27178111196,245.890757472502,376.480837596548,,,,,
3.2219,1419.624374313,242.646336033822,376.57343609661,,,,,
3.6249,1414.10389596559,239.420011420233,376.513529464558,,,,,
3.98165,1413.64403303375,249.900888955404,384.120419109343,,,,,
3.74955,1412.93761233174,238.879780885132,377.546259056065,,,,,
3.85295,1412.994647195,240.496749024553,378.559435102431,,,,,
3.39775,1417.95333944899,240.554874469601,376.462890447017,,,,,
3.5195,1418.53598912149,246.009304275494,376.473755365048,,,,,
3.4413,1408.71221803814,245.785145388423,382.195578207686,,,,,
3.6114,1413.88244684244,248.071499556574,378.469751772508,,,,,
3.32525,1418.33760914508,241.645926218827,376.446429134648,,,,,
3.63955,1413.9187318162,249.865510198489,386.964256275577,,,,,
3.4056,1417.96629312341,246.703516492995,376.641084085692,,,,,
3.4428,1408.93453601532,249.912975684359,386.808477255883,,,,,
3.90685,1407.85076994312,249.732530641405,386.676097723307,,,,,
3.6066,1408.63530026524,246.952038329783,383.285841991432,,,,,
3.1296,1423.74801531459,241.306653567315,377.116927991349,,,,,
3.24495,1409.16030756294,243.36834252543,380.421232541608,,,,,
3.67835,1413.16947844227,244.795336737955,381.46046961888,,,,,
3.52935,1423.64493408577,246.569371698293,376.563218527642,,,,,
3.63595,1418.98924805696,238.276628432083,377.168979184967,,,,,
3.2181,1414.64291815073,249.99089227607,385.485206226052,,,,,
3.36635,1417.77617535054,242.305297322866,376.4565505473,,,,,
3.5932,1413.64611221657,242.582177239439,376.54866393766,,,,,
3.4593,1414.30946686946,241.831828430991,376.60340771265,,,,,
3.2971,1414.38066217464,246.65176313743,383.044987799923,,,,,
3.57355,1418.04520177512,238.266973958961,376.391337410299,,,,,
3.474,1414.39448704422,250.05627073854,387.069517675908,,,,,
3.11795,1429.01198547843,245.713271190483,377.110850196645,,,,,
3.45815,1414.32241166402,245.198896830232,376.604505137594,,,,,
3.2947,1414.52216325859,240.255093808233,376.637983543859,,,,,
3.94345,1413.75032502215,243.651023331149,376.480178021459,,,,,
3.21055,1424.86261305636,245.439659270263,376.593638840451,,,,,
3.04835,1442.14098761031,241.412145107499,379.454605690052,,,,,
3.8928,1417.6673623701,240.140492716167,376.343001556598,,,,,
3.27155,1419.68506831036,246.752879147797,376.695891372747,,,,,
3.6629,1418.67513628475,248.305000505341,378.815838252678,,,,,
3.1999,1425.51038448351,246.162460347542,376.691897205391,,,,,
3.00395,1734.25646474853,45.9183418371657,379.896944934788,,,,,
3.2398,1416.94373587153,249.291334486725,380.673904103923,,,,,
3.47135,1419.38865182561,240.537293619058,378.535767327852,,,,,
3.23705,1414.48951945731,249.971309207901,387.059299999104,,,,,
3.66475,1418.47899085703,244.299298336745,376.43167772109,,,,,
3.0284,1449.67056204144,245.966445387953,382.40623937148,,,,,
3.8713,1422.51229581145,243.435674538436,376.360559144247,,,,,
3.27075,1414.74106629853,249.300098252772,380.622177959173,,,,,
3.46525,1409.46741256851,249.945405817973,386.269423954267,,,,,
3.39455,1418.06871492277,249.14321969968,380.262084619705,,,,,
3.97015,1413.82266821835,249.819825922181,386.718856913962,,,,,
3.733,1412.47565175736,249.626426876545,386.485437593439,,,,,
3.8767,1412.56970113,249.742400031259,386.885314152043,,,,,
3.12115,1418.79526101875,243.815456411623,380.819914916697,,,,,
3.44025,1418.82508935659,239.65904900519,377.985127899274,,,,,
3.47065,1419.40003912514,237.860252379196,376.655879689195,,,,,
3.52945,1423.63332893581,246.39288430267,376.457017945946,,,,,
3.3206,1413.29655533549,249.768389658519,386.497613501119,,,,,
3.7486,1412.91511738555,239.428515238964,376.390655213838,,,,,
3.48375,1414.13909359598,249.714149305851,386.392846784445,,,,,
3.2262,1414.57251626263,249.910994315941,386.817081193388,,,,,
3.55105,1417.9319730551,244.870833801328,376.409084904368,,,,,
3.4485,1413.99407410977,243.673707638463,376.660051492203,,,,,
3.5679,1413.06678173464,249.696978460422,386.649582866976,,,,,
3.88555,1412.58833282469,248.563587392651,385.07454938294,,,,,
3.28175,1414.5193375873,246.932845825298,376.898237641047,,,,,
3.02245,1491.56115683729,252.715269408465,386.613814075298,,,,,
3.95935,1409.10596558749,250.036792162025,387.018860171579,,,,,
3.78485,1408.88379596558,249.884446507001,386.400680825453,,,,,
3.70185,1417.54314118843,249.663907098732,386.679845859424,,,,,
3.6078,1408.81789869996,249.690102025176,386.679395620493,,,,,
3.7988,1419.09696177405,244.645078402513,376.593836169094,,,,,
3.97295,1418.8001887751,246.417551046064,376.551366043598,,,,,
3.16945,1426.93732253743,245.42809084167,376.816626460992,,,,,
3.98125,1413.62151682384,249.901547298524,385.464152644792,,,,,
3.43945,1418.79864096297,238.708488749551,376.564251484334,,,,,
3.2642,1414.61790277047,238.405764365726,376.578024710414,,,,,
3.01705,1494.56974436379,222.203736521242,379.261472664404,,,,,
3.85635,1413.15042630208,249.802152660088,386.925450348237,,,,,
3.3967,1417.94791629156,244.202198290377,376.464768500845,,,,,
3.8532,1412.994647195,242.007961681754,379.523225588681,,,,,
3.2937,1414.50030100712,243.860456107677,376.635570404641,,,,,
3.96335,1419.01048167092,245.616824795446,376.647324388113,,,,,
3.41055,1407.84334106626,246.440260186494,382.85915173887,,,,,
3.32515,1418.33760914508,242.023760434487,376.445946829006,,,,,
3.3482,1412.63644857235,244.093791758751,380.901594388927,,,,,
3.59415,1413.695012856,238.742521310931,376.562745996875,,,,,
3.26655,1409.51920069792,248.225662922734,384.500951241755,,,,,
3.94455,1413.78295726147,239.56876743224,376.489796158781,,,,,
3.78205,1408.70723536631,247.609619215078,383.951919191869,,,,,
3.08815,1437.11433493284,242.804894989417,377.580712058315,,,,,
3.88095,1417.61657461545,245.074591553969,376.397954851302,,,,,
3.34185,1417.95073361528,249.738170140593,385.274843509258,,,,,
3.06,1430.63168732491,248.7595410856,384.711401976728,,,,,
3.61855,1408.99665711237,249.90434279788,387.033206896728,,,,,
3.09485,1426.54722511381,251.080126524852,384.59376175593,,,,,
3.0345,1453.87505445521,248.940498550564,378.324493738421,,,,,
3.52405,1413.43200114646,246.76352544671,383.156038430772,,,,,
3.5894,1408.56288441207,250.021827077325,385.348930116873,,,,,
3.78445,1408.87191104296,249.894844194638,386.834487548287,,,,,
3.60965,1408.78035000363,249.778927288498,386.077989702761,,,,,
3.53015,1423.48373055697,245.405003573512,376.421626830021,,,,,
3.7608,1408.26988741488,244.619705518454,381.266691627195,,,,,
3.65705,1413.33366369636,240.796885534017,378.683353927118,,,,,
3.97795,1413.60098689268,247.424167944121,383.77495269622,,,,,
3.87635,1412.58978104879,249.739218622945,386.888633847148,,,,,
3.91825,1408.31083994923,249.956506366369,386.939351222513,,,,,
3.7586,1413.29241768387,240.991207437908,376.496746820635,,,,,
3.7199,1412.25274167308,246.354628876011,382.691337017569,,,,,
3.6122,1413.91207820992,246.152266960998,376.510958629966,,,,,
3.89345,1417.66863640557,237.648411315595,376.442197709551,,,,,
3.5087,1423.49693398461,246.659228798832,376.61853317922,,,,,
3.44305,1408.94521858647,250.007484029219,387.015290881395,,,,,
3.56685,1413.13616782672,249.708167962442,386.87056714965,,,,,
3.99755,1413.6464801158,242.011147163755,379.42079461368,,,,,
3.3393,1418.04647786561,249.273537306588,386.009878945927,,,,,
3.7429,1407.65199598043,249.673254433472,386.795793044044,,,,,
3.70785,1422.28552817559,237.545539206599,376.430898740931,,,,,
3.19405,1415.60367644161,247.125764672806,383.427628356933,,,,,
3.4937,1413.98050730859,248.912427448174,385.401042494717,,,,,
3.66055,1408.53938762724,249.808635938782,386.805753227216,,,,,
3.72175,1412.41657385985,249.850518096227,386.9408538111,,,,,
3.0204,1492.93772485069,252.721808913336,389.265117419582,,,,,
3.9005,1417.76288286286,246.74121663628,376.738450670757,,,,,
3.0285,1449.63142833504,246.572813648921,382.842551817844,,,,,
3.2693,1409.64800356379,249.968278750417,386.218962441727,,,,,
3.4279,1413.64826212003,243.325379268247,376.454326648072,,,,,
3.9352,1418.62451307629,239.02434908287,377.64026240158,,,,,
3.74745,1412.84700859751,243.656224900818,376.375438974995,,,,,
3.9264,1408.44963207724,247.36063209663,383.661818821257,,,,,
3.0317,1449.19497589116,252.464971587086,388.689274331352,,,,,
3.3928,1413.02518537758,249.928704718234,386.549325554196,,,,,
3.81735,1413.88505897191,249.187490626244,380.514788637963,,,,,
3.0492,1436.93377661574,246.421096936529,382.75688287906,,,,,
3.0423,1442.75242011609,252.161394966887,388.078343878973,,,,,
3.67865,1413.16409399025,246.347650063336,382.7440617408,,,,,
3.80275,1414.01444862056,248.004082958931,384.247299471565,,,,,
3.4302,1413.67496353864,241.114775199119,378.870515657975,,,,,
3.6476,1413.54078338506,245.811105842975,382.301497900643,,,,,
3.32935,1413.35713288948,249.667369059005,386.692389645074,,,,,
3.58155,1413.38416435277,245.702887891936,376.4404220182,,,,,
3.2705,1414.7082541932,249.731553273693,382.052485189915,,,,,
3.4306,1408.62708961175,243.586976038132,380.516958743017,,,,,
3.69715,1422.78556282456,238.905437711589,376.349305500489,,,,,
3.1661,1417.12088576441,250.294624081994,386.661196736948,,,,,
3.8896,1417.7688385501,248.810969837653,379.966112045632,,,,,
3.86315,1422.84317891004,239.772945842725,378.065811162345,,,,,
3.46505,1409.46741256851,249.943690736097,386.568466940491,,,,,
3.1711,1426.77804162656,239.893009196918,376.788399875325,,,,,
3.4059,1417.90531715941,246.316580359172,376.544095098658,,,,,
3.11325,1429.55086170646,250.68617000289,387.651088137745,,,,,
3.91595,1408.09283623208,246.950243130419,383.22603289066,,,,,
3.024,1490.61794451324,249.483471078087,378.684234158406,,,,,
3.6641,1418.53838561402,245.650108926338,376.44302824379,,,,,
3.6979,1422.71968789334,238.362544947243,377.204437752447,,,,,
3.97865,1413.6406419511,249.357645890611,386.054068397942,,,,,
3.7828,1408.81794704094,249.501102922102,386.266960430812,,,,,
3.9803,1413.65070802714,249.894125377058,386.901536314174,,,,,
3.84645,1413.06646556505,249.721816121207,386.584501697704,,,,,
3.7738,1408.55521349888,249.820272436661,386.928905735943,,,,,
3.79325,1409.04980678886,249.819806938457,386.574752631931,,,,,
3.89255,1417.65209984074,241.140978044825,376.341303035906,,,,,
3.7483,1412.86986689056,240.686339825191,376.384290830923,,,,,
3.19855,1420.69100606148,249.434675249266,380.800631883832,,,,,
3.6965,1422.8105728276,241.580741319477,376.351033551236,,,,,
3.38105,1408.03113709033,249.703489184738,386.79090209022,,,,,
3.43525,1408.91230244352,249.970257357295,383.33604020638,,,,,
3.5487,1412.92584341977,249.684081340683,383.138484361702,,,,,
3.36325,1412.8641712389,249.718938181407,382.285593757401,,,,,
3.33505,1423.23081453976,243.337221697146,376.387390239776,,,,,
3.08985,1426.82977137357,242.113345419243,379.740852271514,,,,,
3.7156,1417.33877834199,245.778738950145,376.406141708834,,,,,
3.37185,1412.86714652671,249.684342286039,386.671518441896,,,,,
3.7801,1413.78098036873,237.768800787469,376.751428433992,,,,,
3.2929,1414.52431655825,245.691087466388,376.643963472213,,,,,
3.8925,1417.65027413511,241.333517525734,376.341115744938,,,,,
3.42455,1408.5391970651,249.858057965013,384.821481440069,,,,,
3.588,1408.55917334513,250.031739925404,387.052303898175,,,,,
3.1495,1427.49446255144,243.795501840602,376.916263016745,,,,,
3.17235,1426.7109937517,241.237244408941,379.024142284114,,,,,
3.14645,1422.7479319494,250.456645101697,383.953178706828,,,,,
3.91025,1412.97525803777,248.91643751152,379.92172081881,,,,,
3.5646,1412.93312501118,242.879375251907,380.069036377706,,,,,
3.8809,1417.61657461545,245.173037381984,376.398527994603,,,,,
3.77915,1413.69095061383,241.141778979874,376.530851402078,,,,,
3.80865,1418.93086007356,245.622801615635,376.646190850398,,,,,
3.2478,1409.32435569005,249.894456137954,386.98628715732,,,,,
3.72245,1412.40731498872,249.827212353143,386.766953913898,,,,,
3.7713,1408.36415511218,245.498192264008,382.039347676193,,,,,
3.58325,1413.37557237054,240.97016139866,376.443590157493,,,,,
3.96835,1413.83343484509,249.31113689388,386.028953979225,,,,,
3.31,1418.61928576375,249.856287174512,386.833665070028,,,,,
3.63205,1419.23953633737,248.105316803977,378.359622363403,,,,,
3.9042,1417.70784152945,238.527019293081,377.328253183042,,,,,
3.92385,1413.49754253127,240.036375781461,376.540166149764,,,,,
3.41785,1413.24847081914,242.368788558847,376.478432647468,,,,,
3.51445,1413.32458956121,249.044596270771,385.648617397584,,,,,
3.21655,1414.72384388983,250.008495591436,387.123681969581,,,,,
3.1224,1418.79780054729,249.502919531531,385.825404259529,,,,,
3.35115,1412.71605758574,249.907286130386,386.855180371723,,,,,
3.65355,1418.55197444632,245.990621573158,376.457610865004,,,,,
3.17855,1426.27336188716,247.427821219022,377.296833345863,,,,,
3.34105,1417.99414208818,249.722922868976,386.616448088744,,,,,
3.5669,1413.13616782672,249.715671566012,386.88908558249,,,,,
3.12915,1423.74560187575,243.052731509555,377.117270360109,,,,,
3.78925,1414.0063403188,242.047114808872,376.505989196744,,,,,
3.5357,1418.27491968164,249.698193047121,386.745875764975,,,,,
3.9527,1413.97101696276,246.154668666799,376.591726280936,,,,,
3.75935,1413.32741325447,237.985304975439,376.581642368517,,,,,
3.26905,1409.64800356379,249.967616549381,386.577356190668,,,,,
3.4419,1408.78088624909,248.340671767962,384.610098205907,,,,,
3.79195,1408.96702706729,245.893631427287,382.284904170601,,,,,
3.7147,1417.37732359523,247.420991476247,377.420265733124,,,,,
3.69885,1417.61691995646,243.931144958757,380.797990167223,,,,,
3.445,1408.92073358413,250.018051488157,385.374676344521,,,,,
3.78955,1414.02348126454,240.890692689607,376.509161563081,,,,,
3.748,1412.86986689056,241.850433858033,376.379848501165,,,,,
3.75905,1413.32741325447,239.083418658606,376.506301108354,,,,,
3.7149,1417.38001012467,246.80874272146,376.70231650351,,,,,
3.4159,1413.27178111196,246.570961782994,376.612360628262,,,,,
3.55875,1413.03418307961,249.739352628374,384.245154452795,,,,,
3.43605,1418.98212553951,248.401122481393,378.736637774048,,,,,
3.1459,1422.75083389591,250.494527443741,385.920777724201,,,,,
3.6044,1418.69539200229,238.971666724494,376.565097022286,,,,,
3.44085,1408.71221803814,243.233879777842,380.270453806598,,,,,
3.6528,1418.59674940839,247.48338349351,377.58021556018,,,,,
3.7893,1414.0063403188,241.862090847735,376.506402155945,,,,,
3.23285,1419.46909557238,240.205714543154,376.579680575431,,,,,
3.47775,1419.25583397563,246.951036296706,376.809941843866,,,,,
3.92435,1413.49754253127,238.033514480724,376.59316652578,,,,,
3.8443,1413.00445391841,248.622438501924,385.132725875925,,,,,
3.38965,1412.97529159215,245.279533590742,381.79918699788,,,,,
3.8159,1413.84045919985,249.897533946939,386.217367706403,,,,,
3.7685,1418.44008469488,242.591021531856,376.565441797992,,,,,
3.0878,1437.11433493284,244.117006502865,377.589478491707,,,,,
3.3692,1412.73585704674,245.90013033585,382.339013435552,,,,,
3.95635,1413.92150784385,242.376961551998,379.662599955998,,,,,
3.26325,1414.57956836253,242.284223992072,376.561713506369,,,,,
3.8978,1412.69641443299,249.659915607502,386.675251042933,,,,,
3.8147,1413.897610304,249.93612941399,387.088841725096,,,,,
3.4958,1414.05124061115,249.914019677923,386.74346715051,,,,,
3.1381,1428.41177423201,246.484934331572,377.07644007425,,,,,
3.6961,1422.82019566516,242.986859357785,376.356242474268,,,,,
3.1913,1420.73963028093,241.560951064887,376.723912399469,,,,,
3.38485,1418.19483728517,246.822548751168,376.802818999345,,,,,
3.207,1420.09000774592,249.98497813218,386.835468393665,,,,,
3.6462,1418.69570219084,237.984216944772,376.997546341689,,,,,
3.55935,1413.04373807638,249.351689443188,381.408458730184,,,,,
3.0955,1431.55730008449,250.24043457704,381.103845639513,,,,,
3.5886,1408.55434863245,250.002303430637,386.750410693828,,,,,
3.71755,1417.31020067391,240.020936228763,376.401392640601,,,,,
3.53585,1418.30392829841,249.747439127472,386.856689688434,,,,,
3.42065,1408.26327833493,245.490946341037,382.049641915907,,,,,
3.11455,1429.28840602694,250.647331970848,386.899008852266,,,,,
3.7803,1413.78098036873,238.127496917981,377.135577902532,,,,,
3.9515,1413.97128557608,249.114310347267,380.050930789585,,,,,
3.12695,1423.91681388024,247.93393777103,377.779864676953,,,,,
3.466,1409.52165475021,249.966022296811,384.165950322812,,,,,
3.2394,1414.38916450043,249.84612915648,382.862126013099,,,,,
3.8538,1412.98646212037,245.484210313833,382.061586206228,,,,,
3.95125,1408.93265025401,249.662666189981,381.557199520963,,,,,
3.82385,1413.78591539137,249.222001571929,385.798483407834,,,,,
3.82485,1413.89773889498,249.964245063241,387.090568903639,,,,,
3.97275,1418.80584669072,246.769330031662,376.772725164903,,,,,
3.91785,1408.31083994923,249.97213799354,387.035974618909,,,,,
3.27905,1409.43069071516,249.907457084428,386.83167399676,,,,,
3.76255,1408.43934551262,249.863662791235,386.798005433904,,,,,
3.9255,1408.42729968886,242.660479028958,379.874225290288,,,,,
3.2798,1409.43703778244,249.904245589288,385.82301986055,,,,,
3.27595,1409.3328576056,243.792217405314,380.701080245741,,,,,
3.73675,1417.44168715189,244.575216914577,376.343136488346,,,,,
3.10655,1435.24572845586,247.587363138898,377.321439962651,,,,,
3.8001,1419.08824484383,240.074621038843,376.589499929212,,,,,
3.9415,1413.78657626899,247.730782524536,377.934367772677,,,,,
3.4077,1417.84411347861,241.987365700771,376.523551575437,,,,,
3.7777,1413.6883216917,245.386793375606,376.529427956936,,,,,
3.49435,1414.00109547127,249.819138597385,386.80311963372,,,,,
3.9483,1408.84210639383,250.022948928213,386.996718103239,,,,,
3.20045,1425.50293432356,245.150561805053,376.675850555328,,,,,
3.45445,1409.19077072073,249.934934377908,386.843608522336,,,,,
3.17755,1421.32358070522,250.100906748237,382.9592412253,,,,,
3.4397,1418.82817057894,237.97050038506,376.679175613017,,,,,
3.8891,1412.73620925326,249.594311435648,382.77821457698,,,,,
3.2763,1409.3328576056,245.737164160326,382.200902960625,,,,,
3.9275,1408.58811942108,249.694356127983,386.662148466625,,,,,
3.45615,1409.28168560409,249.667896597284,381.990045296333,,,,,
3.9074,1407.85300234743,249.871547611398,386.985011652265,,,,,
3.6938,1420.61263019964,248.376338698795,379.027295653717,,,,,
3.65205,1413.53975286125,249.582871543288,382.103481719326,,,,,
3.2228,1419.66958078077,239.019824476437,376.579214488097,,,,,
3.90875,1407.86302907362,249.834083423455,386.056648180312,,,,,
3.6157,1413.86849732591,240.284719724767,378.413313246646,,,,,
3.23295,1419.46909557238,239.779710023412,376.580661662633,,,,,
3.87565,1412.53416029743,249.361566553525,386.153219305854,,,,,
3.8953,1412.57651576357,246.530641808127,382.920644859692,,,,,
3.69305,1413.08099557432,249.690763218886,383.273028998597,,,,,
3.0925,1426.75859517099,251.109023275594,387.973322315456,,,,,
3.66145,1408.54324116428,249.806307965379,385.58859808009,,,,,
3.42535,1408.59792873729,249.333480333,381.084047084422,,,,,
3.2104,1424.90434174378,245.715109799601,376.597850144016,,,,,
3.99635,1418.6998283798,238.73968433478,376.560253652126,,,,,
3.2901,1409.47649913104,249.908444255941,385.876243037661,,,,,
3.34675,1422.7567315458,237.906020427493,376.374261157815,,,,,
3.09165,1426.74787516574,250.401497456655,386.742988925359,,,,,
3.93885,1408.65592208845,249.817189081055,386.895752907943,,,,,
3.84515,1413.11038279119,249.701548781726,386.812818284713,,,,,
3.1019,1430.66390695446,250.071169746096,386.408856953386,,,,,
3.9032,1417.64006046877,239.810913175626,376.346852156488,,,,,
3.77555,1408.62954319531,249.77348428967,383.389377223077,,,,,
3.5941,1413.695012856,238.960513132567,376.561423388834,,,,,
3.49725,1414.07315281416,249.803258189108,382.751966807327,,,,,
3.83695,1418.32094504199,249.823418478321,385.088891584967,,,,,
3.71415,1412.32246128827,249.249739046351,380.792674561299,,,,,
3.48395,1414.15600559772,249.912987428521,386.742801452057,,,,,
3.35405,1417.84530587427,246.66070723654,376.556491075875,,,,,
3.09835,1436.16498184619,242.879896884101,377.375829392351,,,,,
3.6803,1413.24903371293,249.796876838211,386.918540494234,,,,,
3.05035,1436.83747636006,251.040436900697,387.180343118207,,,,,
3.4315,1408.65847056793,248.072846482488,384.310760863762,,,,,
3.88975,1417.80184206279,248.330690811013,378.994167280673,,,,,
3.4277,1413.64755672795,243.909719234359,376.45390705186,,,,,
3.12835,1423.79760955634,245.437161835735,377.125427332334,,,,,
3.3625,1412.83346535572,249.910030585592,385.275448660331,,,,,
3.5294,1423.64493408577,246.472275932401,376.496026763616,,,,,
3.3339,1423.31865626125,245.872278457434,376.413875964813,,,,,
3.03145,1449.30904300814,252.477829383123,388.866840079051,,,,,
3.51695,1413.3998860055,249.783894807086,385.869920990854,,,,,
3.43545,1413.94225500385,249.828192677266,382.356664478624,,,,,
3.1415,1423.1081843187,242.020478996314,379.583409602303,,,,,
3.60685,1408.67048117322,247.922737312868,384.265286977385,,,,,
3.25915,1409.53188174134,249.952284040888,385.940216065039,,,,,
3.268,1409.70694761979,250.007469229731,387.069970665196,,,,,
3.73625,1417.492384647,245.551113706537,376.350211908063,,,,,
3.5077,1418.57302788996,249.588159039833,381.958154084991,,,,,
3.8634,1420.33570202858,241.268024032975,378.991634254489,,,,,
3.8509,1418.06424998587,242.72478302743,376.465549434364,,,,,
3.6518,1413.53722647956,249.766463048624,383.336528337725,,,,,
3.62375,1414.05810592408,243.697920426249,376.505253319396,,,,,
3.79435,1409.20487877339,250.072305018151,387.060549648094,,,,,
3.50265,1418.67632161042,242.592150632847,379.892828118306,,,,,
3.2976,1414.3800073133,248.542003743999,384.95944683717,,,,,
3.5825,1413.36160635688,243.594246154054,376.437324978056,,,,,
3.1132,1429.55086170646,250.68289658787,387.642908956161,,,,,
3.7672,1418.51237956205,245.877252642653,376.582063310997,,,,,
3.99255,1413.85672329807,249.577554697454,381.251912498481,,,,,
3.1146,1429.27472815316,250.648363501906,386.816901872533,,,,,
3.3471,1422.75845429248,237.766100240073,376.809304066784,,,,,
3.7763,1413.68796032746,248.490535418996,379.186323000598,,,,,
3.68335,1413.1893359686,248.884036703789,379.956035105721,,,,,
3.2236,1419.60402879637,239.177425317452,377.746477813039,,,,,
3.8297,1423.64496828936,244.530498048432,376.468375812904,,,,,
3.9049,1407.60896777572,242.806206065524,380.000200584872,,,,,
3.2479,1409.32132819375,249.889486452714,386.950797664305,,,,,
3.986,1418.62243576163,238.713584409478,376.455049148017,,,,,
3.9552,1413.98404841735,238.379516500717,376.607723345638,,,,,
3.70925,1412.17073362752,244.570144621412,381.260119211025,,,,,
3.0553,1441.36945030246,248.145165946402,378.015399629009,,,,,
3.15255,1417.2747559811,246.196418443554,382.58051819018,,,,,
3.72505,1417.50637769403,247.298377952149,377.257231569191,,,,,
3.9683,1413.83343484509,249.229564418742,385.906718412695,,,,,
3.50395,1418.63027690613,248.675396351595,385.153068957141,,,,,
3.55535,1412.87191468499,248.071919751194,384.481596143103,,,,,
3.21665,1414.7026290087,250.006243393257,387.112162704965,,,,,
3.6754,1418.25916090316,243.383623035637,376.455285755625,,,,,
3.632,1419.23953633737,248.305479029044,378.67821007813,,,,,
3.68445,1418.23087582354,246.048791507238,376.460881011377,,,,,
3.3421,1417.95073361528,249.748964110469,384.500344067475,,,,,
3.4718,1414.28995584884,243.32040386175,380.350499215291,,,,,
3.98755,1408.47059910832,243.910421895132,380.732104796622,,,,,
3.438,1418.80094145325,244.209200146344,376.561115432779,,,,,
3.60745,1408.69287406045,249.350055158973,386.07944966196,,,,,
3.12615,1418.84319030464,250.317959874085,382.422010778679,,,,,
3.1089,1434.86494328047,241.769453788408,377.16882528868,,,,,
3.2978,1414.38739625868,249.047250729664,385.588718974059,,,,,
3.39535,1418.10985525033,246.608744527791,376.525463543147,,,,,
3.4596,1414.33168536814,240.655725147044,376.606463768251,,,,,
3.7094,1412.17135280976,245.40667629434,381.918602963349,,,,,
3.51325,1413.27204191811,244.230778737076,381.041414916899,,,,,
3.163,1417.07301885166,246.826676200536,383.137441260428,,,,,
3.2146,1414.62515827481,246.662042858668,383.015072627272,,,,,
3.52235,1418.53240329534,237.763009801438,376.802228211246,,,,,
3.51845,1418.48423033485,248.557741727231,379.301211356614,,,,,
3.0563,1441.17811803501,246.216736423413,377.972580453714,,,,,
3.0255,1475.23877824344,246.570475982899,378.376995140976,,,,,
3.5327,1423.33950614685,237.768846921767,376.779085328158,,,,,
3.19055,1420.76267724936,244.145984562116,376.72718306265,,,,,
3.65745,1408.28482010709,243.208573731059,380.277520998209,,,,,
3.88385,1412.55240856697,240.162340824324,378.301174752315,,,,,
3.28755,1409.42987235096,249.14983573492,385.715285429423,,,,,
3.30725,1418.76940050901,245.729760513386,382.22956535182,,,,,
3.19565,1415.71918171097,250.112397603832,387.193378758347,,,,,
3.2958,1414.44719064795,239.265708508946,377.848362862498,,,,,
3.7631,1408.54756114426,249.961611989703,387.021327240011,,,,,
3.67045,1413.47739095465,249.826794298984,386.927906153464,,,,,
3.89675,1412.74931293121,249.638089047982,386.75193016874,,,,,
3.9056,1407.64318431941,246.69103546342,383.030660559997,,,,,
3.0817,1433.00788925557,251.166238255028,387.66412417859,,,,,
3.001,1734.6117801101,3.31405438796191,390.084551527755,,,,,
3.86615,1417.84254153146,249.809118492315,386.975034610648,,,,,
3.72395,1412.43244043424,249.803250902976,383.454364097844,,,,,
3.7135,1412.26671412128,249.825250228313,384.036180732939,,,,,
3.45665,1414.36884782485,248.422241333661,378.929830495484,,,,,
3.59835,1408.86039047398,250.017877888928,387.006340736415,,,,,
3.53375,1418.23311256469,243.454025317212,380.447777609399,,,,,
3.1043,1430.47391535407,250.885202127966,387.008328986937,,,,,
3.2187,1414.6795207397,249.926602600968,383.28063517984,,,,,
3.1354,1418.60016402837,250.598328755565,386.468898929659,,,,,
3.64025,1413.84150447752,249.831709204692,386.569341660669,,,,,
3.24135,1419.32630144599,245.679898837842,376.580824139767,,,,,
3.5231,1413.42544761542,241.498411669941,379.175801053651,,,,,
3.60675,1408.65789334716,247.561569536544,383.885208343962,,,,,
3.10785,1434.95581107611,245.329133539168,377.194859033946,,,,,
3.9938,1418.7594580664,246.35708397496,376.576938577496,,,,,
3.71405,1412.32246128827,249.431459176939,381.376414710482,,,,,
3.78425,1408.8729251514,249.905422408214,386.954779203622,,,,,
3.39505,1418.10985525033,247.373900714852,377.279381518538,,,,,
3.57425,1418.07818647193,238.956380572485,377.580623357727,,,,,
3.80295,1414.01868017857,248.645514409074,384.962603731863,,,,,
3.12885,1423.74560187575,244.062447089021,377.119349410361,,,,,
3.9906,1408.73798616936,250.044168408941,386.901513788756,,,,,
3.57215,1418.01523796223,243.611487419355,376.382622814139,,,,,
3.37315,1412.88257586284,249.697514617181,384.060722413679,,,,,
3.32475,1418.33829805461,243.386906372763,376.445575920233,,,,,
3.6303,1409.1477245547,249.92147204941,386.097224159169,,,,,
3.54525,1412.8244767214,248.677177587112,385.176817108102,,,,,
3.79245,1408.97843150291,248.103872470151,384.336014248537,,,,,
3.75365,1408.11763758399,249.891009742985,386.650636239381,,,,,
3.7676,1418.47577218624,245.135203064492,376.57443356084,,,,,
3.5304,1423.48373055697,244.911708081634,376.415475557005,,,,,
3.90805,1407.82605469662,249.849597868796,386.829604120529,,,,,
3.49,1419.03675686871,242.885086860926,376.657588590904,,,,,
3.83705,1418.32094504199,249.828250416486,384.779775113276,,,,,
3.3431,1422.94162257579,248.587219283307,379.405123916337,,,,,
3.21825,1414.64291815073,249.999978224632,385.043848248727,,,,,
3.5043,1418.63027690613,249.380250470038,386.120644783483,,,,,
3.92205,1413.45008163722,245.584227679162,376.533156618155,,,,,
3.17275,1421.58743266226,243.645644814418,380.618289065349,,,,,
3.0726,1434.27051867721,251.590892727537,388.193389477005,,,,,
3.41535,1413.20422738535,248.414931977512,379.119270051609,,,,,
3.5419,1422.87989804549,241.235554916746,376.367974089589,,,,,
3.75765,1413.26267520789,244.230199915113,376.489381200704,,,,,
3.329,1413.35713288948,249.33044638805,386.09771935347,,,,,
3.8688,1420.212320914,249.295794628267,381.057248557947,,,,,
3.63055,1409.15780151341,249.936445727579,385.55707874688,,,,,
3.1313,1418.62481876061,242.845353304475,380.159304378333,,,,,
3.9702,1413.82266821835,249.817704182914,386.674132999716,,,,,
3.10945,1434.86439258695,239.388210860969,377.163981022308,,,,,
3.3278,1413.28451677852,245.261237512096,381.855614640511,,,,,
3.7953,1409.17242842688,250.043503301804,386.193143616114,,,,,
3.4969,1414.07315281416,249.93704310114,384.296850414231,,,,,
3.289,1409.49942011781,249.932063331936,387.026885407936,,,,,
3.09875,1436.08774215734,241.264532787367,377.367711542354,,,,,
3.3144,1423.35288136944,243.488139053619,376.436532920621,,,,,
3.97205,1418.82624347375,249.101767423577,380.452852246589,,,,,
3.41995,1408.23731526612,241.407919462454,379.124944422662,,,,,
3.0346,1453.800330827,248.823295375393,378.318143812917,,,,,
3.77055,1413.41663189103,241.134864513742,378.925254545541,,,,,
3.43815,1418.80094145325,243.77379772819,376.55976984464,,,,,
3.30985,1418.61928576375,249.864400057554,386.918899928225,,,,,
3.6177,1408.92652862961,249.353348056391,386.023526059567,,,,,
3.5572,1413.02974513902,249.738630033225,386.872228720747,,,,,
3.079,1438.38322157259,239.563995232917,378.167636492476,,,,,
3.00315,1734.5473380886,17.8010262510288,380.788075683583,,,,,
3.7766,1413.72318356931,247.349325298212,377.436259998118,,,,,
3.5845,1413.44651664368,238.719325212723,377.453236321129,,,,,
3.69595,1422.82019566516,243.452428822247,376.358801925656,,,,,
3.8317,1423.57727667739,237.788467748802,376.697379151853,,,,,
3.90695,1407.85076994312,249.786019151672,386.78672137636,,,,,
3.1632,1417.07301885166,247.715301353287,383.958090383586,,,,,
3.48335,1414.07563869349,248.979646123701,385.353032953565,,,,,
3.91305,1413.04263357738,241.917101852832,376.474368837168,,,,,
3.62405,1414.0573477061,242.749098234969,376.505217996143,,,,,
3.9793,1413.67539693852,249.884910336323,387.000749770774,,,,,
3.92015,1408.4060457228,249.766911128084,382.35574784853,,,,,
3.37905,1407.79340254936,243.425668675032,380.455673798381,,,,,
3.66515,1418.47506602119,243.151537251845,376.427537514517,,,,,
3.9963,1418.6998283798,238.959712893427,376.559335390732,,,,,
3.49535,1414.10535790384,249.937074674454,387.0178493013,,,,,
3.08445,1432.60016872989,251.375925583768,385.073923850969,,,,,
3.6234,1414.0758680581,244.630259040218,376.506775752464,,,,,
3.91135,1413.05324597634,246.131000386326,376.472797850251,,,,,
3.1843,1415.8259481969,249.112269477608,385.512845887692,,,,,
3.7,1417.59807363745,248.746523758431,385.304082084874,,,,,
3.6524,1416.04289596174,248.930316292409,380.060510576996,,,,,
3.6026,1418.75102735324,245.160613847855,376.573238632213,,,,,
3.1026,1430.67387031495,250.857960317535,387.69879025165,,,,,
3.9341,1418.59238280242,240.108205428603,376.465617597684,,,,,
3.81645,1413.84556303416,249.929109989637,384.836289792277,,,,,
3.00305,1734.5473380886,15.0917506324173,381.274705830418,,,,,
3.39685,1417.93949075601,243.7805779942,376.463485835032,,,,,
3.7717,1408.41265659532,247.364080057728,383.713108762518,,,,,
3.27735,1409.37437633024,249.341289146234,385.967284828286,,,,,
3.16665,1417.11820884512,250.325023509764,385.415582197045,,,,,
3.36865,1412.73883663589,242.842320822133,379.992173736489,,,,,
3.40585,1417.90531715941,246.375536738812,376.545497035761,,,,,
3.4749,1414.27574385113,250.058126146976,386.973298831403,,,,,
3.5638,1417.97846993482,238.242429790306,377.165110389362,,,,,
3.82155,1418.83351949111,238.158287044426,377.130949260736,,,,,
3.74265,1407.66837541465,249.684106863845,386.864155275313,,,,,
3.73095,1412.38514896717,248.735737877935,385.291608721866,,,,,
3.73225,1412.54299687203,249.661357714419,386.831942141981,,,,,
3.0434,1442.60317323507,252.111850847753,384.796926415759,,,,,
3.1079,1434.95581107611,245.198124678419,377.193264090271,,,,,
3.3699,1412.79033586216,248.555004792123,385.028703618521,,,,,
3.3976,1417.94388747481,241.163629852124,376.461974256581,,,,,
3.16835,1427.13350649009,247.202556559119,377.064309452251,,,,,
3.55975,1418.11163616175,248.319764720792,378.933225348483,,,,,
3.55085,1417.9319730551,245.27482101457,376.411339762965,,,,,
3.75085,1407.91215901197,246.506523688935,382.856619029749,,,,,
3.66045,1408.54556540562,249.81405460984,386.855169034934,,,,,
3.8106,1418.90612916922,239.246534860927,376.639015999039,,,,,
3.76375,1408.51518520765,249.934136557341,386.814829497265,,,,,
3.66105,1408.53489844659,249.790482722424,386.339385555188,,,,,
3.1691,1426.94604598023,246.097123765705,376.827779487233,,,,,
3.24745,1409.37251192431,249.905392502242,387.048582895387,,,,,
3.55815,1412.99950211714,249.713393657043,385.929607764389,,,,,
3.2618,1414.60437546597,245.952684899565,376.571459476282,,,,,
3.64945,1413.60879064186,249.822143314126,386.97897165365,,,,,
3.98675,1418.52927444885,239.016431098359,377.589619453945,,,,,
3.77995,1413.78098036873,237.918347483596,376.595136208892,,,,,
3.1836,1415.82534791458,246.545302579659,382.876525071633,,,,,
3.71555,1417.34974631502,245.8546819151,376.407036506161,,,,,
3.90675,1407.81918718737,249.660236842111,386.53678972434,,,,,
3.26,1409.59221525864,249.873542058441,383.018691538868,,,,,
3.9615,1414.12839842436,249.726204187988,381.860570894748,,,,,
3.57095,1418.0706158198,246.033084219421,376.39974302197,,,,,
3.98215,1413.66513424392,249.554692047168,381.689918594101,,,,,
3.2202,1419.74173392842,246.443698414946,376.597950199578,,,,,
3.84265,1418.02249040476,240.511771435064,378.529446977906,,,,,
3.0321,1449.14283461017,252.460153373227,388.176528826386,,,,,
3.49205,1413.95615559234,240.973998892844,378.837103908737,,,,,
3.38215,1408.01525523205,249.741196023925,386.750676863722,,,,,
3.4149,1413.20422738535,249.469529751691,381.841952920714,,,,,
3.60005,1408.85725874234,250.009421143081,384.179821500998,,,,,
3.0929,1426.69713913048,251.119983068047,387.991306408278,,,,,
3.0915,1426.7483845714,250.083295003652,386.313697714405,,,,,
3.7764,1413.68796032746,248.102775192881,378.527500256678,,,,,
3.75045,1407.87147533631,244.372317693134,381.124440756454,,,,,
3.32955,1413.42250510172,249.751977223811,386.874464878812,,,,,
3.02025,1492.97106615462,252.703629469345,389.220528221732,,,,,
3.25695,1409.49602828541,249.689112284286,386.496136060365,,,,,
3.15585,1417.26456432754,250.35911326158,386.596239050775,,,,,
3.172,1426.7109937517,239.217174607104,377.81137893052,,,,,
3.39315,1413.02352627072,249.932886622951,386.011678300578,,,,,
3.41875,1413.3346901534,238.770985029607,376.493658213773,,,,,
3.98425,1418.62928633932,244.822033411284,376.454648763008,,,,,
3.55,1418.00645000687,246.500750863511,376.507116294964,,,,,
3.58765,1408.55876295671,250.035199962037,387.07829519025,,,,,
3.6999,1417.59807363745,248.50717682549,384.997202496346,,,,,
3.282,1414.51598026069,246.486897320541,376.608995125951,,,,,
3.3519,1412.71087336497,249.894326332538,385.982557798181,,,,,
3.6531,1418.59674940839,246.602723108754,376.591476643914,,,,,
3.7612,1408.27195112782,246.687597523932,382.973824599548,,,,,
3.081,1433.03569956497,249.853108251687,385.849018551136,,,,,
3.4437,1408.90499498532,250.027145758922,387.034150735487,,,,,
3.4037,1412.9415319805,249.889445053993,385.385351573764,,,,,
3.0459,1442.24823946331,246.849620913153,378.203157210851,,,,,
3.4487,1414.00131547892,243.030957088663,376.660758521808,,,,,
3.86965,1422.64737507182,246.606236751384,376.555634484899,,,,,
3.52015,1418.48174325766,244.863892576294,376.465480848357,,,,,
3.7924,1408.97076138591,247.92235746074,384.146132639354,,,,,
3.7646,1408.53496573165,249.936151721737,385.578905834392,,,,,
3.67155,1413.37311705651,249.792227639372,386.010245119378,,,,,
3.661,1408.53489844659,249.790776235557,386.406367063502,,,,,
3.491,1419.06790124517,238.858804692827,376.664320994992,,,,,
3.8277,1418.91276899288,249.102168024442,380.234727427986,,,,,
3.5175,1413.41690441475,249.806896731186,384.284034938724,,,,,
3.0866,1437.33333260299,247.198676761687,377.63287217969,,,,,
3.8985,1412.69448951125,249.650445596217,385.815954408398,,,,,
3.05175,1436.66746601849,251.855653428913,388.547316915591,,,,,
3.7389,1417.50422921282,237.576150062172,376.62856468268,,,,,
3.0491,1436.93377661574,245.844164194443,382.329880076694,,,,,
3.84495,1413.11038279119,249.601704230581,386.604224138509,,,,,
3.2132,1424.76261783447,238.642567687129,377.44832526275,,,,,
3.3108,1418.55980215164,249.857982959716,385.689918437525,,,,,
3.48465,1414.15737112934,250.103433497233,387.150442718705,,,,,
3.9234,1413.44278990595,241.836907419344,376.533616427174,,,,,
3.12205,1418.79455183855,248.408679860992,384.596396905677,,,,,
3.16455,1417.16601747507,250.293765631753,387.288915319954,,,,,
3.52005,1418.48174325766,245.078654056207,376.466307537383,,,,,
3.04125,1442.98644481889,252.204036387065,388.744115968238,,,,,
3.54245,1422.88206493642,238.940553523325,376.368640150598,,,,,
3.7376,1417.43657351618,242.068036642512,376.338934745353,,,,,
3.1962,1415.72076682685,250.11426186919,387.168002625326,,,,,
3.79595,1409.22243588083,250.071046699713,384.416820330431,,,,,
3.0863,1437.43089723185,247.649289379057,377.647324658298,,,,,
3.86575,1417.82407899383,249.743229759829,386.818774767491,,,,,
3.8017,1414.02076516415,242.639277420911,379.866945993409,,,,,
3.53245,1423.37500367868,237.809219898514,376.453653102426,,,,,
3.03755,1448.33735704658,240.078615566487,378.377839928217,,,,,
3.88505,1412.56082390851,246.851573069769,383.238424272805,,,,,
3.082,1433.00552091725,251.342801094058,388.017873575281,,,,,
3.275,1419.47319456687,238.341393151077,377.226521455423,,,,,
3.48495,1414.11835056529,250.094557919444,387.101506223428,,,,,
3.05985,1430.63168732491,248.06597726719,384.086370088846,,,,,
3.7885,1414.01063473777,244.381141973746,376.504226148027,,,,,
3.57305,1418.01571725524,240.413527381677,376.383510518618,,,,,
3.74045,1407.42658483169,245.808315111736,382.304114836969,,,,,
3.4147,1408.18267542282,249.655655724101,382.867721501682,,,,,
3.5013,1423.79171171784,238.662583851936,376.531240862723,,,,,
3.817,1413.88505897191,249.748686858367,382.499834297203,,,,,
3.44645,1414.01713773215,248.049697592671,378.215969935663,,,,,
3.61985,1408.98577450589,249.868185476004,386.345098961312,,,,,
3.17605,1421.40385160128,250.213253394783,386.989702679707,,,,,
3.65155,1413.51783841557,249.82040175365,384.364098218398,,,,,
3.89305,1417.6673623701,239.089327816786,376.346181830281,,,,,
3.3038,1424.01312033478,244.362949795328,376.551941323754,,,,,
3.38615,1418.10631364189,244.617616253678,376.401635053127,,,,,
3.3019,1424.3262261094,248.616409289097,379.264750899419,,,,,
3.3899,1412.97207886892,246.562549135077,382.877561707245,,,,,
3.33765,1418.09156620598,242.528374778368,379.800669643602,,,,,
3.0869,1437.24279377098,246.634177862775,377.620137663476,,,,,
3.0711,1434.41317245024,251.026739508416,387.244789266982,,,,,
3.22755,1414.58725550185,250.020559383414,386.873494008429,,,,,
3.42525,1408.59792873729,249.502228865551,381.663829191228,,,,,
3.66345,1418.66680826154,246.528542745213,376.524758757465,,,,,
3.92715,1408.53736843528,249.350658968449,386.057564819925,,,,,
3.9574,1408.8785127515,247.833359721694,384.039492206973,,,,,
3.89445,1412.59578398542,241.84020088104,379.332312078604,,,,,
3.246,1409.22076208591,248.349642384766,384.732297370684,,,,,
3.3951,1418.10985525033,247.213204822042,377.085580710084,,,,,
3.24585,1409.22076208591,247.85235181793,384.186612086631,,,,,
3.53715,1418.16885265405,249.740726404139,386.488274218338,,,,,
3.8604,1422.9986584654,244.958404607612,376.430606899412,,,,,
3.1613,1422.24529828632,238.267858827594,377.069162940518,,,,,
3.7488,1412.96957949317,238.559518957753,376.396215796399,,,,,
3.24995,1414.43489576228,249.52867910979,381.622265826386,,,,,
3.84705,1413.05600986095,249.729573339507,385.634883870011,,,,,
3.90585,1407.68490826674,247.730269617085,384.037178753292,,,,,
3.178,1426.29800472008,249.371068529324,380.414999839059,,,,,
3.7359,1417.492384647,246.048876451922,376.35797616715,,,,,
3.4653,1409.46741256851,249.94716969151,386.179812204535,,,,,
3.97985,1413.65070802714,249.915307748941,387.064032649884,,,,,
3.44565,1408.97968192302,249.913433412793,382.907280804794,,,,,
3.05295,1436.49237239393,251.832728268719,387.299938670612,,,,,
3.71905,1412.24261217311,241.550608437929,379.116721635718,,,,,
3.9892,1408.59437361332,249.810693853605,386.551457856149,,,,,
3.8064,1413.99424378843,250.009605837005,383.827654330692,,,,,
3.57265,1418.01300939424,241.969867699575,376.381482940454,,,,,
3.47035,1419.38083008311,238.795369311989,376.536864857052,,,,,
3.09235,1426.75393146308,251.078275089342,387.900189346507,,,,,
3.2595,1409.54550283704,249.975423054177,385.01616313252,,,,,
3.6306,1409.16149203473,249.940143456789,385.428138992967,,,,,
3.71545,1417.37367803779,245.997983145802,376.408989168796,,,,,
3.3184,1413.22902985337,248.821948631603,385.352977717407,,,,,
3.32345,1418.4313295812,246.126553218693,376.459922406704,,,,,
3.6168,1408.85174137701,246.567750853642,382.943642390379,,,,,
3.602,1418.79200922277,246.206654292536,376.587054475375,,,,,
3.80825,1418.98617047686,246.261258589348,376.654981418613,,,,,
3.0843,1432.61663522989,251.390092887334,385.645657303535,,,,,
3.7806,1413.73090725825,239.673418193533,378.064223809125,,,,,
3.0874,1437.24279377098,245.393942393238,377.601786466832,,,,,
3.1455,1422.80414814352,250.472829459707,386.769722728852,,,,,
3.5872,1408.49515543596,249.927566373916,386.833782552896,,,,,
3.79665,1414.28759265053,249.500291922215,381.004501234477,,,,,
3.34215,1417.95073361528,249.747437306422,384.321280943447,,,,,
3.71045,1412.2110082556,249.187122704883,385.785494131576,,,,,
3.3837,1408.13529110348,249.686910395234,383.117907968814,,,,,
3.37685,1417.82364525591,241.404656057395,376.38252320319,,,,,
3.8455,1413.11929088369,249.757545813638,386.946197292566,,,,,
3.64105,1413.80613592595,249.859685869979,384.987647459017,,,,,
3.69005,1413.03878022915,249.41327307229,386.2525736656,,,,,
3.09895,1436.08285872826,240.406311505379,377.365070421593,,,,,
3.81345,1413.82487737089,249.01305821249,385.54975563972,,,,,
3.25485,1409.37373381076,240.978190238259,378.844296677025,,,,,
3.10285,1430.66825530828,250.914621342652,387.831599918446,,,,,
3.0523,1436.63021333116,251.827829338989,388.273809689624,,,,,
3.05515,1441.36945030246,248.330736836537,378.023570420448,,,,,
3.4136,1408.06934223709,249.726816394117,386.245713057834,,,,,
3.9757,1418.72923904583,238.612458080809,376.525623572735,,,,,
3.9248,1413.47492590723,238.642575615517,377.37557223594,,,,,
3.9746,1418.69904984717,242.975557445438,376.521006825631,,,,,
3.65675,1418.34924620306,239.051685052761,377.630614537516,,,,,
3.5037,1418.6311911567,247.913716339047,384.280107567696,,,,,
3.17575,1421.42863011643,250.22903109724,387.178694785226,,,,,
3.90545,1407.61956121091,245.96298485499,382.391639931397,,,,,
3.5788,1408.23514149051,249.751352415293,385.901508920496,,,,,
3.8041,1414.13031621845,250.030870200392,387.066474804676,,,,,
3.9446,1413.79469545949,239.353045386197,376.490837315638,,,,,
3.6811,1413.18459991751,249.796159841424,386.838217908943,,,,,
3.41895,1413.34262117264,237.97515832471,376.52113998025,,,,,
3.9812,1413.62151682384,249.897844360911,385.596055012053,,,,,
3.28245,1414.5105027098,245.901433141859,376.598583149304,,,,,
3.9121,1413.01768079688,244.812006834466,376.46837467358,,,,,
3.74135,1407.49888871473,248.942023362033,385.587234167064,,,,,
3.9694,1413.93508648949,249.853594929245,387.027051179913,,,,,
3.99245,1413.8359385237,249.735930890638,381.819400412068,,,,,
3.8469,1413.05600986095,249.720959900553,385.952360942256,,,,,
3.18795,1415.82806250222,249.964094923778,382.472448905084,,,,,
3.9062,1407.68490826674,248.799578481966,385.25512730038,,,,,
3.4238,1408.50606826661,249.824737891281,386.494096969433,,,,,
3.55135,1417.9319730551,244.150980395952,376.406736058983,,,,,
3.3192,1413.32783271716,249.755196848037,386.850583592518,,,,,
3.28275,1414.45495601597,245.38150596058,376.594070021006,,,,,
3.34795,1412.63644857235,242.565630932163,379.823950530475,,,,,
3.79425,1409.20487877339,250.076452315089,387.085027103661,,,,,
3.2657,1409.4982822726,244.231277121805,380.997072604578,,,,,
3.90475,1412.63085892428,241.873822455497,379.374405466221,,,,,
3.13965,1428.24230916601,242.250677347773,377.036025466424,,,,,
3.2599,1409.59221525864,249.924607820334,383.484499230587,,,,,
3.7913,1414.0080464271,242.082167902238,379.500749178965,,,,,
3.10395,1430.47391535407,250.88744113672,387.477273983151,,,,,
3.91265,1413.03159760496,243.307879255785,376.470353136953,,,,,
3.8647,1417.74286661161,248.011888534292,384.384405525848,,,,,
3.5867,1408.46033389142,249.388481143271,385.925326003345,,,,,
3.48685,1414.1162210501,250.01062860906,383.19842430703,,,,,
3.42365,1408.49666060609,249.828362956255,386.662626828657,,,,,
3.97575,1418.73955543625,238.392881414444,376.5265578185,,,,,
3.52025,1418.48174325766,244.633633876936,376.464789096487,,,,,
3.2384,1414.39221123853,249.93339996243,386.13989013521,,,,,
3.69685,1422.78556282456,240.186195510768,376.348854169641,,,,,
3.61465,1413.91473029366,239.049933475989,376.511128855844,,,,,
3.21395,1414.62253311818,243.084669197418,380.229488379882,,,,,
3.6158,1411.34020350296,240.8825601274,378.781985521024,,,,,
3.7891,1414.0063403188,242.581457104717,376.504998111041,,,,,
3.39215,1413.07185973667,249.959011852138,386.979009012358,,,,,
3.27645,1409.33766391987,246.482033696674,382.838112894165,,,,,
3.2354,1414.33443492709,247.385161178248,383.655297767349,,,,,
3.18035,1426.06131083142,243.793214849837,376.731625277462,,,,,
3.6371,1413.88022952986,244.852340602795,381.487550374867,,,,,
3.33215,1413.46303877132,249.70538242648,383.064558008595,,,,,
3.84565,1413.1092525938,249.758324618543,386.94439833131,,,,,
3.19345,1415.62160202779,243.986100313809,380.879657666598,,,,,
3.90835,1407.82605469662,249.83501286737,386.606414123153,,,,,
3.67425,1418.33823402728,245.940484961509,376.47322568503,,,,,
3.0989,1436.08285872826,240.623223072152,377.365628957524,,,,,
3.2792,1409.43069071516,249.900067316428,386.716015957727,,,,,
3.77125,1408.36415511218,245.231890823867,381.823286716121,,,,,
3.11255,1429.53984064792,250.367470101424,387.01290909138,,,,,
3.1876,1415.80546749239,250.161154564419,384.110773703487,,,,,
3.44785,1413.99290426116,245.331656222362,376.661308257949,,,,,
3.9295,1408.69143463041,249.792357080793,385.778954932508,,,,,
3.65115,1413.51063415939,249.805172762956,385.586586327948,,,,,
3.6798,1413.24311355838,249.542436147501,386.40360235454,,,,,
3.35925,1412.69268284089,247.721605417392,383.962129453339,,,,,
3.55125,1417.9319730551,244.406644723901,376.407389294773,,,,,
3.7394,1414.99265087284,239.724682677867,378.027687651475,,,,,
3.24195,1419.25425177195,244.385295308034,376.571030530195,,,,,
3.18155,1425.99082624228,239.164491541267,376.719436663327,,,,,
3.3191,1413.32783271716,249.715464255077,386.763727505451,,,,,
3.72895,1417.36487134895,238.985845045882,377.547543339909,,,,,
3.00145,1734.60172367379,5.28963961019186,389.273176614428,,,,,
3.03775,1448.25662822473,240.32467305308,378.72441755218,,,,,
3.31815,1413.22446681296,248.138409112057,384.529938776541,,,,,
3.8931,1417.6673623701,238.874808145206,376.347024462255,,,,,
3.49015,1419.03675686871,242.351887047614,376.657294681404,,,,,
3.4311,1408.63821913313,246.371691189191,382.689584500685,,,,,
3.0183,1493.99338427811,244.582314776809,383.645864495047,,,,,
3.99485,1418.70051180621,244.326441506554,376.55768523238,,,,,
3.2439,1419.28211363977,237.879673947562,376.861959746042,,,,,
3.28795,1409.49365692462,249.707749695175,386.587842197028,,,,,
3.2026,1425.3559713955,237.960505530873,376.886384707286,,,,,
3.9194,1408.32617950224,249.956006677885,385.33921178011,,,,,
3.53395,1418.22173856534,244.60803602278,381.305553655838,,,,,
3.93075,1413.81405108405,249.186568727702,380.696489544473,,,,,
3.8388,1423.22659965027,246.505430369179,376.516405938044,,,,,
3.25305,1414.42512457226,241.787912414311,376.555225784105,,,,,
3.456,1409.28168560409,249.819261656105,382.772704606142,,,,,
3.32045,1413.30226932315,249.773528907521,386.649927251326,,,,,
3.28815,1409.49365692462,249.842841319426,386.851669200869,,,,,
3.468,1419.4622414139,246.011457606134,376.554772643655,,,,,
3.38535,1418.19483728517,246.031831416997,376.416295502681,,,,,
3.1107,1429.67763578851,243.031563793026,380.255784025279,,,,,
3.42615,1413.72815356574,246.756716452018,376.720302483856,,,,,
3.62195,1414.16400016367,247.260924419384,377.244749114468,,,,,
3.4073,1417.84729167375,243.369962310199,376.524105732728,,,,,
3.38745,1418.08102443489,240.316450014488,376.397799045139,,,,,
3.6364,1416.47333822362,240.728674892343,378.642695557831,,,,,
3.7598,1413.30035781403,238.771507808776,377.447674825014,,,,,
3.3642,1417.93092812904,247.051885038543,376.928446630893,,,,,
3.6377,1413.87405412733,247.677337204962,383.982758252058,,,,,
3.83145,1423.59510783821,238.138957762742,376.469565725894,,,,,
3.873,1422.52500232274,237.672686165648,376.683089750303,,,,,
3.1916,1420.75130965684,240.323204010575,376.725424666443,,,,,
3.7881,1414.01373341845,245.277865662164,376.506337794589,,,,,
3.7392,1417.50422921282,238.588105324354,377.359057250435,,,,,
3.1218,1418.79383252351,247.360300364485,383.591806943108,,,,,
3.38505,1418.19483728517,246.389784585138,376.445000339272,,,,,
3.0907,1426.77066088232,247.045383535026,383.258528300272,,,,,
3.23165,1419.4766508237,244.414322551506,376.583055376732,,,,,
3.374,1417.94382380342,248.682760221233,379.664860898098,,,,,
3.4305,1408.62502214389,242.975762699768,380.090590615315,,,,,
3.12805,1423.79760955634,246.079533449428,377.130619388461,,,,,
3.83095,1423.59367736166,240.270069573748,376.453994280327,,,,,
3.4062,1417.90531715941,245.908040140686,376.536988486184,,,,,
3.55225,1417.91895647563,241.15712805074,376.406966749598,,,,,
3.45265,1409.10317255633,249.341719346268,385.985808131674,,,,,
3.8175,1418.90525648821,248.759861018549,379.56402565938,,,,,
3.43655,1418.95216042384,246.80316407018,376.678930788961,,,,,
3.9349,1418.62451307629,237.806968853632,376.835639349051,,,,,
3.7943,1409.20487877339,250.074475231073,387.073743786108,,,,,
3.30795,1418.72373409484,248.546306988345,384.982550931454,,,,,
3.48695,1414.1162210501,249.943024086193,382.71199814593,,,,,
3.36775,1417.79008277725,237.959403072753,376.909883071893,,,,,
3.8585,1418.15590803482,249.283624155577,381.035740634514,,,,,
3.829,1423.7190212705,245.911122352271,376.486430107866,,,,,
3.26505,1414.56066190974,240.342535054471,378.408073837698,,,,,
3.35375,1417.84379657407,247.497752626454,377.463305151886,,,,,
3.71465,1417.37256918351,247.600489377406,377.666189344098,,,,,
3.862,1422.89283928295,239.674414611269,376.413309358558,,,,,
3.1502,1427.44166074784,241.200525852908,376.907733787272,,,,,
3.03115,1449.34615305091,252.493045064582,388.982002689263,,,,,
3.1094,1434.86494328047,239.611626910274,377.164058825723,,,,,
3.8111,1418.94163939041,237.930580796641,376.90099265149,,,,,
3.60705,1408.67048117322,248.536055698043,384.967240139079,,,,,
3.89895,1412.70790905039,249.677940484363,384.63065478684,,,,,
3.7823,1408.70723536631,248.457573315255,384.86828567651,,,,,
3.5869,1408.49515543596,249.678135276509,386.374987317269,,,,,
3.0275,1454.87521112604,240.557448212688,378.997482094889,,,,,
3.11195,1429.54453839386,249.172584513933,385.385066473974,,,,,
3.948,1408.84210639383,249.859665889931,386.664425136516,,,,,
3.0324,1449.13481813761,252.476784635966,387.541687200521,,,,,
3.5807,1413.39920508827,247.142494436289,377.164334959899,,,,,
3.68385,1418.23923874908,247.09684411545,377.085891955959,,,,,
3.9591,1409.10596558749,250.04523309255,387.065293238251,,,,,
3.343,1422.94162257579,248.885401434553,380.04406126476,,,,,
3.31605,1423.33414661711,237.683010179949,376.68027156247,,,,,
3.1809,1425.98934052695,241.876401780495,376.722540027738,,,,,
3.80205,1414.00660840663,244.697126783822,381.338419912814,,,,,
3.6392,1413.97195499132,249.867580956106,386.985979029369,,,,,
3.042,1442.75242011609,252.168971687084,388.42493579013,,,,,
3.00075,1734.62462349581,2.17279126745634,390.34263402356,,,,,
3.49655,1414.05496644644,249.93203146511,385.440004181666,,,,,
3.33235,1413.46303877132,249.54309684835,382.057636881104,,,,,
3.5624,1417.98068581643,241.787469439404,376.394969359862,,,,,
3.5551,1412.87191468499,247.161373870588,383.533119003729,,,,,
3.53955,1423.10232593117,246.818827957967,376.776238697009,,,,,
3.30005,1414.36535132882,249.927568013571,386.557381600004,,,,,
3.1642,1417.11306599676,250.099875087912,386.89739131863,,,,,
3.20935,1425.02208570997,247.660628947616,377.714683419663,,,,,
3.82875,1423.73037880455,246.253777508568,376.495117600774,,,,,
3.0272,1459.92961095512,240.089538665535,378.433475734335,,,,,
3.28495,1414.5176179819,237.99159144161,376.659177848449,,,,,
3.0859,1437.43089723185,248.175591113428,377.764711712707,,,,,
3.0744,1434.01403550779,251.479307502228,384.073529325078,,,,,
3.55965,1418.08835232826,248.663339886006,379.586975397677,,,,,
3.50905,1423.4708149458,246.17445138637,376.460459962274,,,,,
3.3111,1418.55716552081,249.876345502388,384.834637176277,,,,,
3.31355,1423.42130705491,245.516896099549,376.454221045027,,,,,
3.0692,1434.71500368586,242.366482750704,379.902831837221,,,,,
3.39495,1418.10985525033,247.725085677314,377.745781678316,,,,,
3.1376,1428.511575208,247.161457777345,377.098296203359,,,,,
3.6688,1413.38160570638,248.199932646041,384.547401236864,,,,,
3.47245,1414.28541508887,246.88986013077,383.163167727734,,,,,
3.7466,1412.86009474828,245.535607196987,376.376539453432,,,,,
3.11815,1429.01198547843,245.232816516602,377.106709603798,,,,,
3.04685,1442.15932384908,243.785110148591,378.180363813365,,,,,
3.1091,1434.86494328047,240.928916143781,377.166128508923,,,,,
3.25505,1409.37373381076,242.190289320465,379.622218124661,,,,,
3.19545,1415.67911430547,250.070124758478,387.093307667026,,,,,
3.20385,1420.18537987707,244.369248504665,381.164834036397,,,,,
3.3402,1418.13547753627,249.756178591893,386.918200924915,,,,,
3.6827,1413.17493237017,249.766039808805,383.463969984803,,,,,
3.7023,1417.54314118843,249.64821994947,386.240336056704,,,,,
3.77345,1408.59996907453,249.832927820369,387.003005985047,,,,,
3.0673,1439.99256391837,243.88570252594,377.756371797538,,,,,
3.52395,1413.43200114646,246.302108165101,382.739630514539,,,,,
3.10695,1435.10432878811,247.068043533979,377.230064059968,,,,,
3.68465,1418.16969792526,245.761119518044,376.455844179238,,,,,
3.0436,1442.56908636022,251.946980431599,383.790507915158,,,,,
3.02415,1490.61794451324,249.219026639112,378.523343250115,,,,,
3.13205,1418.57720579089,247.063892772455,383.328365744934,,,,,
3.3738,1415.45674361944,249.171281486328,380.888970077882,,,,,
3.73495,1417.56749809639,248.640866308088,379.642470723849,,,,,
3.34905,1412.65687830387,248.152354052339,384.453522700496,,,,,
3.04655,1442.21412239775,244.901676226822,378.186229083634,,,,,
3.9455,1413.81732267537,239.03819932277,377.648582061173,,,,,
3.10605,1435.30764896921,249.192692413026,379.330790959684,,,,,
3.882,1417.60384633867,242.13305862237,376.393573771257,,,,,
3.8158,1413.84112546351,249.895437918379,386.380424452673,,,,,
3.12315,1418.87292317383,250.535457700115,387.406162393717,,,,,
3.3777,1417.88476912332,237.885960158242,376.415951521111,,,,,
3.56625,1412.98366495325,249.326488570229,386.1417342842,,,,,
3.50695,1418.5465098289,249.86695549436,385.151300961002,,,,,
3.29235,1414.62136979961,246.46106778896,376.656188933616,,,,,
3.7342,1412.4989155961,249.633077165629,383.638274554001,,,,,
3.85545,1413.08178266401,249.755476767581,386.871625423554,,,,,
3.0035,1734.47335205874,29.8999688705207,379.933639824657,,,,,
3.56875,1413.08114974111,249.711305536016,385.246738698112,,,,,
3.7166,1417.29641108279,243.527791334449,376.396727443132,,,,,
3.30015,1414.36535132882,249.927560472142,386.416561064213,,,,,
3.07065,1434.45349958464,249.962373083473,385.887384273834,,,,,
3.8381,1423.30484400849,248.752181645874,379.621931503272,,,,,
3.85415,1412.98685050038,247.139740473866,383.528460076504,,,,,
3.8907,1417.71221706037,245.927723864153,376.35917644036,,,,,
3.1063,1435.30764896921,248.255410583353,377.994913727951,,,,,
3.25395,1414.50313972634,238.105294396448,376.594161161117,,,,,
3.11225,1429.54453839386,249.913619028822,386.318810307877,,,,,
3.6039,1418.69539200229,241.090759141126,376.561360137543,,,,,
3.7308,1412.38084961188,248.366624680477,384.822299571459,,,,,
3.84335,1412.98302515702,244.671343363629,381.387785202344,,,,,
3.333,1423.480623533,247.807651923502,378.066793750842,,,,,
3.86855,1417.7012764814,249.631674536122,382.441714304555,,,,,
3.65815,1408.30640815798,246.923272829984,383.25731569163,,,,,
3.87165,1422.4890116773,242.278818066637,376.357336198321,,,,,
3.3241,1418.35516116061,245.064930318909,376.449515786535,,,,,
3.74925,1412.96957949317,237.700351971532,376.749424096746,,,,,
3.1162,1429.17269654908,249.594394448807,380.289592167665,,,,,
3.9451,1413.84221028757,237.774113030554,376.688218435012,,,,,
3.8045,1414.09948891342,250.040029498378,387.078688546051,,,,,
3.2213,1419.65272759785,244.469641321615,376.577262785798,,,,,
3.4883,1419.17815093168,246.609669698203,376.68405466744,,,,,
3.80135,1419.1011629306,240.540369598185,378.52123058948,,,,,
3.99785,1413.61882412055,243.802914690738,380.650497870394,,,,,
3.1596,1422.23737076642,244.411888435937,376.897778885326,,,,,
3.90385,1417.70784152945,237.565542649256,376.540994766909,,,,,
3.8675,1417.70507558484,249.77215823875,386.04770134185,,,,,
3.0334,1449.00838651462,252.08142662846,383.380490026549,,,,,
3.18865,1420.87672753807,248.114262392484,378.230779298868,,,,,
3.0659,1440.15217703067,247.532004510319,377.810337831877,,,,,
3.3571,1417.79914551432,238.036575735202,376.497189131365,,,,,
3.50485,1418.72019983289,249.829506280164,386.93613198331,,,,,
3.5424,1422.87989804549,239.158224683589,376.368256889748,,,,,
3.1544,1417.35440077257,250.388159292236,387.402112435581,,,,,
3.21775,1414.64337751809,249.969908633092,386.258657192297,,,,,
3.87755,1412.542753057,249.704651322483,386.368481710144,,,,,
3.45895,1414.30946686946,243.062522107646,376.601838660908,,,,,
3.38705,1418.07880771148,241.896328790819,376.396150464909,,,,,
3.05895,1430.72315628244,242.9148420439,380.334679329959,,,,,
3.8401,1423.12146021706,244.23250054047,376.446622842381,,,,,
3.61435,1413.86493556665,240.328695359316,376.505531459846,,,,,
3.94865,1408.88520447745,250.071026116853,387.112423373178,,,,,
3.4223,1408.41066392905,249.799623689712,386.885648943012,,,,,
3.78305,1408.82571983955,249.751325261506,386.705519269826,,,,,
3.51395,1413.30787223987,247.630564058763,383.981544784056,,,,,
3.6582,1408.30640815798,247.136754860966,383.460380940094,,,,,
3.9797,1413.67817557937,249.918837776149,387.081991504707,,,,,
3.09115,1426.75238170997,249.031425034251,385.103651462612,,,,,
3.76855,1418.43773911882,242.413098603625,376.565270079101,,,,,
3.50865,1423.51140880778,246.777661853471,376.724223702083,,,,,
3.17815,1426.29800472008,248.899377899229,379.449598896533,,,,,
3.19365,1415.60919959782,245.126024522835,381.733472505922,,,,,
3.59825,1408.86039047398,250.021581687064,387.026749026654,,,,,
3.5117,1423.37667019954,238.205354869329,376.435264035805,,,,,
3.37645,1417.82439434938,242.837265230823,376.382138666967,,,,,
3.0301,1449.42631609731,252.23824249226,388.484648864128,,,,,
3.666,1418.4699866817,239.950098269267,376.426940111913,,,,,
3.59295,1413.64611221657,243.416582120743,376.547838040631,,,,,
3.6468,1416.06086153719,241.184882121514,378.962489860157,,,,,
3.39425,1413.04967448856,249.696225709809,382.014554793865,,,,,
3.06935,1434.71500368586,243.292000652484,380.487154847693,,,,,
3.81225,1413.81245440616,243.92960247683,380.838178014474,,,,,
3.5741,1418.07818647193,238.173011535215,377.115946234887,,,,,
3.45065,1414.03869607525,240.115336656222,378.329161981257,,,,,
3.5956,1408.60499087391,243.555229693918,380.45796325957,,,,,
3.2274,1414.60891999777,250.028540529598,386.969694917198,,,,,
3.32545,1418.3402248324,240.851529188505,376.447947854653,,,,,
3.9217,1413.46427318698,246.134710348852,376.537474735556,,,,,
3.5139,1413.30787223987,247.439780962309,383.787092551375,,,,,
3.88885,1412.73620925326,249.689835990825,383.889614851333,,,,,
3.8603,1422.9986584654,245.163170226016,376.432937237884,,,,,
3.11235,1429.54453839386,250.094212041202,386.578528434423,,,,,
3.1425,1422.99743756449,247.55912335144,383.774109097235,,,,,
3.3511,1412.71605758574,249.909998631608,386.880795992901,,,,,
3.13545,1418.59767899798,250.601542604296,386.358419238442,,,,,
3.35,1412.76265574032,249.821330556883,386.766520092787,,,,,
3.159,1422.26025215873,245.846719480893,376.905830948496,,,,,
3.9581,1408.95279891161,249.590122377587,386.204287946829,,,,,
3.6844,1418.23923874908,246.114048016493,376.46228840209,,,,,
3.50125,1423.79171171784,238.88098918248,376.530800949068,,,,,
3.86635,1417.84254153146,249.807773947977,386.964477406153,,,,,
3.7995,1419.09310668462,242.477359719354,376.588003966893,,,,,
3.30475,1423.95337619132,241.212133925814,376.533008252942,,,,,
3.02095,1492.29119159504,252.712421210289,389.192677481766,,,,,
3.4105,1407.83448865978,246.202554984464,382.647891514434,,,,,
3.7049,1422.38688145858,246.134209555157,376.339847923103,,,,,
3.6378,1413.87555366383,248.0314096548,384.357857553626,,,,,
3.36935,1412.73585704674,246.612027902442,382.972409509916,,,,,
3.6022,1418.79200922277,245.909172205093,376.581716387289,,,,,
3.73955,1412.45667874127,240.609727981496,378.569211053025,,,,,
3.67565,1418.24255199008,242.558088574417,376.453794813361,,,,,
3.5044,1418.63369671857,249.513354922454,386.334774038893,,,,,
3.58775,1408.56268268611,250.037340226723,387.082497908112,,,,,
3.2888,1409.50428067212,249.939194964185,387.06618044206,,,,,
3.6038,1418.69539200229,241.487757731149,376.56132695846,,,,,
3.53055,1423.45150284964,244.572760895453,376.412223519275,,,,,
3.90245,1417.63723305558,242.697079813414,376.342903631951,,,,,
3.56415,1417.97846993482,240.182324748452,378.317567305937,,,,,
3.69555,1422.87902614349,244.522869785817,376.367070708767,,,,,
3.04135,1442.98644481889,252.201449679063,388.730914802225,,,,,
3.85785,1413.14161904198,249.804646524096,384.228565029006,,,,,
3.5653,1412.92871405933,246.648145224084,383.04786672337,,,,,
3.31265,1423.50276270077,246.92750709375,376.871230711171,,,,,
3.195,1415.65443849625,249.742501914888,386.476008607479,,,,,
3.06315,1430.45261239836,251.671945001736,387.423951003129,,,,,
3.5531,1417.97921742455,237.749482046618,376.49175764493,,,,,
3.208,1420.03511973907,250.011806944266,384.852268153032,,,,,
3.16985,1426.83267205167,244.447594597511,376.806051770037,,,,,
3.3006,1414.35220015718,249.950789377043,385.474899901215,,,,,
3.0527,1436.52737990577,251.821171942326,387.787051991474,,,,,
3.03865,1443.13274117416,245.346116138153,381.88709297791,,,,,
3.63995,1413.84150447752,249.845715828912,386.81252630022,,,,,
3.28985,1409.47649913104,249.898833890656,386.340509401095,,,,,
3.61215,1413.91207820992,246.2139081084,376.512016160103,,,,,
3.07975,1433.19053892994,243.685088494388,380.725776917912,,,,,
3.30925,1418.78084864536,249.883238919251,387.045871629102,,,,,
3.82695,1413.87054773858,249.948938716823,384.151919855213,,,,,
3.6513,1413.51063415939,249.815991526085,385.186810768984,,,,,
3.72015,1412.25274167308,247.444164069604,383.714077292523,,,,,
3.68255,1413.16153630417,249.799913682827,384.085736396103,,,,,
3.257,1409.49602828541,249.737559665265,386.582211110806,,,,,
3.593,1413.64611221657,243.257274266118,376.547931525878,,,,,
3.34455,1422.82189835169,245.316248481055,376.372323333111,,,,,
3.33865,1418.04842408158,247.651872290986,383.998813612783,,,,,
3.2981,1414.38883700585,249.56078252457,386.33786694053,,,,,
3.76925,1418.43311455084,239.609963938523,376.567913493627,,,,,
3.93305,1418.60944576956,243.869008870173,376.469299023655,,,,,
3.5529,1417.97921742455,238.397357952498,376.41681123455,,,,,
3.50275,1418.65803828363,243.191319414752,380.306610643687,,,,,
3.6796,1413.20143169054,249.296055717446,385.998251585283,,,,,
3.12725,1423.91681388024,247.242062357842,377.161335735925,,,,,
3.03815,1443.23698035103,242.34962273016,379.954270776841,,,,,
3.1851,1415.90503473656,250.120914458108,387.093355494353,,,,,
3.1302,1423.75814541485,238.791287973581,377.146908166187,,,,,
3.45005,1414.09887129408,237.9672011136,376.806474398476,,,,,
3.1845,1415.84286473296,249.529591759693,386.077768826504,,,,,
3.80595,1413.99228739948,250.024775714233,385.39001609724,,,,,
3.8808,1417.61657461545,245.359523275704,376.399790849726,,,,,
3.91435,1413.14332551764,238.118642764276,377.044769540013,,,,,
3.97345,1418.79327242411,245.756308044847,376.536983021439,,,,,
3.1433,1422.96022397252,249.937113324662,386.478882955529,,,,,
3.5349,1418.21121056813,248.606019245791,385.072229861466,,,,,
3.50855,1423.53285333922,247.057661861217,377.018804920055,,,,,
3.83805,1423.30484400849,248.900386878263,379.939079490314,,,,,
3.4554,1409.20454403587,249.955324114996,385.171183124118,,,,,
3.2407,1419.35782254209,246.570827267535,376.605588007723,,,,,
3.8966,1412.6948944704,249.576489923869,386.618179879368,,,,,
3.0269,1459.92961095512,241.020752794059,378.3017916147,,,,,
3.21985,1419.74173392842,247.048063913039,376.968121375406,,,,,
3.1,1430.90293574154,240.977269187878,379.00901362543,,,,,
3.9279,1408.7162236558,249.816498786814,386.93372960775,,,,,
3.3718,1412.87001991846,249.687063043783,386.701750920397,,,,,
3.23855,1414.38699766914,249.941054342093,385.838982761986,,,,,
3.61345,1413.85954981412,243.583301192938,376.499687539882,,,,,
3.60185,1418.79200922277,246.400770607274,376.591659517707,,,,,
3.92845,1408.7061457909,249.813552835626,386.890059442819,,,,,
3.9854,1418.591996663,241.230447146212,376.448533862268,,,,,
3.88695,1412.72285690291,249.708702474723,386.896420713656,,,,,
3.035,1453.67767085184,248.254462019563,378.295545868095,,,,,
3.4295,1413.7109816445,237.788590770393,376.729942345119,,,,,
3.0716,1434.40433685267,251.519719915881,388.097158994125,,,,,
3.6842,1418.23923874908,246.351052478569,376.468657065314,,,,,
3.682,1413.15081405185,249.784290543423,385.74903106961,,,,,
3.2222,1419.624374313,241.534398810308,376.57348748229,,,,,
3.971,1413.80020701981,249.839503615478,385.226978285077,,,,,
3.7154,1417.38001012467,246.065508469776,376.410052228297,,,,,
3.3211,1413.29559457867,249.78096356293,385.641965583043,,,,,
3.2679,1409.70694761979,250.002947728927,387.059024905605,,,,,
3.9403,1408.68271733153,249.823510918265,384.413985665923,,,,,
3.73655,1417.4706531334,245.00634715617,376.345497440698,,,,,
3.9475,1408.76404201111,249.121051044864,385.540420946955,,,,,
3.5053,1418.72019983289,249.878545999006,387.052459875869,,,,,
3.5446,1412.80636369879,246.339958089359,382.742555644373,,,,,
3.5532,1417.97921742455,237.652241766916,376.597929835089,,,,,
3.3464,1422.71928899242,239.392986265452,376.352755376492,,,,,
3.1383,1428.41177423201,246.133763144438,377.069258655855,,,,,
3.86015,1422.9986584654,245.443883233794,376.436728174241,,,,,
3.76035,1413.30035781403,241.962219976328,379.398552284103,,,,,
3.2119,1424.74224179113,241.452907851362,376.57018241301,,,,,
3.53545,1418.22297534807,249.531849512055,386.420300154291,,,,,
3.12775,1423.80508434705,246.597006953299,377.137202817469,,,,,
3.84275,1417.99741994216,241.110136685333,378.904796957649,,,,,
3.1127,1429.54284379489,250.505448350786,387.261861160238,,,,,
3.92725,1408.53736843528,249.478991048047,386.267041866113,,,,,
3.436,1418.98212553951,248.597514948837,379.069156907022,,,,,
3.4132,1408.04855849071,249.736308881857,386.694673030584,,,,,
3.9713,1413.80020701981,249.840657494734,384.223482127056,,,,,
3.8968,1412.76425947671,249.651577308978,386.783207058619,,,,,
3.6836,1418.22549151336,247.997978052321,378.33034161874,,,,,
3.2173,1414.65924902449,249.975355754815,386.825288787045,,,,,
3.88675,1412.72381774013,249.708687995666,386.902462411011,,,,,
3.23605,1414.36384834005,249.285446637767,385.846989878868,,,,,
3.47965,1419.15407908449,243.003178956986,376.605976361609,,,,,
3.6791,1413.16665258353,248.139166592899,384.511419882641,,,,,
3.109,1434.86494328047,241.353956688806,377.16735913938,,,,,
3.2702,1409.6736730002,249.953895047967,383.521996028404,,,,,
3.9849,1418.591996663,243.034653079641,376.448858491696,,,,,
3.8812,1417.61657461545,244.527603473839,376.395619519108,,,,,
3.8746,1412.43910544438,246.260111335143,382.661410010376,,,,,
3.97725,1413.60863884844,243.870624161131,380.811460271049,,,,,
3.14025,1428.22161676862,239.768490722306,377.031247667097,,,,,
3.4286,1413.67431716935,240.81857273707,376.460445205817,,,,,
3.4267,1413.66526841577,245.95231959661,376.460138749345,,,,,
3.94595,1408.71609848376,241.790232925997,379.329280223804,,,,,
3.9995,1413.67045020704,249.726306958766,386.478207325563,,,,,
3.37915,1407.79340254936,244.013442738653,380.88286439249,,,,,
3.3578,1415.19253888552,239.874212502976,378.070418942711,,,,,
3.71765,1417.32755286916,239.593540308969,376.402956409786,,,,,
3.26425,1414.61790277047,238.230916432362,376.592358649513,,,,,
3.96315,1419.01048167092,245.962269692536,376.652064152182,,,,,
3.48665,1414.09839545726,250.080151625175,384.074686252459,,,,,
3.9752,1418.6880430109,240.748838361745,376.520275094367,,,,,
3.7499,1407.86596396297,241.001082191474,378.82447651459,,,,,
3.6263,1414.03381700172,242.065924280104,379.486028418385,,,,,
3.2345,1414.36065126763,242.626445183471,379.869232802839,,,,,
3.90825,1407.82605469662,249.839209332348,386.695761548643,,,,,
3.1759,1421.40385160128,250.220852603039,387.099100447457,,,,,
3.4211,1408.28574625573,247.554770939133,383.913198853549,,,,,
3.60115,1418.91741622839,248.024834677167,378.157616384544,,,,,
3.6941,1423.08790092576,247.233092489502,377.285360289103,,,,,
3.42645,1413.7214928138,246.269159173455,376.464667111261,,,,,
3.81785,1418.95749278853,247.44432109597,377.47904186521,,,,,
3.57285,1418.01571725524,241.21546779459,376.382112223454,,,,,
3.573,1418.01571725524,240.61803651862,376.38308170286,,,,,
3.6648,1418.47506602119,244.169679785197,376.431048559351,,,,,
3.4033,1412.94174517356,249.868932999618,386.217896212617,,,,,
3.14155,1423.09246347017,242.321646070964,379.777305922312,,,,,
3.6069,1408.67048117322,248.089637298766,384.448490673597,,,,,
3.67265,1413.39654799201,249.612910103389,382.201235307978,,,,,
3.01965,1493.15711722898,252.284812120097,388.461860315525,,,,,
3.6824,1413.15208048697,249.807782456581,384.633692206279,,,,,
3.13435,1418.69286813601,250.620056329248,387.571311912187,,,,,
3.0736,1434.08632290516,251.580315011797,386.957570487226,,,,,
3.44105,1408.71221803814,244.409765318697,381.117922204032,,,,,
3.97835,1413.60098689268,248.739187456131,385.215477235391,,,,,
3.6347,1418.99353757382,241.569131579095,376.528201494607,,,,,
3.11475,1429.2361126158,250.654605019866,386.533808016484,,,,,
3.0558,1441.17811803501,247.348543112298,377.991910771759,,,,,
3.3053,1423.94967056799,238.906827398487,376.530078298686,,,,,
3.1771,1421.3276389389,250.239426444662,384.869636893214,,,,,
3.9808,1413.62222639025,249.878761149802,386.397596916716,,,,,
3.67205,1413.36542881539,249.822208527173,384.749172840253,,,,,
3.2597,1409.57221399708,249.971627692528,384.316360991107,,,,,
3.36425,1417.93092812904,246.913410912069,376.78515803132,,,,,
3.73825,1417.44009643777,239.49647198131,376.343471303733,,,,,
3.0184,1493.9634573585,245.685983089056,384.068267174205,,,,,
3.423,1408.49115939429,249.859471870491,387.010821457189,,,,,
3.34985,1412.76265574032,249.721281563937,386.570120905174,,,,,
3.7722,1408.43561200179,248.90832329749,385.462515027966,,,,,
3.42975,1413.68119853981,238.468723021887,377.285726723662,,,,,
3.25185,1414.4236473359,245.257069047916,376.556398618854,,,,,
3.37805,1417.89409759414,237.816421999376,376.871309802465,,,,,
3.3267,1418.31623369478,238.842338324982,377.543473411099,,,,,
3.98035,1413.65070802714,249.891488786562,386.869744039653,,,,,
3.6183,1408.96088213682,249.862542837012,386.932440037492,,,,,
3.337,1423.16070443063,238.692876893668,377.405007912902,,,,,
3.03215,1449.14283461017,252.461787951906,388.087419135348,,,,,
3.50255,1418.69674274117,241.989053525856,379.489434164737,,,,,
3.97555,1418.7037060574,239.267903626441,376.523296209286,,,,,
3.41505,1413.20422738535,249.232560665704,380.993097659634,,,,,
3.7939,1409.20487877339,250.079410680927,387.109381048131,,,,,
3.11465,1429.26145846423,250.649932788923,386.728816536191,,,,,
3.79935,1419.09696177405,243.007125581413,376.588672863468,,,,,
3.6451,1418.64684280577,241.130030581019,376.502847098469,,,,,
3.6109,1413.88244684244,249.448353459786,381.566458055632,,,,,
3.26665,1409.53295570753,248.537797827776,384.853376127064,,,,,
3.83515,1418.52210825331,249.834319955153,386.949189468003,,,,,
3.3655,1417.80489294285,244.811468958907,376.460484288298,,,,,
3.4068,1417.84729167375,244.748656233912,376.527870480283,,,,,
3.14995,1427.44166074784,242.202084966358,376.909783307851,,,,,
3.4852,1414.11835056529,250.081577496521,387.002958825755,,,,,
3.3287,1413.33324844256,248.777288498781,385.311821332406,,,,,
3.33665,1423.18934184985,237.640532681824,376.592719120431,,,,,
3.74065,1407.4625663348,246.749622788563,383.143991729045,,,,,
3.3028,1424.13652134866,246.27020529033,376.586632377501,,,,,
3.8598,1422.9986584654,245.986875146333,376.447204006202,,,,,
3.24755,1409.3638474664,249.903831204594,387.039959258608,,,,,
3.264,1414.61790277047,239.26448017578,376.569879036293,,,,,
3.1225,1418.81180954429,249.735602008301,386.126023784381,,,,,
3.96755,1413.82531492537,246.988285201377,383.352567651058,,,,,
3.36145,1412.85437806261,249.904968091786,386.836105633461,,,,,
3.87265,1422.51282120904,238.17150342654,376.363039058991,,,,,
3.6106,1408.84038169031,249.732932636525,383.101102908142,,,,,
3.164,1417.11306599676,249.874111272435,386.51558892394,,,,,
3.77925,1413.69095061383,240.74249939241,376.532142816053,,,,,
3.08585,1437.43089723185,248.283731090932,377.853311665465,,,,,
3.71295,1412.25034465723,249.811435961462,385.716802173792,,,,,
3.26385,1414.61790277047,239.906860751783,376.567189885878,,,,,
3.62525,1414.10389596559,238.030153517868,376.56189216857,,,,,
3.1589,1422.26025215873,246.032824961904,376.907663674337,,,,,
3.93105,1418.79753637635,248.283225686647,378.794256642448,,,,,
3.44545,1408.93543041684,250.002102975195,383.811234432002,,,,,
3.34335,1422.94162257579,247.632997646139,377.81363975406,,,,,
3.39675,1417.9422349906,244.065546911954,376.464308387387,,,,,
3.28395,1414.44390589368,241.979106469114,376.588742154772,,,,,
3.4244,1408.51219164518,249.850841204328,385.286410035847,,,,,
3.59215,1413.66048348465,245.443957373593,376.550811177803,,,,,
3.96325,1419.01048167092,245.796122463902,376.649606144479,,,,,
3.6674,1415.9443167122,241.016374780657,378.805740236407,,,,,
3.47185,1414.28692673337,243.624201220218,380.564578551252,,,,,
3.76575,1413.64667255455,249.296026077267,380.676218142241,,,,,
3.0302,1449.42631609731,252.322901522122,388.640843844185,,,,,
3.1964,1415.71599971083,250.104099857499,387.093165484868,,,,,
3.13915,1428.28768331273,244.007427849007,377.045394559126,,,,,
3.6805,1413.25048088506,249.814328686909,386.96190247469,,,,,
3.04385,1442.5423708281,251.532221639983,382.365166669076,,,,,
3.75235,1408.03458232442,249.87807499404,386.906130322663,,,,,
3.48775,1419.17642582153,247.918685069344,377.96728491627,,,,,
3.1852,1415.90503473656,250.15182955259,387.16352278736,,,,,
3.7482,1412.86986689056,241.086561218282,376.382619101006,,,,,
3.5834,1413.37557237054,240.358017915798,376.446034046469,,,,,
3.96665,1413.84949470159,242.100872490259,379.561502063093,,,,,
3.40145,1412.90994281511,249.720996490261,386.560319956112,,,,,
3.4451,1408.92073358413,250.024377683433,385.082663143153,,,,,
3.21495,1414.63536141936,248.089712755198,384.408602433264,,,,,
3.2508,1414.48075497178,246.927912657033,376.904314864108,,,,,
3.10465,1430.40442944736,250.905910694599,386.237219113952,,,,,
3.9102,1412.97525803777,249.052315822207,380.235540134823,,,,,
3.3407,1418.02721981648,249.741344619468,386.825296514961,,,,,
3.70105,1417.68416306019,249.6851522141,386.861008692253,,,,,
3.66015,1408.55196197114,249.827644310507,386.94533081381,,,,,
3.2289,1414.58090070278,250.013391847854,383.786340445698,,,,,
3.93415,1418.59238280242,239.896942955201,376.465970039666,,,,,
3.7521,1408.03458232442,249.751622764448,386.643890175873,,,,,
3.82595,1413.84439971109,249.926968994403,386.612807324334,,,,,
3.1795,1426.16054065072,245.860817653752,376.753864949128,,,,,
3.0378,1445.74238694963,240.488069123279,378.843920664707,,,,,
3.21325,1424.76261783447,238.911708233518,377.605849209142,,,,,
3.98405,1418.62928633932,245.24342106302,376.457574069548,,,,,
3.87375,1417.43365705803,241.439009514329,379.071307454011,,,,,
3.97235,1418.82624347375,248.112751515482,378.522968947332,,,,,
3.49465,1414.08659626425,249.928861085762,387.0432474673,,,,,
3.37455,1417.9357584414,246.748840848445,376.745132094714,,,,,
3.5409,1422.92364583052,244.446786326608,376.380779461883,,,,,
3.74375,1407.69205030149,249.650571955771,385.941050097326,,,,,
3.88985,1417.80798878638,247.937875547381,378.331838849883,,,,,
3.29675,1414.38930842953,244.856806283074,381.555130430597,,,,,
3.65305,1418.59674940839,246.716720339068,376.688293452516,,,,,
3.59395,1413.695012856,239.609308110102,376.557923917276,,,,,
3.7844,1408.87249032725,249.897389625134,386.869566691075,,,,,
3.2836,1414.44510987457,243.196828167976,376.588298358019,,,,,
3.82835,1423.88418323607,246.867631729574,376.768783974182,,,,,
3.0646,1435.41226961571,250.690706005709,381.256669212084,,,,,
3.9501,1408.86672963884,250.038622443054,385.993606061498,,,,,
3.76065,1408.2593987567,243.756086501494,380.627398061465,,,,,
3.9115,1413.04318442213,245.92509843469,376.471072145133,,,,,
3.7098,1412.19355725835,247.310797990442,383.609390674131,,,,,
3.05535,1441.36945030246,248.078248890376,378.012804742923,,,,,
3.58565,1408.36898184589,245.634284072643,382.083840212411,,,,,
3.4528,1409.14897133426,249.563865772771,386.330067958426,,,,,
3.79745,1419.28664833424,246.950417461483,376.800417143082,,,,,
3.6275,1408.99785242761,248.167294806466,384.450771222598,,,,,
3.2125,1424.7474454429,238.923249280469,376.570090427051,,,,,
3.5305,1423.46410348706,244.689397852942,376.413272928124,,,,,
3.2233,1419.66958078077,237.975203377928,376.942039407377,,,,,
3.98705,1413.51470570789,240.820454956753,378.671124251274,,,,,
3.02705,1459.92961095512,240.395428966263,378.319484881382,,,,,
3.42445,1408.52081752562,249.854004220851,385.139429141558,,,,,
3.88625,1412.64392716701,249.581549574641,386.617801830378,,,,,
3.18635,1415.82923359068,250.153941964829,386.952941942561,,,,,
3.6885,1412.99444615108,243.80206296126,380.716019507768,,,,,
3.2687,1409.65906974117,249.982392159701,386.882102230147,,,,,
3.9607,1409.08054923251,250.031206506121,385.214079708631,,,,,
3.39755,1417.94195205792,241.361493344014,376.461775166835,,,,,
3.53195,1423.3753674494,239.819154381182,376.397474530876,,,,,
3.2708,1417.23677564421,249.177535991322,380.316298718456,,,,,
3.8564,1413.14679917059,249.799526157641,386.904704423169,,,,,
3.9564,1411.39801141688,242.676884557261,379.863326071122,,,,,
3.10795,1434.95581107611,245.063114987891,377.191701234546,,,,,
3.42945,1413.70919844809,237.773367444676,376.657566593275,,,,,
3.9749,1418.6880430109,241.921854847058,376.519860071852,,,,,
3.6903,1413.03878022915,249.625493293741,386.642912038744,,,,,
3.4276,1413.64785752882,244.178944121369,376.453888043912,,,,,
3.5056,1418.64441504769,249.869157196082,387.000700522564,,,,,
3.32215,1413.35687437318,249.407297344936,381.440036166978,,,,,
3.0793,1438.38322157259,241.013717976402,379.057881124117,,,,,
3.7425,1407.68011728382,249.687783211005,386.88318584808,,,,,
3.63175,1414.25718493546,249.135393943518,380.289470798343,,,,,
3.2698,1409.67150467256,249.998206200718,385.026343539518,,,,,
3.89505,1412.57651576357,245.301094392063,381.858652086713,,,,,
3.05505,1441.36945030246,248.451366656549,378.04354957351,,,,,
3.88745,1412.71459180865,249.686435569535,386.736417729285,,,,,
3.17895,1426.19020368117,246.680364067383,376.774804524902,,,,,
3.40175,1413.00939494658,249.87090244005,386.87129900929,,,,,
3.2268,1414.61587897919,250.051277417812,387.127636628429,,,,,
3.71805,1417.35351381398,237.956928101673,376.445256369218,,,,,
3.1884,1418.33421588945,249.058526663439,379.82712131087,,,,,
3.1342,1418.69286813601,250.626190759439,387.607315375747,,,,,
3.39825,1417.95539356762,238.412974740763,376.471565591961,,,,,
3.071,1434.41317245024,250.849059210063,386.988306796037,,,,,
3.25675,1409.47634089705,249.432202378173,386.079928846395,,,,,
3.8498,1418.08884785122,245.50124197927,376.475242513671,,,,,
3.30855,1418.73836963844,249.625448087277,386.511883521682,,,,,
3.12495,1418.81707110271,250.594161032719,386.725233992315,,,,,
3.02475,1485.24394449007,248.347377004191,378.447517987284,,,,,
3.84535,1413.11038279119,249.746250765937,386.917999387342,,,,,
3.54175,1422.88233084354,241.807785994351,376.368929071865,,,,,
3.40825,1417.84566124562,239.759773062621,376.527580114093,,,,,
3.59135,1413.74819975702,246.612045743748,376.570518778986,,,,,
3.0663,1440.15217703067,246.788035567616,377.79212167014,,,,,
3.46985,1419.38083008311,240.920850007629,376.532443174469,,,,,
3.3583,1412.68920958451,242.854213849974,379.975996631468,,,,,
3.2442,1419.28211363977,238.939850115872,377.609084007234,,,,,
3.1222,1418.79455183855,248.931748435907,385.153507236487,,,,,
3.6068,1408.66621763136,247.746729792962,384.077431692707,,,,,
3.8089,1418.90459185405,245.116574303729,376.642109856813,,,,,
3.492,1413.95615559234,240.680070776827,378.65465423584,,,,,
3.36885,1412.73585704674,244.012808040992,380.833171175879,,,,,
3.0534,1436.4877139537,251.852649265813,385.967798622639,,,,,
3.5742,1418.07818647193,238.673381338384,377.416707634726,,,,,
3.9001,1417.76939550108,248.168328241627,378.726042679661,,,,,
3.7854,1408.88764014344,249.913763544113,385.188340352276,,,,,
3.92415,1413.49754253127,238.751122256177,376.547328122748,,,,,
3.5226,1418.48761187895,238.591081514313,377.411451636362,,,,,
3.40785,1417.84566124562,241.412831554317,376.524021216042,,,,,
3.05665,1441.09107544877,245.195599761752,377.960938689598,,,,,
3.5197,1418.49475194477,245.716113009469,376.470402594116,,,,,
3.2753,1419.47319456687,239.929926954399,378.172870020649,,,,,
3.03835,1443.23698035103,243.535149689428,380.687058074878,,,,,
3.1326,1418.5848868717,249.1978983106,385.457379679632,,,,,
3.99955,1413.6831350879,249.773166350343,386.562507400589,,,,,
3.24555,1409.18024609286,246.615499230232,382.986374405998,,,,,
3.1578,1422.36670988519,248.000553287315,377.946905772908,,,,,
3.71705,1417.29241691768,242.017026683967,376.396975243998,,,,,
3.1242,1418.8605069004,250.615055332113,387.50942576911,,,,,
3.91065,1413.03931163561,247.461196072185,377.477780666662,,,,,
3.4048,1415.51204517233,249.24034482663,380.601702847259,,,,,
3.1854,1415.90558545868,250.182053696937,387.237135519037,,,,,
3.4762,1414.25385904056,250.072325000416,384.605968517298,,,,,
3.40525,1417.99856007054,247.730777039261,377.811675101066,,,,,
3.4196,1413.29624531601,239.342322285162,377.858090485522,,,,,
3.72555,1417.46242249005,246.264516385332,376.425573478803,,,,,
3.09765,1436.21495872691,245.201658937094,377.396589652403,,,,,
3.5297,1423.51547376725,246.092229714694,376.435579116257,,,,,
3.30185,1424.3262261094,248.789314777932,379.592362508466,,,,,
3.22135,1419.65272759785,244.339074537002,376.576766866503,,,,,
3.1347,1418.62190215827,250.601674805959,387.40406017041,,,,,
3.2764,1409.3343964259,246.241082339615,382.627197993576,,,,,
3.3514,1412.7148541977,249.894743982992,386.677389194159,,,,,
3.6311,1409.182657621,249.922538360672,383.710804302994,,,,,
3.0332,1449.01182739531,252.326630610394,384.477049988623,,,,,
3.16005,1422.21898706804,242.963324120954,376.894811652985,,,,,
3.38845,1418.11725671072,238.165399120479,377.096430075901,,,,,
3.4563,1409.28168560409,249.430507706261,381.139637790256,,,,,
3.1175,1429.10058888456,246.573768450778,377.122283241369,,,,,
3.87745,1412.54329880537,249.707053297167,386.483065634246,,,,,
3.4754,1414.27371896231,250.039009408931,386.518586410243,,,,,
3.85745,1413.11109389865,249.795579518642,385.506105135325,,,,,
3.78145,1408.6718064217,244.725007260861,381.441483457907,,,,,
3.8431,1412.98302515702,243.221818106348,380.317546609188,,,,,
3.9101,1412.97525803777,249.282961539418,380.844564707847,,,,,
3.52295,1413.42544761542,240.599063113449,378.608111782513,,,,,
3.5417,1422.88743943277,241.99216105415,376.36933565856,,,,,
3.17865,1426.2425763372,247.153153555719,377.012628933801,,,,,
3.7582,1413.26465183398,242.51676290493,376.49194112697,,,,,
3.3784,1415.38212443677,239.516691428363,377.920675711571,,,,,
3.16215,1417.10621290591,242.035098217288,379.583378316141,,,,,
3.9082,1407.82605469662,249.841636885007,386.734488152342,,,,,
3.7028,1417.49992019079,249.67119506426,385.232012175454,,,,,
3.98045,1413.64311111954,249.886575551596,386.795389457454,,,,,
3.94535,1413.84221028757,238.268285232376,377.187941198461,,,,,
3.94525,1413.84221028757,237.948706509874,376.948272999535,,,,,
3.3044,1424.01312033478,242.522690882304,376.53834832623,,,,,
3.51265,1418.30765919983,240.633253707929,378.598778171479,,,,,
3.69845,1417.69361096792,241.542717939498,379.142860302815,,,,,
3.6861,1418.09823195995,242.01775758157,376.438548059849,,,,,
3.1963,1415.72076682685,250.10942276211,387.13544580418,,,,,
3.3001,1414.36535132882,249.927310923959,386.489699890442,,,,,
3.63455,1419.00280334379,242.137690417871,376.528895697529,,,,,
3.56935,1413.08644245933,249.641665252514,383.026375537853,,,,,
3.2315,1419.49969703881,244.791014296087,376.584943162569,,,,,
3.322,1413.35687437318,249.5974237069,382.256927888788,,,,,
3.1569,1417.29729367345,250.271694757755,383.2172067232,,,,,
3.1037,1430.52243851617,250.899360978248,387.673162003927,,,,,
3.56095,1418.01095962492,245.64066783024,376.403682564361,,,,,
3.6786,1413.16421132907,246.106395410609,382.532969056723,,,,,
3.9466,1408.72426062939,245.660581907196,382.108457853195,,,,,
3.66495,1418.47506602119,243.757165611907,376.429351047634,,,,,
3.5267,1413.58442134706,249.78322825463,386.686972299755,,,,,
3.34965,1412.71532271825,249.510791302709,386.206512508757,,,,,
3.69725,1422.78556282456,238.467978238503,376.350036048625,,,,,
3.5622,1417.98068581643,242.512503311543,376.394427450049,,,,,
3.3406,1418.05698935366,249.746273895865,386.859643492297,,,,,
3.44125,1408.71221803814,245.521222981008,381.980210455515,,,,,
3.88265,1417.63776917807,239.543021656024,376.399493980774,,,,,
3.04275,1442.630025454,252.182070174449,387.172241510487,,,,,
3.09455,1426.56671830154,251.115158433672,385.746295726872,,,,,
3.14315,1422.96022397252,249.660047827008,386.084186896028,,,,,
3.84125,1423.07302472728,240.219198299283,376.435544810737,,,,,
3.8853,1412.56082390851,247.820344930652,384.214331089885,,,,,
3.33715,1423.16070443063,239.540716223642,377.902505076483,,,,,
3.6312,1409.182657621,249.885759532639,383.269675281046,,,,,
3.6203,1408.98577450589,249.891117392965,385.412527381357,,,,,
3.99215,1408.80569802525,249.99727355688,383.338089948439,,,,,
3.1117,1429.56643819413,248.309830760884,384.458156389465,,,,,
3.3905,1412.98393843625,248.775837444647,385.151014981726,,,,,
3.09605,1436.52832222156,248.291289336086,377.978631163731,,,,,
3.2058,1420.23450497525,249.977382865976,387.050445609,,,,,
3.27605,1409.3328576056,244.370895246939,381.12673470019,,,,,
3.32385,1418.35516116061,245.537895780199,376.452587026498,,,,,
3.39715,1417.93949075601,242.831621803869,376.461825973108,,,,,
3.556,1412.95596707903,249.423878914922,386.285948775318,,,,,
3.2225,1419.63114313459,240.312766350123,376.575256561426,,,,,
3.63095,1409.182657621,249.948233914426,384.310731969571,,,,,
3.3415,1417.97893544357,249.717271114939,386.048708025558,,,,,
3.6761,1418.23703115398,240.851553613581,376.453649731849,,,,,
3.68235,1413.15081405185,249.806850918212,384.800142653319,,,,,
3.41115,1407.89881468224,248.611786712298,385.121481522821,,,,,
3.17785,1426.29800472008,249.714507692383,381.326756788113,,,,,
3.37295,1412.88257586284,249.702052319297,384.761946047852,,,,,
3.0979,1436.16498184619,244.457000315287,377.388386892578,,,,,
3.2991,1414.46672832303,249.96742882371,387.118310243661,,,,,
3.31695,1413.20456230477,242.136421085881,379.565682115563,,,,,
3.64985,1413.55433663473,249.825055446029,386.971770546234,,,,,
3.6985,1417.68096646989,241.845141631129,379.34095763886,,,,,
3.1321,1418.57720579089,247.300539388907,383.538127825333,,,,,
3.3897,1412.97390951695,245.550574474263,382.017346553454,,,,,
3.185,1415.90503473656,250.075384343814,386.996180072759,,,,,
3.399,1417.9073284077,239.569778735523,377.877279397307,,,,,
3.44515,1408.92073358413,250.026524676841,384.925047187082,,,,,
3.5984,1408.85642743541,250.015716653982,386.993343524579,,,,,
3.1203,1428.97673257378,238.908144431617,377.743057527671,,,,,
3.79485,1409.17242842688,250.046768841376,386.785638997636,,,,,
3.19195,1420.77159905217,238.799930775,376.730102636501,,,,,
3.6766,1418.26488373963,238.711610869863,376.458711042982,,,,,
3.9177,1408.30625564793,249.971604545976,387.038469708428,,,,,
3.0339,1453.93171337034,250.605445477131,380.190771686233,,,,,
3.16555,1417.1612880412,250.311495308654,387.217338174115,,,,,
3.56295,1418.01152970063,239.546225343144,376.400410075373,,,,,
3.7539,1408.12747883747,249.886633673969,386.349522943893,,,,,
3.03055,1449.41956291534,252.475918016753,388.963460740894,,,,,
3.18475,1415.88815147659,249.879180356888,386.62784718012,,,,,
3.5654,1412.93094890151,247.080129296838,383.455826392226,,,,,
3.053,1436.49237239393,251.836242051764,387.182339940735,,,,,
3.38525,1418.19483728517,246.155132736318,376.419052968772,,,,,
3.04695,1442.15932384908,243.386319809178,378.17874959404,,,,,
3.4926,1413.94429959892,244.242970193718,381.053643147143,,,,,
3.7727,1408.54980915725,249.633249996612,386.579474789069,,,,,
3.21235,1424.74224179113,239.580564654397,376.569233613907,,,,,
3.1445,1422.95445027459,250.509555661723,387.510526064235,,,,,
3.2856,1414.45869621578,239.860886364112,378.168508929242,,,,,
3.25925,1409.53188174134,249.958984192016,385.713154889856,,,,,
3.68005,1413.24903371293,249.720878715649,386.746912765378,,,,,
3.5878,1408.56077463718,250.037119614082,387.0804447562,,,,,
3.55095,1417.9319730551,245.080110560338,376.410138237996,,,,,
3.91215,1413.01768079688,244.695382727098,376.468394353403,,,,,
3.30365,1424.05480361213,244.736587432748,376.556102682446,,,,,
3.78085,1408.66729289757,241.152693457759,378.970211769621,,,,,
3.83835,1423.30484400849,247.815217486885,378.018119360825,,,,,
3.3901,1412.97207886892,247.444895740962,383.701157204803,,,,,
3.53995,1423.02396690602,246.154771392949,376.406699021884,,,,,
3.18385,1415.8259481969,247.660813422936,383.907199969999,,,,,
3.3104,1418.61498680949,249.842901935119,386.43483646109,,,,,
3.67955,1413.19267613703,249.217146659421,385.878948221034,,,,,
3.35275,1412.76352966412,249.855676814396,383.23078946442,,,,,
3.50175,1423.75555578737,237.861927220277,376.888587585054,,,,,
3.53005,1423.48373055697,245.578637801507,376.424374099239,,,,,
3.02215,1491.65685684533,252.705358124252,387.582131813065,,,,,
3.1286,1423.76938381233,244.79783059397,377.121997444113,,,,,
3.65805,1408.30640815798,246.471348545169,382.842940153587,,,,,
3.25535,1409.37373381076,243.990735935079,380.867672699544,,,,,
3.16505,1417.19646089641,250.334030796372,387.380271042417,,,,,
3.8462,1413.07161926255,249.734424445117,386.774717673912,,,,,
3.8513,1418.06424998587,241.26382570242,376.466205699043,,,,,
3.2928,1414.52431655825,245.856307890248,376.645694308562,,,,,
3.2518,1414.4236473359,245.354591705151,376.556864036931,,,,,
3.2072,1420.09000774592,249.978534323984,386.627664027541,,,,,
3.9445,1413.77199212358,239.783120087597,376.488822766117,,,,,
3.3881,1418.12503457815,237.752930659129,376.486030132092,,,,,
3.69645,1422.81690341828,241.768677967224,376.351541907,,,,,
3.7069,1422.24968774852,241.213814790275,376.300829324273,,,,,
3.57065,1418.11368216867,246.40657118574,376.457951183753,,,,,
3.0469,1442.15932384908,243.587276485291,378.179533433194,,,,,
3.4442,1408.89035392021,250.000891403097,386.760910798174,,,,,
3.27035,1409.6736730002,249.873751437954,382.823011844354,,,,,
3.10845,1434.94858841908,243.492779618202,377.177891583804,,,,,
3.93795,1408.71301942022,249.768285427524,386.836109693875,,,,,
3.6976,1422.76778500869,237.593393473284,376.554766805526,,,,,
3.24645,1409.2423255567,249.369513082019,386.058955523715,,,,,
3.9643,1418.93313005766,243.177848454929,376.632765542059,,,,,
3.28805,1409.49365692462,249.784971179708,386.734090407798,,,,,
3.52455,1413.45863418093,248.553105388176,385.026904459496,,,,,
3.57875,1408.22891097207,249.749064115457,385.997451984619,,,,,
3.15195,1417.28061869148,242.740407804718,380.035305373077,,,,,
3.4641,1409.49587936077,249.983177522589,387.109587744132,,,,,
3.14685,1427.72363319166,250.081841303945,381.896014504711,,,,,
3.7928,1409.0442755034,249.115161327209,385.518772373813,,,,,
3.69185,1413.06023231138,249.714407561102,386.472864616783,,,,,
3.0348,1453.67767085184,248.560859437486,378.306384132844,,,,,
3.69215,1413.06023231138,249.71503294894,386.045115053359,,,,,
3.0494,1436.92767221729,247.519624097195,383.618366201796,,,,,
3.8193,1418.85695867224,244.756234559839,376.546067629477,,,,,
3.5933,1413.64611221657,242.222797948562,376.549261204582,,,,,
3.4479,1413.99290426116,245.227315283644,376.661015717082,,,,,
3.74305,1407.65199598043,249.665230484422,386.726616730839,,,,,
3.84475,1413.08911434163,249.423704537514,386.28025896531,,,,,
3.2182,1414.64291815073,249.997528842536,385.198809424145,,,,,
3.0642,1430.39804843512,251.473131342273,383.630041711142,,,,,
3.54415,1412.79583391457,243.934796619897,380.804545553614,,,,,
3.8831,1417.66292825268,237.763307999736,376.461641857671,,,,,
3.5252,1413.51243273946,249.623011660497,386.58523471066,,,,,
3.81725,1413.88505897191,249.403655002574,381.117510800451,,,,,
3.4666,1414.58012368108,249.455824785577,381.174554409593,,,,,
3.494,1414.00109547127,249.475228163692,386.198238906565,,,,,
3.97595,1418.74494932969,237.807890655962,376.619716489282,,,,,
3.71775,1417.34799704961,239.160515716338,376.404791985679,,,,,
3.303,1424.13652134866,245.990165689751,376.578170260099,,,,,
3.5262,1413.61352798434,249.808714056408,386.952534432422,,,,,
3.85695,1413.10746921591,249.776273150777,386.453539804996,,,,,
3.61395,1413.86493556665,241.907937957633,376.501263927932,,,,,
3.49925,1423.92144511228,245.465790228465,376.555697316283,,,,,
3.99175,1408.79240798757,250.061355885324,384.904792100429,,,,,
3.86865,1417.71264563747,249.52639055108,381.910690520483,,,,,
3.2426,1419.24344459407,242.359265181884,376.565823361525,,,,,
3.4643,1409.49587936077,249.976731404775,387.075148222978,,,,,
3.05715,1441.04603876088,243.419581170606,377.94722048223,,,,,
3.4429,1408.94521858647,249.961810001262,386.911455955526,,,,,
3.67625,1418.23703115398,240.229390740182,376.454495054318,,,,,
3.1264,1421.35429785737,249.849181146056,380.965140999973,,,,,
3.6982,1422.71968789334,240.050160744052,378.203700340006,,,,,
3.1038,1430.48337951742,250.894084926741,387.606241841115,,,,,
3.35635,1417.74560241423,241.125998173431,376.449312910851,,,,,
3.3754,1417.88197792946,245.447475527669,376.391513232872,,,,,
3.2943,1414.49566929825,241.853919535388,376.634942636242,,,,,
3.18115,1425.98934052695,240.876578826555,376.720156519625,,,,,
3.5614,1418.01095962492,244.788912541553,376.397853138315,,,,,
3.34545,1422.75753890498,243.05823444827,376.356276474957,,,,,
3.7581,1413.26465183398,242.863567617443,376.491162111927,,,,,
3.79575,1409.21205603456,250.071669797825,385.099617105145,,,,,
3.2178,1414.64300738637,249.97173041672,386.168351484561,,,,,
3.5982,1408.86039047398,250.023067246336,387.034368067651,,,,,
3.0718,1434.39713424802,251.583159575676,388.239950519831,,,,,
3.9151,1408.04179186694,242.292867170084,379.635390567628,,,,,
3.94905,1408.87259641617,250.062001170586,387.058929509619,,,,,
3.0173,1494.56974436379,227.679570855897,379.889672781386,,,,,
3.91225,1413.01768079688,244.450177972509,376.46853140839,,,,,
3.3732,1412.88257586284,249.690810228707,383.864975466749,,,,,
3.0968,1436.31094495902,247.041490879415,377.430924104264,,,,,
3.3057,1423.92346725859,237.782107013034,376.719178194937,,,,,
3.4067,1417.85797304139,244.977191945833,376.529010589465,,,,,
3.8566,1413.12310258897,249.788740920285,386.793075098945,,,,,
3.5449,1412.8244767214,247.606737800056,383.95619131346,,,,,
3.6488,1413.59781840994,249.492106242855,386.324581036499,,,,,
3.48865,1419.10752497464,246.156601368122,376.674448997219,,,,,
3.06065,1430.61603082767,250.858148905632,387.01320607829,,,,,
3.75925,1413.32741325447,238.243627471134,376.524127626149,,,,,
3.7106,1412.24554406996,249.41739636501,386.136433199544,,,,,
3.4889,1419.07416105011,245.749402306161,376.669268975024,,,,,
3.88515,1412.56082390851,247.265581260107,383.640031308297,,,,,
3.39025,1412.97207886892,248.013128933642,384.281329479649,,,,,
3.32145,1413.30346623059,249.800953666203,384.635696873501,,,,,
3.79065,1414.04229270271,238.303841845079,377.190145026328,,,,,
3.33925,1418.04647786561,249.198033919109,385.893689237656,,,,,
3.57625,1408.05704945189,248.847275469254,385.386454246998,,,,,
3.53815,1418.12883856743,249.76713265868,384.147692354666,,,,,
3.48635,1414.08116417456,250.091810681051,385.145646075923,,,,,
3.25975,1409.57991099363,249.965211113639,384.120867757318,,,,,
3.84725,1413.05600986095,249.743962824941,385.112330543873,,,,,
3.35385,1417.84530587427,247.168729339764,377.052753082194,,,,,
3.9009,1417.69157088744,246.078565695127,376.361873408338,,,,,
3.9712,1413.80020701981,249.846317990862,384.590219760652,,,,,
3.5237,1413.42692185718,245.021872009998,381.672349493663,,,,,
3.22995,1419.64061911989,247.793398443988,377.833626752166,,,,,
3.08215,1433.00552091725,251.379755961907,388.104077247445,,,,,
3.36855,1412.74318236792,242.245864777103,379.585156927549,,,,,
3.89865,1412.69873126126,249.659842171823,385.486616279458,,,,,
3.42995,1413.67496353864,239.594214828234,377.943902647542,,,,,
3.50155,1423.79029620954,237.843250999861,376.616691184431,,,,,
3.68895,1412.98367696275,246.217091984189,382.644508823023,,,,,
3.70095,1417.68416306019,249.674949546698,386.835310513953,,,,,
3.8865,1412.68657021426,249.679661148743,386.830960654328,,,,,
3.6136,1413.86000230654,243.119110280224,376.499793657209,,,,,
3.18105,1425.98934052695,241.284713032128,376.720955144582,,,,,
3.36735,1417.79738835569,238.22352258032,376.472665384,,,,,
3.81565,1413.84703283207,249.896143400654,386.583281805793,,,,,
3.4674,1419.5980720843,246.883560074164,376.819847366876,,,,,
3.972,1418.82624347375,249.21626437792,380.755995377936,,,,,
3.9456,1413.78646421741,239.632581676706,377.996378526693,,,,,
3.5134,1413.27326641919,245.073415528334,381.690870899855,,,,,
3.2438,1419.28211363977,237.848711379323,376.719118636628,,,,,
3.7626,1408.46230664571,249.886301010004,386.846458647863,,,,,
3.6591,1408.40369228256,249.47661645851,386.266168185595,,,,,
3.13255,1418.58243721925,249.048735234898,385.285208660592,,,,,
3.46015,1414.36157494085,238.342273134196,376.622221489299,,,,,
3.79475,1409.17439050737,250.051472157366,386.866128388999,,,,,
3.09245,1426.75853672059,251.101293094423,387.954357806158,,,,,
3.9387,1408.6720247872,249.824264230789,386.943076886131,,,,,
3.5596,1418.0779907234,248.811954863008,379.905966793633,,,,,
3.61175,1413.91379800537,246.861473701746,376.855619110815,,,,,
3.8466,1413.05935100609,249.717312381288,386.420776275092,,,,,
3.8806,1417.64976218377,245.693504277764,376.40283288697,,,,,
3.3785,1412.85071103476,240.105436759021,378.274524516186,,,,,
3.4324,1408.73286144202,249.866549393978,386.700382237437,,,,,
3.9091,1407.87302366639,249.856198317389,385.253594444447,,,,,
3.58175,1413.36195492983,245.366818938827,376.438669254812,,,,,
3.11035,1434.81441384554,240.941159169052,378.93045715037,,,,,
3.80885,1418.90459185405,245.225073444101,376.642852351353,,,,,
3.13005,1423.75814541485,239.377012571969,377.121188437372,,,,,
3.55265,1417.95356453646,239.491191238656,376.411713886819,,,,,
3.8357,1418.40830875871,249.822872919014,386.868688906763,,,,,
3.4996,1423.87176764446,244.718369609835,376.546950272683,,,,,
3.59065,1413.71013832983,248.755920031907,379.358610786497,,,,,
3.8192,1418.85695867224,244.98339486713,376.54728689684,,,,,
3.55855,1413.01303994183,249.739488662442,384.929146300912,,,,,
3.25105,1414.48075497178,246.453423418789,376.569751454028,,,,,
3.21155,1424.77361626893,242.748759540218,376.573754153154,,,,,
3.36545,1417.8113913245,244.924653931229,376.46101141362,,,,,
3.84605,1413.07161926255,249.742719760348,386.848795836421,,,,,
3.38875,1418.00426840493,239.825841833987,378.082278164806,,,,,
3.2574,1409.50386662184,249.951442548513,387.015242554292,,,,,
3.1957,1415.72273469983,250.117313563225,387.205784806377,,,,,
3.75885,1413.32741325447,239.949596340967,376.501411311432,,,,,
3.4701,1419.38083008311,239.880137942071,376.533821226638,,,,,
3.9099,1412.97525803777,249.601825450765,381.98025476445,,,,,
3.6265,1408.97882766176,243.275358169532,380.305207256793,,,,,
3.925,1413.47492590723,239.728207431899,378.010878139636,,,,,
3.80125,1419.1011629306,239.957921981981,378.168992177133,,,,,
3.21705,1414.65924902449,249.988340492093,386.989788397211,,,,,
3.7524,1408.04419361763,249.892030231531,386.9382951415,,,,,
3.40715,1417.84729167375,243.825567030945,376.524898957924,,,,,
3.02255,1491.43518901449,252.705647115195,386.225862294654,,,,,
3.8648,1417.7438404829,248.326326680909,384.73963389933,,,,,
3.8266,1413.85373418015,249.951863892212,385.34758958899,,,,,
3.7832,1408.82571983955,249.838422109315,386.882091197893,,,,,
3.2883,1409.49365692462,249.899347155643,386.975948145928,,,,,
3.2873,1409.39820374681,248.548240594159,384.950673602706,,,,,
3.09525,1426.54722511381,250.75571906207,382.596493201077,,,,,
3.89045,1417.79845938466,246.235534457439,376.366362884313,,,,,
3.3168,1415.71112610658,241.226714802168,378.972796269323,,,,,
3.3315,1413.43567343216,249.773429853165,385.42917070604,,,,,
3.2471,1409.37250597248,249.8755721515,386.977048691848,,,,,
3.45305,1409.15708911769,249.804966574573,386.758273658818,,,,,
3.29215,1414.62136979961,246.74206713816,376.761171173403,,,,,
3.81905,1418.85695867224,245.296210033249,376.549379571717,,,,,
3.7963,1409.22243588083,249.953956771912,382.905314158771,,,,,
3.93655,1408.52293063159,246.694029808761,383.064990694072,,,,,
3.66625,1418.4699866817,238.871390879585,376.429795706426,,,,,
3.8573,1413.10746921591,249.785195904127,385.85908233916,,,,,
3.25565,1409.38408745326,245.664494661006,382.156563109264,,,,,
3.20195,1425.37945123197,240.085652196431,376.654890619086,,,,,
3.6398,1413.84761772243,249.85393263278,386.887938924288,,,,,
3.33605,1423.20178640882,239.588266249528,376.380557395609,,,,,
3.7516,1407.96799321934,249.076275021241,385.583192785398,,,,,
3.3264,1418.38794811103,237.747974351257,376.77886991299,,,,,
3.6147,1413.92799161465,238.832634353836,376.51230438735,,,,,
3.3949,1418.10985525033,247.913241140984,378.017463900193,,,,,
3.97935,1413.67539693852,249.895529073006,387.026094320573,,,,,
3.37695,1417.82364525591,241.013787890409,376.383044658342,,,,,
3.26555,1409.50080903189,243.348019618627,380.362064956472,,,,,
3.40765,1417.84366229867,242.172515633468,376.523484068762,,,,,
3.73745,1417.43794112457,242.589686993174,376.338973443529,,,,,
3.24655,1409.27317163233,249.509315578363,386.27981179076,,,,,
3.39055,1412.98949760742,248.901019478957,385.307783135271,,,,,
3.1266,1423.88935837225,249.233098235878,379.68913006072,,,,,
3.09385,1426.58549438979,251.081125912499,387.366706970724,,,,,
3.8298,1423.62686425943,244.275551896737,376.466384932824,,,,,
3.38905,1412.99010297414,241.679002912458,379.234779084233,,,,,
3.53975,1423.03493724161,246.391055989582,376.428979822065,,,,,
3.744,1407.70267848911,249.665777858703,385.395216390749,,,,,
3.0499,1436.83747636006,249.767247720174,385.676746390612,,,,,
3.4203,1408.23731526612,243.517228805156,380.547971676979,,,,,
3.9979,1413.61882412055,244.094443725874,380.862718898375,,,,,
3.97825,1413.60098689268,248.464569452105,384.885785157917,,,,,
3.55515,1412.87191468499,247.361316428936,383.730934473171,,,,,
3.42175,1408.38674044703,249.298260921831,386.001466470757,,,,,
3.82565,1413.8593455422,249.939010208115,386.882892561595,,,,,
3.54595,1412.9409226585,249.646226349649,386.668084611096,,,,,
3.43825,1418.80094145325,243.463090198807,376.559037696173,,,,,
3.62555,1414.09300484553,238.026456201886,376.968788799006,,,,,
3.6089,1408.76751332368,249.799269879855,386.844689602767,,,,,
3.7625,1408.41727983678,249.83679399498,386.742423424988,,,,,
3.12875,1423.74876086476,244.368190361693,377.120313674928,,,,,
3.4691,1419.3925425824,243.598033133874,376.535554020858,,,,,
3.38325,1408.05739294665,249.757887515568,384.872924287316,,,,,
3.1574,1419.80607488197,249.454766267475,380.395325924838,,,,,
3.1793,1426.19020368117,246.199384328226,376.760717018641,,,,,
3.13125,1418.62481876061,242.542162990301,379.960765160219,,,,,
3.36195,1412.82586189723,249.885273951526,386.387212748626,,,,,
3.6406,1413.81985338188,249.831683705688,386.074927365906,,,,,
3.61995,1408.98577450589,249.870190372337,386.18343837777,,,,,
3.26615,1409.4990928482,246.616630036757,382.922685622573,,,,,
3.6201,1408.98577450589,249.877085698894,385.894322864027,,,,,
3.3442,1422.85993211492,245.880095150718,376.381944318397,,,,,
3.7251,1417.50637769403,247.135240373203,377.058511359097,,,,,
3.96245,1419.14317643454,246.946577789575,376.846404170048,,,,,
3.77065,1413.40195252884,241.733797220613,379.309573376551,,,,,
3.62915,1409.1949448285,249.957437552395,387.018815312694,,,,,
3.0928,1426.70540302677,251.122331425946,388.003275429304,,,,,
3.07185,1434.39393671541,251.591712196705,388.260805690941,,,,,
3.82405,1413.78591539137,249.542012913063,386.2792350236,,,,,
3.71515,1417.38001012467,246.36532258713,376.416392059647,,,,,
3.3721,1412.86714652671,249.672861558328,386.466069769438,,,,,
3.87445,1412.42734965877,245.509589444314,382.019684488343,,,,,
3.43905,1418.79329474726,240.456722154673,376.558950284115,,,,,
3.1356,1418.59242334748,250.612427701087,385.984258134797,,,,,
3.03585,1453.49886787601,246.333276279402,378.256670939101,,,,,
3.47115,1419.38865182561,239.33582315489,377.816899764667,,,,,
3.8616,1422.90081118556,241.318352452213,376.413533902567,,,,,
3.23965,1414.42683214585,249.574882045603,381.548402797872,,,,,
3.61565,1413.88131756817,239.98904271896,378.234330307567,,,,,
3.3462,1422.71928899242,240.249476014233,376.351947251664,,,,,
3.2985,1414.41892621466,249.888268307714,386.939112995323,,,,,
3.5462,1412.9409226585,249.73431112828,386.86285430039,,,,,
3.62185,1414.16400016367,247.605929111166,377.693577712011,,,,,
3.3577,1417.71599322015,239.305371710327,377.733050376774,,,,,
3.91725,1408.21986859994,249.876455736077,386.819848742345,,,,,
3.4561,1409.28168560409,249.726834841637,382.258710553787,,,,,
3.4417,1408.7587057967,247.627349149171,383.857671674828,,,,,
3.77655,1413.71626004833,247.525546894248,377.670576424986,,,,,
3.85175,1418.10489158683,239.400482084219,376.470718043016,,,,,
3.49255,1413.94613206348,243.953444195931,380.84049827059,,,,,
3.6812,1413.18459991751,249.790666897589,386.78525375577,,,,,
3.3128,1423.46393755237,246.572697336881,376.55206895726,,,,,
3.1766,1421.36182358202,250.211987638774,386.232401974056,,,,,
3.06805,1439.89428606856,240.815108197569,377.740430418094,,,,,
3.7461,1412.88128551641,246.2008999424,376.383241323855,,,,,
3.37715,1417.82364525591,240.19871465551,376.384701094094,,,,,
3.98155,1413.63441788772,249.910927613859,384.505937113957,,,,,
3.34345,1422.9395600002,247.268548846716,377.313088339247,,,,,
3.75865,1413.30164252961,240.787333653371,376.497564944792,,,,,
3.9144,1413.14332551764,238.291238550505,377.169197248886,,,,,
3.57705,1408.22385843093,249.739586391384,386.834940782953,,,,,
3.8969,1412.77107922684,249.670439609264,386.828754030755,,,,,
3.0952,1426.54722511381,250.824311696782,382.87379994896,,,,,
3.8758,1412.58136093516,249.518292680578,386.425820099781,,,,,
3.4251,1408.59792873729,249.67917459697,382.476684085295,,,,,
3.4865,1414.08747323023,250.094567892567,384.646416304322,,,,,
3.5777,1408.20691655916,249.780368747045,386.914645899311,,,,,
3.5302,1423.48373055697,245.313263575819,376.420317920197,,,,,
3.86815,1417.68678687817,249.798228772508,384.238088399795,,,,,
3.0765,1438.68939819844,247.017338650293,377.71614032301,,,,,
3.94225,1413.80254706828,246.110382990386,376.490289919363,,,,,
3.7371,1417.43848730831,243.677448640361,376.340276311844,,,,,
3.20665,1420.14036763715,250.003338274888,387.051748153136,,,,,
3.4801,1419.14881109756,241.317907880602,376.605862927422,,,,,
3.34895,1412.65687830387,247.801891470388,384.079728728659,,,,,
3.56985,1418.15244523648,248.960285534469,380.297295475369,,,,,
3.65175,1413.53241838156,249.78497608206,383.558630725159,,,,,
3.31955,1413.34372860796,249.807558650424,386.975721285757,,,,,
3.17735,1421.3276389389,250.204612391951,383.890932528933,,,,,
3.65945,1408.43627669254,249.748488994794,386.774478923662,,,,,
3.0357,1453.53563433919,246.752130635684,378.26282513925,,,,,
3.09155,1426.74766308994,250.197796923179,386.463387201497,,,,,
3.73615,1417.492384647,245.707343203714,376.352149883326,,,,,
3.63755,1413.87487203522,247.078499451489,383.390109081989,,,,,
3.96785,1413.83343484509,248.125623604326,384.514313334412,,,,,
3.2217,1419.62890783532,243.315312938263,376.574179648184,,,,,
3.1973,1415.65679215788,250.092560771541,385.997257971746,,,,,
3.6428,1418.7759014191,246.645773608927,376.636297665076,,,,,
3.6626,1413.65643852767,249.202998242122,380.726774271663,,,,,
3.484,1414.15600559772,249.948860465416,386.812158748688,,,,,
3.1361,1418.59077187919,250.587984151779,384.228107164749,,,,,
3.2857,1414.42966713491,240.445964320368,378.521971084936,,,,,
3.10405,1430.47391535407,250.884505896473,387.369375396092,,,,,
3.0758,1438.72814880638,248.074619108003,377.75089380114,,,,,
3.3982,1417.95539356762,238.626774815971,376.469082701376,,,,,
3.91945,1408.33415396345,249.959397190492,385.196691463142,,,,,
3.89125,1417.69006064316,245.007917238924,376.348549359204,,,,,
3.9259,1408.44534305818,244.96826426798,381.561721195709,,,,,
3.8248,1413.89601966375,249.961354667361,387.08320798951,,,,,
3.0441,1442.5423708281,250.792734733849,380.780907890647,,,,,
3.9204,1410.91825410022,249.40330904253,380.963179859156,,,,,
3.1924,1420.77159905217,238.215037010514,377.164706257212,,,,,
3.95735,1408.87506068326,247.641411839139,383.845070529692,,,,,
3.62585,1414.03381700172,239.392306043868,377.828335360781,,,,,
3.8501,1418.08884785122,244.924836427302,376.470971603217,,,,,
3.95225,1414.04388586496,246.723664055719,376.635615664788,,,,,
3.0846,1432.57030103589,251.331316132122,384.428789227853,,,,,
3.2975,1414.3792153397,248.235690165727,384.610751079094,,,,,
3.10105,1430.74655517697,247.027544988498,383.26020712443,,,,,
3.97355,1418.76679213638,245.590125942699,376.534802920404,,,,,
3.40775,1417.84506110637,241.798992955536,376.523662374289,,,,,
3.82005,1418.82359389824,242.561023321047,376.541105069729,,,,,
3.94385,1413.7568364867,242.351321022435,376.481264000059,,,,,
3.94165,1413.80466601659,247.198872395848,377.218645274173,,,,,
3.7003,1417.59807363745,249.271195634548,386.065455531842,,,,,
3.68325,1413.1893359686,249.136723002163,380.573671469901,,,,,
3.876,1412.58978104879,249.651109814428,386.686852803647,,,,,
3.1564,1417.26553823934,250.390864680224,385.255201646551,,,,,
3.7761,1413.68796032746,249.088034704302,380.456879657154,,,,,
3.4906,1419.04823452257,240.578912812633,376.65887026962,,,,,
3.34495,1422.76116870712,244.468493663165,376.363853722885,,,,,
3.0559,1441.17811803501,247.151555468094,377.987767704807,,,,,
3.99395,1418.7594580664,246.154533677588,376.572960792244,,,,,
3.0389,1443.07410906753,246.810555535866,382.949794637211,,,,,
3.0401,1442.98147606048,251.497588551793,387.50697527215,,,,,
3.04205,1442.75242011609,252.166788320318,388.378792967025,,,,,
3.57145,1418.06596633118,245.262637875779,376.389769929033,,,,,
3.9781,1413.60098689268,247.985112755864,384.350994879677,,,,,
3.75005,1407.86596396297,241.935605084658,379.42377756365,,,,,
3.7698,1418.47201506639,237.8292847808,376.754772804145,,,,,
3.53525,1418.21121056813,249.297508222633,386.028090747646,,,,,
3.2577,1409.55116558789,249.983569203466,387.093916113488,,,,,
3.8014,1416.58548575918,240.835975288111,378.703158702127,,,,,
3.18525,1415.90503473656,250.16278728883,387.189522752147,,,,,
3.9433,1413.75044895008,244.075156283766,376.48031625628,,,,,
3.9408,1411.27145810216,249.601892897591,382.183645137206,,,,,
3.76145,1408.28527411263,247.737248610569,383.980475375085,,,,,
3.0488,1436.94251180975,244.056468820731,381.094381222124,,,,,
3.727,1417.36327172221,243.247579725803,376.406866854209,,,,,
3.1106,1429.71427922203,242.428251129587,379.860038789701,,,,,
3.90905,1407.87302366639,249.852593373217,385.38981136778,,,,,
3.866,1417.84254153146,249.799865474591,386.951780560274,,,,,
3.3156,1423.31297356635,238.864304219551,376.431076390944,,,,,
3.11895,1428.95397091822,242.666853785861,377.095375939303,,,,,
3.5826,1413.36536666656,243.291887938138,376.437687698462,,,,,
3.5599,1418.11789926297,247.727526723372,377.97579858031,,,,,
3.2346,1414.35020332809,243.223926066352,380.279278597256,,,,,
3.5752,1407.97966338446,244.602271153741,381.315586147304,,,,,
3.11975,1428.97381670378,239.273688370594,377.095650072316,,,,,
3.2332,1419.46909557238,238.690738098642,376.584363062938,,,,,
3.40275,1412.95224082072,249.886300131085,386.789232368125,,,,,
3.8251,1413.89773889498,249.964429686841,387.083668721156,,,,,
3.74195,1407.67302853236,249.602130377774,386.686993727985,,,,,
3.9303,1408.73107917497,249.740265669179,383.098861506964,,,,,
3.3818,1408.01764457447,249.758971410062,386.896708448955,,,,,
3.12605,1418.84319030464,250.431593926323,382.954864523274,,,,,
3.28345,1414.44999973397,243.663894297478,376.588642885847,,,,,
3.04745,1442.15812637248,241.240061747056,378.173969277088,,,,,
3.8847,1412.55530265629,245.152296509375,381.760022724624,,,,,
3.8708,1422.51229581145,244.753219751102,376.368013827815,,,,,
3.20745,1420.0787383295,249.980483892166,386.253369015568,,,,,
3.71635,1417.30504241849,244.233271259857,376.397786998015,,,,,
3.28715,1409.39820374681,248.081239742435,384.423463317059,,,,,
3.8602,1422.9986584654,245.35373803293,376.435423154559,,,,,
3.4767,1414.28938511907,249.867911309443,382.404128606367,,,,,
3.18195,1425.99866070128,238.044893373894,376.913574568249,,,,,
3.03725,1453.37808297903,240.884262194402,378.216580349592,,,,,
3.83155,1423.59564431821,237.882002609577,376.52545873957,,,,,
3.87335,1422.52500232274,239.078345148278,377.621327214608,,,,,
3.85,1418.08884785122,245.131043600693,376.47224151353,,,,,
3.8852,1412.56082390851,247.459462683145,383.835556782688,,,,,
3.8038,1414.1224828807,249.945709984797,386.87300671027,,,,,
3.7747,1408.57706515944,249.796070443644,386.039172761743,,,,,
3.6405,1413.82846252218,249.829166153983,386.243533237395,,,,,
3.0537,1436.43976172782,251.778553502454,384.715408681828,,,,,
3.34875,1412.65137950077,246.990740221413,383.281850254941,,,,,
3.761,1408.27195112782,245.704703772334,382.126262947179,,,,,
3.92615,1408.44534305818,246.256762445338,382.632838816025,,,,,
3.8621,1422.89283928295,239.242447662756,376.413876222659,,,,,
3.2931,1414.52431655825,245.321179911996,376.641016821719,,,,,
3.72185,1412.41529580203,249.851637466822,386.941792018456,,,,,
3.27,1409.6736730002,249.996384243625,384.339459494115,,,,,
3.2537,1414.48321886889,239.119332502648,376.564584088595,,,,,
3.2562,1409.39663280483,248.074647736856,384.389675677075,,,,,
3.86305,1422.84317891004,239.1945281665,377.722143731104,,,,,
3.04985,1436.83747636006,249.580835041415,385.484342705879,,,,,
3.54975,1418.00614573493,247.160269316686,377.183273207809,,,,,
3.85445,1412.99535235291,248.229464700215,384.663844109681,,,,,
3.25375,1414.49635592672,238.902339221685,376.565749468973,,,,,
3.3148,1423.300786648,242.145874686035,376.431675580655,,,,,
3.54625,1412.9409226585,249.742863846042,386.883675462154,,,,,
3.41755,1413.23496386126,243.352016531478,376.476603864713,,,,,
3.70225,1417.54314118843,249.648538168169,386.307657189559,,,,,
3.36555,1417.79880248881,244.694604655121,376.459991052657,,,,,
3.06885,1434.71500368586,240.299140290034,378.672443584936,,,,,
3.1849,1415.90503473656,250.012421612711,386.870598953283,,,,,
3.3212,1413.29559457867,249.788276093712,385.392547954671,,,,,
3.9944,1418.7594580664,245.383253098816,376.563759511062,,,,,
3.67705,1418.29679336484,237.786478989061,376.786261123666,,,,,
3.79395,1409.20487877339,250.081145973193,387.113449541334,,,,,
3.50375,1418.6305171267,248.084337569392,384.465061305777,,,,,
3.19815,1415.66897361226,249.995837610305,383.003990016849,,,,,
3.47535,1414.27574385113,250.03947398292,386.583982560547,,,,,
3.62435,1414.0573477061,241.667325663839,376.506522166668,,,,,
3.2848,1414.5176179819,238.458888374188,376.600436597095,,,,,
3.5958,1408.61211126594,244.710370729398,381.307071265714,,,,,
3.26955,1409.65448658366,249.981418974219,385.710344528605,,,,,
3.1018,1430.66754741092,249.846300526395,386.112829810389,,,,,
3.24955,1409.38145670367,249.860493087158,383.617071376491,,,,,
3.78705,1414.09129429797,246.963426313635,376.912069547699,,,,,
3.48965,1419.04800879512,243.997337118257,376.659553050639,,,,,
3.4539,1409.19208753764,249.96193107524,387.086454042855,,,,,
3.84365,1412.99248514625,246.23671405599,382.67697242365,,,,,
3.55395,1412.86380851726,240.883935611163,378.759820593326,,,,,
3.03825,1443.23698035103,242.937563764678,380.313139857849,,,,,
3.08875,1437.0667450474,240.242300427512,377.571729014651,,,,,
3.54405,1412.79583391457,243.345673648849,380.377460443183,,,,,
3.76015,1413.30035781403,240.767032247131,378.637923060907,,,,,
3.1077,1434.98589010078,245.698619684553,377.19984063947,,,,,
3.1494,1427.51101069213,244.108976968324,376.918112850293,,,,,
3.96255,1419.1087812819,246.750634946126,376.70430492359,,,,,
3.7531,1408.11442108139,249.918383767203,386.971718045912,,,,,
3.3428,1420.4630650897,249.316753423957,381.247455102551,,,,,
3.1831,1415.83240049039,243.799689926575,380.728742972615,,,,,
3.391,1413.02957281991,249.662889664434,386.416539894248,,,,,
3.9041,1417.70784152945,238.047914080908,377.034876797477,,,,,
3.5789,1408.2383487032,249.757264279439,385.689757325152,,,,,
3.37855,1412.84230467608,240.403689705392,378.457027377159,,,,,
3.71965,1412.24498561998,245.074832147342,381.620921048038,,,,,
3.69985,1417.59807363745,248.374470337763,384.834688481584,,,,,
3.1092,1434.86494328047,240.495781283176,377.16515354449,,,,,
3.95365,1413.94121598766,244.195316390805,376.582237779203,,,,,
3.7977,1419.19373293053,246.57429385419,376.61794527019,,,,,
3.30995,1418.61928576375,249.858962885342,386.865277335416,,,,,
3.5472,1412.88175398869,249.730950997587,386.703536494972,,,,,
3.98605,1418.62243576163,238.494802490596,376.45604994686,,,,,
3.57115,1418.0706158198,245.760308597494,376.395129935539,,,,,
3.13235,1418.57720579089,248.360464444122,384.547115684709,,,,,
3.60415,1418.69539200229,240.05392587606,376.562411578439,,,,,
3.61495,1413.94942186527,237.907261019816,376.569704320245,,,,,
3.6834,1415.6915873648,248.736291468108,379.638341554413,,,,,
3.5771,1408.22385843093,249.752847620634,386.865733546994,,,,,
3.21785,1414.64291815073,249.974060003068,386.07168828411,,,,,
3.98055,1413.63476663187,249.882501373594,386.705202998513,,,,,
3.62725,1408.98160041841,247.223581365543,383.488093508272,,,,,
3.9806,1413.63134581167,249.880916944824,386.653566069591,,,,,
3.3637,1417.91424946943,248.845419488855,379.653199482019,,,,,
3.07835,1438.44131490226,240.803207614095,377.662534084158,,,,,
3.98655,1418.59861677022,238.079604086059,377.009808198026,,,,,
3.9189,1408.32228304827,249.931295802353,386.376817738607,,,,,
3.3288,1413.35214100274,248.993327886588,385.600758130632,,,,,
3.15555,1417.28403570975,250.360450129411,387.004224586683,,,,,
3.32115,1413.29559457867,249.784568252814,385.52090580694,,,,,
3.2821,1414.51598026069,246.374178818821,376.606187581863,,,,,
3.4964,1414.04986630101,249.921151605392,385.814661077229,,,,,
3.6131,1413.85975658073,244.53012118981,376.500540456935,,,,,
3.5079,1423.54590943534,249.252820575101,380.801959475216,,,,,
3.96745,1413.82536274767,246.53878002652,382.938051825126,,,,,
3.0656,1440.26431065576,247.960613367594,377.826033800432,,,,,
3.40645,1417.90047980667,245.485096891944,376.532486243497,,,,,
3.526,1413.61352798434,249.815807698467,386.991713588896,,,,,
3.955,1413.98404841735,239.21583787601,376.592537772792,,,,,
3.1069,1435.10432878811,247.134487727195,377.232476921737,,,,,
3.59425,1413.695012856,238.343958240119,376.576358651734,,,,,
3.90765,1407.84384094758,249.868323876903,386.964858263598,,,,,
3.3457,1422.72648861199,242.206299796256,376.353760159464,,,,,
3.49165,1419.00980973173,238.722459158102,377.490831804445,,,,,
3.69135,1413.11688516045,249.738064528247,386.832671259294,,,,,
3.56175,1417.98227471358,243.917743157084,376.395328153721,,,,,
3.0709,1434.41317245024,250.639304098851,386.704801323388,,,,,
3.47985,1419.14881109756,242.28885595197,376.605494706895,,,,,
3.5282,1413.61983717027,249.661244389862,382.595512023434,,,,,
3.5975,1408.7414495869,249.902816887496,386.770832244049,,,,,
3.16475,1417.19565568732,250.328373453808,387.372501668089,,,,,
3.2047,1420.16364286115,248.307455800805,384.657210107363,,,,,
3.60595,1408.60782546774,243.549601994258,380.517024831228,,,,,
3.4645,1409.48256958516,249.967174971185,387.009291904483,,,,,
3.02615,1470.03671702388,244.301999813222,378.332644720542,,,,,
3.90375,1417.70588127636,237.652937228729,376.432581014902,,,,,
3.6278,1409.04792745282,248.9993895746,385.443029651745,,,,,
3.7642,1408.51309236373,249.919106217795,386.355176200819,,,,,
3.66175,1408.58468726417,249.824314038752,384.731264783312,,,,,
3.04085,1442.98644481889,252.17545958533,388.677931196054,,,,,
3.2461,1409.22076208591,248.636051372965,385.070260686997,,,,,
3.17525,1421.57796843188,250.247101188783,387.293490816171,,,,,
3.20595,1420.23835557444,250.006743289576,387.120847816205,,,,,
3.95855,1409.02190432617,249.971747134732,386.896800970786,,,,,
3.3635,1417.87846484915,249.353280801526,380.890575869549,,,,,
3.44805,1413.99290426116,244.8917955657,376.660343355528,,,,,
3.2057,1420.21463125771,249.943034971639,386.97357415321,,,,,
3.47445,1414.3748756497,250.078487669245,387.116464535514,,,,,
3.12075,1423.82884811335,241.392784745015,379.235961931487,,,,,
3.68695,1418.13055321772,238.528204425191,376.444809641247,,,,,
3.69395,1423.08790092576,247.785702831279,378.058161277447,,,,,
3.99315,1418.88915308508,247.657876806528,377.594001888818,,,,,
3.84295,1412.98302515702,242.31964337328,379.695643697627,,,,,
3.3929,1413.02352627072,249.927373139983,386.423616958903,,,,,
3.94695,1408.74010335105,247.344874784932,383.587515084866,,,,,
3.5004,1423.82703690117,242.32260514415,376.533222204318,,,,,
3.5765,1408.09801008714,249.302175150712,386.036281272276,,,,,
3.59225,1413.66048348465,245.242931679755,376.549966115313,,,,,
3.81355,1413.8411712727,249.216614384828,385.829305519491,,,,,
3.5483,1412.87891891802,249.751061404858,384.715696827567,,,,,
3.95975,1409.06238436532,250.01541398166,386.825249412662,,,,,
3.5549,1412.87191468499,246.277089980171,382.711668297231,,,,,
3.4882,1419.17815093168,246.724017704546,376.695093665121,,,,,
3.46685,1419.5980720843,248.813621226387,379.615498079877,,,,,
3.7242,1412.43244043424,249.646271382223,382.253922289822,,,,,
3.3218,1413.35256047156,249.738027836891,383.236575725859,,,,,
3.55205,1417.91895647563,241.924682656924,376.405844840228,,,,,
3.7254,1417.50637769403,246.439562053134,376.43907014688,,,,,
3.19645,1415.70680592769,250.101346797939,387.067931572671,,,,,
3.3935,1413.02767809043,249.956219017882,385.155752623669,,,,,
3.4054,1417.99856007054,247.217345382877,377.147662262414,,,,,
3.4843,1414.15600559772,250.074677664401,387.081452100176,,,,,
3.2989,1414.46672832303,249.966990440769,387.122826680465,,,,,
3.62425,1414.0573477061,242.041731634669,376.505921883142,,,,,
3.66225,1408.59713097147,249.687984547965,382.65598689125,,,,,
3.9468,1408.73801295844,246.671718863942,382.966889785268,,,,,
3.7463,1412.88128551641,245.966301685266,376.379816009648,,,,,
3.4572,1414.40409232914,246.662988560979,376.676720866149,,,,,
3.6735,1418.39189275755,247.247165527551,377.245729562131,,,,,
3.1221,1418.79455183855,248.592074880256,384.786569920206,,,,,
3.44905,1414.00565026173,241.766771653275,376.66343135547,,,,,
3.68545,1418.13331756383,244.086563459939,376.442733392805,,,,,
3.22955,1419.6024254646,249.214623411617,380.337122625131,,,,,
3.021,1492.29119159504,252.709755899425,389.173212238192,,,,,
3.0549,1441.36945030246,248.750771972771,378.263018012328,,,,,
3.60615,1408.60782546774,244.697433043131,381.371284687536,,,,,
3.9246,1413.50170423587,237.966714790856,376.897439823832,,,,,
3.21485,1414.63536141936,247.726320774352,384.028793289252,,,,,
3.23745,1414.46926969616,249.962994602747,387.008126503304,,,,,
3.72365,1412.41079871398,249.844059651491,384.623001150421,,,,,
3.7264,1417.39645366072,244.852818157836,376.410653554198,,,,,
3.55585,1412.95596707903,249.229217897341,385.970465787252,,,,,
3.0825,1432.95239519116,251.398721646995,388.147234512017,,,,,
3.95395,1413.936883789,243.297642153884,376.581848019891,,,,,
3.6879,1413.00335686819,240.220644746049,378.334484380868,,,,,
3.8166,1413.85840944879,249.923794944794,384.298067851052,,,,,
3.585,1408.3520874547,241.7625330022,379.302432258766,,,,,
3.39835,1417.95539356762,238.074089524892,376.503034597876,,,,,
3.46445,1409.48736025564,249.96976421148,387.029236746719,,,,,
3.1199,1428.97673257378,238.712845139087,377.130541008613,,,,,
3.43005,1413.67496353864,240.195299592749,378.303590386518,,,,,
3.6167,1408.84319777105,246.086207059969,382.522396636604,,,,,
3.3626,1412.84118210823,249.916261654264,384.981950676424,,,,,
3.8486,1418.15510115408,247.978979584474,378.376577159351,,,,,
3.5132,1413.27204191811,243.940795954246,380.826219690473,,,,,
3.87975,1417.68953120703,247.186806315703,377.22403710847,,,,,
3.6939,1423.08790092576,247.984087570811,378.365901517528,,,,,
3.3532,1412.77713583388,249.331723352958,380.835030957056,,,,,
3.7665,1418.61320173021,246.862156058475,376.782260203467,,,,,
3.8683,1417.68678687817,249.771191012863,383.627398392865,,,,,
3.72905,1417.36487134895,239.539140274595,377.873633931751,,,,,
3.9038,1417.70784152945,237.589608309276,376.480741782804,,,,,
3.58575,1408.37800528787,246.15470468814,382.516372538358,,,,,
3.8395,1423.20200752557,245.536964986785,376.459847860122,,,,,
3.66025,1408.55196197114,249.823795994586,386.9235988726,,,,,
3.93165,1418.73514312765,246.448123519159,376.512931063555,,,,,
3.3451,1422.76116870712,244.087653307584,376.361243447091,,,,,
3.685,1418.13663337723,245.141059207079,376.448922549632,,,,,
3.49545,1414.09244744448,249.931873737788,386.977975945016,,,,,
3.09145,1426.74963132494,249.960068098128,386.157686705396,,,,,
3.34325,1422.94162257579,248.026713157457,378.41498216298,,,,,
3.75805,1413.26465183398,243.031250968587,376.490828308285,,,,,
3.38075,1408.00026182799,249.516720010315,386.420967423756,,,,,
3.5059,1418.5837881362,249.853639519858,386.871812092758,,,,,
3.54735,1412.88175398869,249.723699914154,386.58548054002,,,,,
3.15935,1422.26025215873,245.078481058768,376.900563269492,,,,,
3.72295,1412.38637197542,249.810025864521,386.278679184241,,,,,
3.6057,1413.64187820543,242.062154866947,379.492503686818,,,,,
3.84355,1412.98771016914,245.742099464054,382.250983795718,,,,,
3.25035,1414.43489576228,248.527841382444,379.168223106654,,,,,
3.28055,1409.46534723341,249.865116940898,383.32133797313,,,,,
3.95265,1413.98256942967,246.224866440065,376.592664446488,,,,,
3.352,1412.71087336497,249.900064756518,385.77306708574,,,,,
3.27945,1409.42971425422,249.893488957847,386.438256141038,,,,,
3.0578,1440.98696451722,240.680538628849,377.936594980928,,,,,
3.76825,1418.4443862941,243.425473877612,376.566861137585,,,,,
3.26095,1414.70095265069,247.493480676061,377.500284301682,,,,,
3.27565,1414.38373510195,242.003023673109,379.470408868061,,,,,
3.92255,1413.44540317056,244.513717176214,376.530491903031,,,,,
3.122,1418.79455183855,248.216332275101,384.402184482679,,,,,
3.9651,1418.91328538056,240.109302769471,376.631114188429,,,,,
3.6675,1413.411102301,241.623058444401,379.193135584907,,,,,
3.6684,1413.36995566417,246.655724747033,382.993137504582,,,,,
3.5707,1418.09809871994,246.328008534389,376.41882136845,,,,,
3.98915,1408.59437361332,249.760415054599,386.463110006018,,,,,
3.0608,1430.6142201341,251.13357534225,387.405740228414,,,,,
3.13455,1418.6511367278,250.609779175039,387.492544224072,,,,,
3.5453,1412.8244767214,248.7945761742,385.328507556939,,,,,
3.0433,1442.60797751025,252.155636032434,385.252181956461,,,,,
3.196,1415.72076682685,250.121645857818,387.209302821643,,,,,
3.4455,1408.94576188008,249.987408542321,383.597264215212,,,,,
3.42475,1408.58068697922,249.84688642193,384.086684817445,,,,,
3.7708,1410.87749649594,242.635271985936,379.910013607176,,,,,
3.5314,1423.39966460504,242.006057970799,376.399453437666,,,,,
3.7118,1412.25529553009,249.834062205446,386.909296473738,,,,,
3.1283,1423.79760955634,245.553522143283,377.126208011566,,,,,
3.71325,1412.25034465723,249.831773167542,384.918048471577,,,,,
3.31655,1418.27499416111,239.740191194938,378.054026670683,,,,,
3.66075,1408.53451236185,249.798349703405,386.66856958648,,,,,
3.3669,1417.79738835569,240.148925307247,376.460090839519,,,,,
3.21515,1414.63536141936,248.707644063428,385.110308817556,,,,,
3.5846,1413.41732443872,239.301148102812,377.790460751544,,,,,
3.8342,1418.43760972718,249.154395880795,385.746520382341,,,,,
3.15665,1417.28037284139,250.375443297847,384.338850328348,,,,,
3.8843,1412.55240856697,242.861030033337,380.053396746462,,,,,
3.86135,1422.91550888725,242.255153694455,376.415336993969,,,,,
3.6603,1408.55196197114,249.821580046907,386.909859353543,,,,,
3.23275,1419.46753709337,240.623891110125,376.578951117289,,,,,
3.9395,1408.66012391704,249.790865044659,386.361000301439,,,,,
3.99415,1418.7594580664,245.84415764675,376.568418413654,,,,,
3.3855,1418.17334714885,245.82733826123,376.412620528782,,,,,
3.13935,1428.28768331273,243.347189223509,377.041183082054,,,,,
3.3605,1412.81647152202,249.887134159926,386.89035168337,,,,,
3.0347,1453.72910136471,248.697100971038,378.312135725803,,,,,
3.06865,1439.80179779158,239.530641866438,378.155511622194,,,,,
3.66265,1413.66775098075,249.089365823774,380.422886429355,,,,,
3.095,1426.54722511381,251.010830910829,383.905368072071,,,,,
3.4737,1414.3592100195,249.939925778553,386.817061637662,,,,,
3.2036,1420.23061596152,242.897046203337,380.114126891392,,,,,
3.93215,1418.68244196151,245.803672085758,376.485007425328,,,,,
3.14085,1428.17091769457,238.60404432703,377.475847413966,,,,,
3.82505,1413.89773889498,249.965630250951,387.089649154225,,,,,
3.94515,1413.84221028757,237.792063076807,376.762052019153,,,,,
3.6017,1418.82466572955,246.573386148843,376.596932526787,,,,,
3.70305,1417.49819845912,249.682182109519,384.458623125043,,,,,
3.4099,1407.81397076346,242.882223270829,380.080875483829,,,,,
3.1023,1430.66390695446,250.664734411827,387.319485001852,,,,,
3.54475,1412.8176098817,247.012644396672,383.363847542251,,,,,
3.1881,1415.82806250222,249.767389756394,381.652385661582,,,,,
3.2265,1414.60445162002,250.027149533248,387.068839727217,,,,,
3.8293,1423.7190212705,245.402260613865,376.477726525384,,,,,
3.8858,1412.63823865629,249.087932479884,385.783764257108,,,,,
3.9035,1417.6573792763,238.505277948497,376.352028254949,,,,,
3.55845,1413.00477542878,249.733259563822,385.22352377109,,,,,
3.26375,1414.61421531467,240.326910959054,376.565731047761,,,,,
3.5337,1418.24123101454,243.157062202594,380.236760828023,,,,,
3.1755,1421.52334132825,250.240936413492,387.260245323479,,,,,
3.09975,1435.92192159869,239.595320623966,378.196447770195,,,,,
3.9513,1408.93265025401,249.577791883948,381.269366291217,,,,,
3.8173,1413.88505897191,249.301962028479,380.819453447409,,,,,
3.7497,1412.90108924926,239.773034539902,378.071731108809,,,,,
3.5724,1418.01523796223,242.837611780564,376.381613014327,,,,,
3.5565,1412.99714820728,249.722413718588,386.871145072616,,,,,
3.81075,1418.93599876502,238.586881166533,376.64171983492,,,,,
3.48995,1419.03675686871,243.055480553059,376.657763809682,,,,,
3.6273,1408.98160041841,247.430228658535,383.688386484953,,,,,
3.00215,1734.5554857331,6.49772603605987,386.771381341562,,,,,
3.4339,1408.86000101209,250.00675560175,386.74908291454,,,,,
3.2602,1409.59221525864,249.688299906858,381.990120267902,,,,,
3.50305,1418.6455667702,244.922194096687,381.588483842518,,,,,
3.50515,1418.72019983289,249.876306788382,387.049239144577,,,,,
3.73835,1417.44009643777,239.067664569704,376.345033738076,,,,,
3.73875,1417.50269108473,237.611040298807,376.438726825196,,,,,
3.05545,1441.35483722674,247.936436581505,378.007794999601,,,,,
3.3556,1417.75223480214,243.749251086668,376.448104916202,,,,,
3.511,1423.33955260556,241.187821676574,376.427874271075,,,,,
3.09305,1426.69713913048,251.114398230545,387.960257047246,,,,,
3.4521,1409.03271342099,247.8922627207,384.224254838098,,,,,
3.4549,1409.20085481209,249.926219425892,386.31842362047,,,,,
3.12575,1418.83653414416,250.600701059249,384.364301990412,,,,,
3.501,1423.79171171784,239.957067787649,376.529728339215,,,,,
3.0607,1430.61485180254,250.957911915214,387.150878692563,,,,,
3.833,1418.45596544641,244.535868605017,381.222115690595,,,,,
3.2027,1425.32881435122,238.080383223791,377.058903446954,,,,,
3.9759,1418.74494932969,237.896758344559,376.579041892091,,,,,
3.8612,1422.91550888725,242.7752437617,376.416918252601,,,,,
3.8094,1418.90459185405,243.816853750131,376.636496506702,,,,,
3.0707,1434.44140827903,250.115989159669,386.062440254826,,,,,
3.06265,1430.49736874395,251.672039330841,388.122561929046,,,,,
3.1595,1422.24991192414,244.690427485615,376.898798244508,,,,,
3.51025,1423.376318037,243.778144783559,376.433772895416,,,,,
3.9434,1413.75044895008,243.796370121653,376.480192570406,,,,,
3.6724,1413.36766287535,249.777452436402,383.405096701534,,,,,
3.13175,1418.58277951041,245.498804813421,382.044612036747,,,,,
3.359,1412.69268284089,246.676579129951,382.955313825601,,,,,
3.24405,1419.28211363977,238.230336654809,377.174499256603,,,,,
3.90355,1417.66998421872,238.284266955521,376.353155141863,,,,,
3.97675,1418.62804414753,240.848131221851,378.783264813358,,,,,
3.86405,1417.75129733257,245.111086733622,381.717477794115,,,,,
3.283,1414.45110222035,244.854301091654,376.591395019924,,,,,
3.0592,1430.72315628244,244.426921587237,381.321529074173,,,,,
3.78135,1408.66729289757,244.153576217527,381.011660027164,,,,,
3.5637,1417.99576557667,237.882048113482,376.913979964399,,,,,
3.29545,1414.53041620441,237.944935950294,376.940302699043,,,,,
3.6215,1414.09247372786,248.89923003424,379.87047170938,,,,,
3.42765,1413.64752067742,244.046225704892,376.453881788833,,,,,
3.29195,1414.62136979961,247.262950434717,377.281368514832,,,,,
3.98245,1418.67395155316,248.895248308842,379.863289019175,,,,,
3.0278,1452.18376243514,242.224406846207,379.985757190024,,,,,
3.6414,1413.80740195926,249.836358548924,383.713701042774,,,,,
3.899,1412.70790905039,249.678205411891,384.460512604748,,,,,
3.4226,1408.47673667673,249.859725799752,387.027651814984,,,,,
3.58935,1408.55963052738,250.018226650127,385.48555950586,,,,,
3.83215,1423.55986477431,239.524119526411,377.878558297888,,,,,
3.37445,1417.94322580293,247.045434892025,377.075142365503,,,,,
3.53355,1418.26854131815,242.25447601691,379.616554184967,,,,,
3.2297,1419.62601039706,248.756705168574,379.37631252908,,,,,
3.8782,1412.54995779253,249.732148764636,385.052345277242,,,,,
3.05915,1430.72315628244,244.124316023232,381.118266256678,,,,,
3.52905,1423.64493408577,247.448546885884,377.54241392862,,,,,
3.87355,1417.47645530502,240.239681811882,378.31659340826,,,,,
3.66805,1413.3700107559,244.876192307052,381.497015965592,,,,,
3.27315,1419.49534849494,243.697407626481,376.580917062732,,,,,
3.84305,1412.98302515702,242.922680565145,380.10798708758,,,,,
3.4441,1408.89035392021,250.005842480196,386.841384257627,,,,,
3.2231,1419.66958078077,237.968085700194,376.666588911793,,,,,
3.9852,1418.591996663,241.993484163774,376.448159625683,,,,,
3.8676,1417.69773767597,249.777018313881,385.850337948209,,,,,
3.658,1408.30640815798,246.233452196287,382.632361371186,,,,,
3.70135,1417.68416306019,249.687387548678,386.85773415891,,,,,
3.4314,1408.64211190573,247.701198357838,383.926755127349,,,,,
3.3314,1413.43035228357,249.766171269581,385.674941535063,,,,,
3.26775,1409.69131141027,249.983954508726,387.011868439163,,,,,
3.52855,1418.64402155085,249.153189844089,380.642589704192,,,,,
3.83575,1418.39349982807,249.820247797028,386.84877004818,,,,,
3.2737,1419.46902762532,241.802415286243,376.575606035312,,,,,
3.4262,1413.72815356574,246.63811906788,376.615711599565,,,,,
3.92855,1408.69540652646,249.808561624944,386.854703220646,,,,,
3.89395,1417.63161771084,238.920671289217,377.525535159752,,,,,
3.3813,1408.03113709033,249.757876852438,386.918852615641,,,,,
3.5617,1417.98564053752,244.053852032817,376.395591967275,,,,,
3.01725,1494.56974436379,226.561858004006,379.738217167959,,,,,
3.46035,1414.36157494085,237.909297823124,376.758172088907,,,,,
3.5928,1413.64611221657,243.871145564058,376.547759099494,,,,,
3.2156,1414.67909058764,249.597686017557,386.332523994242,,,,,
3.5743,1418.07818647193,239.242288389431,377.74792888305,,,,,
3.5286,1418.65252816868,249.0351005378,380.335402412351,,,,,
3.33975,1418.11653681491,249.674489606406,386.728026600802,,,,,
3.43865,1418.79330122038,242.064943342348,376.557564866488,,,,,
3.531,1423.39966460504,243.352686338684,376.404249431664,,,,,
3.2649,1414.56066190974,239.473711489361,377.889014294326,,,,,
3.60085,1418.91741622839,249.101011200671,380.073681654637,,,,,
3.0165,1499.6883990759,211.451670772202,378.895850153627,,,,,
3.86045,1422.99209711538,244.850567798399,376.429497025822,,,,,
3.6461,1418.69570219084,237.790264309598,376.801307112372,,,,,
3.1423,1423.01616446117,246.614758271241,382.933287277788,,,,,
3.80755,1419.02044169755,247.521166230301,377.476636057933,,,,,
3.54215,1422.87989804549,240.224336597093,376.367374023229,,,,,
3.8019,1414.00660840663,243.83155999613,380.697712470584,,,,,
3.59685,1408.69358415464,249.024371187781,385.401624608123,,,,,
3.2969,1414.38066217464,245.665021503079,382.198643106716,,,,,
3.9281,1408.7162236558,249.824358579773,386.951666469078,,,,,
3.81085,1418.94163939041,238.212314067716,376.660648730119,,,,,
3.75225,1408.03458232442,249.839897756593,386.822168827159,,,,,
3.5475,1412.87744170561,249.71880906552,386.43015158706,,,,,
3.34885,1412.65687830387,247.414511687029,383.688323577792,,,,,
3.74125,1407.49888871473,248.734179150018,385.30466993183,,,,,
3.2513,1414.48075497178,246.155305687554,376.563963688334,,,,,
3.70855,1417.23244132697,240.278591263525,378.34310630186,,,,,
3.416,1413.27178111196,246.393690982125,376.50140071937,,,,,
3.0277,1454.73508641319,241.62119834173,379.629217008231,,,,,
3.51715,1413.3998860055,249.797577771509,385.399529739829,,,,,
3.88995,1417.80798878638,247.547310156402,377.740900955304,,,,,
3.3074,1418.76605333285,246.473149015121,382.869861825074,,,,,
3.29245,1414.61329959699,246.344249191361,376.653415925937,,,,,
3.5332,1423.31681502577,240.153318767563,378.274575718831,,,,,
3.2864,1409.38255477032,244.611159946045,381.33990030149,,,,,
3.69025,1413.03878022915,249.593565103394,386.579374134946,,,,,
3.02825,1449.68058119584,245.034886778108,381.763961169177,,,,,
3.16755,1422.14420034439,249.777009498531,381.341200513144,,,,,
3.99885,1413.64184794481,248.464835426583,384.746049554768,,,,,
3.1783,1426.29800472008,248.310498215834,378.476072700095,,,,,
3.0424,1442.74364755181,252.162633687544,387.921180876256,,,,,
3.78415,1408.8729251514,249.910643945515,386.996989318584,,,,,
3.6332,1419.09482326594,245.745903553803,376.549896416859,,,,,
3.555,1412.87191468499,246.735683842123,383.127711136492,,,,,
3.6897,1413.01937155377,248.843645294907,385.404796419147,,,,,
3.31965,1413.33896444704,249.808419244602,386.975749526316,,,,,
3.94285,1413.75044895008,245.135222394464,376.482455403727,,,,,
3.77385,1408.55292583635,249.817732961053,386.910296744378,,,,,
3.7458,1412.88128551641,246.755735347545,376.76835044217,,,,,
3.46455,1409.47849725843,249.964506777786,386.986717834173,,,,,
3.9722,1418.82624347375,248.674294971871,379.507376680168,,,,,
3.96805,1413.83343484509,248.70249613623,385.194070383286,,,,,
3.71095,1412.30878293859,249.731081696797,386.700726817215,,,,,
3.38655,1418.09438646661,243.562210735687,376.397865668165,,,,,
3.91555,1408.05790506199,244.939704602822,381.527979821046,,,,,
3.18495,1415.90503473656,250.046252403046,386.936980630206,,,,,
3.61915,1408.98977701158,249.894031758916,386.952926853522,,,,,
3.35675,1417.79421017406,239.45129744639,376.454377454141,,,,,
3.40545,1417.99557480504,247.067844576932,376.979556649768,,,,,
3.318,1413.22446681296,247.620198676365,383.973068335425,,,,,
3.07565,1438.81480503314,248.258555275367,377.793132801715,,,,,
3.96685,1413.82637512894,243.294271888669,380.37644113308,,,,,
3.45675,1414.39797339091,248.024237953056,378.292347062217,,,,,
3.835,1418.52210825331,249.819344457633,386.911772261482,,,,,
3.8544,1412.98961118421,248.070554163449,384.485898006291,,,,,
3.3146,1423.32423696623,242.84657729217,376.433805749002,,,,,
3.7178,1417.35351381398,238.942372855912,376.405819254851,,,,,
3.8773,1412.5448930157,249.713166962555,386.621581351304,,,,,
3.36265,1412.84560946463,249.918320439004,384.823495758449,,,,,
3.29615,1414.44719064795,241.309971209962,379.090101628148,,,,,
3.4481,1413.99290426116,244.772283443113,376.660184982845,,,,,
3.00255,1734.54777268629,7.25350264437179,384.552295335311,,,,,
3.0046,1734.12859542457,65.0521005136566,379.863357969252,,,,,
3.42265,1408.48438269567,249.862598253819,387.034949505294,,,,,
3.8051,1414.01491123199,250.010331175592,386.815741238082,,,,,
3.2282,1414.56009844556,250.01820684344,385.99318018084,,,,,
3.77075,1413.38969981254,242.335013303085,379.706931898378,,,,,
3.5033,1418.6455667702,246.227082589535,382.664643446805,,,,,
3.9534,1413.95488509531,244.837945138315,376.583454012525,,,,,
3.38395,1413.15485384335,249.476889709929,381.855839056888,,,,,
3.64285,1418.7759014191,246.555464319637,376.577859389942,,,,,
3.4602,1414.36157494085,238.175881124745,376.638617634947,,,,,
3.6497,1413.58838947356,249.829143544731,386.992902413754,,,,,
3.27875,1409.44267652484,249.923476499826,386.976184572032,,,,,
3.85255,1418.07858884831,238.251565635,377.21834613176,,,,,
3.7847,1408.876948776,249.885489458563,386.598940236821,,,,,
3.40285,1412.94174517356,249.880798705072,386.723073666369,,,,,
3.4103,1407.81397076346,245.178481567709,381.788788612255,,,,,
3.2052,1420.16005896229,249.481903828291,386.159415720576,,,,,
3.76915,1418.43311455084,240.039441525662,376.566851029498,,,,,
3.4637,1409.46688134704,249.95988661413,387.0558013847,,,,,
3.1414,1425.65463942992,241.422313046413,379.206111908553,,,,,
3.8702,1422.60184118537,245.849559233721,376.381832289015,,,,,
3.46935,1419.3925425824,242.793589997108,376.5335189893,,,,,
3.23805,1414.39336649335,249.933289372666,386.635982829095,,,,,
3.98195,1413.66513424392,249.774402068904,382.761016701169,,,,,
3.31425,1423.35288136944,243.92812919687,376.438937907118,,,,,
3.42005,1408.23731526612,242.013270279472,379.518127598605,,,,,
3.5406,1422.97094846054,245.114589335015,376.387267337276,,,,,
3.34555,1422.74383640448,242.728549133671,376.35515927818,,,,,
3.5171,1413.3998860055,249.793871509758,385.527878533364,,,,,
3.80035,1419.08824484383,238.979065101684,376.592691418462,,,,,
3.39355,1413.02997780491,249.958944527183,385.003574936576,,,,,
3.87405,1412.4227048301,243.250579429479,380.296513777333,,,,,
3.0404,1442.9805893774,251.921473880734,388.171969048589,,,,,
3.81235,1413.81245440616,244.507766189428,381.266950686461,,,,,
3.3614,1412.86071352751,249.907711770683,386.861082078538,,,,,
3.28155,1414.52586594652,247.54979612408,377.620501772406,,,,,
3.50105,1423.79171171784,239.7446714812,376.529802356073,,,,,
3.4381,1418.80094145325,243.92303183425,376.560185837428,,,,,
3.2957,1414.47464271778,238.717326773522,377.528868092508,,,,,
3.0034,1734.53364481196,26.0504728650468,380.038721011169,,,,,
3.71645,1417.30356546025,243.962825982485,376.397266773614,,,,,
3.71235,1412.25046534447,249.806470590946,386.617926123598,,,,,
3.24905,1409.34763005295,249.888227306361,385.379618310045,,,,,
3.5035,1418.63807144439,247.139802892177,383.497820014649,,,,,
3.53695,1418.16885265405,249.748757793593,386.67326865397,,,,,
3.2963,1414.44719064795,242.213922744544,379.674701451584,,,,,
3.4444,1408.89122860836,249.99436769098,386.548895457677,,,,,
3.66185,1408.59713097147,249.822995726738,384.38248185573,,,,,
3.71595,1417.30504241849,245.158527283186,376.401181133968,,,,,
3.56835,1413.06678173464,249.688489588663,386.116796570821,,,,,
3.2288,1414.57894142047,250.034169564756,384.197551510441,,,,,
3.1626,1417.08532004547,244.711589404326,381.430107009148,,,,,
3.96725,1413.82637512894,245.546937041339,382.086255427335,,,,,
3.46005,1414.36157494085,238.759337501354,376.615020852429,,,,,
3.609,1408.76751332368,249.793828751822,386.793503253772,,,,,
3.2155,1414.65814067126,249.454728482211,386.108670336106,,,,,
3.99465,1418.71932449008,244.833574632118,376.560048383753,,,,,
3.70195,1417.54314118843,249.658661356357,386.611180290807,,,,,
3.58915,1408.55963052738,250.004411150416,385.958864884761,,,,,
3.49295,1413.94123710006,246.131802213398,382.558664829575,,,,,
3.1865,1415.81525062316,250.148153217278,386.810275672223,,,,,
3.74905,1412.96957949317,237.712551121671,376.479393978316,,,,,
3.5407,1422.94328117115,244.906458198745,376.384961964709,,,,,
3.70835,1422.28552817559,239.063585259607,377.615680805537,,,,,
3.7614,1408.27632676267,247.54469911629,383.785821830516,,,,,
3.086,1437.43089723185,248.010640033078,377.671750578608,,,,,
3.39435,1413.04967448856,249.557400291204,381.45871185771,,,,,
3.82195,1413.7490802167,240.274759417697,378.408310563922,,,,,
3.7741,1408.55292583635,249.804303962919,386.775952832954,,,,,
3.8265,1413.84868804336,249.944589566148,385.617285093831,,,,,
3.0455,1442.35780743752,247.717188399954,378.216179747971,,,,,
3.26845,1409.69317045267,249.995733088719,386.998302983632,,,,,
3.00115,1734.6117801101,4.01320653171155,389.870025226393,,,,,
3.9447,1413.82061657682,238.91833757963,376.49313408707,,,,,
3.64575,1418.69101755992,238.364890544031,376.508021056823,,,,,
3.60425,1418.69539200229,239.625098240256,376.563270695635,,,,,
3.806,1413.99228739948,250.028198895846,385.24800687657,,,,,
3.11355,1429.47159515321,250.685477207329,387.637378906166,,,,,
3.165,1417.19646089641,250.335080455766,387.385643600322,,,,,
3.4846,1414.16283179658,250.103303114697,387.151354315671,,,,,
3.3172,1413.20456230477,243.639067427064,380.606633144312,,,,,
3.6984,1420.21202392096,241.240795696686,378.947910762558,,,,,
3.36665,1417.78671264715,241.169661729848,376.457728027147,,,,,
3.3305,1413.45557504766,249.772904581184,386.831709048015,,,,,
3.8102,1418.88090583035,240.952072937415,376.634930835115,,,,,
3.41075,1407.88255491825,247.307559898244,383.678575776954,,,,,
3.7361,1417.492384647,245.781066356559,376.353197601975,,,,,
3.3581,1412.68920958451,241.64865662642,379.173907455479,,,,,
3.0638,1430.40026592036,251.689007182817,385.502908244851,,,,,
3.4376,1418.83090966668,245.192600842205,376.566134843807,,,,,
3.9924,1411.32005016041,249.799777042603,382.092128740887,,,,,
3.01745,1494.47074633439,230.907988437161,380.373695666913,,,,,
3.3613,1412.86405229358,249.913006978017,386.902903123818,,,,,
3.22425,1414.52942701029,243.07346906568,380.200440903934,,,,,
3.38925,1412.99010297414,242.923643856015,380.063648067129,,,,,
3.43285,1408.89255879681,250.032253723639,387.056585550877,,,,,
3.6874,1418.13055321772,237.812066141936,376.830543906384,,,,,
3.8385,1423.29814947828,247.271386470283,377.274572189658,,,,,
3.2044,1420.1831461279,247.176325523056,383.501801674976,,,,,
3.3024,1424.3262261094,246.87202036097,376.831048356591,,,,,
3.6747,1418.2741597514,245.170025350077,376.463857909786,,,,,
3.94615,1408.71609848376,243.034808527775,380.157657051626,,,,,
3.09965,1435.98278846526,239.183251791184,377.930032669112,,,,,
3.93895,1408.65592208845,249.811885230243,386.852180736464,,,,,
3.39395,1413.04967448856,249.916295295239,383.493647945204,,,,,
3.19575,1415.72373344657,250.120616203547,387.214108444284,,,,,
3.5003,1423.82703690117,242.675007866879,376.53445190608,,,,,
3.90105,1417.69157088744,245.890982605475,376.358169999112,,,,,
3.19165,1420.75618451679,240.109484631767,376.725882432136,,,,,
3.66365,1418.58615971682,246.268098289093,376.45542680881,,,,,
3.38225,1408.01525523205,249.736004035328,386.682453220486,,,,,
3.489,1419.07416105011,245.563809302339,376.667509643546,,,,,
3.4469,1414.03791912612,246.747305093338,376.71075568351,,,,,
3.32565,1418.36620253641,240.014897769501,376.450309771403,,,,,
3.45745,1414.39711209563,246.342640982553,376.614911096543,,,,,
3.3277,1413.28234108416,244.717278638765,381.425395027028,,,,,
3.7208,1412.33244684369,249.245083722252,385.844389314021,,,,,
3.92115,1413.53068510137,246.966709193464,376.853961534362,,,,,
3.46875,1419.39690158132,244.558717700535,376.539793188245,,,,,
3.10075,1430.77007581391,245.414818453377,381.970964580249,,,,,
3.7627,1408.50626228645,249.920330287256,386.922726198074,,,,,
3.69485,1422.9151943773,245.841156364583,376.38720804839,,,,,
3.20285,1425.30212247041,238.563602265955,377.416370074032,,,,,
3.7306,1412.35007479956,247.748584673025,384.116365042393,,,,,
3.95145,1413.95932232863,249.250316435659,380.365011276563,,,,,
3.3036,1424.07219543847,244.85376499967,376.557559568615,,,,,
3.6094,1408.76819632002,249.777184821809,386.446779152627,,,,,
3.8487,1418.17138893179,247.592453839817,377.796636097125,,,,,
3.26395,1414.61790277047,239.479990323636,376.568912003875,,,,,
3.7418,1407.66190598892,249.515169635876,386.510344045664,,,,,
3.20365,1420.21971938005,243.196362223244,380.320503690792,,,,,
3.3293,1413.35713288948,249.635638504553,386.629186292954,,,,,
3.87655,1412.59227281464,249.745663895766,386.902460934966,,,,,
3.90895,1407.87302366639,249.845283048521,385.639974588505,,,,,
3.83905,1423.22659965027,246.201905212587,376.473898985027,,,,,
3.60355,1418.70553593371,242.427606537077,376.562069237867,,,,,
3.4508,1411.5022194225,240.994843680564,378.868435695801,,,,,
3.7366,1417.46276006344,244.903844315245,376.344853428117,,,,,
3.40125,1412.88844285735,249.520479696632,386.207821966577,,,,,
3.53875,1418.16015831743,249.338279761394,381.258931162816,,,,,
3.9761,1418.74494932969,237.776620495535,376.814283170496,,,,,
3.63585,1418.98924805696,237.983413870456,376.940931441187,,,,,
3.75355,1408.11459027241,249.89523490706,386.739158253104,,,,,
3.8646,1417.74363831889,247.660348383897,384.009446068529,,,,,
3.16095,1422.24529828632,239.277466544589,376.899699053983,,,,,
3.1757,1421.44598679903,250.231675569514,387.199606103226,,,,,
3.1525,1417.2759500734,245.933572815618,382.365212947504,,,,,
3.1442,1423.00534758476,250.510754527822,387.525028778976,,,,,
3.2579,1409.54375493947,249.981455850284,387.080312411886,,,,,
3.6121,1413.91207820992,246.27313773355,376.513140811765,,,,,
3.1291,1423.74560187575,243.230380155461,377.117526345267,,,,,
3.8105,1418.89056542735,239.682697906704,376.63759502114,,,,,
3.9689,1413.94038858964,249.795402511376,386.892183747498,,,,,
3.5182,1413.47381658021,249.236063338674,380.865909397388,,,,,
3.3435,1422.93417405096,247.100467290555,377.102074185622,,,,,
3.34715,1422.75845429248,237.906433063952,376.922556436065,,,,,
3.08245,1432.97544584011,251.399288485738,388.150661305766,,,,,
3.97,1413.82266821835,249.827347013185,386.829963672666,,,,,
3.3196,1413.34262645283,249.808423754241,386.977142841532,,,,,
3.1634,1417.07432066653,248.46684804091,384.726068953121,,,,,
3.5978,1408.85412810635,250.00608706712,386.999076219288,,,,,
3.19315,1415.62803815396,242.194188728735,379.649217742075,,,,,
3.4983,1424.08809826779,246.98702587523,376.93940495916,,,,,
3.6437,1418.70043675132,245.316990127829,376.517689386048,,,,,
3.28955,1409.48586706348,249.903807113883,386.712167733212,,,,,
3.07915,1438.38322157259,240.176370804511,378.569447234749,,,,,
3.4365,1418.96593302004,246.907954054906,376.763425953431,,,,,
3.3649,1417.81474391221,245.939090943537,376.469357044243,,,,,
3.90885,1407.87302366639,249.838851180616,385.861691753669,,,,,
3.30655,1418.84043952535,241.687735008119,379.281385743118,,,,,
3.09265,1426.7434574492,251.121118275892,388.00357756309,,,,,
3.4353,1408.91230244352,249.944577338056,383.103319144572,,,,,
3.364,1417.93092812904,247.720193310308,377.769009827953,,,,,
3.15795,1422.36670988519,247.523266154078,377.361814833491,,,,,
3.17205,1426.7109937517,239.496200414574,377.973387981135,,,,,
3.88285,1417.66292825268,238.677265476733,376.403344036095,,,,,
3.22545,1414.52042965171,248.724349835747,385.08041157473,,,,,
3.86685,1417.71643213702,249.784950511144,386.795831262945,,,,,
3.6625,1413.63597148275,249.393012445414,381.314632772811,,,,,
3.93055,1413.77609443086,249.525190515075,381.838885861079,,,,,
3.5214,1418.47226645183,240.861450600628,376.466495876086,,,,,
3.10925,1434.86494328047,240.276665332606,377.16476865327,,,,,
3.2532,1414.42512457226,241.20831476702,376.556562830192,,,,,
3.8424,1420.60147960742,239.057829867688,377.656009971501,,,,,
3.77785,1413.68031449317,245.091900099337,376.528251804776,,,,,
3.06515,1440.38639936854,248.719242862149,378.239727335882,,,,,
3.19475,1415.64308545539,249.349224741819,385.88227762708,,,,,
3.54825,1412.87891891802,249.74926844812,384.8761853473,,,,,
3.13525,1418.60149848022,250.591308998954,386.760336843311,,,,,
3.12545,1418.81924741544,250.624447401135,385.480693482677,,,,,
3.075,1438.93475719454,250.344716455635,380.60003463208,,,,,
3.92775,1408.69375098668,249.793366451716,386.877083692238,,,,,
3.40495,1417.99856007054,248.844983487671,379.676357215153,,,,,
3.75705,1413.26496289217,245.562839826847,376.491184324684,,,,,
3.16365,1417.0928788127,249.2026630173,385.579161634395,,,,,
3.7273,1417.36327172221,242.238115125407,376.406780290529,,,,,
3.70815,1422.28552817559,238.005533536301,376.986222183412,,,,,
3.7245,1417.44698656021,249.176876169512,380.559190581794,,,,,
3.26335,1414.57956836253,241.916128558301,376.562135757548,,,,,
3.92785,1408.7162236558,249.810921964818,386.919725917864,,,,,
3.0291,1449.51617895739,249.715962215954,385.440114025983,,,,,
3.12475,1418.8218271945,250.591686596307,387.037784735195,,,,,
3.3256,1418.35872137989,240.227332232692,376.449632707172,,,,,
3.47375,1414.37270156744,249.969077123636,386.876285844106,,,,,
3.3663,1417.77617535054,242.483133196685,376.456504490075,,,,,
3.98135,1413.62151682384,249.908244817989,385.17704298588,,,,,
3.30575,1423.91051640259,237.803744030423,376.791995825131,,,,,
3.25935,1409.53188174134,249.966353848987,385.457187547453,,,,,
3.0856,1437.49337709016,249.031178121166,378.708845755068,,,,,
3.43035,1413.67496353864,242.045861969562,379.467646990081,,,,,
3.8687,1417.71925735026,249.460029886356,381.633604290419,,,,,
3.7075,1422.25746568815,238.68381514427,376.302527555562,,,,,
3.37415,1417.94382380342,248.161715166237,378.687196570047,,,,,
3.0245,1485.57348037197,248.758843837127,378.4760110974,,,,,
3.3759,1417.82514153794,244.414407422362,376.385230691643,,,,,
3.9983,1413.61882412055,246.260834044503,382.58042300968,,,,,
3.2374,1414.48262497143,249.96517644947,387.021300317701,,,,,
3.0171,1494.56974436379,223.271713458148,379.361024480813,,,,,
3.1976,1415.65903358906,250.11306852981,385.202469630812,,,,,
3.34685,1422.75845429248,237.669596623079,376.437788000537,,,,,
3.03255,1449.08832986433,252.487509808636,387.126801035557,,,,,
3.33755,1418.11157032896,241.92300374174,379.3945941952,,,,,
3.66435,1418.53838561402,245.20152643161,376.437911423274,,,,,
3.50065,1423.80132098678,241.384090765886,376.530883859954,,,,,
3.7912,1414.0080464271,241.462822224182,379.100937336471,,,,,
3.924,1413.49754253127,239.399162821529,376.543419012501,,,,,
3.9088,1407.86963067698,249.83622710909,385.962402686904,,,,,
3.24205,1419.25425177195,244.116759520075,376.569868603721,,,,,
3.9407,1408.75113116962,249.691482534059,382.694592461894,,,,,
3.8659,1417.84254153146,249.785056545133,386.915131067101,,,,,
3.10675,1435.12012639186,247.318769017876,377.240109825566,,,,,
3.39,1412.97207886892,247.020966348981,383.295358261148,,,,,
3.9554,1413.98404841735,238.013739154262,376.765022720743,,,,,
3.00195,1734.5554857331,6.44342560217621,387.662939938035,,,,,
3.6561,1418.45616660285,238.149946700801,376.446072590433,,,,,
3.5177,1413.44960924294,249.767095339835,383.467998102084,,,,,
3.5481,1412.87891891802,249.739745976683,385.310661722936,,,,,
3.16075,1422.24236822787,240.15635936015,376.896955364003,,,,,
3.90615,1407.68490826674,248.674004273667,385.097941960135,,,,,
3.62535,1414.10389596559,237.87034498161,376.648186853471,,,,,
3.18895,1420.88108494615,247.14343479179,377.020761570478,,,,,
3.1551,1417.30370395223,250.382492600025,387.32403065252,,,,,
3.66975,1413.47574379767,249.743648718329,386.748334348777,,,,,
3.87055,1422.56715853232,245.268668849826,376.373024741419,,,,,
3.24025,1419.43203445075,247.767455191281,377.867875578313,,,,,
3.33445,1423.31175860096,244.895892489821,376.398758909139,,,,,
3.10565,1430.34845785911,250.398139135693,381.896478835966,,,,,
3.8651,1417.74431005824,249.055752663587,385.665909656951,,,,,
3.2066,1420.15634006223,250.005916393233,387.070891611189,,,,,
3.1482,1427.63840479831,246.682829217566,376.951353913172,,,,,
3.65345,1418.58747979957,246.123666536622,376.460536875546,,,,,
3.35425,1417.84530587427,246.388772957905,376.46698791505,,,,,
3.03245,1449.11896218572,252.480530389303,387.411038623382,,,,,
3.4061,1417.90531715941,246.055339526977,376.539127707126,,,,,
3.33105,1413.42920171222,249.752838587067,386.323737910305,,,,,
3.88805,1412.69226934976,249.670066532409,386.107154914753,,,,,
3.82285,1413.7306645621,245.575324587858,382.090941852386,,,,,
3.78765,1414.03738221349,246.023629348287,376.511769016689,,,,,
3.336,1423.20178640882,239.801467187402,376.380406351585,,,,,
3.99,1408.75014350712,250.069205011982,387.08322438723,,,,,
3.3284,1413.28832859852,247.918143112531,384.301802472295,,,,,
3.5786,1408.2124793913,249.74531283759,386.248398554265,,,,,
3.30835,1418.72373409484,249.385490609007,386.113266261971,,,,,
3.62265,1414.10332245553,246.029411541908,376.515973350608,,,,,
3.415,1413.20422738535,249.322439905401,381.283209250866,,,,,
3.9977,1413.62947452896,242.913009418888,380.024722788963,,,,,
3.95955,1409.08081561894,250.026517312691,386.944417164149,,,,,
3.1011,1430.74655517697,247.274398504233,383.472835744938,,,,,
3.0018,1734.55834281582,6.26434821824827,388.235763391953,,,,,
3.4001,1412.84549081423,245.914880539792,382.283611153334,,,,,
3.2211,1419.65272759785,244.952608667759,376.579563574859,,,,,
3.0895,1431.99324381659,240.10804298265,378.53996463567,,,,,
3.37435,1417.94382380342,247.38721952945,377.512495901771,,,,,
3.33165,1413.44636361876,249.783512655759,385.004538583613,,,,,
3.78715,1414.09129429797,246.710838892553,376.672679619801,,,,,
3.808,1418.98617047686,246.568577945758,376.662312015533,,,,,
3.19715,1415.65679215788,250.084857367265,386.299228744249,,,,,
3.867,1417.71643213702,249.777237844383,386.691007971626,,,,,
3.9419,1413.80254706828,246.549397494256,376.564790286107,,,,,
3.58255,1413.36330031803,243.444985424363,376.437490400728,,,,,
3.3005,1414.35711704854,249.943425258777,385.732159836265,,,,,
3.64425,1418.68246888869,244.028454670733,376.508637711532,,,,,
3.6701,1413.49986286301,249.825411480674,386.937308457949,,,,,
3.89245,1417.64897548791,241.523178630558,376.340974467624,,,,,
3.3654,1417.81474391221,245.034190739681,376.461573085658,,,,,
3.7783,1413.68031449317,244.009374431435,376.526591460837,,,,,
3.9844,1418.62928633932,244.466863654484,376.452820803388,,,,,
3.86225,1422.89283928295,238.584860466748,376.415281366614,,,,,
3.09905,1436.08285872826,239.968966133722,377.36417421073,,,,,
3.6587,1408.37281227315,248.779184642725,385.257636324902,,,,,
3.66645,1418.47308390831,238.044543748754,376.449104202348,,,,,
3.8157,1413.84463071766,249.895429101587,386.52088959027,,,,,
3.5976,1408.78353312363,249.951515174751,386.873517799615,,,,,
3.21365,1419.66953493957,241.261949611293,379.023864437121,,,,,
3.197,1415.65679215788,250.081769142354,386.544883176213,,,,,
3.2095,1425.00695727069,247.164478471408,377.10276510793,,,,,
3.9741,1418.71503155288,244.431504227551,376.525720684583,,,,,
3.18315,1415.83240049039,244.095215368905,380.941141570295,,,,,
3.9935,1418.86551758582,246.721977715689,376.61894874001,,,,,
3.1371,1428.60018404584,248.491773227342,378.510974983023,,,,,
3.2458,1409.21664134112,247.668473934111,383.995591845945,,,,,
3.43185,1408.72332151122,249.081029795047,385.492095878196,,,,,
3.2491,1409.34763005295,249.891673473302,385.239328508443,,,,,
3.87285,1422.52500232274,237.651769565318,376.47391451452,,,,,
3.79075,1414.01593002143,238.775600161814,377.479323334401,,,,,
3.863,1422.84317891004,238.910621909989,377.556141177581,,,,,
3.9131,1413.04263357738,241.726898782192,376.475051039117,,,,,
3.83875,1423.23596983724,246.594891382767,376.573104576969,,,,,
3.7757,1408.66754687192,249.687899544837,382.681651418034,,,,,
3.1022,1430.66390695446,250.557605444604,387.134715740303,,,,,
3.84735,1413.05600986095,249.749207154637,384.805462829178,,,,,
3.6971,1422.78556282456,239.122709875772,376.34905625753,,,,,
3.62485,1414.10389596559,239.634174543344,376.512588261849,,,,,
3.9641,1418.93313005766,243.8082942372,376.63484095856,,,,,
3.0975,1436.27809317857,245.602891565125,377.401902567026,,,,,
3.39245,1413.06069101875,249.943519955356,386.849873264614,,,,,
3.82125,1418.8578029517,237.893886768331,376.637332930901,,,,,
3.33355,1423.42379252734,246.312159966077,376.426982755449,,,,,
3.66315,1418.67513628475,247.349624748306,377.385875753624,,,,,
3.30315,1424.13652134866,245.750291113705,376.57241333297,,,,,
3.5325,1423.37299197445,237.722599622508,376.494715139344,,,,,
3.71015,1412.19571371007,248.509445654578,384.900141514539,,,,,
3.3793,1407.79340254936,244.86436490121,381.530415192452,,,,,
3.96545,1418.91788441248,238.584737701345,376.635123293941,,,,,
3.78455,1408.87241466715,249.890263225103,386.753021478149,,,,,
3.07425,1434.01852780325,251.556762086697,384.773637932787,,,,,
3.3582,1412.68920958451,242.251742413543,379.569204410461,,,,,
3.89665,1412.71294618432,249.600943420848,386.669777019131,,,,,
3.782,1408.70723536631,247.413079332162,383.755707174446,,,,,
3.64355,1418.73959250076,245.592108001955,376.520926401114,,,,,
3.68555,1418.12081298624,243.809964497829,376.441717124728,,,,,
3.64405,1418.68246888869,244.550856087034,376.511462311809,,,,,
3.2548,1411.88867719608,240.678305955713,378.658112281739,,,,,
3.1269,1423.91681388024,248.096775911754,377.978645579115,,,,,
3.35715,1417.79914551432,237.929202893457,376.532083961838,,,,,
3.592,1413.66048348465,245.719446011198,376.552374101729,,,,,
3.4574,1414.40409232914,246.403836753875,376.616077765808,,,,,
3.4408,1411.22641361782,242.934053847068,380.063265407449,,,,,
3.968,1413.83343484509,248.571666971165,385.032551732661,,,,,
3.91885,1408.32228304827,249.931379177661,386.446408928092,,,,,
3.42425,1408.5079717247,249.839914899841,385.681074496658,,,,,
3.9867,1418.54918097192,238.734134828659,377.426475950892,,,,,
3.34575,1422.72161075045,242.025126084633,376.353372224094,,,,,
3.49585,1414.04929585773,249.912156821596,386.695009613009,,,,,
3.54195,1422.87989804549,241.038700892456,376.367749502601,,,,,
3.78865,1414.00690925921,243.982814740649,376.50397806162,,,,,
3.15285,1417.27498455988,247.617420113762,383.839781835784,,,,,
3.1104,1432.30216241844,241.234175091318,379.10896655108,,,,,
3.98515,1418.591996663,242.17601300564,376.448177355761,,,,,
3.0251,1480.27954225944,247.628847523908,378.41279529148,,,,,
3.8144,1413.90199983128,249.922777632888,387.058805227392,,,,,
3.76985,1418.47201506639,237.851307619461,376.826615956397,,,,,
3.15025,1427.44166074784,240.991994567151,376.907484123543,,,,,
3.1282,1423.79760955634,245.774911222536,377.127868084567,,,,,
3.66505,1418.47506602119,243.462271568048,376.428378718829,,,,,
3.6554,1418.43517998188,241.092137743535,376.43391365636,,,,,
3.58335,1413.37557237054,240.564605531597,376.445164796768,,,,,
3.4113,1407.89881468224,248.954234941694,385.570326484589,,,,,
3.69205,1413.06023231138,249.712789063454,386.209905280524,,,,,
3.55485,1412.87191468499,246.036181354812,382.500593857265,,,,,
3.02765,1454.77066122336,241.326726106868,379.457885183503,,,,,
3.08855,1437.09210379294,241.12591888277,377.57368872859,,,,,
3.0853,1432.53428822027,250.173709306087,380.521555400618,,,,,
3.9089,1407.87302366639,249.841897859909,385.754286033082,,,,,
3.0802,1433.15940377902,246.328885253105,382.61413590571,,,,,
3.04875,1436.96027343002,243.75598138561,380.8978691041,,,,,
3.96595,1418.92595781205,238.241823447387,377.184242682237,,,,,
3.07115,1434.41317245024,251.104243307691,387.362556782589,,,,,
3.9392,1408.65592208845,249.798840449004,386.689486328381,,,,,
3.7657,1413.63610601798,249.40059070947,380.972554715152,,,,,
3.5022,1423.7486968613,239.911105645081,378.183304864087,,,,,
3.90285,1417.64006046877,241.243218590249,376.343680091599,,,,,
3.3809,1408.03113709033,249.63102220679,386.638154918106,,,,,
3.1861,1415.82923359068,250.167111732556,387.115268889488,,,,,
3.31395,1423.35288136944,244.699994769444,376.444635533237,,,,,
3.47975,1419.14968600369,242.653264740112,376.605656101061,,,,,
3.57485,1407.97966338446,242.539671180747,379.827162965904,,,,,
3.0734,1434.15311131853,251.569185417468,387.374293795828,,,,,
3.6454,1418.64684280577,239.887956381902,376.50393670184,,,,,
3.5082,1423.54590943534,248.351486118775,378.87271946584,,,,,
3.45785,1414.32241166402,245.761466821656,376.607795982372,,,,,
3.6792,1413.16665258353,248.439353690429,384.857121017466,,,,,
3.4499,1414.09887129408,238.24950846178,376.697671944287,,,,,
3.4734,1414.29498883924,249.652560618847,386.308637777855,,,,,
3.6031,1418.71527457353,243.897769479933,376.565872117119,,,,,
3.0763,1438.72814880638,247.38187319679,377.725047017563,,,,,
3.76235,1408.36571315062,249.727339212478,386.532199465929,,,,,
3.46435,1409.49587936077,249.974571830892,387.062001106647,,,,,
3.52085,1418.47226645183,242.917016026154,376.463307925717,,,,,
3.40485,1417.99856007054,249.122414344965,380.299118923994,,,,,
3.83035,1423.62686425943,242.592068632555,376.457794260932,,,,,
3.90935,1407.87302366639,249.863997701328,384.455110495361,,,,,
3.03985,1442.98147606048,250.931511368316,386.764094839507,,,,,
3.0633,1430.45261239836,251.681320169382,387.095465745319,,,,,
3.3,1414.36535132882,249.928298099274,386.619850103335,,,,,
3.8796,1417.67301123944,247.729792436183,377.971275113039,,,,,
3.63155,1414.22418424728,249.547774734819,381.474593594886,,,,,
3.9479,1408.84210639383,249.766027359824,386.496678287399,,,,,
3.36465,1417.85222481339,246.277848010203,376.475114319995,,,,,
3.2306,1419.57158822742,246.386896030881,376.603626745027,,,,,
3.48385,1414.15600559772,249.825352041136,386.582363680685,,,,,
3.90015,1417.76939550108,247.969414578889,378.396477488211,,,,,
3.36055,1412.83082251423,249.899038820153,386.918372031069,,,,,
3.8656,1417.78652916447,249.668310909469,386.661809919172,,,,,
3.93695,1408.56175505337,248.224415044441,384.612002730551,,,,,
3.53315,1423.31681502577,239.861147476816,378.097343339641,,,,,
3.29735,1414.38066217464,247.707731215518,384.051487931102,,,,,
3.39375,1413.04310135307,249.957702057281,384.314614816988,,,,,
3.0742,1434.01852780325,251.572287360994,384.990502886294,,,,,
3.84145,1423.07454216084,239.360382945013,376.436232964813,,,,,
3.9374,1408.56877345732,249.269151785863,385.955540449598,,,,,
3.12265,1418.83687883124,250.022352243204,386.527849595342,,,,,
3.53445,1418.2177625916,247.088890445624,383.42791391483,,,,,
3.8998,1415.28278017503,249.061997326224,380.633312294373,,,,,
3.813,1413.81402410366,247.663001826861,383.998446885544,,,,,
3.8451,1413.11038279119,249.682702438226,386.771213705163,,,,,
3.8428,1415.48920115796,241.411467385651,379.097664836321,,,,,
3.64095,1413.80613592595,249.853459116471,385.279922126796,,,,,
3.7465,1412.87130113187,245.690613905939,376.377416949808,,,,,
3.47995,1419.14881109756,241.91031281323,376.605502830601,,,,,
3.32845,1413.29468606412,248.084009082098,384.483551592437,,,,,
3.2392,1414.38612385952,249.937381661661,383.77168778639,,,,,
3.6394,1413.9656978644,249.869930719666,386.987332758245,,,,,
3.36395,1417.93092812904,247.909863828223,378.043893928029,,,,,
3.724,1412.43244043424,249.783791725461,383.230596817038,,,,,
3.78235,1408.70723536631,248.6000995598,385.036468323135,,,,,
3.12945,1423.74556660186,241.915175860551,377.116612093903,,,,,
3.7419,1407.67302853236,249.577609497314,386.635272627867,,,,,
3.80345,1414.03315912726,249.650930545365,386.332965302369,,,,,
3.81865,1418.88903458154,245.980035044753,376.55677288632,,,,,
3.2781,1409.51198867495,249.917286573604,387.0009444649,,,,,
3.08345,1432.74484407827,251.357233629395,387.61573765646,,,,,
3.02495,1480.27954225944,247.959081798174,378.427203285526,,,,,
3.42795,1413.64826212003,243.16959622826,376.454513192923,,,,,
3.9078,1407.82803368757,249.862394286143,386.930533663572,,,,,
3.7099,1412.19571371007,247.699402060297,384.001553009778,,,,,
3.53645,1418.27680351913,249.774033319855,386.902817048737,,,,,
3.8821,1417.60384633867,241.766693755431,376.393950738837,,,,,
3.91195,1413.01768079688,245.138540933423,376.468519054389,,,,,
3.3291,1413.35713288948,249.456325623978,386.303886170758,,,,,
3.44095,1408.71221803814,243.827713967919,380.691076634973,,,,,
3.18065,1426.01259928711,242.799769617405,376.726087363921,,,,,
3.6942,1423.08790092576,246.911836298,376.90040313009,,,,,
3.65245,1418.54667936423,248.785654832074,379.742474216961,,,,,
3.44275,1408.91359512326,249.881946660246,386.746266757974,,,,,
3.0836,1432.69077330997,251.35678261496,387.404508991058,,,,,
3.7656,1413.61707879181,249.574400807241,381.545485429021,,,,,
3.40975,1412.83587024782,241.981700092214,379.471426293334,,,,,
3.56855,1413.07093552989,249.697153178837,385.736036441039,,,,,
3.24635,1409.22076208591,249.200396730321,385.809698050746,,,,,
3.3838,1410.65735973401,249.624952318698,382.637174588069,,,,,
3.3245,1418.34990139271,244.111454385786,376.446449541415,,,,,
3.99715,1418.7002653573,239.657825036534,377.958860182997,,,,,
3.44145,1408.7215602195,246.535842918721,382.83529860556,,,,,
3.9162,1408.09283623208,247.950017178822,384.212177664064,,,,,
3.4873,1414.1162210501,249.432212451872,380.772834922001,,,,,
3.00325,1734.5473380886,20.8555529030072,380.40668225206,,,,,
3.9642,1418.93313005766,243.500944277372,376.633735328579,,,,,
3.79985,1419.08824484383,241.124195854908,376.587957659455,,,,,
3.9226,1413.44418126595,244.38648200323,376.530410844728,,,,,
3.321,1413.29559457867,249.774595182586,385.862957030648,,,,,
3.7317,1412.5030920961,249.602862893043,386.69914974328,,,,,
3.155,1417.30370395223,250.387587486237,387.361149748052,,,,,
3.6596,1408.49918540262,249.798427030883,386.886454443442,,,,,
3.803,1414.01868017857,248.783387725272,385.128245381475,,,,,
3.2674,1409.56966398864,249.833888077335,386.693622307876,,,,,
3.23215,1419.46002981992,242.906833517015,376.578867918032,,,,,
3.313,1423.46393755237,246.307100901226,376.4724203658,,,,,
3.46185,1409.25376762438,245.33194791718,381.897838074454,,,,,
3.35625,1417.74560241423,241.520691028284,376.44860658372,,,,,
3.38735,1418.07880771148,240.728514872552,376.397080764309,,,,,
3.0828,1432.7865372372,251.387971156565,388.086425227917,,,,,
3.5851,1408.3520874547,242.38744198823,379.712185293502,,,,,
3.96645,1413.88546353467,240.908569060332,378.795582647293,,,,,
3.41175,1408.04230853389,249.570061057392,386.541341185862,,,,,
3.36685,1417.79738835569,240.35765163606,376.459503534743,,,,,
3.2292,1414.58090070278,249.829265727091,382.354861868021,,,,,
3.09475,1426.55127251998,251.103270670169,385.011059339022,,,,,
3.00365,1734.37091464816,35.7692765342433,379.913909835474,,,,,
3.1039,1430.47391535407,250.889413186026,387.524394434093,,,,,
3.05025,1436.83747636006,250.81916150691,386.886954056649,,,,,
3.84695,1413.05600986095,249.723399960795,385.853236932038,,,,,
3.076,1438.72814880638,247.831103592052,377.739843056795,,,,,
3.65375,1418.48955872081,245.6922843645,376.452459994541,,,,,
3.9077,1407.83765235817,249.866544769638,386.955204783569,,,,,
3.1088,1434.86494328047,242.174095494107,377.170508224781,,,,,
3.94425,1413.7568364867,240.826230523384,376.484883899013,,,,,
3.49885,1423.92144511228,246.120314718496,376.568257992443,,,,,
3.425,1408.59792873729,249.75584099644,382.978548219823,,,,,
3.1816,1425.99291515786,238.945138712044,376.719669316531,,,,,
3.5184,1415.97733834291,248.722649278936,379.625767790879,,,,,
3.26495,1414.56066190974,239.760171570973,378.058240814208,,,,,
3.9779,1413.60098689268,247.219398398974,383.575279250003,,,,,
3.8286,1423.8024688804,246.429794199244,376.501142006141,,,,,
3.93905,1408.65592208845,249.806445580437,386.79716764394,,,,,
3.8472,1413.05600986095,249.740507254693,385.254141863025,,,,,
3.3066,1418.82626604115,241.989746140564,379.478927572831,,,,,
3.7338,1412.4968774781,249.648097159283,385.039813863959,,,,,
3.2099,1424.90434174378,246.434954374778,376.615158726359,,,,,
3.2086,1420.04236918459,249.768558835788,382.231206906913,,,,,
3.5118,1423.38540132597,237.87620758948,376.470349853095,,,,,
3.56475,1412.92920916352,243.765674111202,380.700344209801,,,,,
3.06725,1439.99256391837,244.06731178969,377.757831885297,,,,,
3.23245,1419.45982544332,241.820962647858,376.578084717817,,,,,
3.79015,1414.06397053994,238.355981853228,376.524111596458,,,,,
3.9544,1413.936883789,241.698504624567,376.583722302348,,,,,
3.4897,1419.04323737386,243.849979714737,376.659170648496,,,,,
3.16905,1426.94604598023,246.179445476176,376.829543352985,,,,,
3.0806,1433.0935574801,248.352351980151,384.316083822841,,,,,
3.98525,1418.591996663,241.807554144727,376.448184713438,,,,,
3.3871,1418.07880771148,241.709642725948,376.396189661684,,,,,
3.01895,1493.46086428822,250.020711903986,386.318397522359,,,,,
3.32135,1413.29559457867,249.798093873683,384.961988842512,,,,,
3.18745,1415.79563773217,250.178688265656,384.690315298134,,,,,
3.7892,1414.0063403188,242.228745246879,376.505618534709,,,,,
3.37535,1417.88197792946,245.531975861091,376.392358845972,,,,,
3.3153,1423.300786648,240.164847049912,376.429530550899,,,,,
3.6506,1413.52776273298,249.790387427339,386.538609920208,,,,,
3.74695,1412.84585814877,244.891471931035,376.374851761604,,,,,
3.7267,1417.36884920578,244.118790247236,376.408180769177,,,,,
3.6732,1418.39363771529,248.375554458583,378.921388471632,,,,,
3.6256,1414.08427193684,238.166008981026,377.081095729899,,,,,
3.10325,1430.66825530828,250.920869430223,387.836135966415,,,,,
3.2208,1419.65272759785,245.564329178948,376.584041809114,,,,,
3.88225,1417.60384633867,241.192359253681,376.394841034396,,,,,
3.65585,1418.45616660285,239.221148401004,376.436876982353,,,,,
3.3096,1418.69475903919,249.876605655002,387.006719784086,,,,,
3.78375,1408.87928674277,249.9246634133,387.080351295124,,,,,
3.56365,1418.00430569468,237.762687152896,376.808515608319,,,,,
3.0645,1435.41575752734,250.961882798703,381.891154649188,,,,,
3.84,1423.12146021706,244.487583392046,376.448481804103,,,,,
3.04145,1442.94323853773,252.197729278831,388.710638229316,,,,,
3.93325,1418.60944576956,243.272787120817,376.467287804051,,,,,
3.088,1437.11433493284,243.388092819227,377.584211962931,,,,,
3.47405,1414.39448704422,250.06470166765,387.09011722391,,,,,
3.30295,1424.13652134866,246.064251515472,376.580196235492,,,,,
3.26945,1409.65025301303,249.974890367464,385.933516287238,,,,,
3.48325,1414.07563869349,248.713082560415,385.02849866327,,,,,
3.5242,1413.43200114646,247.393736300809,383.760316478777,,,,,
3.77775,1413.68290220865,245.29191724013,376.528997407933,,,,,
3.86735,1417.71643213702,249.768760525904,386.296707764877,,,,,
3.53025,1423.48373055697,245.218136501921,376.419049822571,,,,,
3.0498,1436.84206622764,249.385452522677,385.288012345952,,,,,
3.40295,1412.94174517356,249.875833960313,386.642316765495,,,,,
3.74075,1407.4827789251,247.17013552804,383.548218505849,,,,,
3.99945,1413.65851073301,249.673468324876,386.386539118852,,,,,
3.85515,1413.05373253762,249.570115462461,386.504198783557,,,,,
3.00405,1734.25646474853,49.0191353774095,379.891560126077,,,,,
3.36385,1417.93092812904,248.307808197904,378.66757346189,,,,,
3.8871,1412.72285690291,249.703785286473,386.870248046063,,,,,
3.44795,1413.99290426116,245.11926222068,376.660757992878,,,,,
3.05965,1430.6635061047,247.037715695065,383.230681624166,,,,,
3.44495,1408.92073358413,250.014397138485,385.509340497131,,,,,
3.3422,1417.95073361528,249.743760849386,384.133953306398,,,,,
3.9883,1408.49266340643,247.729021856873,383.932266360255,,,,,
3.5112,1423.33955260556,240.371480329023,376.427991527702,,,,,
3.37365,1412.93573806752,249.409373339594,381.736747598386,,,,,
3.85035,1418.08884785122,244.343690890178,376.468395177958,,,,,
3.7707,1413.39553687823,242.034382750779,379.506720356796,,,,,
3.20945,1425.01746251507,247.31890433143,377.280019973552,,,,,
3.2319,1419.46002981992,243.709586064179,376.580550104244,,,,,
3.78575,1408.95113729381,249.898012211688,383.935088702976,,,,,
3.89975,1412.78593441103,249.162255725699,380.929842082142,,,,,
3.2373,1414.48951945731,249.968929727108,387.042058496977,,,,,
3.7841,1408.8729251514,249.913097220085,387.014321409722,,,,,
3.3546,1417.80046389439,245.931480131905,376.458877397406,,,,,
3.2794,1409.43029198518,249.893990410724,386.503377908077,,,,,
3.2411,1419.32630144599,246.075058974483,376.586638022473,,,,,
3.9137,1413.11861413679,239.231932756203,376.487343472135,,,,,
3.8972,1412.77107922684,249.685523131253,386.863698617899,,,,,
3.9228,1413.44278990595,243.839864259658,376.530400482082,,,,,
3.686,1418.09823195995,242.377028412727,376.438794935767,,,,,
3.8531,1412.994647195,241.400431788599,379.127914841311,,,,,
3.5926,1413.65100812556,244.422950435462,376.548106690872,,,,,
3.19795,1415.66897361226,250.088253496824,383.918637398252,,,,,
3.07495,1438.93475719454,250.509874902303,380.924985951632,,,,,
3.2551,1409.37373381076,242.493997354272,379.824137803642,,,,,
3.92995,1408.73107917497,249.816714337841,384.521612186808,,,,,
3.3745,1417.94076060059,246.89081955253,376.896490154961,,,,,
3.66165,1408.56938434601,249.820331650405,385.047875987082,,,,,
3.70415,1422.48787719865,248.170234154026,378.71101280824,,,,,
3.6787,1413.16435880846,246.581035095769,382.95315407069,,,,,
3.23045,1419.63015669346,246.562117093988,376.608483247994,,,,,
3.2161,1414.73633902924,249.963118287787,387.017049082346,,,,,
3.77495,1408.59069944589,249.811579820916,385.488133721341,,,,,
3.63785,1413.87614024213,248.194732086103,384.538412890308,,,,,
3.1066,1435.21665371431,247.500676565818,377.270583293982,,,,,
3.64235,1418.81955955625,248.064921486899,378.392773964606,,,,,
3.38255,1408.02767876709,249.726028358405,386.38092031425,,,,,
3.6238,1414.0573477061,243.549455961116,376.505163520429,,,,,
3.7699,1418.47201506639,237.913870144915,376.911435552437,,,,,
3.1382,1428.41177423201,246.315785107886,377.072759565606,,,,,
3.74295,1407.65199598043,249.670643452753,386.775456944532,,,,,
3.41695,1413.23070882083,244.912488737331,376.476419589828,,,,,
3.35785,1412.68920958451,240.163818649175,378.245031801883,,,,,
3.4571,1414.40409232914,246.877066284938,376.846533658119,,,,,
3.04475,1442.40477419932,248.793977104841,378.255723023179,,,,,
3.5722,1418.01523796223,243.464592428943,376.382355452874,,,,,
3.44895,1414.00565026173,242.145286787142,376.662461470493,,,,,
3.06765,1439.92603945922,242.522480060138,377.747387354697,,,,,
3.0761,1438.72814880638,247.69338788549,377.734695638289,,,,,
3.80665,1414.02003962851,249.885300442074,382.677791998803,,,,,
3.603,1418.71527457353,244.181584266933,376.567088326893,,,,,
3.37965,1407.83588682214,246.634900848569,383.024095876442,,,,,
3.12755,1423.87020679195,246.881959668271,377.1425709607,,,,,
3.0826,1432.89854837655,251.39615789314,388.134168137826,,,,,
3.5525,1417.92897789368,240.13213390147,376.409494190067,,,,,
3.00035,1734.6989720452,0.687129256819142,390.566536627858,,,,,
3.98685,1413.51470570789,239.60426719244,377.934124098914,,,,,
3.06145,1430.62284158858,251.671421892691,388.365788432721,,,,,
3.5557,1412.92833180327,248.969885234389,385.591362704513,,,,,
3.22635,1414.57251626263,249.985474005418,386.973044164189,,,,,
3.9327,1418.62338653812,244.760743375001,376.474033360002,,,,,
3.4625,1409.27384219215,248.20190347491,384.54231566077,,,,,
3.1322,1418.57720579089,247.749913071782,383.950768716767,,,,,
3.02655,1464.98948853925,242.609014369543,378.312625867373,,,,,
3.10495,1430.36631404629,250.915865767406,385.28292872742,,,,,
3.9168,1408.21169578637,249.448191518992,386.066953137689,,,,,
3.52185,1418.53240329534,238.934370822295,376.473760364244,,,,,
3.78065,1413.71855158299,239.964351239241,378.238072980649,,,,,
3.8491,1418.17713544583,246.460990586126,376.533604590822,,,,,
3.65195,1413.53975286125,249.677438344555,382.620888293326,,,,,
3.069,1434.71500368586,241.160535194016,379.173841722736,,,,,
3.3012,1414.3467378669,249.88535209375,383.265875104334,,,,,
3.9463,1408.71609848376,243.948672532911,380.800671941976,,,,,
3.9909,1408.73823133063,250.030608465416,386.657309908711,,,,,
3.65045,1413.54434886568,249.795731608814,386.68579766381,,,,,
3.9061,1407.68490826674,248.539549545613,384.934729311941,,,,,
3.50845,1423.54430174237,247.386649322195,377.422093420061,,,,,
3.52375,1413.42868530326,245.291035800571,381.887404470993,,,,,
3.8101,1418.88090583035,241.356447895687,376.634509581644,,,,,
3.76995,1418.47201506639,238.01743049766,377.009641559817,,,,,
3.5645,1412.93818043157,242.278245283551,379.658573838519,,,,,
3.91165,1413.02718055108,245.692658879991,376.46982384364,,,,,
3.8328,1418.46016420005,243.378247543649,380.368757095042,,,,,
3.9915,1408.75404840729,250.046096246187,385.622977973797,,,,,
3.65555,1418.43899047435,240.486654323637,376.434365752995,,,,,
3.57235,1418.01523796223,243.000216240045,376.381748287836,,,,,
3.4308,1408.63661092826,244.767057860969,381.385634907788,,,,,
3.47285,1414.29072591871,248.445763395061,384.725794012058,,,,,
3.0356,1453.58592574238,247.01161203517,378.267084765569,,,,,
3.70425,1422.48787719865,247.771111776053,378.066755823886,,,,,
3.7687,1418.43355927242,241.85914756752,376.565002941783,,,,,
3.22125,1419.65272759785,244.596244493317,376.577790049484,,,,,
3.90725,1407.85076994312,249.86261091345,386.96290967963,,,,,
3.9305,1413.76823597223,249.584080856915,382.10647619967,,,,,
3.68295,1413.1893359686,249.607821924239,382.264854428624,,,,,
3.507,1418.5465098289,249.869516957641,384.99659888835,,,,,
3.5663,1412.98366495325,249.386836322151,386.242016667579,,,,,
3.8619,1422.89283928295,240.099326881926,376.413011924911,,,,,
3.815,1413.86881439886,249.925999772825,387.031840047089,,,,,
3.1479,1427.63840479831,247.044782900339,376.967074882004,,,,,
3.1014,1430.74107844261,248.589683594703,384.701308958982,,,,,
3.51435,1413.30787223987,248.831976784326,385.362162191818,,,,,
3.28325,1414.45110222035,244.232379395978,376.589552057403,,,,,
3.624,1414.0573477061,242.91681604983,376.50513734784,,,,,
3.0364,1453.49886787601,244.487236108013,378.236592095784,,,,,
3.2244,1414.52770774323,243.971438285362,380.834062727179,,,,,
3.72995,1412.32340478135,244.78734668006,381.430187675194,,,,,
3.0849,1432.53428822027,251.081531035989,382.923863799057,,,,,
3.5152,1413.42839476617,249.779336934468,386.892866690649,,,,,
3.95605,1413.92150784385,240.595444954042,378.526724550288,,,,,
3.1261,1418.84319030464,250.379249665044,382.692215809198,,,,,
3.9476,1408.78547068051,249.328193818913,385.821137068953,,,,,
3.49595,1414.04929585773,249.909475486185,386.584498215001,,,,,
3.03395,1453.93171337034,250.407233822761,379.890098785873,,,,,
3.44325,1408.94521858647,250.03281080801,387.077751306592,,,,,
3.04535,1442.3900310667,247.984375811953,378.22167662992,,,,,
3.69775,1422.72818092127,237.795464104275,376.819659869744,,,,,
3.48055,1419.16705952445,239.402869285291,376.609977358895,,,,,
3.29875,1414.46480974972,249.954771175389,387.092021766155,,,,,
3.08645,1437.416548787,247.437118898296,377.639854771139,,,,,
3.56665,1413.07790142664,249.650888137224,386.739622376328,,,,,
3.2748,1419.47319456687,237.905452780152,376.818694669399,,,,,
3.9605,1409.06477323354,250.016877050804,385.739053530109,,,,,
3.1993,1425.68416980933,246.991248859204,376.891755349868,,,,,
3.5521,1417.91895647563,241.737726266197,376.406058114794,,,,,
3.04955,1436.89274489215,248.278304993593,384.259466878524,,,,,
3.5046,1418.66704314504,249.704004037865,386.674935921053,,,,,
3.6073,1408.67048117322,249.105122812557,385.712784476809,,,,,
3.8941,1417.63161771084,239.768009288677,378.027744357048,,,,,
3.9484,1408.84896020604,250.047523045271,387.054229753947,,,,,
3.55505,1412.87191468499,246.952764447108,383.331925901164,,,,,
3.08045,1433.13660132782,247.646872734714,383.687598513144,,,,,
3.7455,1412.83435430193,247.783153960465,378.122113312567,,,,,
3.85225,1418.10918635805,237.689943758633,376.627751293807,,,,,
3.34035,1418.13547753627,249.755380881535,386.910975041332,,,,,
3.0386,1443.15051838011,245.045560459017,381.680096072503,,,,,
3.45695,1414.40409232914,247.305435892838,377.307562349748,,,,,
3.56555,1412.94612003659,247.662118014437,384.04203843383,,,,,
3.31895,1413.32783271716,249.624220141297,386.580471602171,,,,,
3.04405,1442.5423708281,250.971115165455,381.108676366367,,,,,
3.5842,1413.46695875486,237.749144453685,376.728083698818,,,,,
3.12105,1418.79526101875,243.210843780032,380.407119552847,,,,,
3.78645,1413.99583669527,249.057356470029,380.227586326392,,,,,
3.95495,1413.98404841735,239.432258441221,376.591446413147,,,,,
3.9751,1418.6880430109,241.151682775316,376.519940300951,,,,,
3.934,1418.59238280242,240.524384883798,376.465094196709,,,,,
3.8737,1417.44334939587,241.137068689699,378.877423449018,,,,,
3.7323,1412.54299687203,249.659950248222,386.82475941697,,,,,
3.10595,1435.30764896921,249.583119595631,380.000454640222,,,,,
3.96205,1419.15049922383,248.251425637592,378.501778832552,,,,,
3.67845,1413.16687232004,245.338984595471,381.891386307165,,,,,
3.59155,1413.71246476732,246.379770244604,376.559680563655,,,,,
3.16325,1417.07301885166,247.916482467015,384.155902418933,,,,,
3.11685,1429.12761097328,247.447065451193,377.233829538062,,,,,
3.70985,1412.19571371007,247.509693261061,383.807504160002,,,,,
3.369,1412.73585704674,244.853985671734,381.478034295229,,,,,
3.2063,1420.23835557444,250.01787176427,387.142139675631,,,,,
3.6189,1408.98977701158,249.904904351288,387.021830352285,,,,,
3.1115,1429.6066706835,247.458009321671,383.646164721173,,,,,
3.939,1408.65592208845,249.809161113906,386.826207710939,,,,,
3.2819,1414.51598026069,246.616182283022,376.645157743781,,,,,
3.94965,1408.86442939875,250.033084497876,386.68551606322,,,,,
3.27635,1409.3328576056,245.992655903551,382.414673184323,,,,,
3.4143,1408.09820472041,249.760505297032,384.530704053536,,,,,
3.74945,1412.96392183067,238.334061605086,377.227753815192,,,,,
3.559,1413.04373807638,249.680481181125,383.205358004874,,,,,
3.258,1409.54375493947,249.978045234201,387.062074243295,,,,,
3.71715,1417.29241691768,241.641402008312,376.397461901333,,,,,
3.98665,1418.56820864254,238.475688212647,377.273628408624,,,,,
3.7733,1408.60206478657,249.831722152754,387.003529943864,,,,,
3.16065,1422.23212870367,240.587273283473,376.895997844107,,,,,
3.1904,1420.77874055712,244.560487178404,376.728779296372,,,,,
3.4973,1414.07315281416,249.761096826942,382.498546143733,,,,,
3.62295,1414.0758680581,245.559904776878,376.511158842585,,,,,
3.87905,1412.62686590364,249.350866666859,381.395872817531,,,,,
3.0675,1439.96916268127,243.124911338878,377.750953918077,,,,,
3.63745,1413.8773832865,246.635846078258,382.979098387419,,,,,
3.18505,1415.90503473656,250.100159493782,387.048273011931,,,,,
3.269,1409.64800356379,249.968886663977,386.633532298361,,,,,
3.9928,1416.40253201448,248.965583799851,379.717115671005,,,,,
3.82035,1418.82359389824,241.44775337739,376.54141204845,,,,,
3.891,1417.69006064316,245.472109168848,376.352665289928,,,,,
3.64395,1418.68246888869,244.788525718841,376.513068399205,,,,,
3.38115,1408.03113709033,249.733282828614,386.858932958042,,,,,
3.87555,1412.50615366879,249.224482404129,385.934877124148,,,,,
3.5776,1408.22015723038,249.783775688973,386.932846539208,,,,,
3.7577,1413.2632032661,244.094221080157,376.489448359008,,,,,
3.42335,1408.49115939429,249.842711384394,386.886536871357,,,,,
3.5625,1417.98504144596,241.404237920935,376.395494746545,,,,,
3.13865,1428.32968852913,245.388040622755,377.058241198169,,,,,
3.878,1412.54995779253,249.717846138083,385.577827370082,,,,,
3.2809,1414.50947288649,249.537711569754,381.541282998479,,,,,
3.8497,1418.10520975058,245.666565595358,376.477000551451,,,,,
3.39295,1413.02352627072,249.927423127795,386.352887599816,,,,,
3.4631,1409.33883922565,249.558249117411,386.29730053035,,,,,
3.363,1412.8641712389,249.87751830784,383.486949610819,,,,,
3.9858,1418.62243576163,239.579539885789,376.451825995449,,,,,
3.0517,1436.69338218133,251.857540759172,388.557736433228,,,,,
3.71195,1412.25046534447,249.82707324353,386.86300332941,,,,,
3.0331,1449.01182739531,252.399269473497,384.977242048706,,,,,
3.52105,1418.47226645183,242.218990618795,376.463885609559,,,,,
3.8227,1413.73234684129,244.756602783747,381.442834443875,,,,,
3.53135,1423.39966460504,242.187290448548,376.399920788744,,,,,
3.6894,1412.98577630678,248.034202269358,384.425072668866,,,,,
3.55195,1417.91895647563,242.288077305828,376.405542746907,,,,,
3.39345,1413.02575635149,249.952926690855,385.300142716095,,,,,
3.1683,1427.13350649009,247.330933907037,377.18689679537,,,,,
3.02335,1491.09986552683,251.717470438839,381.972299473579,,,,,
3.1636,1417.08824170467,249.073519329739,385.419639975381,,,,,
3.72315,1412.38637197542,249.814900797773,385.942440141594,,,,,
3.73705,1417.43848730831,243.817322274296,376.340590782901,,,,,
3.71275,1412.24809114149,249.801966461249,386.108293798877,,,,,
3.64645,1418.68510252841,239.135690358963,377.715851139113,,,,,
3.3829,1408.05739294665,249.734698074084,385.792233531174,,,,,
3.92475,1413.48042439945,238.411833972542,377.235128930215,,,,,
3.9961,1418.6998283798,239.830178270007,376.556434218597,,,,,
3.7616,1408.31453063186,248.260358647624,384.538855688357,,,,,
3.4699,1419.38083008311,240.717356960584,376.532601174986,,,,,
3.97685,1413.60863884844,241.453582636592,379.16630708743,,,,,
3.2802,1409.43822934637,249.927510903122,384.710084401991,,,,,
3.80725,1419.01787311083,248.653053813902,379.179944635932,,,,,
3.5176,1413.4323622193,249.793924464818,383.892536017053,,,,,
3.5048,1418.71357651404,249.812519362929,386.897983149775,,,,,
3.8215,1418.84502352676,238.013829833447,377.016615193516,,,,,
3.1696,1426.88690451746,245.088349264533,376.812409778951,,,,,
3.35595,1417.74560241423,242.626552594722,376.447574127113,,,,,
3.37885,1407.79340254936,242.220571088767,379.622875216826,,,,,
3.99655,1418.71406925089,238.068392473752,376.625321148644,,,,,
3.49785,1424.08809826779,248.597580542296,379.237607567551,,,,,
3.40685,1417.84729167375,244.628660845841,376.527350125115,,,,,
3.3487,1412.648159193,246.765443278277,383.073766760762,,,,,
3.655,1418.43517998188,242.575030447204,376.43480178922,,,,,
3.62,1408.98577450589,249.871992892742,386.093517201519,,,,,
3.23235,1419.46002981992,242.196849547311,376.57818071546,,,,,
3.12745,1423.90716991855,247.008853663492,377.145613165667,,,,,
3.11265,1429.54106070021,250.465139022784,387.186245416296,,,,,
3.38235,1408.01525523205,249.731457356517,386.599300262886,,,,,
3.49555,1414.07758985199,249.926424579342,386.927420112953,,,,,
3.75385,1408.12747883747,249.886613514853,386.41986220668,,,,,
3.54455,1412.80337052773,246.099319206725,382.530720257822,,,,,
3.5001,1423.82703690117,243.335652779973,376.537355483964,,,,,
3.77085,1408.36415511218,242.934827899274,380.115846774447,,,,,
3.50915,1423.4708149458,246.045734969941,376.457198558835,,,,,
3.18295,1415.83240049039,242.899442326952,380.102987100542,,,,,
3.59305,1413.64611221657,243.094127976654,376.548059862141,,,,,
3.88005,1417.6903722719,246.414689195733,376.453519913391,,,,,
3.8419,1423.10762446542,237.707419459703,376.537693518142,,,,,
3.65055,1413.53279565035,249.791847983616,386.592056067221,,,,,
3.9873,1413.51470570789,242.374932916816,379.669195284808,,,,,
3.21575,1414.71564572383,249.762229084954,386.613819362412,,,,,
3.25985,1409.59221525864,249.942291774985,383.704953437771,,,,,
3.6682,1413.3700107559,245.679985026104,382.1448674546,,,,,
3.81015,1418.88090583035,241.155636016525,376.634693765778,,,,,
3.4222,1408.41066392905,249.75467057584,386.789516724313,,,,,
3.0516,1436.74539179704,251.860610854951,388.573558430549,,,,,
3.2851,1414.5176179819,237.874439571378,376.824740918566,,,,,
3.1059,1435.30764896921,249.75605640171,380.331226046575,,,,,
3.89315,1417.6673623701,238.659333073906,376.347942701964,,,,,
3.8108,1418.94163939041,238.383224472315,376.646933518647,,,,,
3.13035,1423.75814541485,238.534446569642,377.272800457529,,,,,
3.4123,1408.07584030144,249.764088297663,386.955765311036,,,,,
3.07165,1434.40478765018,251.540775209396,388.142736573744,,,,,
3.56275,1418.00843098649,240.39554631309,376.397659129837,,,,,
3.64415,1418.68246888869,244.297577592326,376.509986208663,,,,,
3.3201,1413.30679083686,249.791805491494,386.872583088301,,,,,
3.21645,1414.73465563939,250.008405740976,387.126142390532,,,,,
3.5485,1412.89474929326,249.742007489934,383.992789042561,,,,,
3.03575,1453.51106036765,246.616519391549,378.260742848189,,,,,
3.36805,1417.78539823012,239.333273756543,377.757600830042,,,,,
3.80835,1418.98617047686,246.119819149219,376.6524804853,,,,,
3.993,1418.88915308508,248.2213519769,378.409017594325,,,,,
3.4248,1408.59210832205,249.837440981036,383.881981994022,,,,,
3.3587,1412.68846936798,245.165898234715,381.67613364049,,,,,
3.54785,1412.87891891802,249.723244475776,385.887686873946,,,,,
3.0783,1438.44131490226,241.026449761893,377.663105288928,,,,,
3.83845,1423.30303438533,247.443704291975,377.496418381938,,,,,
3.177,1421.3276389389,250.237861010539,385.203533777919,,,,,
3.2295,1419.59618175392,249.338298598149,380.645841082184,,,,,
3.16695,1417.12228670023,250.314271719302,384.351415269912,,,,,
3.987,1413.51470570789,240.512869717499,378.48140165733,,,,,
3.7114,1412.3097767776,249.83945393924,386.946873227951,,,,,
3.48005,1419.14881109756,241.518482245997,376.605694043595,,,,,
3.08275,1432.81333721075,251.390319815857,388.10130492549,,,,,
3.272,1419.58337371261,246.175675494843,376.605789205588,,,,,
3.54315,1422.91100003873,238.111677447429,377.063050940668,,,,,
3.85065,1418.07096428138,243.518297324382,376.466357219791,,,,,
3.59375,1413.69057792251,240.454428681359,376.554240617973,,,,,
3.0972,1436.31094495902,246.304116431018,377.413426852507,,,,,
3.03325,1449.01182739531,252.279027996496,384.214693650695,,,,,
3.59095,1413.74819975702,247.61428175422,377.564221522623,,,,,
3.5246,1413.46726908541,248.682559654923,385.186805219649,,,,,
3.12815,1423.79760955634,245.880050737658,377.128749252266,,,,,
3.0231,1491.09986552683,252.288744634164,383.506743334575,,,,,
3.4941,1414.00109547127,249.60355076515,386.407702980593,,,,,
3.0406,1442.97967284667,252.079343400959,388.468610175007,,,,,
3.2234,1419.66958078077,238.220268290082,377.156975718974,,,,,
3.04595,1442.24823946331,246.724041480297,378.201674555449,,,,,
3.35265,1412.74703894132,249.892782609284,383.675526001478,,,,,
3.39925,1417.9073284077,241.020017495096,378.761868525832,,,,,
3.27275,1419.50100048928,244.78008831068,376.587391173955,,,,,
3.201,1425.41464853064,243.684250290417,376.664198621912,,,,,
3.4891,1419.07416105011,245.364222749493,376.665907443524,,,,,
3.30145,1419.35301566514,249.670439507983,381.997396553233,,,,,
3.4594,1414.30946686946,241.450567240708,376.604230278701,,,,,
3.4493,1414.00565026173,240.767775284551,376.666700826583,,,,,
3.46115,1414.29442083503,241.239775488611,379.013436370615,,,,,
3.5356,1418.25158981842,249.646094579021,386.637452862294,,,,,
3.6148,1413.94942186527,238.396397159525,376.514890105139,,,,,
3.3604,1412.78029933023,249.853818728616,386.815484841747,,,,,
3.77035,1418.47201506639,239.960049976453,378.200971671899,,,,,
3.43645,1418.97715241847,247.028512187252,376.875967297985,,,,,
3.3136,1423.4052157027,245.426997375155,376.452881656814,,,,,
3.3333,1423.480623533,246.793509551666,376.766052989305,,,,,
3.8096,1418.89025417006,243.186133946893,376.635163362579,,,,,
3.7705,1413.42495625203,240.837509333339,378.738417587389,,,,,
3.14965,1427.46405318226,243.296726355888,376.913752170751,,,,,
3.85845,1418.14867227131,249.373551464482,381.328176014817,,,,,
3.09445,1426.57689399756,251.111293534308,386.065194472218,,,,,
3.07635,1438.72814880638,247.295912489392,377.722755576894,,,,,
3.4045,1412.9652434406,249.705654588832,382.277507906828,,,,,
3.92865,1408.68763098758,249.803191676427,386.809402365225,,,,,
3.0413,1442.98644481889,252.202931371725,388.738459905214,,,,,
3.8301,1423.62686425943,243.416224308133,376.46119029644,,,,,
3.90865,1407.85095105408,249.831354904448,386.22670997797,,,,,
3.2686,1409.67062765758,249.987870384551,386.936815808724,,,,,
3.6893,1412.98367696275,247.691877469357,384.055610428153,,,,,
3.85245,1418.10409817207,237.902744458886,376.969077940929,,,,,
3.6516,1413.5208155447,249.816192144412,384.175167300434,,,,,
3.90195,1417.63773009552,244.176040016351,376.345172154084,,,,,
3.93765,1408.6472106466,249.58056384831,386.464817701893,,,,,
3.2966,1414.40934959482,244.002696499208,380.914312734088,,,,,
3.6663,1418.4699866817,238.652033446757,376.430588719471,,,,,
3.2607,1414.68075762266,248.447281670107,378.925490146549,,,,,
3.25615,1409.39663280483,247.898184647156,384.202949086239,,,,,
3.7169,1417.29241691768,242.554262424438,376.39655875198,,,,,
3.86215,1422.89283928295,239.024323580359,376.414267671509,,,,,
3.1541,1417.35198390746,250.306414586922,387.215901572,,,,,
3.43025,1413.67496353864,241.424461454712,379.066399475607,,,,,
3.91975,1408.3898998011,249.957733711972,384.175529935245,,,,,
3.5402,1423.02396690602,245.814158160589,376.398179589571,,,,,
3.52585,1413.61352798434,249.817153520819,387.000865329292,,,,,
3.5945,1413.69685268026,237.992494885493,376.805722686999,,,,,
3.2435,1419.25194644928,238.676609146093,376.571126396827,,,,,
3.18875,1420.88123404503,247.749318873535,377.721699754618,,,,,
3.80905,1418.90459185405,244.768171409454,376.640086348953,,,,,
3.1309,1418.62481876061,240.456284102589,378.6646290246,,,,,
3.95875,1409.09048368328,250.026803388556,387.023289865159,,,,,
3.3106,1418.58408708852,249.84651416979,386.113187760198,,,,,
3.06975,1434.55623721079,245.735442748391,382.163878208301,,,,,
3.3095,1418.73390100087,249.880316213121,387.027272442156,,,,,
3.4601,1414.36157494085,238.54335878551,376.616337400578,,,,,
3.62695,1408.98160041841,245.812272680387,382.232529675926,,,,,
3.66835,1413.3700107559,246.423302487061,382.783867766298,,,,,
3.51535,1413.42839476617,249.806765610208,386.958928452895,,,,,
3.15015,1427.44166074784,241.406523586494,376.908039781839,,,,,
3.14345,1422.96350965701,250.14736350102,386.810406160025,,,,,
3.0904,1426.82463879463,245.399640718397,381.965058589353,,,,,
3.93245,1418.67655785346,245.285828534743,376.478420245805,,,,,
3.2093,1425.02208570997,247.845260733034,377.971017308745,,,,,
3.5437,1417.82043983094,241.231012566679,378.95167877209,,,,,
3.76005,1413.30035781403,240.181000987689,378.279002109059,,,,,
3.6382,1413.87614024213,249.090398443086,385.646895942516,,,,,
3.91575,1408.08221923758,246.001499841086,382.387047979735,,,,,
3.0782,1438.44131490226,241.468232217915,377.664458644909,,,,,
3.50925,1423.4708149458,245.906244958087,376.454180755489,,,,,
3.20755,1420.0650249936,249.984916642952,386.062082466303,,,,,
3.20035,1425.51038448351,245.366642217997,376.678407515569,,,,,
3.28595,1409.38246717086,241.943919389773,379.468307541618,,,,,
3.3158,1423.33414661711,238.024535633807,376.446462990055,,,,,
3.66575,1418.46953184174,240.980451062178,376.425680543504,,,,,
3.06425,1430.39804843512,251.41468811211,383.35891876803,,,,,
3.0429,1442.60797751025,252.192159095885,386.74451315708,,,,,
3.4122,1408.07584030144,249.754691500324,386.932193673884,,,,,
3.8142,1413.89854399481,249.876087583063,386.949512269921,,,,,
3.9946,1418.7275234609,244.950856884656,376.560721055696,,,,,
3.47635,1414.25385904056,250.056491188605,384.031448590317,,,,,
3.5133,1413.27204191811,244.51658114877,381.257486313933,,,,,
3.16575,1417.13033582199,250.301353992491,387.07493609383,,,,,
3.0868,1437.24279377098,246.836183715933,377.624219343028,,,,,
3.2615,1414.67706537752,246.356823479959,376.57782431262,,,,,
3.5711,1418.0706158198,245.832600810889,376.396196410845,,,,,
3.89785,1412.69354070229,249.657240780855,386.642787421195,,,,,
3.8203,1418.82359389824,241.641615637154,376.541250955044,,,,,
3.8839,1412.55240856697,240.457257881587,378.48244456363,,,,,
3.61085,1413.88244684244,249.51697473493,381.841448939441,,,,,
3.40025,1412.84549081423,246.64218628157,382.919134528953,,,,,
3.13835,1428.41177423201,246.037728200048,377.067570905992,,,,,
3.6235,1414.07038658298,244.382901994508,376.50618147944,,,,,
3.80395,1414.13031621845,250.001991227342,386.997118761397,,,,,
3.06675,1440.00337792181,245.673658045103,377.774401757275,,,,,
3.7695,1418.44860444627,238.514602245631,376.571855125655,,,,,
3.8514,1418.06424998587,240.866065079678,376.466816548587,,,,,
3.6723,1413.36542881539,249.805279403047,383.83012583233,,,,,
3.6654,1418.47506602119,242.307155468783,376.426048451755,,,,,
3.7237,1412.41648308164,249.843592098561,384.448778011993,,,,,
3.24785,1409.32132819375,249.892034720795,386.969710677306,,,,,
3.31735,1413.20456230477,244.50824137398,381.251414280827,,,,,
3.22365,1419.5845737712,239.464448614914,377.914116449609,,,,,
3.41065,1407.86218170777,246.891135443386,383.274740932657,,,,,
3.3335,1423.44818466826,246.374829879145,376.440617344817,,,,,
3.72815,1417.39115492995,238.799435373036,376.415795383477,,,,,
3.7089,1412.17073362752,242.459619206863,379.746219039442,,,,,
3.36335,1412.8641712389,249.603030127513,381.749686833374,,,,,
3.6314,1411.69702583702,249.741404343646,382.290342539277,,,,,
3.527,1413.57930701565,249.776095911413,386.347844239851,,,,,
3.08535,1432.53428822027,249.996802990475,380.195347625701,,,,,
3.7857,1408.94082164373,249.907251759529,384.139116826096,,,,,
3.59245,1413.65887872949,244.796890367002,376.548703732354,,,,,
3.88635,1412.64392716701,249.632097841713,386.723566940824,,,,,
3.7409,1407.49888871473,247.733853326993,384.126857870017,,,,,
3.0542,1436.42491448053,251.108475419848,381.98937965745,,,,,
3.5491,1412.94926181232,249.257021193869,381.046689471319,,,,,
3.5977,1408.82387152271,249.984875422611,386.948509023053,,,,,
3.49715,1414.07315281416,249.866784629625,383.234639922924,,,,,
3.5903,1408.63194552659,249.625115566914,381.513345487137,,,,,
3.6966,1422.79949547706,241.195706909184,376.350154729693,,,,,
3.12225,1418.79455183855,249.087995912738,385.329657014589,,,,,
3.8446,1413.05109426826,249.225071560655,385.960519893824,,,,,
3.17185,1426.7109937517,238.52349326303,377.382238526685,,,,,
3.8615,1422.9084625632,241.702773831663,376.414121048507,,,,,
3.63705,1413.88022952986,244.573541723989,381.272717521443,,,,,
3.9498,1408.86612365642,250.030470583851,386.50479984849,,,,,
3.8672,1417.71643213702,249.770018169053,386.494783468251,,,,,
3.07595,1438.72814880638,247.895807548549,377.742506837748,,,,,
3.44205,1408.78088624909,248.780600525592,385.122939157128,,,,,
3.1914,1420.73963028093,241.15821780687,376.724196549267,,,,,
3.98325,1418.73477708602,246.428044503043,376.479490623546,,,,,
3.5341,1418.22173856534,245.424196721698,381.95437932162,,,,,
3.83925,1423.22659965027,245.935342325045,376.467108282242,,,,,
3.56915,1413.08644245933,249.708077308368,383.898075325339,,,,,
3.1753,1421.57796843188,250.246742745045,387.290858395736,,,,,
3.2476,1409.35556011445,249.902403002401,387.032687492172,,,,,
3.06195,1430.58069088534,251.704785060253,388.440318496664,,,,,
3.77395,1408.55292583635,249.812388713685,386.865420387454,,,,,
3.6677,1413.3832505177,242.837665840244,380.003921303113,,,,,
3.94765,1408.79701685718,249.419536573261,385.951374702137,,,,,
3.4346,1408.88249270551,250.018456917951,385.617840137816,,,,,
3.7925,1408.98650986142,248.276070464484,384.521266902525,,,,,
3.8146,1413.90926672845,249.936198813223,387.091879331648,,,,,
3.32235,1413.35687437318,248.99981547296,380.25128043002,,,,,
3.77195,1408.43561200179,248.248893200125,384.653033996908,,,,,
3.6337,1419.0295465731,244.733532819616,376.53920293855,,,,,
3.18885,1420.88108494615,247.422688277708,377.317443722696,,,,,
3.497,1414.07315281416,249.920871417089,383.896930056407,,,,,
3.0244,1488.1494246425,248.902500568127,378.488027575285,,,,,
3.7339,1412.4989155961,249.65354437031,384.737714808623,,,,,
3.99545,1418.6997024389,242.427775998675,376.55375975084,,,,,
3.47875,1419.1750339538,245.442951176596,376.61503872947,,,,,
3.11885,1428.95397091822,243.041387941504,377.096288828149,,,,,
3.31635,1423.33414661711,238.600633124533,377.385825037322,,,,,
3.3319,1413.46303877132,249.780199279258,384.138156129779,,,,,
3.39335,1413.02352627072,249.945614451863,385.56614344568,,,,,
3.09815,1436.16498184619,243.616847469333,377.38102879148,,,,,
3.47545,1414.26988375599,250.039034064578,386.447919037888,,,,,
3.0953,1426.54722511381,250.676718505101,382.311796076286,,,,,
3.6473,1413.5529558151,244.174409402965,381.009998862724,,,,,
3.508,1423.54590943534,249.011620498492,380.182325249369,,,,,
3.66845,1413.37003500489,246.879863988511,383.199911305935,,,,,
3.1103,1434.81441384554,240.651450795793,378.755968149892,,,,,
3.96145,1414.12170158215,249.78775276357,382.129159512299,,,,,
3.60535,1418.72475370803,240.00078604702,378.192969093002,,,,,
3.51815,1413.47381658021,249.331554881644,381.159887369428,,,,,
3.4021,1413.02808742982,249.911212619517,386.968699829603,,,,,
3.04645,1442.24125592745,245.245280596744,378.188486857932,,,,,
3.2982,1414.38883700585,249.675733463586,386.531442454218,,,,,
3.87185,1422.47994032183,241.539039260481,376.356351297129,,,,,
3.8944,1415.11714407444,241.539370524581,379.13536699324,,,,,
3.53915,1423.12428660793,248.245427053534,378.755705080546,,,,,
3.8567,1413.11486700923,249.78382196279,386.717112830631,,,,,
3.53505,1418.21121056813,248.950686017199,385.521847036109,,,,,
3.97895,1413.67539693852,249.710788878779,386.641206432474,,,,,
3.7583,1413.26465183398,242.155199759514,376.492876959876,,,,,
3.6452,1418.64684280577,240.725723982922,376.502982588509,,,,,
3.57795,1408.19465772302,249.768679759216,386.835100413469,,,,,
3.16645,1417.11910264456,250.311263781101,385.966852390371,,,,,
3.7027,1417.50757638655,249.663854009177,385.487596322266,,,,,
3.37995,1407.86868496691,247.835344066656,384.209067832474,,,,,
3.11745,1429.11850152958,246.652454959626,377.123770561011,,,,,
3.7347,1412.57067789672,249.216926389695,381.156563647557,,,,,
3.1254,1418.81773492787,250.622234238782,385.638596921408,,,,,
3.5893,1408.55963052738,250.01452140139,385.614697012903,,,,,
3.17395,1421.52179443719,249.078987082428,385.439617824612,,,,,
3.8119,1413.81245440616,241.834214532444,379.398273922313,,,,,
3.32085,1413.29559457867,249.768382388192,386.144772491348,,,,,
3.8307,1423.59860194403,241.288432557894,376.454716549621,,,,,
3.2526,1414.42208446787,243.343366310866,376.553425250967,,,,,
3.92085,1413.53068510137,247.964433101725,378.117957517866,,,,,
3.1899,1420.77874055712,245.68926778468,376.736229603292,,,,,
3.83345,1418.45073628636,246.828647403756,383.143724711162,,,,,
3.5729,1418.01571725524,241.019156681586,376.382384708566,,,,,
3.32055,1413.29797335071,249.769763526473,386.552853188931,,,,,
3.9879,1408.49266340643,245.890469723234,382.261711021283,,,,,
3.32735,1413.28688192002,242.677666117983,379.945207159073,,,,,
3.6207,1409.03126531568,249.890590490807,384.078467008985,,,,,
3.6186,1409.00116308731,249.907020935485,387.0399047735,,,,,
3.04455,1442.50202812713,249.192103237698,378.551978820059,,,,,
3.34595,1422.71928899242,241.266449620444,376.352250049766,,,,,
3.723,1412.38637197542,249.810441113495,386.203512677979,,,,,
3.8935,1417.66990279388,237.600358502659,376.494323516659,,,,,
3.89985,1417.76939550108,248.949082621997,380.33014631349,,,,,
3.82715,1413.87054773858,249.887803244234,383.284159998111,,,,,
3.7601,1413.30035781403,240.472725946557,378.456595370701,,,,,
3.1733,1421.5697322959,246.66564459068,382.973353524843,,,,,
3.8845,1412.55145431553,244.039116971363,380.898783844169,,,,,
3.13595,1418.59077187919,250.617565349064,384.841115028515,,,,,
3.372,1412.86714652671,249.676816276212,386.560019148024,,,,,
3.3101,1418.61928576375,249.851275034085,386.759706729411,,,,,
3.86105,1422.91550888725,243.260928368763,376.418831181065,,,,,
3.05935,1430.72315628244,245.326781969121,381.945444248234,,,,,
3.4798,1419.14881109756,242.472862639513,376.605554933305,,,,,
3.7198,1412.25138910311,245.863409992352,382.266402634773,,,,,
3.29495,1414.53277281512,239.189361310547,376.641814252769,,,,,
3.7507,1407.89625641779,245.757933150019,382.214341609763,,,,,
3.36315,1412.8641712389,249.801817724488,382.79037503387,,,,,
3.80455,1414.08438458801,250.038307954034,387.069527770326,,,,,
3.1822,1425.99866070128,238.567896855517,377.416240500392,,,,,
3.2505,1414.4551436812,247.936912094884,378.202354586642,,,,,
3.70115,1417.68416306019,249.689377111518,386.87115622088,,,,,
3.60055,1413.89999316136,249.704244253778,381.83693765695,,,,,
3.617,1408.85406254085,247.433039836445,383.756695873246,,,,,
3.0848,1432.53778495607,251.195327830858,383.456335541112,,,,,
3.46295,1409.33883922565,249.328849005404,385.946447854037,,,,,
3.8772,1412.5448930157,249.718292679351,386.694273255239,,,,,
3.4094,1415.39483844079,239.908565925136,378.165710271756,,,,,
3.6134,1413.85975658073,243.730385208733,376.499716165543,,,,,
3.84345,1412.98447085817,245.219094340833,381.82025156413,,,,,
3.73715,1417.43848730831,243.533664588886,376.339993090042,,,,,
3.6373,1413.88022952986,245.912095485026,382.346178504378,,,,,
3.26935,1409.64800356379,249.969980654733,386.130124172942,,,,,
3.06905,1434.71500368586,241.457869222121,379.35044680533,,,,,
3.1086,1434.90735837966,242.947341980128,377.174462850838,,,,,
3.61505,1413.94942186527,237.773498898163,376.664634524529,,,,,
3.8993,1412.70790905039,249.627566126602,383.266372353846,,,,,
3.8769,1412.5448930157,249.734258627263,386.837173125391,,,,,
3.66735,1418.45925863042,240.715053867233,378.617150894488,,,,,
3.30745,1418.75955543824,246.70560938917,383.079626589602,,,,,
3.03455,1453.83721911479,248.882898958638,378.321251995214,,,,,
3.7889,1414.0063403188,243.242633316895,376.504205239501,,,,,
3.2816,1414.52805076638,247.378304538237,377.399542090345,,,,,
3.84065,1423.0879438919,242.546085577238,376.438712929979,,,,,
3.20465,1420.16584331745,248.141689983793,384.475305914495,,,,,
3.01655,1499.65041255933,212.353983951002,378.892568376976,,,,,
3.16825,1427.13350649009,247.473007679749,377.336865934043,,,,,
3.4125,1408.07978022891,249.767548809384,386.960570253781,,,,,
3.35075,1412.73244552776,249.926049035346,386.99160522205,,,,,
3.34265,1417.96738685512,249.520742460835,382.075976775269,,,,,
3.1431,1422.96022397252,249.551596624131,385.939246377403,,,,,
3.2004,1425.51038448351,245.260487540334,376.677111214674,,,,,
3.1237,1418.8846962461,250.633954137736,387.630199330128,,,,,
3.1949,1415.65443849625,249.606913230543,386.259555988232,,,,,
3.64675,1418.5730638099,240.885286087165,378.773404049256,,,,,
3.6921,1413.06023231138,249.713642114693,386.130487512074,,,,,
3.26865,1409.66452418788,249.985127945194,386.910962146271,,,,,
3.7014,1417.67461211161,249.685771778237,386.849325050249,,,,,
3.1312,1418.62481876061,242.239376776932,379.765283964625,,,,,
3.55805,1412.99950211714,249.709802265582,386.110872677126,,,,,
3.83545,1418.49473829586,249.833693704393,386.935676980082,,,,,
3.16585,1417.12088576441,250.297482481468,386.980536019345,,,,,
3.5367,1418.20020224296,249.762157010574,386.821595072246,,,,,
3.5822,1413.35970965446,244.407312231947,376.436985640535,,,,,
3.94995,1408.86672963884,250.032199243516,386.276373642232,,,,,
3.2913,1409.52558632949,249.385160498962,381.04770784637,,,,,
3.0949,1426.54722511381,251.062291743551,384.372605434357,,,,,
3.1568,1417.29456752044,250.328561195086,383.690423155766,,,,,
3.2167,1414.68939871834,250.004630401712,387.103760987373,,,,,
3.22515,1414.51335771215,247.731233408075,383.994619390639,,,,,
3.90715,1407.85076994312,249.848029092778,386.926943910573,,,,,
3.69625,1422.82019566516,242.486708613074,376.353997412176,,,,,
3.8399,1423.12146021706,244.726966498827,376.450469731892,,,,,
3.4181,1413.24847081914,241.453229785894,376.48098968208,,,,,
3.3559,1417.74560241423,242.798378641074,376.447543728408,,,,,
3.96845,1413.84713657857,249.452511165634,386.251925887104,,,,,
3.78075,1413.69621750549,240.554056894852,378.596859509993,,,,,
3.1316,1418.59657920002,244.641387281036,381.402187838961,,,,,
3.4567,1414.38437192269,248.222661259478,378.601766173941,,,,,
3.22095,1419.65272759785,245.274766160084,376.581638305958,,,,,
3.85305,1412.994647195,241.097731003325,378.935007469197,,,,,
3.14055,1428.21766616459,238.594079197383,377.074185816621,,,,,
3.1304,1423.75814541485,238.52764543164,377.338982114727,,,,,
3.7797,1413.75836460332,238.846338295073,376.540891155024,,,,,
3.3434,1422.94162257579,247.446500704115,377.550471786702,,,,,
3.81525,1413.86881439886,249.913014425302,386.925752347395,,,,,
3.7523,1408.03458232442,249.860823894284,386.867542383037,,,,,
3.7243,1412.43244043424,249.531238539234,381.718230176187,,,,,
3.9795,1413.68905776928,249.914094983191,387.072418758558,,,,,
3.4854,1414.11530479338,250.070712055972,386.870818898649,,,,,
3.57135,1418.0706158198,245.441279877079,376.391373635074,,,,,
3.98965,1408.70995355464,250.045104834141,387.025797942563,,,,,
3.29375,1414.49715014474,243.714031665164,376.635325914821,,,,,
3.4618,1409.252223485,245.060540225084,381.682806358411,,,,,
3.4761,1414.25385904056,250.072285641721,384.948018672229,,,,,
3.1375,1428.56588970483,247.308293126585,377.159781395754,,,,,
3.22485,1414.51335771215,246.420274092927,382.769217650839,,,,,
3.70605,1422.28966171542,244.030872634315,376.310076381574,,,,,
3.0325,1449.10346414071,252.484178004406,387.27279816493,,,,,
3.5008,1423.79171171784,240.786802811062,376.530053750282,,,,,
3.2624,1414.60437546597,244.812269942535,376.56391003411,,,,,
3.68065,1413.23146709982,249.814676700146,386.958656175156,,,,,
3.30065,1414.35031390684,249.95429262365,385.335049164048,,,,,
3.37115,1412.94555234655,249.710983233866,386.873985416162,,,,,
3.8938,1417.63161771084,238.147790183307,377.068942729688,,,,,
3.1965,1415.6982737895,250.09858806551,387.039722668856,,,,,
3.04725,1442.15932384908,242.123411240232,378.175145063576,,,,,
3.81175,1418.8312054604,240.935696434096,378.825337521919,,,,,
3.2369,1414.48951945731,249.960948728258,387.033488380307,,,,,
3.5124,1420.87899745045,239.170087473777,377.716577451397,,,,,
3.4838,1414.15025078205,249.772882578081,386.491245434863,,,,,
3.8516,1418.08252220814,240.040214248795,376.468682654886,,,,,
3.58705,1408.49515543596,249.826945541846,386.636794179159,,,,,
3.0865,1437.38817932848,247.360653837069,377.637475822835,,,,,
3.87955,1417.66229865913,247.926412984523,378.271486412029,,,,,
3.82915,1423.7190212705,245.671111791466,376.481871609939,,,,,
3.3242,1418.35516116061,244.850055783974,376.44854967172,,,,,
3.4834,1414.07892653592,249.099792627571,385.50630372249,,,,,
3.94005,1408.68271733153,249.817258107167,385.222608410831,,,,,
3.2163,1414.73633902924,250.000267863008,387.106182006064,,,,,
3.8609,1422.91550888725,243.711125274671,376.421052382397,,,,,
3.15615,1417.26456432754,250.375345787227,385.972715710369,,,,,
3.25815,1409.54375493947,249.971444853933,387.020728808156,,,,,
3.77045,1413.43476611666,240.542361722057,378.555399897165,,,,,
3.0879,1437.11433493284,243.759831114721,377.586764759206,,,,,
3.69615,1422.82019566516,242.823930074239,376.355458037019,,,,,
3.7649,1408.56411599469,249.953092415997,384.703093523549,,,,,
3.3742,1417.94382380342,247.962110466673,378.360678287259,,,,,
3.27205,1419.58337371261,246.105279527419,376.604242915865,,,,,
3.0738,1434.02571528612,251.594603894843,386.428062004924,,,,,
3.08205,1433.00552091725,251.358031643453,388.052545638097,,,,,
3.1777,1421.32554609186,249.950481378303,382.176703686536,,,,,
3.50725,1418.5465098289,249.860581021247,384.099588634403,,,,,
3.05755,1441.02081592839,241.772226388697,377.939458958034,,,,,
3.0381,1443.23698035103,242.060171982109,379.780670938361,,,,,
3.58545,1408.35551642144,244.514497004471,381.210585143096,,,,,
3.56265,1417.99729696654,240.806913529398,376.396637489312,,,,,
3.7182,1417.35351381398,237.744710340214,376.583509643471,,,,,
3.9835,1418.70920793173,246.130048117178,376.469204404368,,,,,
3.1527,1417.27347998206,246.942475653091,383.219351009619,,,,,
3.59025,1408.63194552659,249.699634194455,381.794461572832,,,,,
3.82045,1418.82506549564,241.051092967545,376.54188073061,,,,,
3.9517,1414.02435100641,248.419077792208,378.742823183558,,,,,
3.32495,1418.33760914508,242.73617883222,376.445469985735,,,,,
3.5683,1413.06678173464,249.687621231406,386.196604098195,,,,,
3.16235,1417.10621290591,243.239821182052,380.381534151774,,,,,
3.86605,1417.84254153146,249.804389452767,386.963307098517,,,,,
3.49455,1414.06197008183,249.905998959429,386.989269062703,,,,,
3.96465,1418.91756951175,241.930828539934,376.630559589354,,,,,
3.3171,1413.20456230477,243.043325166115,380.183769201282,,,,,
3.05045,1436.8323019736,251.228810936096,387.447027651716,,,,,
3.64935,1413.60278881394,249.809245241176,386.94692667596,,,,,
3.0933,1426.69713913048,251.101817935946,387.866416447327,,,,,
3.62895,1409.1949448285,249.9589713365,387.030530293022,,,,,
3.6799,1413.24903371293,249.628913000281,386.562574572192,,,,,
3.49285,1413.94123710006,245.621554363372,382.129858754091,,,,,
3.4448,1408.9182791865,250.003825822398,385.869902564509,,,,,
3.14925,1427.51101069213,244.549422832443,376.921136570763,,,,,
3.58795,1408.55917334513,250.033508617418,387.061891218208,,,,,
3.945,1413.84221028757,237.857082155006,376.577603045533,,,,,
3.93645,1408.51164691806,246.224493043957,382.645673091655,,,,,
3.9833,1418.73477708602,246.371087678194,376.475198114954,,,,,
3.5106,1423.35530679434,242.670922583629,376.429938715921,,,,,
3.92635,1408.44534305818,247.156629481808,383.461703813944,,,,,
3.4709,1419.38865182561,238.119197337347,377.073198522816,,,,,
3.04165,1442.83635746509,252.187985233844,388.645916343631,,,,,
3.23985,1419.43203445075,249.171916084758,380.36932611474,,,,,
3.6173,1408.85406254085,248.467097672115,384.862027448166,,,,,
3.2118,1424.74224179113,241.839574020294,376.570984864188,,,,,
3.2447,1414.19611262807,241.865731096938,379.401430149768,,,,,
3.85985,1422.9986584654,245.918087097952,376.445547413838,,,,,
3.63635,1418.98924805696,240.434250049068,378.461201637311,,,,,
3.24595,1409.22076208591,248.192937010399,384.555271986773,,,,,
3.6285,1409.09949210437,249.871904676515,386.829003751399,,,,,
3.73905,1417.50422921282,237.901875496281,376.933136566057,,,,,
3.3226,1418.40455900394,248.174223091902,378.631161946119,,,,,
3.4449,1408.92073358413,250.010701123261,385.636645829431,,,,,
3.58505,1408.3520874547,242.075218280512,379.505965673765,,,,,
3.54035,1423.02396690602,245.575746903235,376.393741436583,,,,,
3.26575,1409.49831706673,244.518470542732,381.211254997702,,,,,
3.81305,1413.81402410366,247.84913293471,384.190874722942,,,,,
3.30125,1414.3467378669,249.856758381514,383.028204540333,,,,,
3.63965,1413.88778260739,249.861375591715,386.940045305786,,,,,
3.08405,1432.61663522989,251.3807958788,386.4378720377,,,,,
3.5218,1418.53240329534,239.154753510734,376.472688356149,,,,,
3.6396,1413.90281517107,249.863540903075,386.953096104777,,,,,
3.64045,1413.83338084799,249.828707810592,386.319175410939,,,,,
3.6948,1422.9151943773,245.911649258384,376.389000481706,,,,,
3.3772,1417.82364525591,239.988923329912,376.385256019332,,,,,
3.36345,1417.87061582644,249.447714826969,381.183993744756,,,,,
3.31175,1418.5693028639,249.596604541461,381.968532899574,,,,,
3.1536,1417.30733452357,249.806561394547,386.352891681222,,,,,
3.60285,1418.71527457353,244.577573406722,376.569150592264,,,,,
3.1996,1425.59285185914,246.554944363878,376.70320395513,,,,,
3.17265,1421.61265801353,243.046487446873,380.203180231604,,,,,
3.18775,1415.81944564401,250.11116050831,383.457236865985,,,,,
3.34145,1417.98473039538,249.715993150148,386.13311154198,,,,,
3.3091,1418.78084864536,249.874026299672,387.022771031261,,,,,
3.92545,1408.42708343893,242.361933420888,379.672407715165,,,,,
3.14115,1428.17091769457,239.972581632323,378.329479306753,,,,,
3.2465,1409.25742446909,249.442929668219,386.172990594957,,,,,
3.6435,1418.75371152147,245.677296955021,376.522092611888,,,,,
3.6362,1418.98924805696,239.568936089992,377.940041315705,,,,,
3.2738,1419.46441044678,241.413672020882,376.575179667952,,,,,
3.63815,1413.87614024213,248.988048302591,385.506907849397,,,,,
3.60445,1418.69980238704,238.752091382893,376.565861245811,,,,,
3.4439,1408.89035392021,250.016933011267,386.96026151662,,,,,
3.35205,1412.71087336497,249.903475629911,385.657985953194,,,,,
3.97605,1418.74494932969,237.747401674944,376.737046370841,,,,,
3.46395,1409.49587936077,249.983440858035,387.11450232653,,,,,
3.6884,1413.00138666139,243.213362846945,380.293347321664,,,,,
3.13495,1418.60149848022,250.591167806676,387.183320709052,,,,,
3.5085,1423.53983017429,247.216663515843,377.207054424272,,,,,
3.78115,1408.66729289757,242.968523259027,380.166981461593,,,,,
3.88255,1417.62099237201,239.968015613959,376.397980893946,,,,,
3.2359,1414.36384834005,248.978369467331,385.426898325336,,,,,
3.47075,1419.39194818946,237.843047278027,376.784355898883,,,,,
3.6719,1413.36542881539,249.814398946697,385.204443273917,,,,,
3.59355,1413.6602780944,241.267212418495,376.551522624871,,,,,
3.90315,1417.64006046877,240.022861752949,376.346227927285,,,,,
3.9647,1418.91547599939,241.739381851853,376.630413484423,,,,,
3.37345,1412.89546073779,249.596968692557,382.762713641341,,,,,
3.24215,1419.25425177195,243.83230498873,376.568832290569,,,,,
3.5832,1413.37557237054,241.168813350124,376.442880328274,,,,,
3.03675,1453.3858374223,243.086347429082,378.226328108318,,,,,
3.52495,1413.51243273946,249.355317147903,386.125284685185,,,,,
3.74245,1407.67909560249,249.687997437752,386.885295620211,,,,,
3.06405,1430.39804843512,251.598957673366,384.395130788467,,,,,
3.78805,1414.01373341845,245.373622708528,376.50676344708,,,,,
3.4714,1416.87245329134,240.844334992218,378.724892427137,,,,,
3.61705,1408.85406254085,247.627852893065,383.95182908301,,,,,
3.69705,1422.78556282456,239.3387254916,376.348880373935,,,,,
3.9489,1408.87259641617,250.067881332334,387.092868976853,,,,,
3.61695,1408.85406254085,247.229438855307,383.557959348334,,,,,
3.1687,1426.98462163779,246.675155576401,376.843389531008,,,,,
3.75965,1413.32415577775,238.148712825489,377.042328714713,,,,,
3.5957,1408.60768513569,244.139972141297,380.87995575388,,,,,
3.8178,1418.95749278853,247.620915115345,377.714470673999,,,,,
3.0506,1436.82593664103,251.454124522611,387.794201703875,,,,,
3.502,1423.7486968613,238.786566384096,377.5210141423,,,,,
3.71425,1412.32246128827,249.018253268987,380.182097072283,,,,,
3.2127,1424.76413417118,238.113982177648,376.594952288594,,,,,
3.48105,1419.21152647013,237.980872719918,376.859270425864,,,,,
3.4894,1419.07416105011,244.676398438304,376.661949937279,,,,,
3.68145,1413.17640888583,249.77848104339,386.592945693972,,,,,
3.5964,1408.61704185353,247.626008202557,383.824786723563,,,,,
3.5038,1418.63028268979,248.245727777083,384.6451136599,,,,,
3.6455,1418.65399691608,239.457688572705,376.504795129521,,,,,
3.53785,1418.12883856743,249.765229609691,385.150320446671,,,,,
3.3159,1423.33414661711,237.770657799028,376.504060616185,,,,,
3.477,1419.28168779128,249.390465012129,380.708844968226,,,,,
3.16085,1422.24529828632,239.719346499755,376.898181781103,,,,,
3.7632,1408.54756114426,249.959991506294,387.012451714353,,,,,
3.8885,1412.70143815342,249.696296705463,385.09803133262,,,,,
3.87,1422.60184118537,246.116420608195,376.388038027662,,,,,
3.30625,1423.90341370703,239.90810674939,378.170428298051,,,,,
3.6974,1422.78556282456,237.876676452771,376.372362839914,,,,,
3.52215,1418.53240329534,237.82307202089,376.546802505409,,,,,
3.4711,1419.38865182561,239.045867282256,377.648042439393,,,,,
3.46955,1419.38557786667,242.082839072512,376.532559449304,,,,,
3.312,1423.53419661716,249.150825489323,380.509885308829,,,,,
3.04,1442.98147606048,251.29642287738,387.229151204377,,,,,
3.21765,1414.64528950049,249.967857248645,386.421186695634,,,,,
3.3067,1418.79967122885,242.593528871947,379.882942153422,,,,,
3.05375,1436.43345083882,251.749981909225,384.477736557256,,,,,
3.20615,1420.23835557444,250.019236538313,387.151513799204,,,,,
3.75215,1408.03458232442,249.785637753084,386.710430408671,,,,,
3.3938,1413.04741191736,249.952361277802,384.121879072983,,,,,
3.7318,1412.53606975067,249.631539862998,386.765000806151,,,,,
3.4445,1408.89559475442,249.99361590885,386.413726228885,,,,,
3.14505,1422.82920692742,250.482907913673,387.281929259341,,,,,
3.4788,1419.17010964983,245.341071783265,376.614247258355,,,,,
3.21635,1414.73633902924,250.004367061727,387.116542989796,,,,,
3.05,1436.83747636006,250.112968199246,386.048490576071,,,,,
3.08375,1432.640485758,251.361109587745,387.141794438478,,,,,
3.58785,1408.55917334513,250.036300686651,387.076115226579,,,,,
3.95115,1408.93265025401,249.800811684902,382.111003323049,,,,,
3.20535,1420.16005896229,249.681762870913,386.480087539264,,,,,
3.7205,1412.27244861568,248.599580990408,384.981488414226,,,,,
3.91895,1408.32228304827,249.931726811786,386.301712989624,,,,,
3.8484,1415.6144398347,248.706840104218,379.678478433598,,,,,
3.255,1409.37373381076,241.886365730815,379.423096578742,,,,,
3.71975,1412.24887273305,245.607077423283,382.051955128694,,,,,
3.14275,1422.96729310713,248.547867257194,384.759005021441,,,,,
3.68905,1412.98367696275,246.680373962597,383.062285783647,,,,,
3.6494,1413.60521578865,249.816697058309,386.965290415792,,,,,
3.92395,1413.49754253127,239.613047355312,376.54226568864,,,,,
3.3472,1422.75845429248,238.087755908906,377.049508144926,,,,,
3.16305,1417.07301885166,247.060934662967,383.346293037154,,,,,
3.91995,1408.4060457228,249.90472992563,383.331197087587,,,,,
3.21685,1414.65924902449,249.998550924339,387.068063340041,,,,,
3.07665,1438.61504798544,246.706643495104,377.709888061902,,,,,
3.93355,1418.60077545947,242.262816806398,376.46528870473,,,,,
3.32865,1413.32458103815,248.656472660267,385.157810532087,,,,,
3.11285,1429.55086170646,250.596575021084,387.444917781534,,,,,
3.7784,1413.68031449317,243.726470652695,376.526571406572,,,,,
3.38035,1407.86868496691,248.934367258764,385.523106863035,,,,,
3.481,1419.21152647013,237.973898886072,376.788849861405,,,,,
3.146,1422.75083389591,250.501310833821,385.636477166014,,,,,
3.90415,1417.70784152945,238.267013293657,377.174414908303,,,,,
3.76265,1408.48522316387,249.905059730332,386.887921573565,,,,,
3.401,1412.88844285735,249.119306912593,385.605237790812,,,,,
3.063,1430.45261239836,251.666750183097,387.69246664098,,,,,
3.73505,1417.56749809639,248.310816182192,378.995322738947,,,,,
3.48195,1414.07845460534,242.401558212085,379.730897859301,,,,,
3.44425,1408.89035392021,249.998754868122,386.71463774006,,,,,
3.67885,1413.16665258353,247.231167289256,383.564748559333,,,,,
3.92265,1413.44333362935,244.25549333159,376.530361239367,,,,,
3.8838,1415.05548441643,239.870207718451,378.123748167385,,,,,
3.78755,1414.05941503391,246.157437152248,376.513548469801,,,,,
3.4886,1419.12197339808,246.229119773277,376.675637028775,,,,,
3.49355,1413.95996599575,248.517404269098,384.914920233958,,,,,
3.1867,1415.79891626553,250.145791606895,386.554610404815,,,,,
3.13655,1423.61340774586,250.184865803347,381.947340458318,,,,,
3.83975,1423.12824194617,245.057416654639,376.453704553568,,,,,
3.56225,1417.98068581643,242.336739759343,376.394503145017,,,,,
3.13285,1418.60173040863,249.81037733212,386.230439703506,,,,,
3.6104,1408.79933397027,249.797753909301,383.964437482897,,,,,
3.8738,1414.92777702485,241.741721636372,379.268439332223,,,,,
3.14835,1427.63840479831,246.468189834377,376.945846392303,,,,,
3.004,1734.25646474853,47.4807603560093,379.894238937597,,,,,
3.2226,1419.64248658381,239.88748956008,376.57630581284,,,,,
3.22385,1414.52942701029,240.642145299156,378.621797987961,,,,,
3.2023,1425.37945123197,238.54400618238,376.657933294816,,,,,
3.7183,1417.35351381398,237.800211582327,376.736820449807,,,,,
3.41915,1413.34262117264,237.709539394731,376.709888987717,,,,,
3.91345,1413.0487174785,240.310537830589,376.48120029704,,,,,
3.0797,1433.21197179206,243.383010663774,380.526884682355,,,,,
3.53575,1418.28756358043,249.718077525494,386.789435804551,,,,,
3.11985,1428.97673257378,238.865229110019,377.108536411259,,,,,
3.0557,1441.2167636932,247.531992499161,377.996214579368,,,,,
3.09065,1426.77863800316,246.785793234193,383.043389590322,,,,,
3.3904,1412.97426477422,248.49839851232,384.819527853313,,,,,
3.0872,1437.24279377098,245.937591617023,377.608737024421,,,,,
3.9397,1408.67214187492,249.79475533667,386.038074003611,,,,,
3.7785,1413.68104583417,243.428185859158,376.526677306766,,,,,
3.21735,1414.65924902449,249.97320664238,386.781345639107,,,,,
3.8524,1418.10918635805,237.789098313727,376.864392480964,,,,,
3.104,1430.47391535407,250.88578731174,387.425683568615,,,,,
3.40365,1412.94053259568,249.88574575837,385.513105821273,,,,,
3.24015,1419.43203445075,248.153251760418,378.439940163258,,,,,
3.3599,1412.77034778418,249.403445589515,386.013766690937,,,,,
3.6034,1418.71527457353,242.9516322597,376.563014302473,,,,,
3.9653,1418.91328538056,239.244399080876,376.632953607496,,,,,
3.8854,1412.56445862584,248.144933833521,384.574525239279,,,,,
3.2757,1414.37413579873,242.303664172931,379.6691622686,,,,,
3.9809,1413.62151682384,249.880699165956,386.236383791214,,,,,
3.48345,1414.08576936182,249.211366166477,385.653266503395,,,,,
3.19245,1420.76471979343,238.348286531328,377.275405375749,,,,,
3.11715,1429.12761097328,247.062466291157,377.133839407724,,,,,
3.4004,1412.84704576377,247.29833551209,383.534564460194,,,,,
3.6733,1418.39363771529,247.978778498987,378.271597715527,,,,,
3.31335,1423.46393755237,245.844611645645,376.460051763916,,,,,
3.2779,1409.51198867495,249.864193824243,386.878431578932,,,,,
3.928,1408.7162236558,249.822797584963,386.94945223997,,,,,
3.54235,1422.87989804549,239.374744952895,376.367946444199,,,,,
3.2209,1419.65272759785,245.374815249812,376.582401185806,,,,,
3.54095,1422.92364583052,244.322399428217,376.379817373337,,,,,
3.94215,1413.80254706828,246.232779224138,376.492352973917,,,,,
3.68715,1418.13055321772,237.82938648321,376.499695334311,,,,,
3.04355,1442.57675680105,251.999724814027,384.053802427147,,,,,
3.4609,1414.29442083503,239.780573127691,378.119036950919,,,,,
3.1727,1421.59979410406,243.346962850374,380.409630053217,,,,,
3.739,1417.50422921282,237.752671286896,376.818324193009,,,,,
3.32585,1418.38794811103,239.148296328721,376.453663513053,,,,,
3.67445,1418.33181009965,245.630363279336,376.46860654588,,,,,
3.51775,1413.4589431992,249.746989908216,383.243367859204,,,,,
3.0714,1434.41144955997,251.391049562256,387.843407616346,,,,,
3.00225,1734.5554857331,6.50731713351768,386.270292254646,,,,,
3.98795,1408.49266340643,246.14845205591,382.478391156053,,,,,
3.06055,1430.62000597122,250.633492162662,386.718222831462,,,,,
3.6721,1413.36542881539,249.822852715379,384.581623404996,,,,,
3.35105,1412.71605758574,249.912671981759,386.903590874534,,,,,
3.6156,1413.89494010722,239.695905186743,378.058983505883,,,,,
3.1599,1422.21898706804,243.481522204438,376.895492161031,,,,,
3.2899,1409.47649913104,249.899708890663,386.26000329702,,,,,
3.5726,1418.0127396015,242.150407715103,376.381432320774,,,,,
3.50055,1423.81148514045,241.76869110957,376.531685162226,,,,,
3.50805,1423.54590943534,248.869874319859,379.863193028814,,,,,
3.2375,1414.45675955046,249.9606386326,386.992899478105,,,,,
3.4908,1419.06790124517,239.729827028391,376.661031568705,,,,,
3.78855,1414.00901568844,244.252157642507,376.50411169496,,,,,
3.1105,1429.75342048042,241.827725072401,379.477305305393,,,,,
3.2678,1409.70216729556,249.9923126498,387.032304763241,,,,,
3.7968,1416.80575616955,249.137622471805,380.085735632163,,,,,
3.67395,1418.33823402728,246.320929918737,376.481862672816,,,,,
3.93015,1408.73107917497,249.794694746182,383.758053871777,,,,,
3.62645,1408.98086826299,242.974863518288,380.096805092913,,,,,
3.3562,1417.74560241423,241.713441475791,376.448325729935,,,,,
3.80915,1418.90459185405,244.516363676533,376.638901059578,,,,,
3.90075,1417.70097980543,246.246035460212,376.367149387684,,,,,
3.67635,1418.23703115398,239.803371343059,376.455357454811,,,,,
3.7663,1418.62953060826,247.435628992626,377.407805476304,,,,,
3.61425,1413.86493556665,240.739960467173,376.504158866065,,,,,
3.8373,1418.32094504199,249.813163407582,383.86624159763,,,,,
3.0993,1436.08285872826,239.014319918758,377.40767182861,,,,,
3.98805,1408.49266340643,246.641797721363,382.906835760225,,,,,
3.563,1418.01152970063,239.329248119809,376.40126009184,,,,,
3.03335,1449.01182739531,252.157241979862,383.666202628547,,,,,
3.94545,1413.83380642656,238.751824145599,377.483446264524,,,,,
3.39175,1413.07888282329,249.968096085887,387.032786227337,,,,,
3.10335,1430.66825530828,250.917132570475,387.815482171203,,,,,
3.49335,1413.94123710006,247.863122871304,384.190383520138,,,,,
3.60205,1418.79200922277,246.136621200847,376.58563941685,,,,,
3.00185,1734.5554857331,6.34033649931371,388.053791625586,,,,,
3.45015,1414.09887129408,237.977513787956,376.940613888237,,,,,
3.52685,1413.57930701565,249.777905991431,386.538840294927,,,,,
3.3219,1413.35687437318,249.681270641335,382.762871504586,,,,,
3.21115,1424.79490383119,244.012878147327,376.580121051209,,,,,
3.8534,1412.99333333514,243.217171480199,380.346292426487,,,,,
3.0474,1442.15932384908,241.463055497561,378.174158728201,,,,,
3.0397,1443.00394399993,250.486392144329,386.246386503936,,,,,
3.78185,1408.70723536631,246.771660813672,383.147260676806,,,,,
3.67285,1418.39363771529,249.335254565071,381.100333812019,,,,,
3.1285,1423.78498076654,245.065059787171,377.12327561393,,,,,
3.8855,1412.57990549155,248.433041731384,384.91361677263,,,,,
3.4533,1409.15708911769,249.922782313108,387.006238142673,,,,,
3.5392,1423.12428660793,248.045609936313,378.426003255797,,,,,
3.4654,1409.46968147183,249.952208232604,385.981120685414,,,,,
3.91315,1413.04263357738,241.533380403495,376.475778401881,,,,,
3.4497,1414.07552938892,239.057727013566,376.675020626035,,,,,
3.96655,1413.86580721548,241.502397264315,379.171577174038,,,,,
3.87415,1412.4227048301,243.841014228557,380.722538055898,,,,,
3.6647,1418.48703340627,244.425067680728,376.432338849966,,,,,
3.42825,1413.64826212003,242.155719043474,376.456378376654,,,,,
3.38335,1408.05739294665,249.759721105077,384.540545547407,,,,,
3.9725,1418.83082253419,247.536004874164,377.669520414076,,,,,
3.4333,1408.89255879681,250.036435173767,387.049904464942,,,,,
3.71445,1417.32845657051,248.381782627741,378.890200122284,,,,,
3.1991,1425.68416980933,247.55688349429,377.512129327302,,,,,
3.0916,1426.74748638504,250.303784923357,386.606546717688,,,,,
3.7503,1407.86596396297,243.478947653911,380.474202502947,,,,,
3.23625,1414.36384834005,249.587939980055,386.311189723867,,,,,
3.93045,1413.76019890146,249.634260825442,382.366436617941,,,,,
3.48035,1419.14881109756,240.274577480282,376.607524343281,,,,,
3.65935,1408.40369228256,249.695851000897,386.665342889905,,,,,
3.3121,1423.53419661716,248.883466280802,379.879477597776,,,,,
3.85945,1423.14884685315,246.414076131825,376.477174396872,,,,,
3.22685,1414.61299367614,250.05107483758,387.12559872704,,,,,
3.16205,1417.10621290591,241.435695711152,379.202778012839,,,,,
3.63015,1409.1477245547,249.918077573352,386.344780843984,,,,,
3.42585,1413.72815356574,247.728091501069,377.913966360917,,,,,
3.7773,1413.72762645742,246.033552016104,376.534512562118,,,,,
3.043,1442.60797751025,252.195479674757,386.420336539645,,,,,
3.3879,1418.12503457815,238.376248002601,376.404210837542,,,,,
3.30325,1424.13652134866,245.57482530902,376.568819820578,,,,,
3.0988,1436.08285872826,241.052504735589,377.366952207495,,,,,
3.9569,1408.87506068326,245.545587789985,381.973101208456,,,,,
3.88915,1412.73620925326,249.558386629599,382.531130836189,,,,,
3.68605,1418.09823195995,242.199157326045,376.438651313532,,,,,
3.1532,1417.27498455988,248.886666303796,385.163137772856,,,,,
3.6953,1422.9151943773,245.070561513851,376.373341562452,,,,,
3.71895,1412.24261217311,240.949932912958,378.734082580972,,,,,
3.53475,1418.21063976395,248.182710015635,384.568649210764,,,,,
3.5391,1423.12428660793,248.434338684526,379.08831648138,,,,,
3.9026,1417.63616928809,242.177603628159,376.342891058009,,,,,
3.673,1418.39363771529,249.008540135207,380.201789308075,,,,,
3.66655,1418.48026666615,237.803527434265,376.510504673427,,,,,
3.4087,1417.90178957932,237.938720115914,376.57533903495,,,,,
3.4131,1408.04855849071,249.741462115914,386.764760090674,,,,,
3.1824,1423.48704909968,239.62274650943,378.039977655629,,,,,
3.69225,1413.06023231138,249.719377236117,385.85557216459,,,,,
3.5109,1423.33955260556,241.578660850359,376.428125117002,,,,,
3.6634,1418.67513628475,246.629912511296,376.599637028354,,,,,
3.05705,1441.04603876088,243.802984448901,377.949653315762,,,,,
3.47315,1414.29072591871,249.228337034411,385.686855700705,,,,,
3.90115,1417.69157088744,245.752597596322,376.356004661509,,,,,
3.04975,1436.85143991105,249.181136213937,385.088062036587,,,,,
3.16765,1422.15260950316,249.554217201264,380.735087305843,,,,,
3.06105,1430.61436057429,251.448451394058,387.91868462339,,,,,
3.644,1418.68246888869,244.671623235492,376.512248872888,,,,,
3.62655,1408.97805519636,243.573704639988,380.515644284806,,,,,
3.64015,1413.84150447752,249.83553275059,386.666152679075,,,,,
3.76215,1408.36571315062,249.501533161769,386.149939652679,,,,,
3.52825,1413.61983717027,249.61717390178,382.339309253938,,,,,
3.7029,1417.49819845912,249.677872213838,384.94633092535,,,,,
3.0265,1465.01294739226,242.829513153409,378.314600102126,,,,,
3.5339,1418.22173856534,244.325561660402,381.089648993797,,,,,
3.101,1430.74655517697,246.773695506078,383.04632420518,,,,,
3.23085,1419.51250167782,246.045951542239,376.596898861158,,,,,
3.80005,1419.08824484383,240.289005430118,376.589070109524,,,,,
3.27765,1409.45128199694,249.711246890939,386.5732879471,,,,,
3.30445,1424.00781047018,242.345003964427,376.537452869562,,,,,
3.74235,1407.67302853236,249.685782561679,386.881023274122,,,,,
3.48555,1414.09940393694,250.064351861324,386.731850568612,,,,,
3.77695,1413.72762645742,246.464573298468,376.555767003801,,,,,
3.75975,1413.30615723869,238.523244945472,377.298703968919,,,,,
3.6599,1408.55196197114,249.831214771406,386.966797104892,,,,,
3.2984,1414.39449676571,249.8367983557,386.831927979337,,,,,
3.3002,1414.36535132882,249.928339695617,386.33772304294,,,,,
3.4488,1414.00565026173,242.687456612594,376.661323431032,,,,,
3.53405,1418.22173856534,245.157852614079,381.738273039338,,,,,
3.824,1413.78591539137,249.472898706702,386.169595140892,,,,,
3.41105,1407.89881468224,248.339998165724,384.791601751088,,,,,
3.8757,1412.54917382022,249.419983013714,386.251449219215,,,,,
3.19045,1420.77537731769,244.426240751506,376.728215463027,,,,,
3.68935,1412.98367696275,247.867609818476,384.242684334539,,,,,
3.3821,1408.01525523205,249.743903057651,386.779752177496,,,,,
3.6924,1413.06062547577,249.729056925144,385.520948148295,,,,,
3.77825,1413.68031449317,244.144967726544,376.526648180332,,,,,
3.3774,1417.82364525591,239.131097928862,376.388113968004,,,,,
3.14415,1423.00534758476,250.507764025743,387.517463354009,,,,,
3.14105,1428.17091769457,239.41649056833,378.005911517569,,,,,
3.4569,1414.40409232914,247.471698438756,377.514924584465,,,,,
3.34055,1418.07309964582,249.748509272507,386.873557545382,,,,,
3.16975,1426.84016619901,244.715330258122,376.808497759828,,,,,
3.17085,1426.77804162656,240.950638880893,376.789511260024,,,,,
3.57935,1408.2383487032,249.777660269876,384.370668976836,,,,,
3.1306,1423.71689434633,238.902494470807,377.731030524196,,,,,
3.2519,1414.4236473359,245.156020328319,376.555970548386,,,,,
3.9555,1413.98094360727,238.067050886161,376.916576361427,,,,,
3.29635,1414.44719064795,242.515744247611,379.875555048789,,,,,
3.61585,1408.82588827642,241.184386490839,378.971653707891,,,,,
3.9623,1419.15049922383,247.354736717553,377.268185495975,,,,,
3.28135,1414.50947288649,248.317819314755,378.760615290967,,,,,
3.79255,1408.99500768645,248.438897906374,384.701550691049,,,,,
3.4803,1419.14881109756,240.488073573447,376.607075521475,,,,,
3.9547,1413.97134340508,240.493122437441,376.587041603508,,,,,
3.67755,1418.25090770354,240.061183997145,378.241261521766,,,,,
3.8954,1412.57834851876,246.968269363539,383.331096423256,,,,,
3.6909,1413.11688516045,249.753777267461,386.928991708593,,,,,
3.6149,1413.94942186527,238.032102438116,376.539816679807,,,,,
3.46065,1414.33162088624,238.447499296616,377.331948121124,,,,,
3.9602,1409.05787677353,250.003613206304,386.321858524551,,,,,
3.4763,1414.25385904056,250.06451770192,384.231218509361,,,,,
3.7959,1409.22243588083,250.073709771658,384.599693671949,,,,,
3.28035,1409.43822934637,249.919332828552,384.163814925769,,,,,
3.7898,1414.06397053994,239.857863188888,376.513258197911,,,,,
3.0924,1426.75589870017,251.091166281243,387.930146619584,,,,,
3.3032,1424.13652134866,245.664168777966,376.570593546645,,,,,
3.55575,1412.93897533522,249.064067226802,385.724648817765,,,,,
3.92925,1408.6802589639,249.783043491025,386.234476477756,,,,,
3.55495,1412.87191468499,246.510367562682,382.920836573317,,,,,
3.1125,1429.54034414086,250.309401539291,386.915200722523,,,,,
3.6774,1418.29679336484,239.196039438585,377.726258216054,,,,,
3.95625,1413.92150784385,241.777992776082,379.270382580639,,,,,
3.29955,1414.42100089744,249.948036834068,386.987796525189,,,,,
3.0419,1442.75242011609,252.174006128078,388.505154981328,,,,,
3.2782,1409.51198867495,249.928996929835,387.030168419672,,,,,
3.4994,1423.92144511228,245.166764295092,376.551725689929,,,,,
3.65865,1408.36133208802,248.655665767577,385.101706857211,,,,,
3.36235,1412.82586189723,249.899087799955,385.659346894619,,,,,
3.0239,1490.61794451324,249.7410742379,378.931759088646,,,,,
3.60315,1418.71527457353,243.749900759107,376.565312126249,,,,,
3.5268,1413.5801366287,249.779355123922,386.592647338603,,,,,
3.42665,1413.6749539657,246.02061919646,376.460917460231,,,,,
3.35185,1412.71087336497,249.89214323418,386.077410192529,,,,,
3.53685,1418.16885265405,249.753980526698,386.742286877633,,,,,
3.94375,1413.75578091229,242.698501870247,376.480780896907,,,,,
3.96035,1409.05787677353,250.00806279072,386.059191128156,,,,,
3.25325,1414.42512457226,241.009239057803,376.557104943266,,,,,
3.613,1413.85975658073,244.765460673514,376.501066248578,,,,,
3.27895,1409.43069071516,249.912924808864,386.891303939242,,,,,
3.27185,1419.58337371261,246.370586061963,376.610782670689,,,,,
3.68565,1418.10983173139,243.518049015232,376.440829842109,,,,,
3.92375,1413.49270872881,240.452530622764,376.5383237126,,,,,
3.8029,1414.01868017857,248.498721477875,384.791409106233,,,,,
3.72325,1412.38637197542,249.820376833684,385.736448105124,,,,,
3.77095,1408.36415511218,243.529233148717,380.534494435875,,,,,
3.20975,1424.91656891833,246.609680031754,376.632401602597,,,,,
3.2054,1420.16313224979,249.735337772214,386.572497443069,,,,,
3.0207,1492.49378415371,252.723230541963,389.257738273559,,,,,
3.83595,1418.37257161015,249.809285238143,386.741201132937,,,,,
3.2514,1414.48075497178,246.018595999612,376.562136117885,,,,,
3.38355,1408.09704453529,249.739323839425,383.777342005139,,,,,
3.6445,1418.67318624036,243.286046947708,376.505829040628,,,,,
3.30965,1418.67656728084,249.874453181149,386.993659608898,,,,,
3.10175,1430.67508441042,249.720952908829,385.955408160622,,,,,
3.64,1413.84150447752,249.84298877435,386.781274468793,,,,,
3.4842,1414.15600559772,250.047415883856,387.018486052513,,,,,
3.9627,1419.04255991667,246.56692824247,376.665804185827,,,,,
3.8216,1418.81944070298,238.343299444675,377.258710729165,,,,,
3.72685,1417.36327172221,243.700740067717,376.407378853352,,,,,
3.4228,1408.4918563333,249.864681373483,387.037864425941,,,,,
3.9652,1418.91328538056,239.679752462,376.631892368036,,,,,
3.1518,1419.79410085352,241.831700937641,379.443520986157,,,,,
3.92405,1413.49754253127,239.184071291222,376.544645192659,,,,,
3.5479,1412.87891891802,249.72591254791,385.786121060086,,,,,
3.15785,1422.36670988519,247.830719949223,377.725309678705,,,,,
3.889,1412.73620925326,249.647260965239,383.247774926024,,,,,
3.3988,1417.9073284077,238.49169796784,377.244134445284,,,,,
3.7645,1408.52435142693,249.929272587701,385.812012475241,,,,,
3.9271,1408.53736843528,249.276132748564,385.941988381719,,,,,
3.074,1434.01852780325,251.599481125357,385.774780421631,,,,,
3.99965,1413.7108621913,249.850371629524,386.709028817994,,,,,
3.2386,1414.38601071921,249.944407138089,385.725342860399,,,,,
3.2144,1414.62248616349,245.663636523801,382.161316213743,,,,,
3.3083,1418.72373409484,249.308385535681,385.995491629056,,,,,
3.1737,1421.53180252636,248.330938104482,384.576872327189,,,,,
3.01715,1494.56974436379,224.354231920806,379.473438307959,,,,,
3.68945,1412.9901961421,248.191625938726,384.602470267128,,,,,
3.63725,1413.88022952986,245.656421972069,382.13234517207,,,,,
3.87005,1422.60184118537,246.053668700613,376.386393628734,,,,,
3.5861,1408.38569354105,247.722054976155,383.960632359909,,,,,
3.8481,1413.11198054015,249.376671373426,381.479781076876,,,,,
3.30395,1424.01312033478,243.95498744882,376.548081913304,,,,,
3.70515,1422.38688145858,245.818798828255,376.331169870946,,,,,
3.23145,1419.5081664333,244.909027116058,376.585638033809,,,,,
3.3054,1423.94967056799,238.469438841497,376.530473125395,,,,,
3.92425,1413.49754253127,238.333354371857,376.55449850864,,,,,
3.904,1417.70784152945,237.733021475583,376.797485576478,,,,,
3.7745,1408.56017031532,249.791841839671,386.365594656887,,,,,
3.81765,1418.93834355465,248.197865506831,378.573714495784,,,,,
3.22915,1414.58090070278,249.876711774302,382.613622197644,,,,,
3.79845,1419.15840231933,245.437327950783,376.59921627298,,,,,
3.60155,1418.88433861722,246.796881659023,376.696508762633,,,,,
3.7332,1412.47565175736,249.621219240321,386.262583198172,,,,,
3.53775,1418.13340082034,249.758037823674,385.421465479455,,,,,
3.63845,1413.88795877417,249.487337061799,386.244022890436,,,,,
3.99185,1408.80569802525,250.061259085408,384.562582865955,,,,,
3.26925,1409.64800356379,249.967112073027,386.301769246766,,,,,
3.62155,1414.10475515397,248.742977694554,379.54813009712,,,,,
3.525,1413.51243273946,249.421357298864,386.231740188782,,,,,
3.56145,1418.00820991434,244.676002820505,376.39739351358,,,,,
3.6211,1409.05337818717,249.674805035687,382.21910979069,,,,,
3.0604,1430.6297171502,250.230719157294,386.229839104255,,,,,
3.5249,1413.51243273946,249.282372579451,386.011704379976,,,,,
3.2267,1414.62230079461,250.049055600342,387.123265845195,,,,,
3.1944,1415.60552210594,248.456426379308,384.777124239732,,,,,
3.30535,1423.94967056799,238.688422663022,376.530234211369,,,,,
3.25365,1414.4709264497,239.33549717925,376.563492838526,,,,,
3.39165,1413.07975838025,249.963635915673,387.02187389855,,,,,
3.3806,1407.94326580076,249.350778517568,386.137996850069,,,,,
3.16355,1417.08408287514,248.9354622551,385.254300245196,,,,,
3.631,1409.182657621,249.942822742926,384.118996977144,,,,,
3.16615,1417.12088576441,250.295539315048,386.581074326663,,,,,
3.61045,1408.80889169117,249.78783464224,383.760889116271,,,,,
3.3715,1412.9172756927,249.702525518089,386.825041159456,,,,,
3.4751,1414.27574385113,250.047663828909,386.839858690954,,,,,
3.95845,1408.98116525824,249.922721715831,386.793599363637,,,,,
3.38495,1418.19483728517,246.574536839696,376.568316927488,,,,,
3.153,1417.27498455988,248.215187318289,384.432280032151,,,,,
3.57585,1408.05704945189,247.677540281119,384.026834470685,,,,,
3.32825,1413.28525617823,247.366020416661,383.729793446232,,,,,
3.0005,1734.67194507888,1.16911178327434,390.504170812793,,,,,
3.30515,1423.94967056799,239.556387677813,376.530077618395,,,,,
3.4545,1409.19054203725,249.932596900755,386.803270497062,,,,,
3.08305,1432.77334605081,251.374414419776,387.974565138165,,,,,
3.90215,1417.63773009552,243.632583881287,376.343876602121,,,,,
3.8904,1417.80798878638,246.298943221767,376.380814083205,,,,,
3.9672,1413.82637512894,245.28207953338,381.870832470641,,,,,
3.25245,1414.42318494808,243.795711017312,376.553451450296,,,,,
3.68785,1413.00335686819,239.929012497868,378.157299500688,,,,,
3.78465,1408.87496239464,249.886729124575,386.65487637799,,,,,
3.69525,1422.9151943773,245.169317955666,376.374706549984,,,,,
3.15095,1427.45699750948,238.310342195299,377.024896363342,,,,,
3.7491,1412.96957949317,237.650137208298,376.528430545289,,,,,
3.606,1408.60782546774,243.841835206815,380.728634567846,,,,,
3.4375,1418.85037331922,245.400155535606,376.56773442839,,,,,
3.07895,1438.38322157259,239.442294335663,378.061356477118,,,,,
3.9239,1413.49754253127,239.825518380421,376.541182332678,,,,,
3.03035,1449.42631609731,252.412263238114,388.820590370521,,,,,
3.0572,1441.04603876088,243.223104312612,377.946070731818,,,,,
3.1817,1425.9986019357,238.519298503177,376.724362128624,,,,,
3.03655,1453.45267413593,243.905027281018,378.231907740845,,,,,
3.7594,1413.32741325447,237.913947819035,376.627866679312,,,,,
3.83355,1418.44504022473,247.255262805245,383.550717587169,,,,,
3.27685,1409.37437633024,248.106431596916,384.423248562631,,,,,
3.75195,1408.03458232442,249.617870946959,386.400960628595,,,,,
3.07395,1434.01852780325,251.600194036687,385.950193443989,,,,,
3.23,1419.64061911989,247.614190045866,377.590576990225,,,,,
3.8361,1418.37257161015,249.801845711712,386.625296988169,,,,,
3.0715,1434.40617902464,251.464977302987,387.984735240228,,,,,
3.16125,1422.24529828632,238.304352431541,377.012365719289,,,,,
3.2594,1409.53445747773,249.969871689249,385.317929998284,,,,,
3.0829,1432.77334605081,251.382809769841,388.049733221466,,,,,
3.5489,1412.94926181232,249.538254793046,382.154250686242,,,,,
3.02455,1485.50617947871,248.682762055682,378.470198017155,,,,,
3.422,1408.41066392905,249.610031499893,386.511643984369,,,,,
3.7378,1417.44009643777,241.32650754848,376.339441843657,,,,,
3.43575,1413.99793117706,249.348953937954,380.659888575449,,,,,
3.3261,1418.38794811103,238.078836387251,376.470155065131,,,,,
3.5881,1408.55917334513,250.027600893841,387.027696563432,,,,,
3.84825,1413.11198054015,249.099609641654,380.607742198436,,,,,
3.74215,1407.67302853236,249.663954326635,386.826836455226,,,,,
3.9599,1409.05787677353,250.008334621615,386.698535064537,,,,,
3.9904,1408.74816320442,250.054875047802,386.997640373322,,,,,
3.5877,1408.56200858506,250.036772119901,387.081914072179,,,,,
3.917,1408.21986859994,249.695918415354,386.473743470087,,,,,
3.07335,1434.16185045494,251.567590399139,387.462371410189,,,,,
3.6154,1413.94942186527,238.563611960424,377.396646852877,,,,,
3.78225,1408.70723536631,248.306067860605,384.694685687621,,,,,
3.78885,1414.0063403188,243.398389795548,376.504094278706,,,,,
3.47695,1419.28168779128,249.498170988371,381.008952768693,,,,,
3.7677,1418.45724844561,244.914691083381,376.572909334407,,,,,
3.79785,1419.16383601236,246.398751789559,376.613184322825,,,,,
3.40575,1417.91499630797,246.486806929179,376.548569131161,,,,,
3.89835,1412.69354070229,249.645113161558,386.086579908151,,,,,
3.26825,1409.70694761979,250.004187512655,387.049361875095,,,,,
3.30735,1418.76940050901,246.232753362881,382.658008322831,,,,,
3.4347,1408.89483947906,250.025761233465,385.353815943487,,,,,
3.2079,1420.03511973907,250.008410123616,385.174306143494,,,,,
3.3181,1413.22446681296,247.974754161183,384.348989261478,,,,,
3.6099,1408.79466762318,249.792839740054,385.55779215833,,,,,
3.541,1422.92364583052,244.194133285001,376.378887504934,,,,,
3.83815,1423.30484400849,248.588750324967,379.299379851896,,,,,
3.4027,1412.959980197,249.889123080849,386.817402496306,,,,,
3.3371,1423.16070443063,239.25468162185,377.732916708821,,,,,
3.97425,1418.71503155288,244.036127945008,376.523966527431,,,,,
3.66565,1418.46886140412,241.37465654333,376.425555409269,,,,,
3.0807,1433.06684724501,248.781146583256,384.72232547206,,,,,
3.3962,1417.98612832212,245.361463019586,376.471220208113,,,,,
3.19615,1415.72076682685,250.11642776308,387.181074507794,,,,,
3.80085,1419.1011629306,238.09776416247,377.001735869246,,,,,
3.2497,1409.41496504742,249.788887190757,382.928795344247,,,,,
3.77845,1413.68049589211,243.579220829836,376.526608457077,,,,,
3.6,1408.85725874234,250.014164011584,384.369440424903,,,,,
3.20125,1425.41464853064,242.857091506066,376.660236348079,,,,,
3.45235,1409.03271342099,248.683292709766,385.112765595562,,,,,
3.3017,1419.36173190498,249.216895735435,380.542150810665,,,,,
3.04435,1442.5423708281,249.821955397068,379.292634817251,,,,,
3.8394,1423.22659965027,245.705611593875,376.462605473819,,,,,
3.40535,1417.99856007054,247.378532548202,377.342692305724,,,,,
3.9107,1413.04666928049,247.292674572843,377.25821026481,,,,,
3.73135,1412.38514896717,249.370451319246,386.246562587896,,,,,
3.27815,1409.51198867495,249.924092015753,387.017822923465,,,,,
3.3727,1412.87529978661,249.685877400521,385.461763376329,,,,,
3.88935,1412.73620925326,249.333823838082,381.463705472696,,,,,
3.53455,1418.21375529837,247.490045190564,383.825032075012,,,,,
3.75695,1413.26496289217,245.734131233618,376.492016197888,,,,,
3.31935,1413.32783271716,249.790541691635,386.933482506039,,,,,
3.8252,1413.89773889498,249.961187762701,387.066665311334,,,,,
3.85685,1413.10746921591,249.77821151415,386.57283895706,,,,,
3.62175,1414.15846834571,247.98466040294,378.245009989685,,,,,
3.67075,1413.39924563495,249.813213323712,386.838835670914,,,,,
3.7768,1413.72762645742,246.757018593237,376.767522945823,,,,,
3.7769,1413.72762645742,246.545114032657,376.59832254393,,,,,
3.8034,1414.02339423432,249.584940668431,386.22659966242,,,,,
3.15755,1422.33405323211,248.960140519543,379.423172207422,,,,,
3.7295,1412.32809421078,242.175464050312,379.536739338752,,,,,
3.08705,1437.24279377098,246.303301822857,377.614286053125,,,,,
3.61555,1413.90940251774,239.405571409402,377.887297942621,,,,,
3.11825,1429.01198547843,244.968223538904,377.104830116045,,,,,
3.5921,1413.66048348465,245.539187266251,376.551291269806,,,,,
3.09415,1426.58549438979,251.090525171491,386.838353627807,,,,,
3.25625,1409.39663280483,248.242069136251,384.571806847753,,,,,
3.04825,1442.14098761031,240.857380976362,379.132626992683,,,,,
3.35005,1412.76265574032,249.84559437682,386.817752601301,,,,,
3.846,1413.07161926255,249.745332097416,386.86805158972,,,,,
3.6386,1413.91621213816,249.644006979614,386.516097681584,,,,,
3.4218,1408.40258564644,249.374099357775,386.11786765727,,,,,
3.94845,1408.86136730864,250.05589084719,387.074677226209,,,,,
3.57885,1408.2383487032,249.754107563183,385.799020236343,,,,,
3.5086,1423.52337968941,246.910904685537,376.857747597894,,,,,
3.2728,1419.49534849494,244.658634118659,376.586469869325,,,,,
3.8802,1417.6903722719,246.2258219736,376.411508135348,,,,,
3.1472,1427.72363319166,249.185257949861,379.716777437762,,,,,
3.30685,1418.76940050901,243.490344850104,380.507751035092,,,,,
3.6228,1414.0758680581,245.808141599434,376.513342908829,,,,,
3.93535,1418.62451307629,239.886508460678,378.150152909583,,,,,
3.699,1417.61691995646,244.778366061865,381.444715945371,,,,,
3.0889,1437.06443999511,239.588604042253,377.575253547914,,,,,
3.9486,1408.8830965333,250.069402306678,387.108659844083,,,,,
3.16805,1427.13350649009,248.15310493239,378.20328705149,,,,,
3.06955,1434.63736110315,244.528839602685,381.3083511885,,,,,
3.7981,1419.16383601236,246.05324276767,376.606497220805,,,,,
3.311,1418.55716552081,249.872088982305,385.15107289221,,,,,
3.0016,1734.58236118562,5.79563324519453,388.877455200066,,,,,
3.3711,1412.94555234655,249.709781796099,386.871589903484,,,,,
3.91005,1412.97525803777,249.379276684849,381.139172231947,,,,,
3.8783,1412.54995779253,249.737096296533,384.743718020301,,,,,
3.5007,1423.79706890835,241.187582703084,376.530555578221,,,,,
3.47055,1419.39788728366,238.034623079291,376.57532912772,,,,,
3.7181,1417.35351381398,237.847372747745,376.479500534856,,,,,
3.32675,1418.29888210232,239.123039665203,377.706802590947,,,,,
3.09225,1426.75393146308,251.042637354572,387.821078408516,,,,,
3.0587,1435.79543991552,241.440732807495,379.433415536439,,,,,
3.76635,1418.62953060826,247.273630513154,377.210775144914,,,,,
3.2129,1424.76261783447,237.84453427349,376.783127946889,,,,,
3.7276,1417.37374727051,241.10408912254,376.408153757094,,,,,
3.4492,1414.00565026173,241.175711124548,376.665238155711,,,,,
3.049,1436.93377661574,245.254708978517,381.90892267475,,,,,
3.2159,1414.73633902924,249.875357634458,386.829302502651,,,,,
3.92955,1408.69653442601,249.795584060953,385.668535903908,,,,,
3.29085,1409.52558632949,249.874795453362,383.391158231937,,,,,
3.1556,1417.27951345753,250.359081470675,386.948988500865,,,,,
3.2468,1409.36259977047,249.74775307773,386.704083924527,,,,,
3.5084,1423.54590943534,247.566347647745,377.663443394845,,,,,
3.8057,1413.99544963378,250.00766385937,385.990759818607,,,,,
3.1443,1423.00534758476,250.513169290284,387.530094312511,,,,,
3.78275,1408.80272705423,249.432157219124,386.157553442,,,,,
3.61755,1408.89025388441,249.083479231506,385.636406678474,,,,,
3.29405,1414.49566929825,242.754717507397,376.634559775221,,,,,
3.1028,1430.67111556604,250.908309572479,387.815775430995,,,,,
3.70755,1422.26368204747,238.462379904782,376.303111820333,,,,,
3.3824,1408.0167333374,249.729563651813,386.551548510377,,,,,
3.48785,1419.17815093168,247.566409582216,377.49561163613,,,,,
3.9054,1407.61243565148,245.704587012384,382.174981601146,,,,,
3.36905,1412.73585704674,245.124612358455,381.693894728946,,,,,
3.0596,1430.67344342946,246.764567858017,383.015153088502,,,,,
3.11725,1429.12761097328,246.937030309571,377.130247969883,,,,,
3.55375,1417.87516816721,239.706185070147,378.037030537956,,,,,
3.26715,1409.56136339921,249.581615132477,386.252973014515,,,,,
3.60505,1418.72475370803,238.395109935776,377.243927909652,,,,,
3.3933,1413.02352627072,249.941987883252,385.688066223987,,,,,
3.97885,1413.67539693852,249.618223949555,386.474484200711,,,,,
3.91105,1413.05324597634,246.47765438934,376.484011571936,,,,,
3.9636,1418.96925798068,245.107652199134,376.642308586552,,,,,
3.4079,1417.84566124562,241.215173632545,376.524272581578,,,,,
3.6381,1413.87614024213,248.877458638666,385.360434570628,,,,,
3.4541,1409.19208753764,249.953351923706,387.033453269346,,,,,
3.9073,1407.85076994312,249.867025467798,386.974067639575,,,,,
3.6322,1419.23953633737,247.544392022465,377.552717921055,,,,,
3.6793,1413.16665258353,248.703947364268,385.180513705914,,,,,
3.15975,1422.2213697763,243.964476699485,376.896487856965,,,,,
3.24375,1419.28218307613,237.892898620035,376.666336499435,,,,,
3.1317,1418.58696253912,245.217470221618,381.829724959113,,,,,
3.37725,1417.82364525591,239.777073161007,376.385872125447,,,,,
3.3743,1417.94382380342,247.571730396149,377.770117313906,,,,,
3.2861,1409.38246717086,242.849911549787,380.073543686927,,,,,
3.9364,1408.50656695769,245.978023129104,382.433137964001,,,,,
3.8727,1422.51953934716,237.983868605079,376.373476510183,,,,,
3.774,1408.55292583635,249.809659069821,386.838758731403,,,,,
3.70685,1422.24968774852,241.408168328067,376.301054891341,,,,,
3.4916,1419.02718313211,238.493403091898,377.350316463534,,,,,
3.8335,1418.44769502427,247.046295501604,383.348768723879,,,,,
3.143,1422.96022397252,249.309213386059,385.630417753314,,,,,
3.7426,1407.67429741765,249.685680562987,386.872308604684,,,,,
3.4946,1414.07557781627,249.918807908259,387.019130483063,,,,,
3.16915,1426.94604598023,246.011647942576,376.826061906716,,,,,
3.8233,1413.7306645621,247.648603553879,383.960179580896,,,,,
3.72775,1417.38826753012,240.499298562086,376.409498250289,,,,,
3.1554,1417.30055804535,250.366490444083,387.143620578893,,,,,
3.77635,1413.68796032746,248.302166760052,378.855556587947,,,,,
3.4266,1413.68538192556,246.086355888159,376.461756689097,,,,,
3.74115,1407.49888871473,248.492690340972,384.9965673018,,,,,
3.66635,1418.4699866817,238.43198056159,376.431462768025,,,,,
3.98645,1418.61869716528,237.846124961733,376.799782269558,,,,,
3.0038,1734.27248466361,41.0460717989021,379.905252760719,,,,,
3.62625,1414.03381700172,241.762512517892,379.288105475703,,,,,
3.73035,1412.32340478135,246.77026688299,383.132183893785,,,,,
3.7597,1413.31645342931,238.31574937279,377.163742446734,,,,,
3.70555,1422.34947391466,245.163364054828,376.320164735612,,,,,
3.8979,1412.69354070229,249.654672693086,386.606818551051,,,,,
3.3443,1422.85993211492,245.734446306387,376.378946876138,,,,,
3.2591,1409.53188174134,249.949479883125,386.043405902237,,,,,
3.6534,1418.59674940839,246.186468371732,376.46209744705,,,,,
3.5101,1423.376318037,244.193028462605,376.435916625657,,,,,
3.7452,1412.80832325521,248.83357739053,380.063567930681,,,,,
3.00465,1734.10059369913,66.4700959640679,379.860878334249,,,,,
3.27005,1409.6736730002,249.990821987734,384.147430234957,,,,,
3.8295,1423.69758138943,244.995355431312,376.472761822512,,,,,
3.1483,1427.63840479831,246.542603142458,376.947626198823,,,,,
3.3703,1412.79033586216,249.307443733736,386.091470227754,,,,,
3.3513,1412.71605758574,249.899356646295,386.759326670385,,,,,
3.7992,1419.09696177405,243.502333837736,376.589677454634,,,,,
3.25225,1414.4236473359,244.344625017516,376.553924754821,,,,,
3.5649,1412.92871405933,244.620386972634,381.34340471875,,,,,
3.9965,1418.71018970924,238.182249020203,376.593068238718,,,,,
3.12865,1423.7621397343,244.658457743549,377.121404934337,,,,,
3.9444,1413.7568364867,240.206770536134,376.487068272326,,,,,
3.80645,1413.99839411876,249.995107225397,383.613707251171,,,,,
3.40395,1412.94563590194,249.902513663797,384.633828189834,,,,,
3.64065,1413.81614410349,249.833732124978,385.981509048261,,,,,
3.106,1435.30764896921,249.393745863568,379.66464772583,,,,,
3.56925,1413.08644245933,249.683824712642,383.478829589948,,,,,
3.3004,1414.3635523594,249.936698899841,385.96068286184,,,,,
3.2279,1414.56009844556,250.009778309262,386.50998335369,,,,,
3.42125,1408.28574625573,248.090133880362,384.477225046223,,,,,
3.5671,1413.13616782672,249.728573229109,386.920867747601,,,,,
3.9807,1413.62590695237,249.878914524952,386.53596617992,,,,,
3.81275,1413.81161542887,246.601106279431,382.983955880744,,,,,
3.56085,1418.01095962492,245.79304505861,376.405461495179,,,,,
3.811,1418.94163939041,237.924290423011,376.76795097505,,,,,
3.1497,1427.45477988785,243.123097164298,376.9129893359,,,,,
3.64005,1413.84150447752,249.840347287114,386.746608914429,,,,,
3.5434,1420.4046657575,239.450410490608,377.855268536462,,,,,
3.4932,1413.94123710006,247.277027455859,383.600727672819,,,,,
3.483,1414.07563869349,247.889697137515,384.124866638359,,,,,
3.4042,1412.94563590194,249.876688255491,383.683823472573,,,,,
3.1705,1426.81884835566,242.329162434553,376.793422060312,,,,,
3.5138,1413.3051241537,247.031667577939,383.387146653897,,,,,
3.135,1418.60149848022,250.589997813702,387.126029893377,,,,,
3.0764,1438.72814880638,247.206536548553,377.720508244928,,,,,
3.2814,1414.50947288649,248.116444549954,378.438845826892,,,,,
3.28195,1414.51598026069,246.545013678167,376.616866456365,,,,,
3.60625,1408.60782546774,245.244722857275,381.802826213698,,,,,
3.8747,1412.44881264803,246.721522931966,383.079825425602,,,,,
3.4438,1408.8929644986,250.022300975873,387.002049698286,,,,,
3.40385,1412.94563590194,249.899382959282,384.957582438442,,,,,
3.53735,1418.16885265405,249.738721869369,386.22793292322,,,,,
3.5573,1413.02974513902,249.733547467742,386.835388034063,,,,,
3.1928,1418.13676349708,240.119839126607,378.350590979268,,,,,
3.1276,1423.85287963686,246.814760262643,377.141143784495,,,,,
3.94895,1408.87259641617,250.06612284201,387.083361458579,,,,,
3.121,1418.79526101875,242.906974428254,380.204411360527,,,,,
3.2356,1414.34445796672,248.131468563647,384.423109879169,,,,,
3.51585,1413.39787001459,249.810631818672,386.945735123923,,,,,
3.0695,1434.65887883421,244.22103676577,381.099181854842,,,,,
3.93145,1418.7928773538,246.868328186367,376.845456872621,,,,,
3.0282,1449.68058119584,244.720956746675,381.554252900113,,,,,
3.5909,1413.74819975702,247.793847289998,377.809287174853,,,,,
3.50775,1418.57931484589,249.520654166405,381.680127507517,,,,,
3.8667,1417.74519899967,249.793055142644,386.871362880262,,,,,
3.1731,1421.5697322959,245.642442627652,382.116568196,,,,,
3.3378,1418.06543128143,243.425959782835,380.427751381523,,,,,
3.1616,1422.19555092346,238.891452814375,377.677476376401,,,,,
3.85535,1413.05373253762,249.711763396504,386.777673337702,,,,,
3.6918,1413.06227269769,249.715890849174,386.52616419271,,,,,
3.23135,1419.51250167782,245.133844213351,376.587129114281,,,,,
3.69195,1413.06023231138,249.712650940468,386.351836102729,,,,,
3.7641,1408.51309236373,249.919897661695,386.489795214748,,,,,
3.1349,1418.60149848022,250.592719935716,387.235899359349,,,,,
3.15405,1417.35198390746,250.280608293695,387.162109446598,,,,,
3.6934,1415.58400252499,249.377552521118,381.491624864825,,,,,
3.7345,1412.52360547539,249.472885863002,382.243235561409,,,,,
3.39105,1413.02957281991,249.712671198234,386.504235542932,,,,,
3.50195,1423.7486968613,238.525284613912,377.367976182875,,,,,
3.9103,1412.97525803777,248.765870786759,379.602130253989,,,,,
3.1213,1418.79526101875,244.706417165151,381.453777349757,,,,,
3.5078,1421.06616411755,249.442820950356,381.394610720858,,,,,
3.61485,1413.94942186527,238.195612423443,376.521662068244,,,,,
3.34515,1422.76116870712,243.952701115222,376.36043725869,,,,,
3.11525,1429.21807800018,250.680243746256,385.129205587363,,,,,
3.4199,1408.23731526612,241.106469411594,378.933161376874,,,,,
3.8387,1423.25344327641,246.701252123131,376.65791576769,,,,,
3.3914,1413.03711683491,249.920235145557,386.917465763145,,,,,
3.32685,1413.28688192002,239.69362054459,378.044100378904,,,,,
3.78255,1408.74798525515,249.082017183543,385.649620129986,,,,,
3.3072,1418.76940050901,245.468068923838,382.013771986488,,,,,
3.9318,1418.68244196151,246.273408618208,376.49505616029,,,,,
3.99025,1408.75014350712,250.061875850186,387.043835676262,,,,,
3.99825,1413.61882412055,246.010828463059,382.367056108729,,,,,
3.7742,1408.55292583635,249.799419928485,386.699060952203,,,,,
3.5473,1412.88175398869,249.725927321603,386.628676422605,,,,,
3.3908,1413.02527735685,249.399604632653,385.993600060408,,,,,
3.2141,1414.62253311818,243.979923209204,380.864721983043,,,,,
3.9891,1408.59437361332,249.704016680017,386.3674772418,,,,,
3.7481,1412.86986689056,241.474940640033,376.381143402505,,,,,
3.7979,1419.16383601236,246.335243459843,376.611730157152,,,,,
3.27665,1409.35453486643,247.364580797914,383.658248632834,,,,,
3.12785,1423.79760955634,246.437340499241,377.134831344799,,,,,
3.22375,1419.54827450173,240.047619396575,378.260480344062,,,,,
3.6116,1413.91265250635,247.321289221149,377.389526615954,,,,,
3.6315,1414.21767737023,249.622009920881,381.75388504929,,,,,
3.349,1412.65687830387,247.981761655766,384.26898695709,,,,,
3.13635,1418.59077187919,250.44147394968,383.04040461466,,,,,
3.39235,1413.07185973667,249.948943704631,386.90363539475,,,,,
3.35685,1417.79914551432,239.016471741424,376.456301376034,,,,,
3.5002,1423.82703690117,243.012845265211,376.53583249918,,,,,
3.27345,1419.49242225465,242.718461508797,376.577447520196,,,,,
3.4652,1409.46741256851,249.944180809315,386.352853017381,,,,,
3.17535,1421.57796843188,250.245801392503,387.285944449306,,,,,
3.5188,1418.55419276707,247.249906941075,377.276006477725,,,,,
3.2754,1416.95664836578,240.511668481486,378.525376508882,,,,,
3.8734,1420.01975824116,239.363796175623,377.789336649483,,,,,
3.1562,1417.26456432754,250.379056852799,385.844447058817,,,,,
3.8558,1413.15003537453,249.815462908769,387.014209943363,,,,,
3.05115,1436.82797068082,251.830452519871,388.506018686386,,,,,
3.55595,1412.95596707903,249.365625825231,386.187981947588,,,,,
3.1791,1426.19020368117,246.490132986793,376.768398219326,,,,,
3.82435,1413.78591539137,249.82686724802,386.785117412157,,,,,
3.70355,1417.50700637371,249.505623689205,382.297992860626,,,,,
3.69125,1413.11688516045,249.743032181864,386.867949560527,,,,,
3.62095,1409.05337818717,249.800189028624,382.977814571506,,,,,
3.61645,1408.82843916047,244.759779109429,381.449181679814,,,,,
3.58405,1413.46695875486,237.808141998209,376.541444771063,,,,,
3.89935,1412.70790905039,249.605344322497,383.038297634543,,,,,
3.32155,1413.31530773472,249.797684875391,384.277085792655,,,,,
3.39645,1417.98219743139,244.828437694878,376.467562134345,,,,,
3.31315,1423.46393755237,246.124695394874,376.466739795172,,,,,
3.1806,1426.02268270024,242.974381187027,376.726919235525,,,,,
3.0409,1442.98644481889,252.185024757296,388.700951651671,,,,,
3.51035,1423.376318037,243.481415988489,376.432506378736,,,,,
3.5433,1422.91100003873,238.880098188448,377.520235632945,,,,,
3.7833,1408.82571983955,249.875944053192,386.964834646917,,,,,
3.0292,1449.51617895739,250.129003808263,385.843378868289,,,,,
3.53845,1418.13256665885,249.669344564692,382.848017262816,,,,,
3.9462,1408.71609848376,243.342205248659,380.370356510158,,,,,
3.412,1408.07584030144,249.708842518516,386.824602088285,,,,,
3.1792,1426.19020368117,246.350387450593,376.764444100091,,,,,
3.91375,1413.13494799401,239.012328096472,376.488779026687,,,,,
3.0518,1436.64248654228,251.853567706696,388.535091548341,,,,,
3.1883,1415.82806250222,249.348883797628,380.460464772222,,,,,
3.94675,1408.7340169918,246.430573197747,382.754894404215,,,,,
3.4704,1419.38083008311,238.575383114455,376.537704685543,,,,,
3.9046,1412.64929286856,240.93810561394,378.773602534173,,,,,
3.88445,1412.55152556034,243.749259819383,380.685134058709,,,,,
3.2704,1412.18876744474,249.83423908784,382.573955407326,,,,,
3.63365,1419.04047036384,244.851017939443,376.540107413797,,,,,
3.9943,1418.7594580664,245.577919865221,376.56550039764,,,,,
3.7756,1408.64169607677,249.750853028561,383.16155185728,,,,,
3.5639,1417.97846993482,238.754076899254,377.468788083635,,,,,
3.1663,1417.12088576441,250.301459207694,386.303892445791,,,,,
3.65975,1408.53995599315,249.822879046808,386.946136496811,,,,,
3.3972,1417.93949075601,242.66005976144,376.461674686711,,,,,
3.3544,1417.84530587427,246.208224583633,376.463133798307,,,,,
3.14955,1427.48390478416,243.632987741781,376.915389992714,,,,,
3.33465,1423.25996051562,244.437040272287,376.394443023244,,,,,
3.915,1408.04179186694,241.686708794416,379.238591407513,,,,,
3.09255,1426.75609465955,251.114698630631,387.98753132927,,,,,
3.35885,1412.69268284089,245.952489205627,382.321032992492,,,,,
3.5528,1417.97921742455,238.837671463174,376.414544850146,,,,,
3.71495,1417.38001012467,246.687899565257,376.590817875884,,,,,
3.8113,1418.94163939041,238.433115592817,377.325915663837,,,,,
3.75155,1407.95472304102,248.967828310867,385.438776868069,,,,,
3.2661,1409.4990928482,246.377717214665,382.712211466576,,,,,
3.513,1413.27204191811,242.750087529388,379.980450227829,,,,,
3.75495,1408.21285533075,249.856377352564,383.277255039484,,,,,
3.4156,1413.25352072733,247.449888257546,377.606617079017,,,,,
3.5507,1417.94553906664,245.540994651272,376.413446619445,,,,,
3.7231,1412.38637197542,249.812881974498,386.035627312548,,,,,
3.97135,1413.80020701981,249.834057557731,384.027772597045,,,,,
3.46045,1414.36052785625,237.928232983431,376.898320794484,,,,,
3.5151,1413.42839476617,249.746858894058,386.819641569343,,,,,
3.4858,1414.08233725034,250.061382908375,386.406101628163,,,,,
3.1318,1418.57899769729,245.774977100124,382.259799413419,,,,,
3.44855,1413.99529672417,243.518672953928,376.660177715765,,,,,
3.74565,1412.86936757485,247.225193894998,377.326763024895,,,,,
3.88825,1412.69226934976,249.678657830939,385.727788248451,,,,,
3.9699,1413.82266821835,249.832801133309,386.8870383272,,,,,
3.89115,1417.69006064316,245.203543677836,376.350071371685,,,,,
3.9464,1408.71664499606,244.540271129198,381.235553807281,,,,,
3.51165,1423.36862386875,238.417918106097,376.431968248155,,,,,
3.37335,1412.88257586284,249.649046063311,383.228179847107,,,,,
3.20565,1420.2038816584,249.920209333944,386.924796172177,,,,,
3.35735,1417.79914551432,237.891334459769,376.792283807694,,,,,
3.8261,1413.84439971109,249.92584262696,386.414409075435,,,,,
3.09685,1436.31094495902,246.960605181808,377.428579903975,,,,,
3.81045,1418.883995994,239.898917127831,376.636990720842,,,,,
3.2938,1414.49566929825,243.563774000888,376.635113814917,,,,,
3.58355,1413.40403885046,239.7257856442,376.448996710723,,,,,
3.06795,1439.89428606856,241.253094924441,377.741778881282,,,,,
3.2378,1414.3973226993,249.944543056282,386.848440268106,,,,,
3.5865,1408.41190151501,248.975015952486,385.365057605541,,,,,
3.1888,1420.88108494615,247.580685201564,377.506303043289,,,,,
3.6906,1413.10269588399,249.73323911764,386.879349589065,,,,,
3.39995,1412.84549081423,245.126199337085,381.638140219908,,,,,
3.58635,1408.38569354105,248.573821186191,384.878472290174,,,,,
3.82375,1413.77400620986,249.015487398449,385.517118199783,,,,,
3.71205,1412.25046534447,249.821802765752,386.820304988138,,,,,
3.5585,1413.00872117165,249.736634300316,385.080204565437,,,,,
3.9884,1408.49742651133,248.101029380893,384.316709095634,,,,,
3.1223,1418.79455183855,249.235226844821,385.500541021431,,,,,
3.7022,1417.54314118843,249.649326714831,386.369792816103,,,,,
3.6717,1413.36754063604,249.800115349331,385.70628269432,,,,,
3.1684,1427.13350649009,247.089181475253,376.969396105513,,,,,
3.90275,1417.63919330069,241.626753075539,376.343233819179,,,,,
3.7915,1408.95587313612,243.315537797381,380.333226306122,,,,,
3.71955,1412.24267237076,244.519575006411,381.189442916026,,,,,
3.9988,1413.63975057166,248.309272546373,384.569472424139,,,,,
3.30865,1418.75086957076,249.709016496739,386.667068940874,,,,,
3.22775,1414.56609208042,250.012318103566,386.692906704502,,,,,
3.51335,1413.27204191811,244.797670703222,381.474099568639,,,,,
3.702,1417.54314118843,249.656252577481,386.571341555132,,,,,
3.1171,1429.12761097328,247.121343477552,377.135733428151,,,,,
3.7845,1408.87189560147,249.892450374701,386.795719323398,,,,,
3.4806,1419.17576250472,239.181775379655,376.61076789455,,,,,
3.16345,1417.07713701286,248.632166897089,384.90721568952,,,,,
3.5734,1418.01571725524,238.924417659029,376.388237907876,,,,,
3.79125,1414.0080464271,241.772295624155,379.29931273941,,,,,
3.36485,1417.81474391221,246.012209284804,376.470391139412,,,,,
3.2449,1409.16030756294,243.07003276875,380.212301491583,,,,,
3.662,1408.59713097147,249.80363970744,383.797387873098,,,,,
3.8425,1418.06565098053,239.630386736321,377.993892893847,,,,,
3.1301,1423.75814541485,239.156730303761,377.122028122367,,,,,
3.4978,1421.61065131664,248.77062942592,379.565057945156,,,,,
3.6088,1408.77037098551,249.804477884304,386.885071244423,,,,,
3.03375,1448.97800775494,251.19610601919,381.190188663085,,,,,
3.9218,1413.45008163722,245.992129523909,376.535987965073,,,,,
3.90055,1417.75559671216,246.609676197456,376.608036312246,,,,,
3.79705,1419.29317180859,248.246771694356,378.459728436556,,,,,
3.05335,1436.49237239393,251.854283426129,386.147537656402,,,,,
3.918,1408.31083994923,249.967896477476,387.013964786135,,,,,
3.16495,1417.19646089641,250.335594606721,387.388832267263,,,,,
3.39745,1417.93976699176,241.748716392059,376.461524122063,,,,,
3.7997,1419.08803402253,241.722552524824,376.58769474121,,,,,
3.07295,1434.16185045494,251.572589138464,387.969922657748,,,,,
3.81845,1418.94920591902,246.251016103331,376.561711262855,,,,,
3.14135,1428.17091769457,241.126260612858,379.02294226691,,,,,
3.1741,1421.52179443719,249.422286861625,385.887454469162,,,,,
3.3542,1417.84530587427,246.444468302235,376.468461237686,,,,,
3.4129,1408.04855849071,249.752246277926,386.866822622137,,,,,
3.63085,1409.182657621,249.952137085624,384.669649303979,,,,,
3.6679,1413.3700107559,244.024334892165,380.849990701466,,,,,
3.54995,1418.00645000687,246.604029039967,376.587327747114,,,,,
3.1463,1422.75083389591,250.495427960747,384.589561795771,,,,,
3.6855,1418.12687547626,243.950188220726,376.442209228485,,,,,
3.5768,1408.21314452543,249.617902750552,386.580282244661,,,,,
3.5338,1418.22545460316,243.748098069595,380.660465294796,,,,,
3.5725,1418.01355235372,242.501188265712,376.38144857608,,,,,
3.8439,1413.00445391841,247.331440921488,383.701696360856,,,,,
3.5421,1422.87989804549,240.431662008544,376.367385073791,,,,,
3.81805,1418.95749278853,246.84657791044,376.803084183469,,,,,
3.72595,1417.39645366072,245.710788391133,376.416800881684,,,,,
3.46915,1419.3925425824,243.444946982292,376.53507813048,,,,,
3.62745,1408.99106495969,247.996716389286,384.266672202413,,,,,
3.76715,1418.51237956205,245.955229635935,376.583214232704,,,,,
3.48935,1419.07416105011,244.800620880386,376.662525977425,,,,,
3.17155,1426.7681354052,238.216758099666,376.881541819472,,,,,
3.76335,1408.54756114426,249.954879697245,386.985010396675,,,,,
3.63215,1419.23953633737,247.723598868019,377.796306497777,,,,,
3.03605,1453.49886787601,245.717812071685,378.24889780356,,,,,
3.80745,1419.0194067797,247.875120278044,377.951157940953,,,,,
3.6374,1413.87921689229,246.402245632961,382.76994615884,,,,,
3.0509,1436.82797068082,251.730827396348,388.290379493278,,,,,
3.34155,1417.97354106085,249.719080156225,385.958205068235,,,,,
3.66605,1418.4699866817,239.73746660277,376.427372950425,,,,,
3.58985,1408.63194552659,250.000749741952,383.762034935885,,,,,
3.8212,1418.8578029517,237.988425242285,376.598277120652,,,,,
3.17365,1421.53653770596,248.153898208362,384.389176055791,,,,,
3.7288,1417.36487134895,238.22531056326,377.098891034762,,,,,
3.0554,1441.36945030246,248.008698573538,378.010270744726,,,,,
3.68185,1413.15081405185,249.776716696745,386.048918612419,,,,,
3.1141,1429.33959241688,250.658341611071,387.407273128355,,,,,
3.01695,1494.56974436379,220.112325656546,379.099595225915,,,,,
3.64195,1418.81955955625,249.302326385934,380.921422527298,,,,,
3.8351,1418.52210825331,249.831032519821,386.940954626773,,,,,
3.1075,1435.07069308577,246.138818565162,377.206972078848,,,,,
3.3367,1423.17965585298,237.670524985294,376.669301520037,,,,,
3.29595,1414.44719064795,240.125512037606,378.358316908763,,,,,
3.34815,1412.63644857235,243.794534315487,380.68318835197,,,,,
3.19335,1415.62803815396,243.395059844107,380.460506806305,,,,,
3.0172,1494.56974436379,225.451037798564,379.599055801974,,,,,
3.11865,1428.97245321834,243.746076740882,377.098583312916,,,,,
3.85465,1413.02294514081,248.77442378746,385.320488419551,,,,,
3.5518,1417.91895647563,242.80557473474,376.405379494389,,,,,
3.45845,1414.32092487617,244.509357790449,376.602540415973,,,,,
3.0452,1442.3900310667,248.222491679827,378.227571851113,,,,,
3.5773,1408.22385843093,249.781553412979,386.936088558227,,,,,
3.59475,1413.66238044844,238.634406151603,377.347655134758,,,,,
3.55705,1413.02974513902,249.745046945146,386.911109019771,,,,,
3.17795,1426.29800472008,249.498813755832,380.725316158712,,,,,
3.96425,1418.93313005766,243.341347705605,376.63323306887,,,,,
3.23575,1414.35639602988,248.595341784399,384.950272156998,,,,,
3.7617,1408.33615744702,248.563290297683,384.886543563953,,,,,
3.0837,1432.65684492742,251.359130062237,387.235467445648,,,,,
3.81095,1418.94163939041,237.981095082065,376.720180782345,,,,,
3.61195,1413.91207820992,246.446856492173,376.529242527512,,,,,
3.34045,1418.10800822261,249.752410240326,386.895682621403,,,,,
3.2523,1414.4236473359,244.213305323987,376.553760062423,,,,,
3.8284,1423.88418323607,246.747303136666,376.661090773442,,,,,
3.9063,1407.68490826674,249.024814491447,385.550560567089,,,,,
3.4794,1419.17010964983,243.811649958788,376.607413228937,,,,,
3.3183,1413.22446681296,248.575129379501,385.041179991565,,,,,
3.89335,1417.6673623701,237.861149693583,376.373052920897,,,,,
3.87585,1412.58978104879,249.558915608785,386.501964969958,,,,,
3.60585,1408.60782546774,242.95801043387,380.099577746112,,,,,
3.9036,1417.68242723749,238.074433606609,376.357567338875,,,,,
3.95055,1408.88853711946,250.064605703165,384.762409134453,,,,,
3.37835,1417.89409759414,239.226843921984,377.749376355537,,,,,
3.82925,1423.7190212705,245.495222561867,376.479065525672,,,,,
3.10345,1430.63181340318,250.912615337604,387.78706821692,,,,,
3.48065,1419.18533928565,238.959891514449,376.61163507091,,,,,
3.73205,1412.54299687203,249.661200259243,386.837868639634,,,,,
3.58265,1413.36781086927,243.134982799333,376.437917446166,,,,,
3.8343,1418.43760972718,249.319780398857,385.992829721506,,,,,
3.54935,1412.94926181232,248.637199379358,379.509498215975,,,,,
3.87435,1412.4227048301,244.974907569234,381.586888543651,,,,,
3.56135,1418.01095962492,244.898024875455,376.398347154616,,,,,
3.6197,1408.98311942841,249.869022112891,386.545836681622,,,,,
3.5844,1413.46695875486,238.232998892677,377.15669458523,,,,,
3.94,1408.68271733153,249.813716386575,385.360746012214,,,,,
3.1619,1417.10621290591,240.550423684981,378.658241924545,,,,,
3.4225,1408.45371808588,249.849161386136,387.000951505758,,,,,
3.8594,1423.16021636514,246.498021954742,376.523531055361,,,,,
3.2812,1414.50947288649,248.853976571394,379.738496648702,,,,,
3.7337,1412.48947212802,249.640938422681,385.31135896215,,,,,
3.0772,1438.55613458697,245.266488272917,377.689623586064,,,,,
3.7009,1417.68416306019,249.666878641473,386.815494184485,,,,,
3.1855,1415.90267428627,250.186645014767,387.248186208936,,,,,
3.0512,1436.82797068082,251.840560010598,388.53016673616,,,,,
3.89615,1412.62404719895,249.117127453162,385.825676043952,,,,,
3.6191,1408.98977701158,249.896532381744,386.970962060932,,,,,
3.39875,1417.91458472594,238.284478455536,377.10983307326,,,,,
3.17595,1421.40385160128,250.218188552126,387.066244810984,,,,,
3.7464,1412.88128551641,245.833987166432,376.378502807124,,,,,
3.13745,1428.58918000577,247.408822825219,377.232990280249,,,,,
3.58015,1413.33819753449,249.048996960988,380.41741623343,,,,,
3.8332,1418.45596544641,245.621052102625,382.085505250109,,,,,
3.71005,1412.19571371007,248.213105913308,384.556246026067,,,,,
3.8971,1412.77107922684,249.685218795734,386.865482730308,,,,,
3.72665,1417.3730073747,244.250494150805,376.408511713545,,,,,
3.47465,1414.31651908389,250.070972840861,387.074049051096,,,,,
3.3231,1418.43834599003,246.574349809576,376.561710953176,,,,,
3.81385,1413.89854399481,249.64498247107,386.499173477317,,,,,
3.6789,1413.16665258353,247.430592726093,383.762221511581,,,,,
3.4513,1408.98814182412,243.985910164427,380.879343798273,,,,,
3.88065,1417.63958161569,245.614629373604,376.402002612158,,,,,
3.554,1412.86380851726,241.183653607574,378.949548674245,,,,,
3.26205,1414.60437546597,245.537031968413,376.567607413471,,,,,
3.32245,1418.36642029704,248.715862102553,379.618928851051,,,,,
3.5006,1423.80613321876,241.577837248644,376.531261006053,,,,,
3.76165,1408.32512322946,248.416386856932,384.715355837535,,,,,
3.2746,1419.48340635351,238.10955633007,376.613585600037,,,,,
3.5739,1418.07818647193,237.651406382361,376.677493763398,,,,,
3.6412,1413.80613592595,249.862178171112,384.490320931635,,,,,
3.87075,1422.51798630301,244.863498922427,376.368941839293,,,,,
3.51105,1423.33955260556,240.987850613826,376.427823081251,,,,,
3.771,1408.36415511218,243.822809174381,380.746660399143,,,,,
3.1768,1421.33109687964,250.225144942326,385.776703353808,,,,,
3.92805,1408.7162236558,249.824053278806,386.95204476872,,,,,
3.3539,1417.84530587427,247.021125582387,376.887600268821,,,,,
3.85115,1418.06424998587,241.837478606481,376.465646015105,,,,,
3.41125,1407.89881468224,248.848546356566,385.427140002376,,,,,
3.28205,1414.51598026069,246.431566532751,376.607527607381,,,,,
3.6393,1413.97195499132,249.870538877554,386.992388169947,,,,,
3.04735,1442.15932384908,241.684800701042,378.174419978746,,,,,
3.81935,1418.85695867224,244.636910102301,376.54550818265,,,,,
3.2322,1419.46002981992,242.734800871864,376.578637865684,,,,,
3.27475,1419.47629311186,237.89747081799,376.749297427155,,,,,
3.30775,1418.72903991539,247.919093981532,384.273564007819,,,,,
3.8402,1423.12146021706,243.961484442892,376.444890571506,,,,,
3.76475,1408.55360398134,249.946922788275,385.175246049466,,,,,
3.2823,1414.51598026069,246.120277147133,376.601490496291,,,,,
3.853,1412.994647195,240.796360364165,378.745471960259,,,,,
3.03925,1443.07410906753,248.660809482766,384.457394549384,,,,,
3.7787,1413.68708382954,242.787079868657,376.527281842008,,,,,
3.1738,1421.5236199255,248.65738701003,384.937969978757,,,,,
3.77265,1408.53027678082,249.590593701499,386.500553190749,,,,,
3.814,1413.89854399481,249.773072781228,386.735590128361,,,,,
3.74445,1407.7206755665,249.67013401278,383.938187613713,,,,,
3.69325,1413.08099557432,249.558720029284,382.302607054369,,,,,
3.4364,1418.98212553951,247.163444105645,377.01621647694,,,,,
3.9055,1407.6270632205,246.213786815929,382.6067321543,,,,,
3.17495,1421.57796843188,250.225022148746,387.239984800104,,,,,
3.4778,1419.24975670797,246.847009750398,376.725811853399,,,,,
3.2648,1414.56066190974,238.910384918795,377.561401779598,,,,,
3.43395,1408.86000101209,250.004764895873,386.702658952374,,,,,
3.11665,1429.15764367881,247.95472646758,377.740337378981,,,,,
3.3618,1412.82689682081,249.888244128291,386.566336362453,,,,,
3.37635,1417.82514153794,243.159614005145,376.382412561666,,,,,
3.1953,1415.65443849625,250.004137020565,386.951976543874,,,,,
3.26015,1409.59221525864,249.746912388883,382.259061051898,,,,,
3.5681,1413.06678173464,249.689209281198,386.461086949004,,,,,
3.64455,1418.66746222705,243.125922675462,376.505367277489,,,,,
3.5432,1422.91100003873,238.337316053624,377.203888246234,,,,,
3.23255,1419.46007701839,241.432685776842,376.578170989336,,,,,
3.9051,1407.60896777572,244.01972160997,380.8622581957,,,,,
3.6107,1408.86390131822,249.668842641507,382.620803089138,,,,,
3.45875,1414.30983226285,243.686087433502,376.601734815966,,,,,
3.9648,1418.91328538056,241.347662229209,376.630264832792,,,,,
3.5929,1413.64611221657,243.572013239865,376.547778588637,,,,,
3.61475,1413.9421295341,238.614728960064,376.513556882148,,,,,
3.0011,1734.6117801101,3.78166613886371,389.947130201876,,,,,
3.15845,1422.35803317376,246.711783008896,376.918230527112,,,,,
3.61255,1413.89035560314,245.644978929378,376.505195299879,,,,,
3.3416,1417.96853978314,249.721397029958,385.861374854337,,,,,
3.59775,1408.84030441288,249.996800348752,386.976587854279,,,,,
3.73915,1417.50422921282,238.323208870938,377.204168918224,,,,,
3.59985,1408.85725874234,250.01611831912,384.889555822429,,,,,
3.2534,1414.42512457226,240.396434700904,376.559049974606,,,,,
3.9111,1413.05324597634,246.421699059183,376.476980903611,,,,,
3.8851,1412.56082390851,247.062895402448,383.440869401867,,,,,
3.76725,1418.51237956205,245.796169856951,376.580960612207,,,,,
3.933,1418.60944576956,244.008156790475,376.469880981705,,,,,
3.62165,1414.13191427553,248.38311914407,378.888077711195,,,,,
3.7136,1412.28172262614,249.805166120885,383.625768001619,,,,,
3.0028,1734.54674397444,9.94315469356051,382.895703910306,,,,,
3.18235,1425.99866070128,239.339269685753,377.874350442175,,,,,
3.53255,1423.36842362342,237.674858153277,376.547490072604,,,,,
3.1545,1417.35894195564,250.396352897728,387.422694316585,,,,,
3.03175,1449.17378212253,252.46295099174,388.642289384025,,,,,
3.16105,1422.24529828632,238.838626541079,376.903042380293,,,,,
3.5243,1413.43200114646,247.770247537929,384.145475046116,,,,,
3.342,1417.95073361528,249.747278747709,384.833980179949,,,,,
3.9199,1408.4060457228,249.924256792755,383.554702712657,,,,,
3.58215,1413.35970965446,244.528985345151,376.437037859684,,,,,
3.84425,1413.00445391841,248.492516271278,384.972271589898,,,,,
3.67585,1418.23703115398,241.832570988507,376.453284859416,,,,,
3.77135,1408.36415511218,245.758166166484,382.254803979385,,,,,
3.6804,1413.25034518998,249.808881523655,386.948464253571,,,,,
3.33945,1418.05704026581,249.45894209979,386.315177724869,,,,,
3.45075,1414.01734170944,240.699160833514,378.684870121027,,,,,
3.8546,1413.01532075272,248.651587855491,385.165137556314,,,,,
3.37465,1417.9181299717,246.507986211558,376.525617376557,,,,,
3.6828,1413.18625299876,249.721399063136,383.008473118753,,,,,
3.3008,1414.34699315074,249.961206292948,384.868812850447,,,,,
3.84015,1423.12146021706,244.098994498737,376.445740927465,,,,,
3.62495,1414.10389596559,239.204520809868,376.514542236152,,,,,
3.84985,1418.08884785122,245.413774635255,376.474430599572,,,,,
3.3734,1412.88678367753,249.625872959242,382.999495787791,,,,,
3.98565,1418.60783481847,240.214095747899,376.450144877846,,,,,
3.5735,1418.03276677121,238.48667019898,376.39022448836,,,,,
3.0377,1448.28063501053,240.202484669478,378.618485770775,,,,,
3.0995,1436.05497913731,238.870495480319,377.630896831478,,,,,
3.23715,1414.48951945731,249.972256974093,387.059560874243,,,,,
3.8386,1423.28082126244,246.95996769169,376.911359558761,,,,,
3.68645,1418.09951024812,240.658170786155,376.439094786846,,,,,
3.2749,1419.47319456687,238.041936167453,376.995875511084,,,,,
3.0652,1440.38639936854,248.583814539694,378.10435312974,,,,,
3.42875,1413.70247816807,240.205704614308,376.462947750439,,,,,
3.4327,1408.85638561464,250.006628025304,386.994274677003,,,,,
3.711,1412.30878293859,249.755644031401,386.752482535811,,,,,
3.6838,1418.23923874908,247.258633437662,377.282678734102,,,,,
3.3423,1417.95073361528,249.727983424353,383.734322951554,,,,,
3.83535,1418.52210825331,249.836421290603,386.949689034638,,,,,
3.045,1442.3900310667,248.498951746677,378.236160253613,,,,,
3.81615,1413.84045919985,249.911251476321,385.698353933701,,,,,
3.04755,1442.15508004414,240.791355325486,378.173816412899,,,,,
3.7994,1419.09696177405,242.834229410079,376.588410980242,,,,,
3.90925,1407.87302366639,249.864133896865,384.798494912755,,,,,
3.0967,1436.35449616165,247.194498881929,377.435769751085,,,,,
3.1056,1430.35023198198,250.487397675237,382.189725641384,,,,,
3.7025,1417.52751464465,249.652162259977,385.914513447912,,,,,
3.94735,1408.74010335105,248.74569196815,385.071470136264,,,,,
3.37775,1417.89141916999,237.758711435035,376.444924732617,,,,,
3.49795,1424.08809826779,248.208488251591,378.57650569118,,,,,
3.8859,1412.64392716701,249.24240196427,386.019651004144,,,,,
3.35175,1412.70941256274,249.889338937678,386.248481263778,,,,,
3.25755,1409.53914623943,249.975485201372,387.073943974269,,,,,
3.365,1417.81474391221,245.78406201389,376.467445242411,,,,,
3.36875,1412.73647439083,243.432845472733,380.408951558238,,,,,
3.7815,1408.67529143676,245.003458768907,381.657140921817,,,,,
3.98355,1418.69308827179,246.063807735363,376.467879881901,,,,,
3.46125,1414.29442083503,241.837778073993,379.396477384659,,,,,
3.3548,1417.76346534255,245.608577011734,376.455475761378,,,,,
3.42015,1408.23731526612,242.618585633824,379.92291712848,,,,,
3.7437,1407.68540232982,249.648829704364,386.030418152792,,,,,
3.98725,1413.51470570789,242.063440713947,379.463538633046,,,,,
3.41815,1413.24847081914,241.26055524845,376.481631045813,,,,,
3.34135,1417.99414208818,249.715034242816,386.284553147627,,,,,
3.44535,1408.92073358413,250.020290119203,384.214859070998,,,,,
3.81475,1413.88791897778,249.935158515631,387.083807922568,,,,,
3.00455,1734.15673919619,63.6317531974381,379.86584895632,,,,,
3.1406,1428.21165957489,238.496866861311,377.110771680752,,,,,
3.6781,1413.16947844227,243.354380883525,380.392595444763,,,,,
3.43095,1408.63821913313,245.598810868858,382.041027673549,,,,,
3.56705,1413.13616782672,249.727357751922,386.918376393623,,,,,
3.9277,1408.67572765726,249.780665507427,386.84742757281,,,,,
3.60795,1408.8282012452,249.759402059498,386.826850909715,,,,,
3.9673,1413.82637512894,245.805497701195,382.301080313722,,,,,
3.5027,1418.66692410253,242.892505749033,380.098544904728,,,,,
3.80065,1419.11066098025,238.007213548842,376.704000699806,,,,,
3.22475,1414.51387809296,245.919646508379,382.342673285228,,,,,
3.20655,1420.17309165445,250.008368848129,387.087689375622,,,,,
3.87605,1412.58978104879,249.673113190124,386.734211539676,,,,,
3.0792,1438.38322157259,240.449244033346,378.727931352334,,,,,
3.70945,1412.17278664072,245.672545687491,382.136844835447,,,,,
3.62605,1414.03381700172,240.559255095837,378.529222864589,,,,,
3.92985,1408.73107917497,249.815334031385,384.854524491617,,,,,
3.2006,1425.46010570689,244.797940092712,376.672276967491,,,,,
3.8636,1417.78739943182,242.487203712683,379.793642193332,,,,,
3.19875,1420.71842146005,248.866104952453,379.538920203271,,,,,
3.9491,1408.87259641617,250.05967624421,387.043691211363,,,,,
3.21425,1414.62253311818,244.844402045479,381.511604727064,,,,,
3.9409,1413.76913912426,249.477931848297,381.641706481828,,,,,
3.397,1417.93949075601,243.323589950873,376.462499991869,,,,,
3.7168,1417.29241691768,242.893959332153,376.39647367632,,,,,
3.14985,1427.44166074784,242.580899684606,376.910939047502,,,,,
3.1908,1420.73963028093,243.37751341094,376.725170244407,,,,,
3.367,1417.79738835569,239.725663709108,376.461455316457,,,,,
3.33035,1413.47256902562,249.780833529644,386.896554959196,,,,,
3.72875,1417.37058314502,238.0373245943,376.973193363061,,,,,
3.5581,1412.99950211714,249.711334219236,386.023371736075,,,,,
3.26485,1414.56066190974,239.19067438708,377.723572215091,,,,,
3.19185,1420.77159905217,239.240538787713,376.728395872143,,,,,
3.64155,1413.81720563593,249.777061800356,383.045529900555,,,,,
3.35915,1412.69268284089,247.329359201127,383.569141984567,,,,,
3.39955,1412.85979497827,242.818481242375,379.940780107233,,,,,
3.49365,1413.97316656829,248.789673386686,385.245008848143,,,,,
3.7015,1417.63835360169,249.681887095701,386.827366422683,,,,,
3.47235,1414.28692673337,246.412051084983,382.739112543448,,,,,
3.4566,1414.35322107995,248.61177717066,379.261898664664,,,,,
3.84185,1423.10762446542,237.788367986771,376.495639937766,,,,,
3.89755,1412.73361166088,249.673264892474,386.792647128136,,,,,
3.5335,1418.27870290108,241.951577105873,379.414952711458,,,,,
3.5985,1408.84221723536,250.010890846082,386.96104686552,,,,,
3.4998,1423.82703690117,244.211362475877,376.542722928442,,,,,
3.8889,1412.73620925326,249.679691633042,383.684051316821,,,,,
3.55005,1418.00645000687,246.414385211097,376.454917286558,,,,,
3.49045,1419.03799237941,241.194916234951,376.657885842058,,,,,
3.3126,1423.51405151126,247.074361224329,377.032993313436,,,,,
3.57945,1408.25507690296,249.767936894206,383.989495457834,,,,,
3.15955,1422.24345470197,244.553135344907,376.89827283588,,,,,
3.78265,1408.77417720506,249.272559857052,385.917412998244,,,,,
3.49525,1414.10535790384,249.941753538372,387.048429480083,,,,,
3.2822,1414.51598026069,246.252310278962,376.603712334865,,,,,
3.4923,1413.95615559234,242.467942714214,379.803115495252,,,,,
3.38775,1418.12057137108,239.033882399009,376.401430237567,,,,,
3.0669,1439.99256391837,245.23295168053,377.769080049848,,,,,
3.5818,1413.35970965446,245.274688218372,376.438337601127,,,,,
3.65415,1418.48240771198,244.945245000839,376.444410279787,,,,,
3.82365,1413.75986787276,248.774984512535,385.210008262396,,,,,
3.24625,1409.22076208591,248.999794648524,385.533109035508,,,,,
3.08965,1431.91284200585,240.948018340978,379.031121805687,,,,,
3.13615,1418.59077187919,250.570165989384,384.007048093416,,,,,
3.9165,1408.12396558576,248.854679051953,385.248155963794,,,,,
3.92835,1408.7162236558,249.817930129909,386.916870865736,,,,,
3.1879,1415.82806250222,250.011640464984,382.730579747764,,,,,
3.23885,1414.38612385952,249.961502115391,385.048641649067,,,,,
3.7146,1417.36525577074,247.788344542968,377.937912663095,,,,,
3.18175,1425.99909182277,238.346625682582,376.738686377344,,,,,
3.71075,1412.28610674116,249.585888701518,386.422096659673,,,,,
3.98495,1418.591996663,242.87036294614,376.448647441588,,,,,
3.5547,1412.86645339033,245.270538952504,381.859318376446,,,,,
3.9348,1418.62451307629,237.715080179586,376.672345860769,,,,,
3.12535,1418.81707110271,250.619260802457,385.788682263848,,,,,
3.13045,1423.75390838155,238.560899417896,377.417711276304,,,,,
3.56895,1413.08644245933,249.721295877473,384.637007647521,,,,,
3.58925,1408.55963052738,250.010892225574,385.736498966335,,,,,
3.772,1408.43561200179,248.398547107583,384.826502567164,,,,,
3.5039,1418.63027690613,248.541119444591,384.989358022667,,,,,
3.02635,1470.03671702388,243.477399089434,378.321413231929,,,,,
3.15525,1417.30370395223,250.374301510086,387.248300780045,,,,,
3.64735,1413.5529558151,244.460542539412,381.224870496193,,,,,
3.50995,1423.376318037,244.571956175224,376.438351966672,,,,,
3.7351,1417.56749809639,248.121691298705,378.664256772418,,,,,
3.9132,1413.04263357738,241.336673924693,376.476552747043,,,,,
3.9312,1418.79753637635,247.693454626219,377.875567610882,,,,,
3.957,1408.87506068326,246.063066529127,382.401175037668,,,,,
3.5874,1408.50389377657,250.002922546762,386.99908328212,,,,,
3.94205,1413.80254706828,246.34582781621,376.4947089506,,,,,
3.2557,1409.38722219997,245.923003211451,382.370646579257,,,,,
3.9974,1416.18518227791,241.112199173563,378.84487785582,,,,,
3.53885,1423.12428660793,249.14754159813,380.670309138311,,,,,
3.95765,1408.9182601343,248.656656220483,384.944285609087,,,,,
3.8613,1422.91550888725,242.432242705408,376.415825386878,,,,,
3.53275,1423.32480180871,237.8802559716,376.881709085943,,,,,
3.23265,1419.46258570438,241.033249288021,376.578454235613,,,,,
3.51185,1423.38540132597,237.769408363545,376.505271849163,,,,,
3.76445,1408.51958911059,249.926333391982,385.91830633242,,,,,
3.86665,1417.75792163226,249.795639004209,386.891051422772,,,,,
3.75955,1413.33185113866,237.935448290602,376.838930072194,,,,,
3.02955,1449.47640445919,251.282201047777,387.111555671622,,,,,
3.04605,1442.24823946331,246.460830730091,378.198798118644,,,,,
3.24095,1419.32630144599,246.277379094463,376.590768540285,,,,,
3.0536,1436.45389414454,251.819229924634,385.166072748399,,,,,
3.3624,1412.82723521171,249.902682810617,385.538680753201,,,,,
3.43465,1408.88848357959,250.022153471643,385.489530063728,,,,,
3.5636,1418.01029608484,237.683558082461,376.715989495193,,,,,
3.5907,1413.72490830743,248.573225683847,379.02797931619,,,,,
3.52165,1418.50702417394,239.808315200528,376.469897474619,,,,,
3.09805,1436.16498184619,243.964124721097,377.383864770043,,,,,
3.95505,1413.98404841735,238.998476786123,376.593706119494,,,,,
3.85455,1413.00819164487,248.519909161666,385.003748607054,,,,,
3.12985,1423.75814541485,240.249635625661,377.11861154121,,,,,
3.76675,1418.522486906,246.478809214288,376.594463547983,,,,,
3.1707,1426.78752669328,241.557978232892,376.790885181948,,,,,
3.52595,1413.61352798434,249.816850451942,386.99705731451,,,,,
3.7041,1422.48787719865,248.357721833794,379.043049655607,,,,,
3.97815,1413.60098689268,248.154011384611,384.534252702778,,,,,
3.8579,1413.14161904198,249.798241564763,384.032235279526,,,,,
3.2229,1419.66958078077,238.580312123956,376.581120773313,,,,,
3.762,1408.36571315062,249.260867523306,385.788245225089,,,,,
3.56455,1412.93539424547,242.579465547179,379.862588047031,,,,,
3.4934,1413.94363045081,248.040485324293,384.378798542708,,,,,
3.3807,1407.98055382186,249.467624380496,386.333959685869,,,,,
3.4168,1413.23070882083,245.21844593407,376.47711888389,,,,,
3.50465,1418.67737930366,249.737943536837,386.741554342866,,,,,
3.3601,1412.77034778418,249.651293776104,386.421570199339,,,,,
3.32005,1413.30679083686,249.794409654287,386.892339671067,,,,,
3.3348,1423.23081453976,244.053824610857,376.391557496881,,,,,
3.1648,1417.1966193931,250.332023346696,387.381745680236,,,,,
3.0562,1441.17811803501,246.473330996641,377.97618449443,,,,,
3.06005,1430.63168732491,248.974385695954,384.914647125377,,,,,
3.5358,1418.29892576508,249.734349632661,386.826209017159,,,,,
3.59285,1413.64611221657,243.723538121255,376.547752473775,,,,,
3.1099,1434.81441384554,238.760996011875,377.578337230557,,,,,
3.50425,1418.63027690613,249.303154440549,386.002803081147,,,,,
3.4777,1419.2667212829,247.07063641092,376.921982456486,,,,,
3.7858,1408.96190193876,249.885070959439,383.722631007583,,,,,
3.4294,1413.70766380355,237.797840589894,376.597481596089,,,,,
3.97915,1413.67539693852,249.834675052401,386.888188031925,,,,,
3.48715,1414.1162210501,249.712827660387,381.646698936762,,,,,
3.9173,1408.21986859994,249.898765703316,386.867693567749,,,,,
3.59005,1408.63194552659,249.905433619657,382.842690134855,,,,,
3.63905,1413.97195499132,249.85227069249,386.947718986533,,,,,
3.1535,1417.29157658436,249.62678227042,386.094236711878,,,,,
3.4985,1424.05552169016,246.558543379255,376.596117125352,,,,,
3.512,1423.38540132597,237.684231750747,376.682293919468,,,,,
3.3724,1412.86724140559,249.670565922928,386.069338086168,,,,,
3.7955,1409.18337643404,250.054633805106,385.778024315727,,,,,
3.7944,1409.20168090667,250.069963833125,387.045287663707,,,,,
3.12515,1418.81707110271,250.604826608892,386.313351792865,,,,,
3.20025,1425.51038448351,245.567774906197,376.681111011772,,,,,
3.6196,1408.98293725263,249.871757635474,386.654767242422,,,,,
3.6549,1418.43517998188,242.910803627146,376.435428045695,,,,,
3.01835,1493.99338427811,245.147072843989,383.856870645938,,,,,
3.5183,1413.47381658021,249.007187036874,380.258102228887,,,,,
3.0408,1442.98697900415,252.163222993106,388.649279393744,,,,,
3.9531,1413.95488509531,245.484746473291,376.586024120294,,,,,
3.49755,1419.09413940544,249.415035235749,381.116508880112,,,,,
3.71835,1417.35351381398,237.888227044922,376.832723968731,,,,,
3.3537,1417.83950365846,247.676885032179,377.707979430287,,,,,
3.0314,1449.3336725631,252.480592454448,388.892461935523,,,,,
3.52265,1418.47029219713,238.864949455682,377.570608363122,,,,,
3.33965,1418.09334321886,249.622367316238,386.619539248898,,,,,
3.4768,1416.79318905537,249.750531225334,381.868081666342,,,,,
3.75995,1413.30035781403,239.606540020166,377.935221981885,,,,,
3.20815,1420.03511973907,250.005115020417,384.308234065118,,,,,
3.61535,1413.94942186527,238.328547857647,377.25157458106,,,,,
3.4318,1408.7176965949,248.96416260401,385.340994608879,,,,,
3.21355,1419.69806045346,240.659220368764,378.647219744988,,,,,
3.9425,1413.78908956674,245.757535819303,376.486177792865,,,,,
3.9945,1418.74515845302,245.174319858457,376.562168901838,,,,,
3.4209,1408.28574625573,246.717570249345,383.108500252923,,,,,
3.5352,1418.21121056813,249.222107251541,385.911980773657,,,,,
3.023,1491.09986552683,252.433704268306,384.072193406163,,,,,
3.2223,1419.624374313,241.137862010156,376.573865211114,,,,,
3.9681,1413.83343484509,248.824598170946,385.349543405612,,,,,
3.3506,1412.76113258799,249.929750847856,387.010671010747,,,,,
3.2424,1419.25425177195,243.051796205097,376.566808708708,,,,,
3.84665,1413.0578902876,249.716636048684,386.356552849884,,,,,
3.7689,1418.43311455084,241.077071852709,376.56528720845,,,,,
3.4414,1408.71526889209,246.292928051533,382.623509434136,,,,,
3.5744,1415.5656037316,239.824359837409,378.094061707624,,,,,
3.7192,1412.24261217311,242.456754992588,379.714562142276,,,,,
3.8761,1412.58978104879,249.691329593174,386.774656757765,,,,,
3.9734,1418.8001887751,245.834797736171,376.538146644982,,,,,
3.9402,1408.68271733153,249.82456079686,384.761510927334,,,,,
3.26215,1414.60437546597,245.34782026358,376.566367127958,,,,,
3.6283,1409.05282212928,249.744063419699,386.576173133156,,,,,
3.1819,1425.99866070128,238.061495366647,376.851843400211,,,,,
3.1875,1415.79847752659,250.175528066558,384.505338489808,,,,,
3.2059,1420.23835557444,249.999391216906,387.102682348697,,,,,
3.9782,1413.60098689268,248.313820524727,384.712613173094,,,,,
3.3495,1412.68123970311,249.28241656056,385.85759078838,,,,,
3.69805,1422.71968789334,239.185579268447,377.6854372643,,,,,
3.15715,1417.29729367345,249.997366117777,381.895769856466,,,,,
3.7746,1408.56782504625,249.792898584843,386.214041722078,,,,,
3.2248,1414.51346867642,246.173635819391,382.556675718116,,,,,
3.4153,1413.20422738535,248.588057037648,379.4458482239,,,,,
3.1329,1418.60173040863,249.907545730656,386.365982859932,,,,,
3.7125,1412.24694699926,249.80155053183,386.464113950682,,,,,
3.27495,1419.47319456687,238.171153266431,377.104349618598,,,,,
3.80605,1413.99228739948,250.031146208004,385.098334187882,,,,,
3.3199,1413.30679083686,249.801377843453,386.937799259105,,,,,
3.18915,1420.88108494615,246.767519967311,376.75951784615,,,,,
3.7525,1408.07740473674,249.911618575437,386.985349526314,,,,,
3.93595,1408.5041211267,243.487845105315,380.499941833247,,,,,
3.751,1407.91215901197,247.182106780312,383.478558042946,,,,,
3.96875,1413.91812023763,249.725954748829,386.744451499045,,,,,
3.38915,1412.99010297414,242.303092438579,379.644160947299,,,,,
3.6502,1413.55433663473,249.808565429755,386.854091804188,,,,,
3.9634,1419.01048167092,245.522041073366,376.64624512516,,,,,
3.994,1418.7594580664,246.081451943087,376.571748802371,,,,,
3.0697,1434.57581429301,245.438615792664,381.947745056912,,,,,
3.3565,1417.75428284573,240.5134377701,376.450764772072,,,,,
3.2868,1409.39656805653,246.68024011576,383.045294066011,,,,,
3.4141,1408.09820472041,249.753623294609,385.166726778217,,,,,
3.0522,1436.63021333116,251.832761028075,388.35101240582,,,,,
3.86065,1422.94297535456,244.382277204074,376.425409679002,,,,,
3.14425,1423.00534758476,250.51247742969,387.529102780063,,,,,
3.60825,1408.8282012452,249.814067718481,386.956756084562,,,,,
3.9957,1418.69783159854,241.482754315848,376.55375475545,,,,,
3.4512,1408.98814182412,243.395851739927,380.456991233338,,,,,
3.17125,1426.77804162656,239.239108874512,376.788554923122,,,,,
3.19275,1420.6510324056,239.833479245257,378.179877312549,,,,,
3.50645,1418.57535750523,249.838402483248,386.29026446202,,,,,
3.87105,1422.51229581145,244.144137424394,376.363880763079,,,,,
3.19425,1415.60367644161,247.939264975468,384.222467764458,,,,,
3.57395,1418.07818647193,237.720793833107,376.767086784881,,,,,
3.8801,1417.6903722719,246.341076376101,376.422287100077,,,,,
3.79755,1419.25542512963,246.755841474145,376.657126848047,,,,,
3.21525,1414.63536141936,248.962973802578,385.427668563203,,,,,
3.42625,1413.72815356574,246.535317741416,376.538924915136,,,,,
3.08145,1433.02678844541,250.868006268438,387.16961908422,,,,,
3.31055,1418.59117313948,249.844808626385,386.202548302095,,,,,
3.18025,1426.06131083142,244.094045334069,376.733745413058,,,,,
3.97165,1413.82837250188,249.706068496441,382.681441126232,,,,,
3.71525,1417.38001012467,246.252485893546,376.413618531091,,,,,
3.82795,1423.88418323607,248.24323962713,378.590831411046,,,,,
3.7556,1413.28181868142,248.82531167437,379.647191608426,,,,,
3.75545,1413.23994636835,249.23281829789,380.58976669789,,,,,
3.06445,1435.41787939728,251.076582478047,382.198851024176,,,,,
3.6749,1418.25916090316,244.738085433785,376.460750332659,,,,,
3.61635,1408.82588827642,244.189578482432,381.019353589297,,,,,
3.914,1413.14332551764,238.033498759605,376.534566669126,,,,,
3.8027,1414.01211702461,247.82090930566,384.056682480305,,,,,
3.45455,1409.19083867554,249.930484992741,386.758983603561,,,,,
3.9273,1408.53736843528,249.533450096529,386.360812983223,,,,,
3.4069,1417.84729167375,244.504761905833,376.526862204841,,,,,
3.09855,1436.13221194474,242.09233954445,377.371346926535,,,,,
3.09015,1426.82977137357,243.917055227756,380.91434863996,,,,,
3.03485,1453.67767085184,248.488660617489,378.303595690124,,,,,
3.0489,1436.93377661574,244.657310528512,381.49638931692,,,,,
3.43245,1408.75235073121,249.900631834136,386.767023754308,,,,,
3.7974,1419.29317180859,247.07186114487,376.914163016925,,,,,
3.21145,1424.79047696685,243.087894362328,376.575137577745,,,,,
3.9174,1408.23012618865,249.932341169796,386.94301560161,,,,,
3.4526,1409.08913498642,249.252708793059,385.856873610305,,,,,
3.47715,1419.28168779128,248.98567165016,379.771415744268,,,,,
3.54445,1412.79851738424,245.595361913747,382.102176612766,,,,,
3.32595,1418.38794811103,238.707127233362,376.455767112667,,,,,
3.83335,1418.45596544641,246.368453659701,382.725911839943,,,,,
3.9184,1408.31038679863,249.948350255418,386.864925070223,,,,,
3.8991,1412.70790905039,249.673236369962,384.095653754501,,,,,
3.9358,1411.01806132236,242.589170374493,379.873882007399,,,,,
3.28645,1409.38293673936,244.891514070023,381.554811362313,,,,,
3.67675,1418.29326868944,238.090891397874,376.47349026849,,,,,
3.7084,1419.78018541875,239.363150379498,377.79197474545,,,,,
3.44415,1408.89035392021,250.003272744461,386.803083599433,,,,,
3.5353,1418.21121056813,249.36586895443,386.137051517534,,,,,
3.796,1409.22243588083,250.065980984129,384.225704212583,,,,,
3.2285,1414.56279175463,250.038933471321,385.234519976765,,,,,
3.87815,1412.54995779253,249.728769815234,385.194958263566,,,,,
3.65755,1408.28765464946,243.8005607458,380.700582229149,,,,,
3.84205,1423.10762446542,237.701812896157,376.737496617829,,,,,
3.9523,1414.04388586496,246.652093076976,376.607442256159,,,,,
3.26745,1409.58667730368,249.867772002803,386.759990359308,,,,,
3.37045,1412.81302855136,249.47081206495,386.372599389243,,,,,
3.4411,1408.71221803814,244.695002316601,381.332918364939,,,,,
3.77595,1413.68796032746,249.392218066357,381.34530176053,,,,,
3.27235,1419.58337371261,245.619174543558,376.596027824375,,,,,
3.828,1423.88418323607,248.042383573534,378.273743384788,,,,,
3.50935,1423.4708149458,245.755185453341,376.451384588402,,,,,
3.46345,1409.36869997576,249.873117496881,386.863567032857,,,,,
3.9557,1413.94528903319,238.656156069642,377.374893552628,,,,,
3.00105,1734.6117801101,3.54820510938253,390.018549416271,,,,,
3.19765,1415.66055811462,250.115059941099,385.043357629392,,,,,
3.15685,1417.29729367345,250.303146000348,383.457882799189,,,,,
3.9196,1408.36028817425,249.96535979312,384.722317658623,,,,,
3.5732,1418.01571725524,239.786186195185,376.385146181541,,,,,
3.28845,1409.50879567261,249.928407542639,387.045582983457,,,,,
3.60975,1408.78799543097,249.783239614397,385.889655341878,,,,,
3.0507,1436.82503748264,251.569793606509,387.989179436303,,,,,
3.73275,1412.48294833561,249.638839434242,386.670661224992,,,,,
3.38275,1408.04816767735,249.727877172292,386.080562817162,,,,,
3.7259,1417.39645366072,245.789689423808,376.417700534938,,,,,
3.67235,1413.36542881539,249.793418927221,383.621707864359,,,,,
3.33815,1418.06143694835,245.397800972934,381.934944152811,,,,,
3.1833,1415.83240049039,244.960340782996,381.585617341579,,,,,
3.97305,1418.8001887751,246.305292924155,376.547882214008,,,,,
3.95375,1413.93759818334,243.911564242187,376.581976474012,,,,,
3.57055,1418.13712905718,246.616113840319,376.621110798495,,,,,
3.7209,1412.33828491419,249.396834811381,386.077635940581,,,,,
3.2247,1414.5146646206,245.658665782571,382.127581957534,,,,,
3.248,1409.32132819375,249.884141771797,386.90522428877,,,,,
3.0852,1432.53428822027,250.48097881586,381.158652984168,,,,,
3.61615,1408.82588827642,243.00501452474,380.173408278465,,,,,
3.68705,1418.13055321772,238.111211229892,376.451974647474,,,,,
3.9319,1418.68244196151,246.152214278145,376.491877589763,,,,,
3.9934,1418.88915308508,246.918387920758,376.760046086764,,,,,
3.7424,1407.67548139682,249.687402486896,386.88470623028,,,,,
3.81885,1418.85695867224,245.663908163365,376.552713631373,,,,,
3.43295,1408.89255879681,250.039643432551,387.075263904562,,,,,
3.03015,1449.42631609731,252.283316491041,388.566414170894,,,,,
3.91955,1408.35120227072,249.964378168492,384.888364898459,,,,,
3.4921,1413.95615559234,241.270169784334,379.023332810095,,,,,
3.74515,1412.80832325521,248.959230535371,380.373125278934,,,,,
3.4863,1414.08116417456,250.088886846765,385.296291229265,,,,,
3.0032,1734.5473380886,19.2861364624259,380.584012291686,,,,,
3.22225,1419.624374313,241.33760428239,376.573651656692,,,,,
3.5678,1413.06924360703,249.70213991925,386.720130048695,,,,,
3.6602,1408.55196197114,249.82582354481,386.935370401209,,,,,
3.75685,1413.26496289217,245.892439638937,376.493032484825,,,,,
3.0978,1436.16498184619,244.766389536468,377.391570189076,,,,,
3.7184,1417.35351381398,238.0168356691,376.94187312325,,,,,
3.27795,1409.51198867495,249.882103934973,386.918305767823,,,,,
3.21475,1414.63112980617,247.3269081051,383.632988751675,,,,,
3.37575,1417.82853159537,244.762028732084,376.386738923025,,,,,
3.5459,1412.9409226585,249.616899112184,386.608515512208,,,,,
3.10295,1430.66825530828,250.922090546104,387.85059602734,,,,,
3.8413,1423.07302472728,240.007309826721,376.435619999673,,,,,
3.98855,1408.52788683242,248.588839872715,384.85738186891,,,,,
3.1295,1423.74578371603,241.714885348725,377.116665133128,,,,,
3.8915,1417.6795837633,244.457135316962,376.345386462651,,,,,
3.7635,1408.532234981,249.947878609458,386.940162060666,,,,,
3.17335,1421.5697322959,246.903536480885,383.184023906031,,,,,
3.77675,1413.72862879097,246.885829272762,376.893763854854,,,,,
3.10765,1435.00643216424,245.814175836871,377.201569285517,,,,,
3.66825,1413.3700107559,245.93502536797,382.35934037283,,,,,
3.0902,1426.82977137357,244.217686788873,381.120352671277,,,,,
3.1033,1430.66825530828,250.919108360202,387.826702224623,,,,,
3.4387,1418.79293023388,241.87429915677,376.557564168006,,,,,
3.07385,1434.01852780325,251.597402787878,386.276719724246,,,,,
3.98785,1408.49266340643,245.625480722525,382.043899161101,,,,,
3.4793,1419.17010964983,244.107204017285,376.608225624801,,,,,
3.58715,1408.49515543596,249.898800389094,386.775256295167,,,,,
3.56585,1412.98366495325,248.579606436772,385.08857121878,,,,,
3.24455,1414.22108529228,240.964353566654,378.825176054399,,,,,
3.869,1422.69052753526,248.818258333922,379.822213645687,,,,,
3.46165,1409.24476974489,244.215909741423,381.039784391853,,,,,
3.6577,1408.29638420382,244.661214455758,381.344490289589,,,,,
3.79685,1419.29317180859,248.988594226957,379.767495070756,,,,,
3.59385,1413.695012856,240.035374580712,376.555951495931,,,,,
3.078,1438.44131490226,242.327310424228,377.667933448368,,,,,
3.4289,1413.70766380355,239.574926908015,376.46599468273,,,,,
3.91445,1413.13786779969,238.504620375753,377.307375098842,,,,,
3.6485,1413.55008413229,249.028296567305,385.621301805882,,,,,
3.4564,1411.79464849618,249.213659737654,380.537986252795,,,,,
3.2547,1414.41888453677,240.085529634449,378.296724500832,,,,,
3.38625,1418.10631364189,244.377422440651,376.400502454043,,,,,
3.8949,1412.57651576357,244.485953248739,381.211837386556,,,,,
3.8736,1417.46471539676,240.536965911247,378.499937211929,,,,,
3.6294,1409.19093248513,249.947490222365,386.960329509835,,,,,
3.07285,1434.16185045494,251.577349389936,388.050871253919,,,,,
3.1006,1430.81996554758,244.544410622491,381.333290282224,,,,,
3.92495,1413.47492590723,239.44949225539,377.845756725059,,,,,
3.7552,1408.21285533075,249.65941529596,382.02862744784,,,,,
3.72865,1417.38829692113,237.784752845416,376.763046491929,,,,,
3.6202,1408.98577450589,249.883751778181,385.667866508765,,,,,
3.6853,1418.13663337723,244.472461128387,376.444497766912,,,,,
3.60775,1408.79771434584,249.65826650388,386.615861334477,,,,,
3.4468,1414.03791912612,246.94216272317,376.853529657287,,,,,
3.89205,1417.64845487711,242.921309521017,376.341319785627,,,,,
3.33175,1413.4553423,249.786908797104,384.682358377263,,,,,
3.83985,1423.12146021706,244.84087160497,376.451513375808,,,,,
3.04915,1436.93377661574,246.134479502862,382.542783966885,,,,,
3.3753,1417.88197792946,245.613283998967,376.393250480544,,,,,
3.27405,1419.46441044678,240.392849452806,376.575017839085,,,,,
3.0747,1433.9710430124,251.119617401535,382.460887948473,,,,,
3.3704,1412.79777582365,249.422542776414,386.286310257586,,,,,
3.10615,1435.30764896921,248.795178105323,378.720573727561,,,,,
3.8036,1414.06670710616,249.810298885864,386.608312719155,,,,,
3.0473,1442.15932384908,241.904987990615,378.174749698849,,,,,
3.95805,1408.95279891161,249.51770563977,386.091175052502,,,,,
3.65485,1418.43517998188,243.07304270438,376.435794866984,,,,,
3.7535,1408.11384941098,249.897669803269,386.777534830245,,,,,
3.4086,1417.8861834628,238.244057189733,376.538265978197,,,,,
3.25215,1414.4236473359,244.595527750364,376.554347438993,,,,,
3.1782,1426.29800472008,248.710425738157,379.11750265027,,,,,
3.1764,1421.39881850745,250.205727047598,386.583524441865,,,,,
3.6912,1413.11688516045,249.745293159928,386.882247718635,,,,,
3.61035,1408.79466762318,249.804459643355,384.159779856246,,,,,
3.204,1420.18537987707,245.208966413314,381.809569285626,,,,,
3.2893,1409.49942011781,249.916377199101,386.902148867392,,,,,
3.7515,1407.94196854661,248.850789399669,385.28790263083,,,,,
3.42655,1413.69658880258,246.149625225943,376.462659386483,,,,,
3.60815,1408.8282012452,249.804809599221,386.933531224524,,,,,
3.10145,1430.7303305031,248.778742491244,384.894682260991,,,,,
3.84045,1423.11737183697,243.213803657987,376.441118823653,,,,,
3.3076,1418.74244959385,247.352470493923,383.692666671137,,,,,
3.83715,1418.32094504199,249.828488229304,384.438815322067,,,,,
3.5934,1413.64611221657,241.849767601142,376.550027418175,,,,,
3.26295,1414.57956836253,243.302563411888,376.561382919617,,,,,
3.09465,1426.558150657,251.113598638984,385.395130199325,,,,,
3.02235,1491.65685684533,252.716335869851,386.968762373569,,,,,
3.83265,1418.48757011429,242.48249125275,379.747395627335,,,,,
3.6187,1409.00244763598,249.908954455522,387.043461892758,,,,,
3.2327,1419.4647439085,240.829730142188,376.578674881931,,,,,
3.97315,1418.8001887751,246.184002937499,376.544788971308,,,,,
3.2714,1419.72448650484,247.109428202149,377.01850825531,,,,,
3.4893,1419.07416105011,244.920949900746,376.663134602885,,,,,
3.43805,1418.80094145325,244.06816718492,376.560634473096,,,,,
3.12005,1428.97673257378,238.487203029964,377.266425201367,,,,,
3.16725,1417.12228670023,250.179424729078,382.989283161664,,,,,
3.05135,1436.82797068082,251.857923394341,388.573190111977,,,,,
3.0234,1491.07427801168,251.561146334511,381.647029400462,,,,,
3.69345,1418.08628111716,249.297300135122,381.206312860369,,,,,
3.6467,1418.58978601222,240.587469227634,378.587865933881,,,,,
3.9707,1413.80327754214,249.819124832388,385.955922941792,,,,,
3.0222,1491.65685684533,252.708944814624,387.440575949025,,,,,
3.47825,1419.24975670797,246.275291369607,376.625339753025,,,,,
3.68115,1413.18459991751,249.793418415915,386.813232805275,,,,,
3.77415,1408.55292583635,249.801776838153,386.739378843488,,,,,
3.23665,1414.44363098896,249.900258607103,386.892415721122,,,,,
3.5783,1408.19465772302,249.750839170218,386.605615671671,,,,,
3.487,1414.1162210501,249.898509344508,382.456994113081,,,,,
3.1324,1418.57768566084,248.546242720662,384.73842211694,,,,,
3.34165,1417.96392580938,249.724177655658,385.757996003496,,,,,
3.94785,1408.84210639383,249.710293045846,386.401969942196,,,,,
3.64345,1418.76840640231,245.759351706781,376.52330588571,,,,,
3.56245,1417.98205098032,241.597450122418,376.395209577376,,,,,
3.05345,1436.47860493464,251.848832764837,385.779819430673,,,,,
3.4649,1409.46741256851,249.947355686898,386.73726625847,,,,,
3.41545,1413.21297908374,248.025732300402,378.459955456495,,,,,
3.6289,1409.1949448285,249.957276848443,387.02661135978,,,,,
3.4845,1414.16605593868,250.100102882727,387.144144833475,,,,,
3.50225,1423.7486968613,240.200871164344,378.358634991781,,,,,
3.3135,1423.43795217011,245.603537544651,376.455605764017,,,,,
3.54205,1422.87989804549,240.636604829131,376.367452850935,,,,,
3.07275,1434.19665406383,251.582681689578,388.117240733309,,,,,
3.5096,1423.42053861279,245.322637236207,376.445243729967,,,,,
3.58135,1413.40274748583,245.991119565847,376.442962510965,,,,,
3.33935,1418.04647786561,249.34199502544,386.118920697341,,,,,
3.0811,1433.03569956497,250.138261474798,386.185606651553,,,,,
3.1118,1429.54875065123,248.682308321829,384.842657867715,,,,,
3.2922,1414.62136979961,246.650036140056,376.70041596264,,,,,
3.2408,1419.32630144599,246.456904293204,376.59547150015,,,,,
3.89405,1417.63161771084,239.482026302144,377.856418479325,,,,,
3.76095,1408.27195112782,245.441927393109,381.911587224467,,,,,
3.1379,1428.41177423201,246.787344643493,377.084410245824,,,,,
3.74095,1407.49888871473,247.903684690055,384.311086112515,,,,,
3.3747,1417.90547941008,246.411730534834,376.457989885083,,,,,
3.94065,1408.73925448127,249.725349635103,382.938156320312,,,,,
3.73635,1417.492384647,245.382584782089,376.348467938041,,,,,
3.16565,1417.14467631808,250.30616768226,387.153253206369,,,,,
3.38475,1418.19578370625,247.123650281447,377.146407746482,,,,,
3.6029,1418.71527457353,244.449522412945,376.568431458133,,,,,
3.8255,1413.87779931765,249.947075056285,386.967870082553,,,,,
3.25085,1414.48075497178,246.800973934509,376.782178504341,,,,,
3.9514,1411.44485507034,249.372393550019,380.67300218358,,,,,
3.2308,1419.51250167782,246.119565903268,376.5981286205,,,,,
3.87515,1412.4630191203,248.363444547326,384.787294403007,,,,,
3.58395,1413.46695875486,238.042528459052,376.47678181077,,,,,
3.6712,1413.38401611277,249.791382099316,386.513003190421,,,,,
3.33195,1413.46303877132,249.773063130132,383.940155761322,,,,,
3.39385,1413.04967448856,249.944054708222,383.920832928623,,,,,
3.4151,1413.20422738535,249.130712625231,380.696153619121,,,,,
3.33435,1423.31865626125,245.103629273288,376.401130219857,,,,,
3.9404,1408.68733131676,249.813984701875,384.033588354942,,,,,
3.12,1428.97673257378,238.523366494176,377.209214868907,,,,,
3.4522,1409.03271342099,248.235871703604,384.594772844159,,,,,
3.99125,1408.73823133063,250.031256721171,386.160435326315,,,,,
3.2019,1425.37945123197,240.300797278249,376.654921056795,,,,,
3.58275,1413.37386192335,242.809909224284,376.438477200447,,,,,
3.9048,1410.12056364035,242.1854989458,379.580426213091,,,,,
3.6995,1417.60836725357,247.190568076233,383.551132999226,,,,,
3.54265,1422.90532597252,238.076760912256,376.374810142953,,,,,
3.74015,1407.41456827647,244.189274405495,381.010679790913,,,,,
3.7258,1417.39645366072,245.938655343827,376.419654843846,,,,,
3.8246,1413.86178177138,249.931648200081,387.010229032262,,,,,
3.3936,1413.03266167435,249.960811005549,384.843477881045,,,,,
3.51785,1413.47381658021,249.690070392923,382.76964067777,,,,,
3.52155,1418.48994205689,240.235989788671,376.468362179683,,,,,
3.7414,1407.50724543624,249.033840657059,385.718440780825,,,,,
3.5427,1422.9094361078,237.903397887313,376.389171860286,,,,,
3.6514,1413.51140449342,249.821283594514,384.881776217876,,,,,
3.08105,1433.03569956497,250.000151092157,386.020086820726,,,,,
3.8863,1412.64392716701,249.608940471137,386.674235380174,,,,,
3.9304,1411.2454672721,249.676514109604,382.618589972427,,,,,
3.6174,1408.85890678169,248.739843532995,385.189943593098,,,,,
3.9207,1413.50529293736,248.556765630091,379.075598654481,,,,,
3.74165,1407.59866112149,249.382533789571,386.268153766399,,,,,
3.1665,1417.11833420263,250.314965639265,385.840299629358,,,,,
3.736,1417.492384647,245.920193256296,376.355463678518,,,,,
3.176,1421.40385160128,250.215637617999,387.029854165231,,,,,
3.50825,1423.54590943534,248.150905605654,378.539451071702,,,,,
3.86205,1422.89283928295,239.45921370133,376.413557739145,,,,,
3.6318,1416.75271073315,248.99956586303,379.977524485681,,,,,
3.4041,1412.94563590194,249.895055307129,384.088192667025,,,,,
3.0774,1438.55613458697,244.619678007401,377.68323849603,,,,,
3.516,1413.39787001459,249.803653415185,386.900157968594,,,,,
3.63945,1413.95187640683,249.868773517651,386.981414747888,,,,,
3.43275,1408.87267199444,250.017555719844,387.020279472122,,,,,
3.5665,1413.02342360415,249.568283323845,386.570090750954,,,,,
3.8073,1419.01787311083,248.461383123899,378.850845644008,,,,,
3.684,1418.23923874908,246.6851820763,376.657556821917,,,,,
3.872,1422.47994032183,240.950127566971,376.356090731822,,,,,
3.4933,1413.94123710006,247.676644131793,383.997646911157,,,,,
3.26535,1414.56066190974,242.141207614633,379.543923870984,,,,,
3.4804,1419.14881109756,240.059035378836,376.608036341597,,,,,
3.63985,1413.84150447752,249.851231740736,386.865650682503,,,,,
3.79695,1419.29317180859,248.644022927242,379.114994564694,,,,,
3.7214,1412.34777692441,249.796043401462,386.810674260381,,,,,
3.1252,1418.81707110271,250.608404988096,386.193228686864,,,,,
3.73515,1417.56749809639,247.922307734026,378.336953516955,,,,,
3.79455,1409.18591907266,250.06219896803,386.985518403935,,,,,
3.6252,1414.10389596559,238.168147810877,376.5363559971,,,,,
3.8097,1418.8842921574,242.848207796413,376.634707807546,,,,,
3.44165,1408.75050975151,247.426335551451,383.659312650341,,,,,
3.08285,1432.77334605081,251.385458238049,388.069294216716,,,,,
3.90955,1407.91475552196,249.835968930116,383.669812020036,,,,,
3.7958,1409.218912065,250.073629350556,384.940984709585,,,,,
3.67975,1413.23164043891,249.490562785207,386.313172852781,,,,,
3.9594,1409.10187588876,250.034431733222,387.003786616222,,,,,
3.97565,1418.71984808908,238.83163698565,376.524770583061,,,,,
3.52705,1413.57930701565,249.776470754295,386.273487092814,,,,,
3.62985,1409.1477245547,249.924235607267,386.696316385268,,,,,
3.0888,1437.06443999511,240.019118264284,377.571431058239,,,,,
3.57995,1413.33819753449,249.42880174293,381.591430111176,,,,,
3.37485,1417.88197792946,246.216838910799,376.403754152269,,,,,
3.55145,1417.93047523404,243.879322910351,376.406209022241,,,,,
3.7546,1408.16625196541,249.920745106592,384.679762616448,,,,,
3.2421,1419.25425177195,243.976525482371,376.569334673671,,,,,
3.83945,1423.21830910185,245.622875936869,376.461203463585,,,,,
3.43345,1408.88316696014,250.029917844616,387.009834865679,,,,,
3.3673,1417.79738835569,238.424722464875,376.467257840074,,,,,
3.28865,1409.52169157257,249.94060857804,387.075552368846,,,,,
3.23505,1414.33357953539,245.754854350948,382.195941975046,,,,,
3.83995,1423.12146021706,244.609218739214,376.449459418732,,,,,
3.88355,1417.62793582035,238.464200012619,377.295597206622,,,,,
3.4636,1409.43233863699,249.935385683051,386.998363218641,,,,,
3.5219,1418.53240329534,238.712987714243,376.474907874103,,,,,
3.4855,1414.10419264536,250.066191495696,386.78240729111,,,,,
3.47595,1414.25385904056,250.064247065216,385.401387948354,,,,,
3.7901,1414.06397053994,238.565835298983,376.520377903006,,,,,
3.69655,1422.80476265716,241.38969781784,376.350570497814,,,,,
3.80575,1413.99392144684,250.010581720252,385.884560146544,,,,,
3.3179,1413.22446681296,247.229701087443,383.580610960298,,,,,
3.4399,1418.82508935659,238.071264603433,376.981236123488,,,,,
3.2003,1425.51038448351,245.469048439352,376.679740375831,,,,,
3.0672,1439.99256391837,244.2452740182,377.759331023139,,,,,
3.2445,1414.23074341899,240.666662722517,378.640021970451,,,,,
3.81025,1418.88090583035,240.745916714547,376.635223006936,,,,,
3.47325,1414.29072591871,249.420955290831,385.956434944966,,,,,
3.42235,1408.41066392905,249.816470171366,386.923452837048,,,,,
3.68265,1413.17000567166,249.781121482275,383.679451266152,,,,,
3.42505,1408.59792873729,249.721109279073,382.731718628738,,,,,
3.3665,1417.77854862797,241.751304227769,376.456936759577,,,,,
3.46805,1419.4622414139,245.937586072014,376.553466692263,,,,,
3.79535,1409.17242842688,250.045622222868,386.099239975713,,,,,
3.50765,1418.56737416196,249.646154378083,382.228543749911,,,,,
3.8338,1418.43780668897,248.164701199859,384.501661285937,,,,,
3.46655,1414.57069344394,249.545237302315,381.466778387377,,,,,
3.0986,1436.12011885537,241.888748720438,377.37035317652,,,,,
3.8356,1418.44028289098,249.827737601112,386.901507788173,,,,,
3.5939,1413.695012856,239.82312588635,376.55690355717,,,,,
3.0398,1442.98579381834,250.792278861015,386.597066265424,,,,,
3.9381,1408.71301942022,249.808816275758,386.929715125501,,,,,
3.179,1426.19020368117,246.619401436978,376.772601836144,,,,,
3.47945,1419.16796768534,243.657780620968,376.607056673655,,,,,
3.49315,1413.94123710006,247.064206927652,383.397259943163,,,,,
3.42745,1413.6511374325,244.554497088448,376.454097446804,,,,,
3.4977,1419.11595255025,249.070399422806,380.203685077418,,,,,
3.7527,1408.11283220068,249.927192231399,387.024219580575,,,,,
3.65495,1418.43517998188,242.744781936663,376.435096685366,,,,,
3.9414,1413.76913912426,248.124964838969,378.539242399165,,,,,
3.0029,1734.5473380886,11.7129504674,382.193571256998,,,,,
3.7117,1412.27645608305,249.837822543842,386.930347531681,,,,,
3.6708,1413.38897502209,249.810506115674,386.815896744312,,,,,
3.432,1408.72332151122,249.381590090251,385.906087389667,,,,,
3.5359,1418.30392829841,249.757756752858,386.881409349584,,,,,
3.2207,1419.66944069052,245.740327409515,376.585846397051,,,,,
3.67035,1413.49986286301,249.829659125116,386.942635408527,,,,,
3.7788,1413.69095061383,242.445052013023,376.527793178436,,,,,
3.19625,1415.72076682685,250.111918354395,387.152849628082,,,,,
3.0942,1426.58549438979,251.093745767719,386.727696965603,,,,,
3.24355,1419.26200808702,238.457416362058,376.571874667675,,,,,
3.13725,1428.60018404584,247.959602806673,377.803001043101,,,,,
3.9692,1413.94038858964,249.850229468691,387.022537010538,,,,,
3.7644,1408.51519582696,249.923840204306,386.018026274461,,,,,
3.05865,1435.82221010632,241.15461746471,379.264530350837,,,,,
3.0315,1449.28505962593,252.475065769612,388.838214659225,,,,,
3.9905,1408.74170737511,250.049601349266,386.955113738445,,,,,
3.8473,1413.05600986095,249.746955852025,384.962814515295,,,,,
3.5287,1418.67186366627,248.756972591291,379.702781700171,,,,,
3.7088,1414.67587039457,241.835614687299,379.330394261787,,,,,
3.20525,1420.16005896229,249.555356836094,386.273472859419,,,,,
3.52045,1418.48051046824,244.12518444654,376.463789758857,,,,,
3.9767,1418.64385880798,240.547920730868,378.596980573208,,,,,
3.1571,1417.29729367345,250.070468935858,382.175263824839,,,,,
3.52635,1413.61352798434,249.801447025137,386.902340048161,,,,,
3.7949,1409.17242842688,250.044765669232,386.739378066332,,,,,
3.3114,1418.55709175705,249.844350476312,383.686523867565,,,,,
3.7447,1407.78783244403,249.582152728819,382.842641417333,,,,,
3.9532,1413.95488509531,245.283841770222,376.585024154371,,,,,
3.2325,1419.45968075948,241.628303372247,376.578104274855,,,,,
3.87835,1412.54995779253,249.738052769932,384.577452912921,,,,,
3.8576,1413.12074111144,249.805923911945,385.086542756216,,,,,
3.81915,1418.85695867224,245.091331647196,376.547948283686,,,,,
3.5122,1423.38540132597,238.134779622392,377.098613313589,,,,,
3.57675,1408.19211280285,249.5799509493,386.507931250204,,,,,
3.8039,1414.13031621845,249.986804972486,386.962463630503,,,,,
3.2092,1425.02208570997,248.23617478778,378.55914508154,,,,,
3.9966,1418.71538143308,237.993144046531,376.669119474435,,,,,
3.9406,1408.72790010365,249.75292500173,383.173650534456,,,,,
3.11535,1429.21807800018,250.672578259951,384.753760016763,,,,,
3.30285,1424.13652134866,246.204166486547,376.584424199003,,,,,
3.66915,1413.38315852976,249.078819570535,385.644144278694,,,,,
3.1874,1415.79321760842,250.179805035165,384.867139614027,,,,,
3.5621,1417.98068581643,242.852576579437,376.394387884906,,,,,
3.67315,1418.39363771529,248.5570432535,379.249297143989,,,,,
3.64725,1413.5529558151,243.884287627712,380.796105788667,,,,,
3.40995,1407.81397076346,243.180365497895,380.28919075459,,,,,
3.26605,1409.4990928482,246.131325715389,382.500022542263,,,,,
3.38585,1418.10631364189,245.247578956877,376.405850743954,,,,,
3.88845,1412.69751455187,249.692826509971,385.238807308471,,,,,
3.83085,1423.59367736166,240.685040589309,376.454115967029,,,,,
3.05005,1436.83747636006,250.272190699741,386.227161553554,,,,,
3.6768,1418.29679336484,237.943052295663,376.495965102592,,,,,
3.20085,1425.41464853064,244.132178909026,376.666984866332,,,,,
3.85145,1418.06644645036,240.663089969808,376.46719950673,,,,,
3.47855,1419.21836728311,245.815027247527,376.618602058462,,,,,
3.94605,1408.71609848376,242.414438933495,379.738509511551,,,,,
3.54685,1412.88175398869,249.74933001879,386.867171780203,,,,,
3.6346,1418.99920001672,241.951320557086,376.528619566009,,,,,
3.535,1418.21121056813,248.844240995087,385.378343313218,,,,,
3.15475,1417.32536619692,250.397297614951,387.417514542755,,,,,
3.0728,1434.17334810752,251.579969833051,388.085766376647,,,,,
3.71925,1412.24261217311,242.758132048613,379.919433843223,,,,,
3.25495,1409.37373381076,241.582728942599,379.226964493897,,,,,
3.5993,1408.81575103745,249.984474646704,386.219365515558,,,,,
3.6609,1408.53489844659,249.79272801784,386.525042804315,,,,,
3.6047,1418.7278188795,237.932638158061,376.643432791372,,,,,
3.25795,1409.54375493947,249.979861742713,387.072028216984,,,,,
3.23835,1414.39336649335,249.931840678446,386.227550983406,,,,,
3.09535,1426.54722511381,250.58648939155,382.019938040083,,,,,
3.7096,1412.17939759008,246.425073313518,382.78272124939,,,,,
3.7725,1408.47613054029,249.426802115665,386.219353445443,,,,,
3.7216,1412.40254188839,249.839737992478,386.913841840263,,,,,
3.2145,1414.62306493604,246.177720788273,382.591220907542,,,,,
3.35935,1412.69268284089,248.078113766564,384.338884022151,,,,,
3.943,1413.75044895008,244.816378522019,376.481444485738,,,,,
3.51175,1423.38294228996,238.021434921849,376.44697850185,,,,,
3.86455,1417.7446510059,247.470709278123,383.815358745965,,,,,
3.5351,1418.21121056813,249.048976181016,385.658727295927,,,,,
3.93705,1408.56175505337,248.516683755012,384.95311480937,,,,,
3.61795,1408.96088213682,249.660349116987,386.527550477343,,,,,
3.80185,1414.00660840663,243.53656723787,380.486946033916,,,,,
3.5236,1413.42457835338,244.46686840996,381.242303604833,,,,,
3.75565,1413.29715449741,248.659747071765,379.321751164404,,,,,
3.71625,1417.30504241849,244.487817025725,376.398435225959,,,,,
3.9365,1408.51710190295,246.463291958405,382.856424477263,,,,,
3.4861,1414.08116417456,250.074511772379,385.823181053088,,,,,
3.69335,1413.08099557432,249.44734063969,381.769585685058,,,,,
3.59965,1408.83760251374,250.00418044643,385.473028481454,,,,,
3.2276,1414.58118920159,250.018135824089,386.834408348551,,,,,
3.51075,1423.34150581057,242.140344911039,376.428844451275,,,,,
3.82805,1423.88418323607,247.84742597247,377.981146072045,,,,,
3.381,1408.03113709033,249.683404418212,386.747005981642,,,,,
3.2877,1409.46237175975,249.411798682604,386.095741878586,,,,,
3.05465,1441.40453151982,249.529107828468,379.178309833109,,,,,
3.74705,1412.84585814877,244.675472325199,376.374709581436,,,,,
3.2337,1419.43367956104,238.213507305744,377.115933430935,,,,,
3.4634,1409.34864883481,249.844027163071,386.804467916587,,,,,
3.4055,1417.98834284584,246.931466240657,376.838860278198,,,,,
3.0415,1442.9152959173,252.195547299693,388.697714928973,,,,,
3.6933,1413.08099557432,249.507460405063,382.039960194825,,,,,
3.45195,1409.03271342099,247.309417842667,383.637052293971,,,,,
3.4017,1412.99383554314,249.855835150174,386.836880927485,,,,,
3.47105,1419.38865182561,238.764663240606,377.485730980996,,,,,
3.56025,1418.11789926297,246.62158830326,376.603406464079,,,,,
3.49905,1423.92144511228,245.817523618029,376.561582104413,,,,,
3.78155,1408.67917131165,245.276332854922,381.872820235781,,,,,
3.1093,1434.86494328047,240.056124273918,377.164455925722,,,,,
3.46775,1419.47218012022,246.340064769779,376.562179223509,,,,,
3.77155,1408.3882928886,246.72515147113,383.102638400776,,,,,
3.7115,1412.30865262745,249.84166696413,386.951177636139,,,,,
3.81555,1413.85321657315,249.898808447079,386.693595622993,,,,,
3.35895,1412.69268284089,246.442726230167,382.745661608252,,,,,
3.51,1423.376318037,244.449600381021,376.437507473658,,,,,
3.40325,1412.94174517356,249.868537234648,386.293912645224,,,,,
3.1374,1428.60018404584,247.525667550036,377.33429641573,,,,,
3.34835,1412.63644857235,244.963729244441,381.560477915462,,,,,
3.2897,1409.47911409947,249.899338681783,386.548737013424,,,,,
3.99275,1413.90524690769,249.115736751222,380.036200736021,,,,,
3.40475,1413.01579824466,249.345423562141,380.898009501329,,,,,
3.8666,1417.77141066478,249.798104420828,386.908324386042,,,,,
3.5631,1418.01152970063,238.89113920271,376.403174357099,,,,,
3.24675,1409.34319103024,249.711358237809,386.633914749798,,,,,
3.7591,1413.32741325447,238.863891270344,376.507707813463,,,,,
3.1234,1418.87740933515,250.614187896751,387.58279538063,,,,,
3.57385,1418.07818647193,237.622211445432,376.600734793462,,,,,
3.52655,1413.59475224631,249.790659016619,386.798896729219,,,,,
3.94175,1413.80398550022,246.897627816541,376.874721164536,,,,,
3.40955,1412.85785735162,240.785779667117,378.703169649053,,,,,
3.07055,1434.47901322835,249.62709367891,385.521782791005,,,,,
3.6433,1418.7759014191,245.987335392546,376.52724639742,,,,,
3.8006,1419.11014156842,238.082962001013,376.659902234475,,,,,
3.64225,1418.81955955625,248.45978747692,379.046365073776,,,,,
3.4725,1414.28485081329,247.11616802029,383.371450410865,,,,,
3.74585,1412.88128551641,246.624225201622,376.636452335999,,,,,
3.74675,1412.847553191,245.279825269501,376.37557197766,,,,,
3.73815,1417.44009643777,239.918916551505,376.342174983152,,,,,
3.9465,1408.71965700358,245.11230188487,381.672391608239,,,,,
3.2238,1417.03646285798,240.343495395924,378.439239935463,,,,,
3.28295,1414.45110222035,244.967119331916,376.59186039708,,,,,
3.3841,1413.15485384335,249.243655019659,381.006153035812,,,,,
3.1818,1425.99866070128,238.212838697623,376.764713833502,,,,,
3.38635,1418.10631364189,244.121505457073,376.399497445039,,,,,
3.8092,1418.90459185405,244.384494988951,376.638356385312,,,,,
3.08925,1437.06443999511,239.181639879113,377.9086121756,,,,,
3.0622,1430.58069088534,251.695099307648,388.384167516733,,,,,
3.98275,1418.73214987167,247.775343075024,377.929010487294,,,,,
3.7737,1408.56598299015,249.824933992801,386.959385814051,,,,,
3.5582,1412.99950211714,249.71594789874,385.829355189488,,,,,
3.8417,1423.100129321,238.262262505619,376.439092402907,,,,,
3.2665,1409.51296255587,248.055800267087,384.317260119143,,,,,
3.04415,1442.5423708281,250.597821505381,380.448405819212,,,,,
3.71685,1417.29241691768,242.726001579086,376.396497815122,,,,,
3.56445,1412.9422919448,241.97644078928,379.457320886295,,,,,
3.2605,1414.6314285822,249.108163301866,380.225185575206,,,,,
3.0481,1442.14098761031,240.18494613175,378.715514370271,,,,,
3.7946,1409.18208775749,250.059474832636,386.960324932905,,,,,
3.65295,1418.59674940839,246.987863676559,376.96450145137,,,,,
3.44885,1414.00565026173,242.510276303513,376.661662710623,,,,,
3.4202,1408.23731526612,242.919921768779,380.129131940992,,,,,
3.6693,1413.38315852976,249.332197886687,386.017306415754,,,,,
3.35475,1417.76836905972,245.693956678381,376.456254860458,,,,,
3.0283,1449.68058119584,245.347504320145,381.976037894662,,,,,
3.3631,1412.8641712389,249.832804166882,383.030744000118,,,,,
3.65095,1413.51063415939,249.79305963318,386.019070807128,,,,,
3.4467,1414.04241467295,247.19905356814,377.107593538221,,,,,
3.0223,1491.65685684533,252.714720301081,387.134026021217,,,,,
3.958,1408.95279891161,249.438095304539,385.971006267872,,,,,
3.97155,1413.81635187756,249.769791683602,383.162720144727,,,,,
3.3289,1413.35713288948,249.176917564621,385.863061364925,,,,,
3.1008,1430.75432470839,245.697060544201,382.185665087003,,,,,
3.73545,1417.56594471899,246.848178743728,376.863721759351,,,,,
3.1889,1420.88108494615,247.27654061258,377.155497406661,,,,,
3.08365,1432.67360461519,251.357683831406,387.322964239886,,,,,
3.5471,1412.88175398869,249.736379488846,386.764515364558,,,,,
3.15515,1417.30370395223,250.379797079357,387.301655426479,,,,,
3.13345,1418.62152534407,250.525848905952,387.392291393049,,,,,
3.35325,1412.77713583388,249.221747650037,380.532225623853,,,,,
3.25135,1414.48075497178,246.088306623739,376.563020789817,,,,,
3.48275,1414.0739745255,246.844438475213,383.120178081882,,,,,
3.85275,1418.00708060577,239.323662270525,377.852142520326,,,,,
3.9016,1417.66192545416,244.976405233013,376.348688784258,,,,,
3.3355,1423.22248795272,241.804919540643,376.382066899748,,,,,
3.48705,1414.1162210501,249.845831514588,382.194323906152,,,,,
3.7574,1413.26496289217,244.851797408418,376.489526894227,,,,,
3.59755,1408.76204151989,249.929265829044,386.825739364456,,,,,
3.7249,1417.50637769403,247.843855505011,378.009565246439,,,,,
3.6619,1408.59713097147,249.819341082047,384.195772226353,,,,,
3.0006,1734.65205356487,1.5465566680713,390.449238742101,,,,,
3.59725,1408.69358415464,249.695530110767,386.38726043146,,,,,
3.05265,1436.54204350579,251.820390333575,387.865921614612,,,,,
3.56055,1418.07501751123,246.182843737384,376.412168704118,,,,,
3.9851,1418.591996663,242.355045884671,376.448236369032,,,,,
3.42095,1408.28574625573,246.939621490133,383.314278786445,,,,,
3.50655,1418.56550321136,249.841318478003,386.116977875107,,,,,
3.0344,1453.93171337034,249.075898789355,378.365997972875,,,,,
3.8775,1412.54279718849,249.705650796239,386.428153842412,,,,,
3.98535,1418.591996663,241.42591717809,376.448370026399,,,,,
3.50415,1418.63027690613,249.126398383349,385.746118010172,,,,,
3.1846,1415.8590130441,249.690611914787,386.319340975348,,,,,
3.881,1417.61657461545,244.972577648378,376.39741856663,,,,,
3.9179,1408.31083994923,249.971046370366,387.030411956614,,,,,
3.0447,1442.43295708465,248.867141285735,378.287190997388,,,,,
3.9355,1413.57413138695,240.775859251722,378.694342038615,,,,,
3.64465,1418.65724800892,242.794507281261,376.504549621903,,,,,
3.56675,1413.11458280968,249.685773110517,386.817509508074,,,,,
3.86385,1417.75129733257,243.98143873812,380.850491990823,,,,,
3.05875,1435.76951168972,241.729955477386,379.606084533263,,,,,
3.1487,1427.53625335522,245.85982329392,376.934750293814,,,,,
3.49195,1413.95615559234,240.38879388816,378.476087775344,,,,,
3.64535,1418.64684280577,240.100609646007,376.503606784208,,,,,
3.7799,1413.78098036873,238.045770642281,376.566596701584,,,,,
3.6738,1418.33823402728,246.499625477826,376.513443642516,,,,,
3.77805,1413.68031449317,244.648624178604,376.527188306729,,,,,
3.97805,1413.60098689268,247.807133703933,384.163144977127,,,,,
3.2153,1414.63536141936,249.077683004715,385.577118270302,,,,,
3.08175,1433.00636497818,251.207610109248,387.741092323691,,,,,
3.39625,1417.98612832212,245.262141476167,376.47041479111,,,,,
3.42285,1408.49115939429,249.863911420943,387.033809729684,,,,,
3.4179,1413.24847081914,242.192403633108,376.478862815529,,,,,
3.3299,1413.47256902562,249.793951893471,386.975921126173,,,,,
3.30155,1419.35486283415,249.52322878214,381.436124279955,,,,,
3.1956,1415.71306546039,250.105566065492,387.176421553326,,,,,
3.34005,1418.13547753627,249.747975604276,386.898039958393,,,,,
3.7228,1412.38693886655,249.811743305022,386.471996973435,,,,,
3.6872,1418.13055321772,237.746486146556,376.541116555996,,,,,
3.5601,1418.11789926297,247.029153388597,377.031864603138,,,,,
3.58895,1408.55963052738,249.99680645582,386.324578460096,,,,,
3.68,1413.24903371293,249.694793148693,386.69261036631,,,,,
3.27115,1419.72448650484,247.950582943389,378.096387544248,,,,,
3.7269,1417.36327172221,243.553596937122,376.407175489699,,,,,
3.06715,1439.99256391837,244.419514937285,377.760867889833,,,,,
3.87805,1412.54995779253,249.721429318755,385.457528803424,,,,,
3.52715,1413.57930701565,249.778822973377,386.107269316016,,,,,
3.1732,1421.5697322959,246.1675876895,382.547039838342,,,,,
3.64315,1418.7759014191,246.189692619612,376.531688207719,,,,,
3.7679,1418.4443862941,244.428537631097,376.570262248347,,,,,
3.7399,1407.41456827647,242.718189024056,379.951092065729,,,,,
3.5873,1408.49515543596,249.972487042322,386.929827032217,,,,,
3.81495,1413.86881439886,249.92823872544,387.045907427231,,,,,
3.3035,1424.10829966425,245.077306592495,376.56058234043,,,,,
3.22805,1414.56009844556,250.011634901238,386.278912248274,,,,,
3.74975,1412.89055259359,240.076812061771,378.254552282933,,,,,
3.1007,1430.78625723054,245.128261673624,381.757118144,,,,,
3.1394,1428.28768331273,243.172830003241,377.040221123781,,,,,
3.14605,1422.75083389591,250.50390792455,385.482495532634,,,,,
3.06375,1430.40491662726,251.695136118181,385.698999882851,,,,,
3.0899,1426.82977137357,242.411353033208,379.928027426626,,,,,
3.85235,1418.10918635805,237.715932299599,376.772789699218,,,,,
3.0395,1443.04522297604,249.763783121473,385.487020313425,,,,,
3.1653,1417.19646089641,250.324614567516,387.326384212592,,,,,
3.83625,1418.37257161015,249.796661003683,386.47245157546,,,,,
3.23545,1414.33634058947,247.585250926929,383.853207884012,,,,,
3.3882,1418.12503457815,237.670358265286,376.596684739092,,,,,
3.7579,1413.26465183398,243.510768809028,376.490037601179,,,,,
3.8943,1417.63161771084,240.940773405471,378.751534495626,,,,,
3.7349,1417.56749809639,248.783086543712,379.957825981915,,,,,
3.7279,1417.39115492995,239.874397694144,376.411358797869,,,,,
3.08255,1432.92675205059,251.397623953485,388.141629240412,,,,,
3.708,1422.28552817559,237.593471135214,376.649672802847,,,,,
3.87625,1412.58978104879,249.72720350217,386.858701739981,,,,,
3.66535,1418.47506602119,242.48354573219,376.426272070538,,,,,
3.2418,1419.25425177195,244.758573699085,376.573010063061,,,,,
3.48225,1414.07845460534,244.195995446472,380.980695068728,,,,,
3.71825,1417.35351381398,237.75248929701,376.653851796324,,,,,
3.4098,1410.32581093113,242.282220130116,379.671669254885,,,,,
3.3817,1408.02900620136,249.762790032197,386.91826242268,,,,,
3.9632,1419.01048167092,245.880797539758,376.650812144515,,,,,
3.532,1423.3753674494,239.606203985404,376.397636124546,,,,,
3.07365,1434.07059211508,251.583928962252,386.836239836607,,,,,
3.1985,1420.68611282201,249.542301800657,381.101050589377,,,,,
3.4598,1414.36157494085,239.827131882948,376.609593969385,,,,,
3.6046,1418.72337084791,238.161044274579,376.585076660727,,,,,
3.5269,1413.57930701565,249.776850052858,386.48026802492,,,,,
3.92735,1408.53736843528,249.581888853903,386.447225244335,,,,,
3.5146,1413.36177067379,249.303354046997,386.027265250162,,,,,
3.8921,1417.64845487711,242.759028274788,376.341145839696,,,,,
3.8033,1414.01868017857,249.431725255546,385.99239772623,,,,,
3.62515,1414.10389596559,238.344860753722,376.522575563219,,,,,
3.4627,1409.31149738411,248.790164541454,385.226560266661,,,,,
3.55645,1412.98254075921,249.710566478724,386.843266463321,,,,,
3.89295,1417.6673623701,239.514670919847,376.344711578779,,,,,
3.0014,1734.60840929667,5.09704842052403,389.389897320749,,,,,
3.78725,1414.09129429797,246.521148181439,376.544405664717,,,,,
3.0295,1449.48719723428,251.145499012496,386.946536186925,,,,,
3.4928,1413.94121581334,245.356778211182,381.914398746086,,,,,
3.17025,1426.83267205167,243.219602157761,376.797563508196,,,,,
3.8447,1413.07576685216,249.36428876385,386.180947259379,,,,,
3.85345,1412.99094489071,243.514905527159,380.557398199568,,,,,
3.90775,1407.83241263743,249.864562699968,386.943813483196,,,,,
3.60455,1418.71737362879,238.33055534964,376.571703398393,,,,,
3.43795,1418.80094145325,244.346135228948,376.561628525942,,,,,
3.2939,1414.49566929825,243.251637051428,376.634788603982,,,,,
3.355,1417.76346534255,245.233326161461,376.452781779102,,,,,
3.7309,1412.38514896717,248.621348613198,385.141367616907,,,,,
3.8241,1413.78591539137,249.604385138443,386.381693135438,,,,,
3.1955,1415.69307926854,250.084804539464,387.126894257273,,,,,
3.22295,1419.66958078077,238.373506625826,376.586204248038,,,,,
3.05995,1430.63168732491,248.536341118608,384.505360710561,,,,,
3.3492,1412.65687830387,248.608700670459,384.975881853212,,,,,
3.01775,1494.08685032496,236.627494099116,381.434273224327,,,,,
3.35145,1412.71269981847,249.892799963951,386.630350518788,,,,,
3.22315,1419.66958078077,237.910394947978,376.716907382745,,,,,
3.2907,1409.50854118142,249.918500590175,384.031110612884,,,,,
3.02815,1449.68058119584,244.406263870147,381.347147515909,,,,,
3.24725,1409.37250597248,249.898022749753,387.032074948343,,,,,
3.1758,1421.41199393599,250.22631911006,387.155117400694,,,,,
3.13025,1423.75814541485,238.666717464883,377.177045862988,,,,,
3.28785,1409.49365692462,249.608422656628,386.412662560632,,,,,
3.13895,1428.28768331273,244.606181617065,377.05014723207,,,,,
3.68685,1418.13055321772,238.964608832345,376.443101755591,,,,,
3.94875,1408.88170291893,250.071444135284,387.111181230857,,,,,
3.5656,1412.95198146304,247.837920830597,384.229173484094,,,,,
3.82985,1423.62686425943,244.142247117188,376.465438172448,,,,,
3.5553,1412.87191468499,247.907792764772,384.300677420715,,,,,
3.12065,1423.85995394752,240.798090593015,378.872561463504,,,,,
3.25665,1409.45211725544,249.261043486184,385.829399521374,,,,,
3.2694,1409.64869105218,249.972198418509,386.035040515152,,,,,
3.0722,1434.39393671541,251.607165311872,388.294745345132,,,,,
3.9829,1418.73477708602,247.241166539082,377.211423101037,,,,,
3.86825,1417.68678687817,249.783654043393,383.839432749929,,,,,
3.6431,1418.7759014191,246.25190779465,376.533293096374,,,,,
3.1679,1427.13350649009,248.745115052237,379.117443795994,,,,,
3.0039,1734.25646474853,44.3282388270151,379.899680554464,,,,,
3.49855,1424.03083145733,246.494828564022,376.580206793566,,,,,
3.6439,1418.68246888869,244.901608620685,376.513921536029,,,,,
3.20005,1425.51038448351,245.927407282408,376.687000934578,,,,,
3.94355,1413.75058407857,243.348667592711,376.480245112971,,,,,
3.6135,1413.85932266872,243.432367490348,376.499690578834,,,,,
3.96515,1418.91328538056,239.8953560909,376.631469308927,,,,,
3.55635,1412.95596707903,249.677410101098,386.76875904246,,,,,
3.04175,1442.78743830696,252.182400658831,388.598765263244,,,,,
3.8185,1418.93303221422,246.187168446299,376.560384376756,,,,,
3.23925,1414.38612385952,249.922180272989,383.556524157745,,,,,
3.0589,1430.72315628244,242.615170317785,380.147030595782,,,,,
3.90605,1407.68490826674,248.396070785911,384.76572670638,,,,,
3.65615,1418.45616660285,237.984874029843,376.463351286253,,,,,
3.88685,1412.72285690291,249.71016111475,386.904541379866,,,,,
3.73695,1417.43848730831,244.085361306216,376.341313098339,,,,,
3.47745,1419.28321512558,247.860059487825,377.891984895168,,,,,
3.80335,1414.01868017857,249.511968808658,386.1130435212,,,,,
3.76585,1418.62953060826,249.047723177114,380.064988882738,,,,,
3.0898,1429.34266414327,241.81763668868,379.55748536581,,,,,
3.2552,1409.37373381076,243.098674740643,380.235507812096,,,,,
3.5212,1418.47226645183,241.656893353102,376.464732602887,,,,,
3.3224,1415.86041024308,248.865134263424,379.938003998277,,,,,
3.6532,1418.59674940839,246.424467881301,376.48169336599,,,,,
3.2388,1414.3857786692,249.958675729526,385.199007248662,,,,,
3.10085,1430.74655517697,245.974487221898,382.400875333595,,,,,
3.78685,1414.09129429797,247.616041821359,377.714300233002,,,,,
3.0665,1440.11638670796,246.330560824228,377.783914215435,,,,,
3.28895,1409.49942011781,249.93418395145,387.039430920191,,,,,
3.10905,1434.86494328047,241.142541802233,377.166713161634,,,,,
3.74525,1412.80832325521,248.693750470815,379.747975920061,,,,,
3.964,1418.93313005766,244.099714886,376.636077483526,,,,,
3.9263,1408.44534305818,246.943937849819,383.25834648769,,,,,
3.0456,1442.31644391823,247.522102990464,378.212715022856,,,,,
3.5516,1417.92317358045,243.442308629727,376.405656338975,,,,,
3.3512,1412.71605758574,249.904576928735,386.826539375971,,,,,
3.08135,1433.03569956497,250.699834088497,386.921653837846,,,,,
3.5448,1412.82212321704,247.219613162742,383.564981484522,,,,,
3.04935,1436.93377661574,247.253292734023,383.402964476291,,,,,
3.7703,1418.47201506639,239.674053156586,378.029891820375,,,,,
3.1986,1420.6966525225,249.3139783988,380.493891533171,,,,,
3.16055,1422.22470766935,241.010711109768,376.895287143489,,,,,
3.34645,1422.72137735082,239.174536170808,376.353124630198,,,,,
3.1725,1421.65449281977,242.139838302632,379.59955388721,,,,,
3.83445,1418.44738010081,249.514608984566,386.308679030913,,,,,
3.5102,1423.376318037,243.920464341421,376.434455157534,,,,,
3.10025,1430.90293574154,242.44798843828,379.920450379719,,,,,
3.95675,1408.87185578543,244.725805555256,381.329055595458,,,,,
3.8275,1418.88501413644,249.532605605063,381.44784039137,,,,,
3.55735,1413.02974513902,249.730853079338,386.81315610323,,,,,
3.5955,1408.60416336655,242.960609617904,380.043500958024,,,,,
3.16285,1417.07301885166,246.079941945524,382.50127014979,,,,,
3.2818,1414.51598026069,246.811373739631,376.786019177771,,,,,
3.40455,1412.97407316515,249.653002298364,382.01593340475,,,,,
3.57195,1418.01523796223,244.159401857403,376.384007557903,,,,,
3.51675,1413.39719272417,249.776642306194,386.233417698997,,,,,
3.3555,1417.75811063796,244.035487999905,376.448558558976,,,,,
3.6837,1418.23703080687,247.611969186278,377.75513891726,,,,,
3.2713,1419.72448650484,247.41538073366,377.370704237815,,,,,
3.2427,1419.23974822875,241.992271353813,376.565566662852,,,,,
3.86055,1422.96670591975,244.623877333507,376.42738434917,,,,,
3.80735,1419.01787311083,248.261606761457,378.528442899165,,,,,
3.4477,1414.0004473836,245.623201141607,376.662407218746,,,,,
3.7097,1412.1857092892,246.885620910139,383.202191316201,,,,,
3.7728,1408.59128111584,249.702801543574,386.71517819064,,,,,
3.41905,1413.34262117264,237.764482672226,376.591781111091,,,,,
3.41015,1407.81397076346,244.346826903943,381.140465388646,,,,,
3.22495,1414.51335771215,246.89049944323,383.188619371191,,,,,
3.6835,1418.20548292452,248.394680502958,378.987057604092,,,,,
3.54435,1412.79583391457,245.063979274927,381.669685687557,,,,,
3.353,1412.77713583388,249.654658265732,381.976520535267,,,,,
3.4174,1413.23070882083,243.793949892685,376.4761339347,,,,,
3.5173,1413.3998860055,249.8073775906,384.969014563763,,,,,
3.0468,1442.15932384908,243.97969566301,378.181238675641,,,,,
3.32025,1413.30679083686,249.783622963776,386.79689095028,,,,,
3.5991,1408.81575103745,249.983660687377,386.51033850442,,,,,
3.4197,1413.27352760782,239.91982102551,378.201566261017,,,,,
3.35525,1417.76346534255,244.682723582968,376.450254525373,,,,,
3.94245,1413.79795630361,245.833810216961,376.48689157797,,,,,
3.2329,1419.46909557238,239.993601960235,376.580138270484,,,,,
3.35485,1417.76346534255,245.519912160787,376.454740626393,,,,,
3.36105,1412.86405229358,249.923627155605,386.968204610612,,,,,
3.25515,1409.37373381076,242.79697014672,380.02864442206,,,,,
3.48625,1414.08116417456,250.085469610618,385.439217167764,,,,,
3.23055,1419.59022701024,246.447499886995,376.60516138891,,,,,
3.77535,1408.59069944589,249.82045552262,384.218621826798,,,,,
3.48895,1419.07416105011,245.658318133486,376.668368913707,,,,,
3.15805,1422.36670988519,247.266903993179,377.106920400746,,,,,
3.6556,1418.44160181914,240.280189742447,376.434627336916,,,,,
3.503,1418.6455667702,244.64366236762,381.37237857166,,,,,
3.4857,1414.08785606053,250.061150635531,386.551942544651,,,,,
3.4484,1413.99290426116,243.972172232157,376.659896056095,,,,,
3.8724,1422.47994032183,239.266345123165,376.357849727604,,,,,
3.97435,1418.71503155288,243.752665443855,376.52295664394,,,,,
3.22925,1414.58090070278,249.773337594008,382.088327078628,,,,,
3.7053,1422.38688145858,245.59660546901,376.326677234275,,,,,
3.1966,1415.68306030583,250.093240343877,386.97352377231,,,,,
3.1124,1429.54343348469,250.17309019779,386.697927092251,,,,,
3.84655,1413.06125510708,249.718432882065,386.48001723551,,,,,
3.73435,1412.4989155961,249.578754008463,382.97729899378,,,,,
3.2956,1414.50472374068,238.286742226423,377.253191096226,,,,,
3.8541,1412.98685050038,246.927097070507,383.325804977671,,,,,
3.691,1413.11688516045,249.752308083584,386.920822347888,,,,,
3.1191,1428.95397091822,242.079218920174,377.094333128712,,,,,
3.45115,1408.98814182412,243.097342417873,380.248718169799,,,,,
3.147,1427.72363319166,249.78017884347,380.999917347093,,,,,
3.79495,1409.17242842688,250.043066346638,386.68879711812,,,,,
3.51605,1413.39787001459,249.801047141792,386.880364574251,,,,,
3.72545,1417.49719917621,246.378688944918,376.428494057588,,,,,
3.4967,1414.06345135745,249.941037554466,384.99781829826,,,,,
3.78545,1408.8955184134,249.916314863041,385.033933131752,,,,,
3.5595,1418.05966584061,249.066269829168,380.526442519981,,,,,
3.70325,1417.49819845912,249.661692825495,383.693658529074,,,,,
3.3538,1417.84530587427,247.328008075867,377.244782674485,,,,,
3.5331,1423.31681502577,239.572088681801,377.923987661695,,,,,
3.05225,1436.63021333116,251.830209683445,388.314291818242,,,,,
3.2776,1409.4357100893,249.665463650316,386.490480392887,,,,,
3.6727,1413.40402289176,249.55799653092,381.937045652561,,,,,
3.02735,1459.92961095512,240.139828713734,378.656705590015,,,,,
3.1154,1429.21452369506,250.664628371787,384.553673049325,,,,,
3.49825,1424.08809826779,247.131122865587,377.094376339186,,,,,
3.8715,1422.50360529075,242.797173819028,376.358500259386,,,,,
3.86005,1422.9986584654,245.614299383249,376.439471115526,,,,,
3.39845,1417.95577480889,237.889450844063,376.581064835442,,,,,
3.056,1441.17811803501,246.940355982266,377.983771920658,,,,,
3.4952,1414.10535790384,249.943829980873,387.06065272547,,,,,
3.10125,1430.74655517697,247.969341918649,384.099447523353,,,,,
3.6656,1418.46935826916,241.56747333337,376.425565500032,,,,,
3.67685,1418.29679336484,237.83343604316,376.529904985986,,,,,
3.52175,1418.52702117856,239.373960933973,376.471689120632,,,,,
3.18445,1415.83569849316,249.437550742123,385.94651685291,,,,,
3.45545,1409.21211204347,249.957714798414,385.016088181405,,,,,
3.2065,1420.19065968765,250.010667816413,387.102315721311,,,,,
3.90165,1417.65448946398,244.873235063318,376.348082985886,,,,,
3.7153,1417.38001012467,246.192664263154,376.412363924001,,,,,
3.60385,1418.69539200229,241.290680650967,376.561318199282,,,,,
3.4242,1408.5079717247,249.836436365416,385.797749848754,,,,,
3.9525,1414.02169187438,246.419845596541,376.595842537301,,,,,
3.41235,1408.07584030144,249.76649980934,386.961630415918,,,,,
3.9791,1413.67539693852,249.81049712698,386.837120035152,,,,,
3.5413,1422.92364583052,243.342063458109,376.373978130418,,,,,
3.72385,1412.43244043424,249.829024839577,383.876984286493,,,,,
3.9429,1413.75044895008,245.032641273578,376.482083272306,,,,,
3.75455,1408.1569897782,249.91998141517,384.84723003479,,,,,
3.408,1417.84566124562,240.811353220414,376.524929789611,,,,,
3.08515,1432.53428822027,250.612675674867,381.468840687345,,,,,
3.49215,1413.95615559234,241.568138967193,379.213212238848,,,,,
3.03525,1453.67767085184,247.799694081548,378.283037076653,,,,,
3.53925,1423.12428660793,247.845907695299,378.113722674864,,,,,
3.14785,1427.63840479831,247.112200471772,376.989424515107,,,,,
3.2827,1414.4629046633,245.476262980873,376.594715314691,,,,,
3.62545,1414.10274508744,237.868385857807,376.783261890756,,,,,
3.92485,1413.47492590723,238.903325700354,377.527307796979,,,,,
3.7173,1417.29241691768,241.053960185868,376.398538848399,,,,,
3.3138,1423.35288136944,245.033347669649,376.447942562536,,,,,
3.14895,1427.51101069213,245.322079943746,376.928054565318,,,,,
3.2402,1419.43203445075,247.956976963774,378.141423401181,,,,,
3.60335,1418.71527457353,243.119035382252,376.563404446243,,,,,
3.61075,1408.87647883125,249.626418535452,382.368781259669,,,,,
3.1198,1428.97673257378,239.056126779077,377.09814801512,,,,,
3.8913,1417.69006064316,244.904918879412,376.347845780489,,,,,
3.24545,1409.16831818334,246.13573459912,382.564179176385,,,,,
3.38455,1418.18298190033,247.848146945789,378.150554516997,,,,,
3.4741,1414.39448704422,250.07099374405,387.105833218061,,,,,
3.89385,1417.63161771084,238.380952878873,377.211520333723,,,,,
3.74415,1407.70267848911,249.676219179563,384.981011121873,,,,,
3.86555,1417.77576903705,249.634251700395,386.595054080767,,,,,
3.6427,1418.7953555978,246.875323458101,376.837060176851,,,,,
3.51755,1413.42441691846,249.801864237935,384.092409901194,,,,,
3.3307,1413.43660867257,249.762347962379,386.70345255237,,,,,
3.68745,1418.12445220947,237.929581729018,376.935313483407,,,,,
3.8707,1422.52958835403,244.970102165791,376.369905570556,,,,,
3.20555,1420.18508148361,249.861464759091,386.805746546481,,,,,
3.0655,1440.33276757508,248.083198226979,377.831769332457,,,,,
3.4771,1419.28168779128,249.134960516669,380.089759233704,,,,,
3.20855,1420.03977456892,249.820385725292,382.494150261728,,,,,
3.598,1408.86039047398,250.023735200663,387.043057860912,,,,,
3.9663,1418.92595781205,240.035553990759,378.26030484428,,,,,
3.84875,1418.17564571417,247.410824357611,377.545029227079,,,,,
3.3688,1412.73598808338,243.724424205011,380.620286913755,,,,,
3.57295,1418.01571725524,240.819964432234,376.382707167721,,,,,
3.2221,1419.624374313,241.918611774438,376.573299469155,,,,,
3.3474,1420.25275841578,239.155585077051,377.683741220347,,,,,
3.4991,1423.92144511228,245.734391821452,376.560042323787,,,,,
3.49395,1414.00109547127,249.400709891022,386.082677270823,,,,,
3.1192,1428.95397091822,241.671716929852,377.093876836993,,,,,
3.4373,1418.8661285551,245.772394930231,376.571403887428,,,,,
3.65105,1413.51063415939,249.798372354889,385.816536143436,,,,,
3.51745,1413.40981184636,249.809525535391,384.46744886438,,,,,
3.486,1414.08116417456,250.068248568866,386.043549727429,,,,,
3.0037,1734.33756990103,37.5861815090016,379.910979743103,,,,,
3.7839,1408.8729251514,249.921207260787,387.062708284566,,,,,
3.99295,1418.88915308508,248.422103170006,378.730187917645,,,,,
3.3787,1412.82132987769,241.308743101327,379.025540802961,,,,,
3.63775,1413.8745934869,247.858945909039,384.172532208402,,,,,
3.7111,1412.30878293859,249.793124007944,386.835254552328,,,,,
3.5278,1413.61682599125,249.807757441597,384.34883598929,,,,,
3.62145,1414.08023231881,249.040545916321,380.187147137613,,,,,
3.7045,1422.47628391986,246.886110329333,376.876553810384,,,,,
3.8575,1413.11393911481,249.799277586316,385.373874995697,,,,,
3.7196,1412.24362794261,244.79983532021,381.405060290816,,,,,
3.93585,1408.5041211267,242.89047637957,380.08039819977,,,,,
3.1372,1428.60018404584,248.127701194875,378.012955917087,,,,,
3.3758,1417.82514153794,244.649947956526,376.386203231696,,,,,
3.47395,1414.39448704422,250.045355189,387.04354313967,,,,,
3.69855,1417.6696851709,242.147695331844,379.542115423805,,,,,
3.8333,1418.45596544641,246.126509692545,382.513866077366,,,,,
3.2151,1414.63536141936,248.566714229473,384.942861670208,,,,,
3.49415,1414.00109547127,249.658008925554,386.501477637339,,,,,
3.67005,1413.49986286301,249.820931798815,386.926001754945,,,,,
3.8948,1412.57698891731,243.918109555119,380.782651538465,,,,,
3.58345,1413.38098632479,240.149206830623,376.446961129,,,,,
3.169,1426.94604598023,246.258700466784,376.831355673316,,,,,
3.83385,1418.43760972718,248.319081351422,384.677760459245,,,,,
3.74545,1412.81745015993,247.983352133009,378.437602862773,,,,,
3.72375,1412.4225733657,249.841240726922,384.266405309094,,,,,
3.59175,1413.66561035806,246.114452554787,376.555885655704,,,,,
3.612,1413.91207820992,246.385005483923,376.515706215495,,,,,
3.2683,1409.70694761979,250.002367325254,387.039444821927,,,,,
3.40805,1417.84566124562,240.605498183027,376.525339984547,,,,,
3.8878,1412.69292763611,249.670855719989,386.449207087547,,,,,
3.89855,1412.69552565206,249.65320799752,385.712984140035,,,,,
3.03875,1443.09860140465,245.94121970774,382.307506417515,,,,,
3.2235,1419.64423570933,238.628721018328,377.42634911872,,,,,
3.2871,1409.39820374681,247.907520759442,384.237979064221,,,,,
3.85795,1413.14161904198,249.788657935702,383.827502694111,,,,,
3.7835,1408.85948278362,249.915148442609,387.05853174275,,,,,
3.7293,1417.36487134895,240.982878515554,378.759982926752,,,,,
3.58975,1408.61768315902,250.021018062133,384.171901971837,,,,,
3.04945,1436.91565260017,247.779526449061,383.833163787919,,,,,
3.70255,1417.52194616002,249.654458001145,385.81781219794,,,,,
3.9589,1409.10596558749,250.042549796838,387.062718908931,,,,,
3.13885,1428.28768331273,244.882146847813,377.052716373847,,,,,
3.3154,1423.300786648,239.737492400511,376.429770616471,,,,,
3.8163,1413.84045919985,249.922131764156,385.302034060629,,,,,
3.85025,1418.08884785122,244.587659101762,376.469327261387,,,,,
3.27265,1419.52442270663,245.011621810346,376.589333704779,,,,,
3.9227,1413.4428572633,244.120737719572,376.530342951062,,,,,
3.7966,1414.27807590085,249.595582545792,381.297877355005,,,,,
3.0236,1490.87444280687,250.794446399959,380.322484994158,,,,,
3.2253,1414.51335771215,248.268740907079,384.559405826086,,,,,
3.3055,1423.95002850623,238.089197080352,376.548166898211,,,,,
3.3446,1422.80757754335,245.222799628172,376.371132376168,,,,,
3.01675,1499.49307413072,216.112430674262,378.915573786833,,,,,
3.66615,1418.4699866817,239.307128418397,376.428440395351,,,,,
3.85315,1412.994647195,241.704003640768,379.324044629292,,,,,
3.77875,1413.68959262719,242.61782238175,376.527519181226,,,,,
3.61275,1413.86270880306,245.288598733982,376.502975029079,,,,,
3.27985,1409.43822934637,249.907595182648,385.709662763347,,,,,
3.25005,1414.43489576228,249.357037874314,381.04719828471,,,,,
3.3869,1418.07880771148,242.435313905431,376.39628022338,,,,,
3.7514,1407.91793128648,248.590156366848,384.967630939412,,,,,
3.4514,1408.98982703228,244.562790262153,381.307385770594,,,,,
3.9635,1418.99217567547,245.321976277463,376.644202767303,,,,,
3.07715,1438.55613458697,245.417915058571,377.691303740305,,,,,
3.09085,1426.75238170997,247.780813473615,383.896163359777,,,,,
3.908,1407.82605469662,249.852313630516,386.855011082444,,,,,
3.1333,1418.60173040863,250.427586020816,387.198787809343,,,,,
3.06395,1430.39804843512,251.649368856182,384.863698126282,,,,,
3.8837,1417.57736619675,239.295686788098,377.78069544354,,,,,
3.4992,1423.92144511228,245.558605393133,376.557101898575,,,,,
3.2622,1414.60437546597,245.247986156298,376.565804614569,,,,,
3.93435,1418.59238280242,239.035200867761,376.468046338305,,,,,
3.0861,1437.43089723185,247.895308836621,377.658157687683,,,,,
3.3934,1413.02420778232,249.949320462782,385.436887718348,,,,,
3.5583,1412.99950211714,249.722294882593,385.60851936826,,,,,
3.8138,1413.89257130983,249.590731607,386.405696323271,,,,,
3.5271,1413.57930701565,249.777377573003,386.193375348643,,,,,
3.3015,1419.35399567998,249.602003769214,381.720409488901,,,,,
3.2863,1409.38246717086,244.036780200141,380.912084797967,,,,,
3.8432,1412.98302515702,243.812528661225,380.74206895378,,,,,
3.04265,1442.66064392603,252.174774433957,387.420241838764,,,,,
3.2017,1425.38466173799,241.138954913347,376.655647025882,,,,,
3.6016,1418.8667685871,246.705528718079,376.637192039184,,,,,
3.64595,1418.69570219084,237.801786325839,376.603548882482,,,,,
3.59115,1413.74819975702,246.999808954076,376.847852122616,,,,,
3.09175,1426.75043790946,250.57317069366,386.995081566485,,,,,
3.83315,1418.45596544641,245.35835152721,381.869939601419,,,,,
3.1042,1430.47391535407,250.883369402475,387.169645518175,,,,,
3.5021,1423.7486968613,239.341706919475,377.844481124983,,,,,
3.09935,1436.08285872826,238.919058397511,377.445315982437,,,,,
3.7078,1422.28552817559,237.608715393238,376.382647137906,,,,,
3.11375,1429.37312184498,250.677141139355,387.587872491834,,,,,
3.1159,1429.17269654908,250.286288460438,382.108156007566,,,,,
3.41,1407.81397076346,243.476472726216,380.499609669007,,,,,
3.95485,1413.98404841735,239.861418247791,376.589482781616,,,,,
3.03905,1443.07410906753,247.639989506895,383.598614364353,,,,,
3.3217,1413.33627754692,249.773440623377,383.677540541654,,,,,
3.86765,1417.69464809263,249.78010773757,385.741566078125,,,,,
3.9535,1413.94949400103,244.592306821957,376.582870451739,,,,,
3.07955,1433.28003891445,242.479925198607,379.949118034366,,,,,
3.2691,1409.64800356379,249.966764838329,386.51633096334,,,,,
3.86755,1417.70121196291,249.774347817688,385.952309467596,,,,,
3.4551,1409.20085481209,249.934642823095,385.942571987481,,,,,
3.5486,1412.90935169475,249.721361008842,383.582095977981,,,,,
3.9158,1408.08923581044,246.250141808394,382.59956743549,,,,,
3.54645,1412.94271904467,249.758503913477,386.922352563171,,,,,
3.31245,1423.53293441441,247.583124444542,377.679736766884,,,,,
3.3702,1412.79033586216,249.165502151861,385.867383953406,,,,,
3.0205,1492.7994891029,252.725808123522,389.27416268056,,,,,
3.97755,1413.60194194173,245.555438190009,382.105802635249,,,,,
3.12215,1418.79455183855,248.766442726597,384.972377970397,,,,,
3.9313,1418.79753637635,247.332772851607,377.38449872533,,,,,
3.88925,1412.73620925326,249.463863324024,382.012923810258,,,,,
3.2011,1425.41464853064,243.36531438238,376.662507766237,,,,,
3.5326,1423.36131568272,237.666428428526,376.612278875557,,,,,
3.7716,1408.39602956747,246.946812923028,383.309181108891,,,,,
3.903,1417.64006046877,240.645044076531,376.344711330598,,,,,
3.47765,1419.27507839699,247.204686555825,377.061802118117,,,,,
3.85625,1413.15042630208,249.807056082011,386.959637176103,,,,,
3.97715,1413.60863884844,243.275757572117,380.386893506113,,,,,
3.85855,1418.16307252522,249.181698674488,380.736409654541,,,,,
3.1338,1418.69196520295,250.622104577732,387.610317478333,,,,,
3.6199,1408.98577450589,249.868920485157,386.267215300403,,,,,
3.07785,1438.44131490226,242.944434073267,377.671134053207,,,,,
3.0919,1426.75393146308,250.775953288654,387.319505973562,,,,,
3.509,1423.4708149458,246.235028721168,376.462189310882,,,,,
3.41245,1408.08001129989,249.768011585533,386.963636528704,,,,,
3.55895,1413.04373807638,249.700322519965,383.429926913008,,,,,
3.215,1414.63536141936,248.25779994246,384.591725203814,,,,,
3.07645,1438.71514826005,247.113692003177,377.718303470397,,,,,
3.11175,1429.55738592729,248.500634942084,384.652489888834,,,,,
3.8461,1413.07161926255,249.740005008334,386.82695141892,,,,,
3.1149,1429.21807800018,250.664583379603,386.190916032041,,,,,
3.0871,1437.24279377098,246.185334041892,377.61240368116,,,,,
3.70655,1422.27292215607,242.504052283766,376.303328307637,,,,,
3.0897,1431.88781140306,241.234831336533,379.202633883007,,,,,
3.9896,1408.6927417372,250.03419324535,386.999838215872,,,,,
3.2906,1409.49686134503,249.930073073807,384.417123226023,,,,,
3.6208,1409.04877525441,249.868069294749,383.663107998198,,,,,
3.62635,1414.03381700172,242.369402144377,379.686888420734,,,,,
3.54615,1412.9409226585,249.723251647565,386.83662333497,,,,,
3.78915,1414.0063403188,242.406887678849,376.505288644353,,,,,
3.61945,1408.98632865547,249.878158681995,386.785673740433,,,,,
3.89035,1417.80798878638,246.379862374907,376.422048652519,,,,,
3.2923,1414.62136979961,246.516328900024,376.657756228736,,,,,
3.6802,1413.24903371293,249.775841772719,386.868428757248,,,,,
3.2785,1409.4946849088,249.933258984028,387.033097730621,,,,,
3.48905,1419.07416105011,245.465801088502,376.666689617925,,,,,
3.9824,1416.16885934773,249.038677329035,380.184114909949,,,,,
3.2188,1414.6948705499,249.86348641719,382.798007578286,,,,,
3.40865,1417.89522919791,238.07351052954,376.551834212001,,,,,
3.1892,1420.88108494615,246.710886344161,376.754099160982,,,,,
3.31255,1423.52284861,247.233404171713,377.22193065264,,,,,
3.35705,1417.79914551432,238.182199164644,376.473800926434,,,,,
3.738,1417.44009643777,240.537356372233,376.340683600388,,,,,
3.34775,1417.64978821347,241.312673673513,379.000733037462,,,,,
3.0735,1434.11893929646,251.573905244263,387.179241523096,,,,,
3.84245,1418.08244828274,239.342456927081,377.823048202136,,,,,
3.7487,1412.94506388181,238.995932244845,376.393289009906,,,,,
3.5439,1412.79583391457,242.443749576941,379.75061436141,,,,,
3.9469,1408.74010335105,247.129037770381,383.38351699158,,,,,
3.1243,1418.8605069004,250.609457270878,387.457032215909,,,,,
3.4726,1414.28487580849,247.542199468812,383.778633767404,,,,,
3.19525,1415.65443849625,249.9736674235,386.890730270799,,,,,
3.874,1412.4227048301,242.951426862223,380.086130725476,,,,,
3.77,1418.47201506639,238.16226891888,377.121554102601,,,,,
3.6193,1408.98977701158,249.88603118905,386.883164015801,,,,,
3.9908,1408.73772137734,250.034258833584,386.754434523393,,,,,
3.437,1418.8661285551,246.23144716188,376.578280766352,,,,,
3.8268,1413.86833493879,249.959660818082,384.713771803023,,,,,
3.69795,1422.71968789334,238.626249193492,377.359033823404,,,,,
3.82845,1423.87397401587,246.642765694569,376.581278844942,,,,,
3.9931,1418.88915308508,247.838067869752,377.840346870247,,,,,
3.0591,1430.72315628244,243.821291112828,380.91775236378,,,,,
3.5962,1408.61342530766,246.772110717179,383.01342963556,,,,,
3.361,1412.86405229358,249.925101947376,386.975758831495,,,,,
3.6662,1418.4699866817,239.089828812206,376.429080608476,,,,,
3.16025,1422.21898706804,242.220700694863,376.894449728856,,,,,
3.67105,1413.38401611277,249.79727304665,386.654753474417,,,,,
3.70265,1417.51198049587,249.660383799957,385.604562475489,,,,,
3.206,1420.23835557444,250.012114887594,387.134362001671,,,,,
3.9814,1413.62310393185,249.910737569282,385.021546552755,,,,,
3.8823,1417.60384633867,240.994778441966,376.395231601813,,,,,
3.64695,1413.5529558151,242.090794544279,379.550060778679,,,,,
3.60725,1408.67048117322,249.008020503505,385.576645191709,,,,,
3.3466,1422.73774440473,238.5128147848,376.354676212371,,,,,
3.616,1408.82588827642,242.095716836472,379.560027334578,,,,,
3.6492,1413.60278881394,249.77144738692,386.85895225075,,,,,
3.87045,1422.59469208356,245.450654927774,376.375308583465,,,,,
3.5657,1412.96497260537,248.161928158498,384.589070922278,,,,,
3.9772,1413.60863884844,243.574612722128,380.598374629522,,,,,
3.3683,1417.78539823012,240.759983102513,378.623333009244,,,,,
3.31465,1423.31699240999,242.676789576233,376.433214675347,,,,,
3.10375,1430.50260486915,250.896674432658,387.641443293663,,,,,
3.08995,1426.82977137357,242.711049829133,380.11877039373,,,,,
3.1954,1415.66294303237,250.05203741514,387.053160706207,,,,,
3.9733,1418.8001887751,245.982866075051,376.540630811975,,,,,
3.2273,1414.61299367614,250.033968839322,387.018387491236,,,,,
3.24665,1409.30671824355,249.622340067191,386.471558126,,,,,
3.54925,1412.94926181232,248.926387737383,380.142799209657,,,,,
3.17775,1421.3274429782,249.882405786666,381.900659818558,,,,,
3.27135,1419.72448650484,247.256511039361,377.181173809877,,,,,
3.53495,1418.21121056813,248.729417517422,385.228402065666,,,,,
3.23515,1414.33357953539,246.25855200642,382.622336807565,,,,,
3.2504,1414.43489576228,248.336185165674,378.836030046479,,,,,
3.3405,1418.09007675714,249.750560682226,386.885518777632,,,,,
3.8194,1418.85695867224,244.513698309696,376.544981388094,,,,,
3.2472,1409.37250597248,249.892633339566,387.018546144336,,,,,
3.0541,1436.42491448053,251.325887732932,382.593387113833,,,,,
3.64295,1418.7759014191,246.424492348251,376.538583413235,,,,,
3.05365,1436.44658245622,251.801406935293,384.94487398533,,,,,
3.44875,1414.00413547677,242.86101745995,376.661022419406,,,,,
3.568,1413.06678173464,249.692521587994,386.56387076376,,,,,
3.38835,1418.12503457815,237.845524532382,376.856780293596,,,,,
3.3997,1412.85029320397,243.708816471807,380.566736413134,,,,,
3.2416,1419.28760570396,245.203316227543,376.576112046782,,,,,
3.4922,1413.95615559234,241.867430353042,379.406589738411,,,,,
3.301,1414.3467378669,249.949252189991,384.133838982487,,,,,
3.99675,1418.70405413609,238.00293874379,376.872646101708,,,,,
3.96965,1413.86455381908,249.845438332096,386.982381856113,,,,,
3.04195,1442.75242011609,252.17139654914,388.466979888836,,,,,
3.7032,1417.49819845912,249.671001370425,383.897367643193,,,,,
3.52525,1413.51243273946,249.659494998603,386.65545334388,,,,,
3.87825,1412.54995779253,249.735019326793,384.901976456568,,,,,
3.373,1412.88257586284,249.703376454872,384.598770854617,,,,,
3.1273,1423.91681388024,247.181939400342,377.150762067408,,,,,
3.7277,1417.38281112313,240.703288444839,376.408996021,,,,,
3.67815,1413.16947844227,243.649696236063,380.603757270461,,,,,
3.11085,1429.63494744672,243.932620166558,380.870255837684,,,,,
3.4313,1408.63821913313,247.292704657235,383.526647180913,,,,,
3.4456,1408.96786916547,249.94374198995,383.145221067994,,,,,
3.58485,1408.3520874547,240.82666785517,378.709767569072,,,,,
3.29815,1414.38883700585,249.621407870653,386.438255258471,,,,,
3.1529,1417.27498455988,247.825438816284,384.04082713702,,,,,
3.2393,1414.38612385952,249.902350463255,383.333163807295,,,,,
3.27855,1409.48359302372,249.931737109748,387.02526943294,,,,,
3.5836,1413.41665590401,239.511608636335,376.450110188593,,,,,
3.2344,1416.89315048043,242.026031734164,379.46993529042,,,,,
3.42105,1408.28574625573,247.358418303431,383.716982473765,,,,,
3.5794,1408.24385409135,249.774101112747,384.184218579396,,,,,
3.1992,1425.68416980933,247.248482557098,377.14762590842,,,,,
3.7941,1409.20487877339,250.080966312349,387.108552102328,,,,,
3.86335,1422.84317891004,240.964689024487,378.7990876261,,,,,
3.4118,1408.06452849621,249.607045644236,386.612491617279,,,,,
3.90645,1407.70890411568,249.301168285955,385.943568520502,,,,,
3.56105,1418.01095962492,245.475660942489,376.402097078386,,,,,
3.59045,1413.65871358237,249.333269069392,380.627584272522,,,,,
3.83425,1418.43760972718,249.240832976143,385.873176381366,,,,,
3.4657,1409.50358472969,249.972921535554,385.214953154649,,,,,
3.03795,1443.23698035103,241.212413129505,379.283097582597,,,,,
3.8415,1423.07798491725,239.141825204588,376.436575447819,,,,,
3.4687,1419.40581805948,244.68033780484,376.540527776288,,,,,
3.43425,1408.86000101209,250.000961229711,386.324549952635,,,,,
3.9644,1418.93313005766,242.839331176691,376.631938494069,,,,,
3.92065,1413.48941665996,248.735094652479,379.403946293795,,,,,
3.7502,1407.86596396297,242.866927081014,380.047648065955,,,,,
3.01785,1493.99338427811,238.314828049126,381.814249936382,,,,,
3.23005,1419.64061911989,247.444283504922,377.373558002125,,,,,
3.6214,1411.56560528722,249.167649465151,380.497831713228,,,,,
3.65715,1413.33366369636,241.397719797881,379.063645780792,,,,,
3.12685,1423.91681388024,248.269820013214,378.203827984473,,,,,
3.3816,1408.04054237563,249.76567770893,386.93306666754,,,,,
3.5922,1413.66048348465,245.345228500324,376.550369911226,,,,,
3.92965,1408.70782914198,249.802766830838,385.426758734362,,,,,
3.30275,1424.1503345247,246.333769920296,376.588907247494,,,,,
3.4716,1414.3183510575,242.085205161311,379.515202814035,,,,,
3.59435,1413.695012856,238.086483323895,376.632466256598,,,,,
3.7827,1408.78814550239,249.356080677917,386.041004053889,,,,,
3.8689,1422.69052753526,249.084015939784,380.452687926955,,,,,
3.45575,1409.26587842341,249.937243299125,383.915917314757,,,,,
3.1645,1417.15202220777,250.278350945565,387.253883455738,,,,,
3.19005,1420.77874055712,245.390239929386,376.733629753275,,,,,
3.0024,1734.55412618224,6.66279289036034,385.450564113948,,,,,
3.52795,1413.61983717027,249.785589210977,383.753917337425,,,,,
3.0368,1453.37808297903,242.875049278861,378.225065873447,,,,,
3.171,1426.77804162656,240.321873137657,376.788652711953,,,,,
3.9821,1413.66513424392,249.623248388731,381.969487169114,,,,,
3.0232,1491.09986552683,252.09927359066,382.912628376452,,,,,
3.72265,1412.39249077944,249.817033344673,386.622271507893,,,,,
3.15295,1417.27498455988,248.024749347127,384.238448640737,,,,,
3.45035,1414.09887129408,238.488571416701,377.368009416897,,,,,
3.74775,1412.86757252135,242.727375996254,376.377317367183,,,,,
3.1621,1417.10621290591,241.734751350587,379.39139871093,,,,,
3.6975,1422.78157632238,237.657284575975,376.440125988519,,,,,
3.227,1414.61299367614,250.047439464348,387.106812384241,,,,,
3.06545,1440.36835809192,248.141309750751,377.834773896551,,,,,
3.55885,1413.04373807638,249.726706984809,383.854148375175,,,,,
3.7315,1412.42674041924,249.499601768083,386.484632752633,,,,,
3.65405,1418.48240771198,245.15256172578,376.446180497229,,,,,
3.3944,1415.55239497511,249.472116155329,381.169774411671,,,,,
3.37225,1412.86714652671,249.669592026691,386.29103387078,,,,,
3.15895,1422.26025215873,245.94153403711,376.906727368416,,,,,
3.63005,1409.1477245547,249.918425121338,386.48163655593,,,,,
3.55725,1413.02974513902,249.736151039656,386.855016490879,,,,,
3.7543,1408.12747883747,249.904617985158,385.566833779582,,,,,
3.8679,1417.68678687817,249.797679492972,385.088595578176,,,,,
3.44365,1408.91225314077,250.029302880589,387.047022979165,,,,,
3.52985,1423.48373055697,245.888903449241,376.430444103259,,,,,
3.2334,1419.46909557238,238.036850611489,376.655253922636,,,,,
3.73185,1412.54299687203,249.641559176624,386.789057698909,,,,,
3.2198,1419.74173392842,247.19191221798,377.124329245143,,,,,
3.1676,1422.14803578646,249.672081839055,381.041377244567,,,,,
3.88125,1417.61657461545,244.406864682053,376.395251941759,,,,,
3.35565,1417.74986878137,243.600340300901,376.447926783535,,,,,
3.8691,1422.69052753526,248.492565528022,379.16856975885,,,,,
3.52475,1413.49620721284,249.018990919794,385.629206146228,,,,,
3.57335,1418.01571725524,239.141977203612,376.38735917324,,,,,
3.27785,1409.51198867495,249.84253389385,386.831688360998,,,,,
3.7266,1417.37754568135,244.378422421464,376.408874627482,,,,,
3.83525,1418.52210825331,249.837128552443,386.955133040355,,,,,
3.1327,1418.59117092932,249.469110445926,385.784886839924,,,,,
3.92605,1408.44534305818,245.760866607762,382.206776194222,,,,,
3.37025,1412.79033586216,249.239987219504,385.983044106196,,,,,
3.7382,1417.44009643777,239.708587415949,376.342791237268,,,,,
3.7307,1412.36457514418,248.075994223057,384.479897644234,,,,,
3.0626,1430.51125449949,251.674252889368,388.165286835431,,,,,
3.8592,1423.16021636514,246.993686017121,376.987746914846,,,,,
3.43875,1418.79308416612,241.680503521047,376.557609236495,,,,,
3.3989,1417.9073284077,239.012290119784,377.550423758782,,,,,
3.10815,1434.95581107611,244.482804854303,377.18577170224,,,,,
3.9345,1418.60633215711,238.377519608745,376.470383851066,,,,,
3.02925,1449.51617895739,250.32179562601,386.039170299655,,,,,
3.69915,1417.61691995646,245.577715402852,382.092326974342,,,,,
3.0229,1491.09986552683,252.540708563764,384.607279840091,,,,,
3.31325,1423.46393755237,245.990262236701,376.463278745277,,,,,
3.96925,1413.94038858964,249.852606783376,387.028317692025,,,,,
3.995,1418.70051180621,243.904775630371,376.556248486802,,,,,
3.4707,1419.39726819715,237.831817242569,376.713981841881,,,,,
3.74595,1412.88128551641,246.406018962888,376.455633487037,,,,,
3.13675,1423.62646807205,249.749455766283,380.741153165082,,,,,
3.9541,1413.936883789,242.796836000937,376.582116757183,,,,,
3.79235,1408.96702706729,247.73155559274,383.951923625055,,,,,
3.03995,1442.98147606048,251.183408965622,387.080366613531,,,,,
3.50045,1423.8237291746,242.141204643225,376.532667400462,,,,,
3.5301,1423.48373055697,245.493434531305,376.422978267242,,,,,
3.4162,1413.27178111196,246.158128706426,376.483968600062,,,,,
3.80625,1413.99228739948,250.031946662666,384.420729064353,,,,,
3.74085,1407.49888871473,247.554982532144,383.9381089322,,,,,
3.181,1425.98934052695,241.484822908206,376.72143393925,,,,,
3.2084,1420.03543500127,249.930389735714,383.235749670366,,,,,
3.4097,1412.84042826732,241.681357549638,379.27428189072,,,,,
3.1471,1427.72363319166,249.512746439292,380.369878845855,,,,,
3.15125,1427.45699750948,238.736690114268,377.568556631952,,,,,
3.18405,1415.8259481969,248.396058433945,384.670045191625,,,,,
3.74835,1412.86986689056,240.482155699284,376.385205421663,,,,,
3.1885,1420.8518833831,248.70657997668,379.172340858368,,,,,
3.55775,1413.00167838617,249.711379274548,386.51766843969,,,,,
3.7856,1408.92148078918,249.916858904609,384.521947290551,,,,,
3.75635,1413.33899904834,246.52405479124,376.508695651743,,,,,
3.6083,1408.8282012452,249.816425731841,386.96247023548,,,,,
3.9911,1408.73823133063,250.027980453309,386.406202699355,,,,,
3.8879,1412.69226934976,249.669092819937,386.328303651182,,,,,
3.388,1418.12503457815,237.99106128172,376.422858400223,,,,,
3.0528,1436.49922129221,251.82433799498,387.611478303888,,,,,
3.5245,1413.45047491061,248.414715298374,384.861171662792,,,,,
3.9269,1408.53736843528,248.902010698556,385.410028426911,,,,,
3.42565,1413.68622435132,248.512955396232,379.185841892731,,,,,
3.4254,1411.11037658294,249.231399974629,380.783439899154,,,,,
3.8035,1414.04361319406,249.710266803455,386.432075804816,,,,,
3.96535,1418.91328538056,239.025077458677,376.633597668025,,,,,
3.5562,1412.95596707903,249.598368274688,386.605098510255,,,,,
3.4629,1409.33883922565,249.237470929276,385.815590440594,,,,,
3.61265,1413.87549658254,245.473281892754,376.50400051612,,,,,
3.394,1413.04967448856,249.895609239375,383.267529681962,,,,,
3.73965,1412.44462907563,241.209673753881,378.948324326852,,,,,
3.9254,1410.95318954195,242.063045436738,379.473486258097,,,,,
3.1534,1417.27808755229,249.414598633918,385.808649860685,,,,,
3.57365,1418.06621600389,237.89853688293,376.415006208178,,,,,
3.53035,1423.48373055697,245.017427228881,376.416629974208,,,,,
3.38205,1408.01525523205,249.746619837963,386.80575710539,,,,,
3.73265,1412.49484855016,249.644308071158,386.721601699149,,,,,
3.9559,1413.92150784385,239.735000836646,378.008275116664,,,,,
3.42375,1408.50248010019,249.825542605311,386.555114829331,,,,,
3.60875,1408.77648475641,249.806907786588,386.901678165448,,,,,
3.671,1413.38401611277,249.799720319654,386.693890563589,,,,,
3.7666,1418.58295110447,246.663971631536,376.635946036365,,,,,
3.5107,1423.34564742565,242.320723067716,376.429169409713,,,,,
3.6327,1419.12752289014,246.439046802728,376.565280817998,,,,,
3.40015,1412.84549081423,246.164671750781,382.497055986466,,,,,
3.87035,1422.60184118537,245.619577249941,376.377770987599,,,,,
3.2165,1414.73053972979,250.008835449092,387.126222198551,,,,,
3.1462,1422.75083389591,250.504727138782,384.971701062432,,,,,
3.0712,1434.41317245024,251.174595066558,387.473204487857,,,,,
3.476,1414.25385904056,250.067563411321,385.258067131251,,,,,
3.254,1414.50313972634,237.982565437127,376.624706766095,,,,,
3.27225,1419.58337371261,245.793958615949,376.598578932115,,,,,
3.21125,1424.79490383119,243.72041532339,376.57832732172,,,,,
3.41475,1408.19750091353,249.620642317825,382.623138151721,,,,,
3.54,1423.02396690602,246.091871521501,376.404870032927,,,,,
3.29555,1414.51586100687,238.132412498371,377.135783405505,,,,,
3.7848,1408.88225474099,249.884307495624,386.472102985313,,,,,
3.55925,1413.04373807638,249.487145710471,381.960729755889,,,,,
3.8075,1419.02119625192,247.693448947004,377.700773051428,,,,,
3.82755,1418.89087560501,249.443735428135,381.154737019356,,,,,
3.96905,1413.94038858964,249.833419110903,386.980682546895,,,,,
3.7436,1407.67326596998,249.646941897042,386.191206865528,,,,,
3.69875,1417.62988866111,243.346458109694,380.3718304561,,,,,
3.71565,1417.32843309612,245.69981636503,376.405297819258,,,,,
3.67125,1413.38401611277,249.790082555511,386.456860241954,,,,,
3.20575,1420.22544623147,249.961962827475,387.015349401181,,,,,
3.805,1414.01491123199,250.015619972419,386.888398586855,,,,,
3.72045,1412.26424180057,248.46174874748,384.815776973338,,,,,
3.6359,1418.98924805696,238.10951728853,377.048113640468,,,,,
3.25845,1409.53887610355,249.955591010958,386.870499104861,,,,,
3.73235,1412.54299687203,249.658263758949,386.815853713119,,,,,
3.96085,1409.09341493693,250.03721432063,384.741214872,,,,,
3.6105,1408.81890766231,249.774136777804,383.549125873145,,,,,
3.39905,1417.9073284077,239.853688451864,378.046418895801,,,,,
3.73895,1417.50422921282,237.644184876169,376.716903603902,,,,,
3.2735,1419.48679374042,242.54207222985,376.57699702773,,,,,
3.209,1425.02208570997,248.966758860561,379.871096210319,,,,,
3.5178,1413.46877437126,249.721549395988,383.010557414675,,,,,
3.11995,1428.97673257378,238.598733136587,377.164013193294,,,,,
3.15605,1417.26456432754,250.368368301274,386.207576880315,,,,,
3.5172,1413.3998860055,249.801211029101,385.263709215266,,,,,
3.44745,1414.03385826185,246.042940532367,376.665072229426,,,,,
3.44715,1414.03791912612,246.449470779079,376.669971536726,,,,,
3.8864,1412.65353070751,249.651350393306,386.765904839766,,,,,
3.6261,1414.03381700172,240.857603447054,378.713733051649,,,,,
3.29505,1414.53277281512,238.754580089971,376.643855250325,,,,,
3.02035,1492.97106615462,252.717661066411,389.25484140519,,,,,
3.0437,1442.55559315893,251.813707870441,383.241509700199,,,,,
3.6706,1413.43454221374,249.820740727756,386.892748027838,,,,,
3.7271,1417.36327172221,242.926088154343,376.40669325489,,,,,
3.9346,1418.62179843397,238.004295837719,376.492054486476,,,,,
3.648,1413.5364372709,247.591583185582,383.943828774111,,,,,
3.265,1414.56066190974,240.049863428646,378.231266533696,,,,,
3.4785,1419.23051805058,245.899586909654,376.619600743135,,,,,
3.08915,1437.06443999511,239.098398873812,377.751407159126,,,,,
3.3835,1408.08520275617,249.74859820955,383.980565167462,,,,,
3.776,1413.68796032746,249.303002023166,381.055901398006,,,,,
3.55835,1412.99950211714,249.725898523702,385.487526213082,,,,,
3.51295,1413.27204191811,242.447510377103,379.774195354562,,,,,
3.79035,1414.06397053994,237.85994742232,376.642646990884,,,,,
3.8405,1423.10939477051,243.052480302912,376.440464002131,,,,,
3.60565,1413.6492260209,241.763213241204,379.296115924371,,,,,
3.4577,1414.33707181385,245.999879619457,376.610045174443,,,,,
3.9538,1413.936883789,243.763926844716,376.581894457006,,,,,
3.7112,1412.30878293859,249.817608231058,386.89262438458,,,,,
3.43265,1408.8374246638,249.992808958678,386.96234327099,,,,,
3.46305,1409.33883922565,249.488945899091,386.187417910879,,,,,
3.13605,1418.59077187919,250.601420540023,384.440811535133,,,,,
3.47785,1419.24975670797,246.759788129417,376.66975510264,,,,,
3.49085,1419.06790124517,239.513717431459,376.661741105141,,,,,
3.7456,1412.86027182157,247.402879902044,377.566132015547,,,,,
3.5474,1412.88069690477,249.721736264749,386.538136802064,,,,,
3.4246,1408.54896396652,249.85828606356,384.65027821893,,,,,
3.84135,1423.07302472728,239.793399257214,376.435757935344,,,,,
3.8281,1423.88418323607,247.65959440488,377.713639101762,,,,,
3.11295,1429.55086170646,250.636123105209,387.531442535693,,,,,
3.10535,1430.36631404629,250.782326873165,383.543348402609,,,,,
3.02945,1449.49846880102,250.999523464714,386.775645958744,,,,,
3.27975,1409.43483993494,249.901244511803,385.929569954756,,,,,
3.70595,1422.28966171542,244.288104959181,376.311820387637,,,,,
3.96375,1418.93803183027,244.758607662321,376.639727611004,,,,,
3.06995,1434.52764326716,246.876557601876,383.035039527926,,,,,
3.9034,1417.64006046877,238.945410640229,376.350011628448,,,,,
3.9396,1408.66534218985,249.79174970658,386.211188736608,,,,,
3.1815,1425.98963322741,239.383228886256,376.719282430675,,,,,
3.75335,1408.11442108139,249.905633564271,386.87184673946,,,,,
3.7561,1413.33899904834,247.045499004233,376.935064440468,,,,,
3.1681,1427.13350649009,247.968739364894,377.947525170439,,,,,
3.49645,1414.05119369668,249.92466425835,385.696998845453,,,,,
3.4368,1418.8661285551,246.480019193612,376.583997616437,,,,,
3.6922,1413.06023231138,249.716953570406,385.953553058922,,,,,
3.4809,1419.21152647013,238.078006011121,376.684612632819,,,,,
3.36975,1412.77894292798,248.134469223656,384.524831147487,,,,,
3.5399,1423.02396690602,246.215266539941,376.408596417105,,,,,
3.22945,1419.5899158333,249.448698023164,380.948197163866,,,,,
3.8082,1418.98617047686,246.327805214594,376.656318552468,,,,,
3.6694,1413.38808064268,249.465111166829,386.230758858055,,,,,
3.1911,1420.73963028093,242.329666823518,376.723920297146,,,,,
3.81255,1413.80931751359,245.606434857397,382.13092772029,,,,,
3.8418,1423.10762446542,237.908001025198,376.465299382569,,,,,
3.55985,1418.11789926297,247.922346168034,378.275399738643,,,,,
3.90265,1417.63670319925,241.997348515264,376.342963994561,,,,,
3.521,1418.47226645183,242.399181206266,376.463684850879,,,,,
3.02795,1449.68058119584,243.15029576029,380.548758270957,,,,,
3.40625,1417.90531715941,245.829880187175,376.535995831334,,,,,
3.2703,1409.6736730002,249.906381653908,383.064084587105,,,,,
3.29415,1414.49566929825,242.404906322749,376.63459176562,,,,,
3.3489,1412.65687830387,247.612778118054,383.886059769284,,,,,
3.38165,1408.03551137605,249.764377843312,386.926508521371,,,,,
3.1722,1426.7109937517,240.353005031019,378.481491302306,,,,,
3.5751,1407.97966338446,244.029816513575,380.883730240723,,,,,
3.6166,1408.83614507909,245.57502995266,382.095113696551,,,,,
3.9116,1413.03191635112,245.773229617976,376.470191049337,,,,,
3.9385,1408.70534318212,249.830984908352,386.979481301543,,,,,
3.24935,1409.34763005295,249.896007420622,384.419661094726,,,,,
3.4557,1409.25586816685,249.946994355617,384.119804817052,,,,,
3.57955,1408.27883016089,249.745667411886,383.57513596955,,,,,
3.1307,1423.67922573813,239.333474722598,378.007072984031,,,,,
3.9923,1408.80569802525,249.900794000737,382.614459474204,,,,,
3.72645,1417.39349599851,244.73977093416,376.410158662427,,,,,
3.4128,1408.05034298012,249.757208580378,386.902047326879,,,,,
3.7061,1422.28966171542,243.896241306763,376.309252769383,,,,,
3.34465,1422.79375054778,245.12592334666,376.369981962021,,,,,
3.9261,1408.44534305818,246.012351586346,382.420458114242,,,,,
3.4206,1408.2576827932,245.224570187603,381.834357973696,,,,,
3.59275,1413.64656940796,244.014847770344,376.547798052513,,,,,
3.4046,1412.98351794507,249.591442696906,381.746990594464,,,,,
3.2328,1419.46909557238,240.415857054133,376.57928562024,,,,,
3.0668,1439.99256391837,245.530717712312,377.772596063109,,,,,
3.7557,1413.31336471014,248.478217120008,378.991295865766,,,,,
3.65655,1418.4261926196,238.079622412547,377.038608017556,,,,,
3.4422,1408.78088624909,249.14138402785,385.583474417408,,,,,
3.4148,1410.70657681338,249.578470674941,382.370562911368,,,,,
3.17425,1421.52179443719,249.692559253846,386.275948811613,,,,,
3.1896,1420.82602052119,246.19573003184,376.742559912868,,,,,
3.0472,1442.15932384908,242.339871517815,378.175603341337,,,,,
3.01765,1494.21285210963,234.830534990574,381.067076056749,,,,,
3.52245,1418.52767055405,237.972756527011,377.005824075627,,,,,
3.24165,1419.27756191904,245.097589722351,376.575284473813,,,,,
3.11385,1429.33959241688,250.671994395098,387.550356254373,,,,,
3.3827,1408.04245560903,249.726628949088,386.164181869427,,,,,
3.31825,1413.22446681296,248.438529170379,384.876311965834,,,,,
3.63105,1409.182657621,249.934441247424,383.919025259981,,,,,
3.0276,1454.8069482882,241.04060200126,379.292931699618,,,,,
3.79465,1409.17891005962,250.056748325356,386.932168207548,,,,,
3.2775,1409.40677479091,249.555860369078,386.302900103468,,,,,
3.8515,1418.0711529112,240.457668109526,376.467636750318,,,,,
3.34205,1417.95073361528,249.748779818865,384.671213672265,,,,,
3.9494,1408.87123651075,250.043892467458,386.898680859358,,,,,
3.2619,1414.60437546597,245.795841185769,376.569780106777,,,,,
3.3379,1418.06143694835,244.011042622618,380.854631698852,,,,,
3.4904,1419.03675686871,241.395299221947,376.657666297076,,,,,
3.66745,1413.42030491648,241.319259943013,378.997805695377,,,,,
3.2254,1414.51563850393,248.581602543492,384.91212254746,,,,,
3.2987,1414.46055241388,249.947018368598,387.072915020806,,,,,
3.9206,1413.47440515666,248.897633451932,379.727270904923,,,,,
3.28525,1414.5176179819,238.118151289924,377.104547219382,,,,,
3.30255,1424.26546050445,246.573119111868,376.612740750948,,,,,
3.7176,1417.31850533274,239.808043903464,376.402141894561,,,,,
3.00435,1734.25646474853,57.9015052821407,379.875940583034,,,,,
3.39325,1413.02352627072,249.938587007135,385.802827089582,,,,,
3.2199,1419.74173392842,246.917597632047,376.839240629489,,,,,
3.18085,1425.98934052695,242.067607186117,376.723163446419,,,,,
3.5576,1413.0091843627,249.717503407749,386.656194622149,,,,,
3.0319,1449.14283461017,252.458962991749,388.474038825618,,,,,
3.2573,1409.49602828541,249.922085891097,386.948143701502,,,,,
3.58885,1408.55963052738,249.996142851905,386.471595364962,,,,,
3.58285,1413.37557237054,242.469965455348,376.439177234938,,,,,
3.48,1419.14881109756,241.715996157562,376.605574653335,,,,,
3.15,1427.44166074784,242.007745719273,376.909273614968,,,,,
3.33065,1413.44047096344,249.764848243169,386.740627378073,,,,,
3.1238,1418.86639588061,250.632365263896,387.621565943378,,,,,
3.7305,1412.33724844373,247.384291777592,383.734214329107,,,,,
3.1859,1415.82923359068,250.17734025366,387.192479013537,,,,,
3.8165,1413.84943158032,249.929216250615,384.665050942844,,,,,
3.32725,1413.28688192002,242.074521518104,379.539585638984,,,,,
3.4727,1414.28647383658,247.931653811001,384.170965249288,,,,,
3.5316,1423.38415798656,241.248685981842,376.39801921334,,,,,
3.70775,1422.28502030322,237.710735764353,376.346217570161,,,,,
3.2876,1409.44011811162,249.244925061897,385.848979198359,,,,,
3.13355,1418.65055996249,250.56927175134,387.485666877346,,,,,
3.2462,1409.22076208591,248.887128647975,385.385020194739,,,,,
3.82295,1413.7306645621,246.08985155878,382.520252441194,,,,,
3.48525,1414.11835056529,250.078766814479,386.974980056913,,,,,
3.6659,1418.4699866817,240.369322550716,376.42626288713,,,,,
3.35455,1417.8124253284,246.004768833718,376.459854820143,,,,,
3.99525,1418.70051180621,243.122601191796,376.554509083372,,,,,
3.787,1414.09129429797,247.110037395872,377.072737124333,,,,,
3.34445,1422.85210756091,245.493148655759,376.374833781395,,,,,
3.083,1432.77334605081,251.377247271265,388.002572378339,,,,,
3.2631,1414.57956836253,242.810070150513,376.561382375046,,,,,
3.2758,1411.84875158109,242.903314055772,380.074898528351,,,,,
3.74885,1412.96957949317,238.340286170621,376.397797273955,,,,,
3.08685,1437.24279377098,246.736988675384,377.622159517923,,,,,
3.5648,1412.9288070055,244.054769405338,380.913804441598,,,,,
3.5017,1423.76801648366,237.797713139386,376.802103254413,,,,,
3.5451,1412.8244767214,248.272502100889,384.685626823118,,,,,
3.93035,1408.73107917497,249.711603414856,382.862770726122,,,,,
3.04565,1442.29644202836,247.419282114906,378.21103808708,,,,,
3.3454,1422.76116870712,243.217320777314,376.356887434249,,,,,
3.3043,1424.01312033478,242.86741599338,376.540258330085,,,,,
3.37145,1412.92792827591,249.704644630017,386.837637099393,,,,,
3.5165,1413.39479577689,249.779013225859,386.560213459852,,,,,
3.6892,1412.98367696275,247.313464455404,383.668840790344,,,,,
3.63125,1409.182657621,249.859583339983,383.036854440057,,,,,
3.2644,1414.61790277047,237.939058444764,376.705979805629,,,,,
3.10425,1430.47391535407,250.884013445304,387.091968245604,,,,,
3.33785,1418.06143694835,243.720153499305,380.64049427131,,,,,
3.06525,1440.38639936854,248.462849141086,377.996553292622,,,,,
3.6579,1408.30640815798,245.735435907496,382.20626761169,,,,,
3.35095,1412.71605758574,249.917752085026,386.94149742445,,,,,
3.54535,1412.8244767214,248.903519484365,385.473810675962,,,,,
3.15035,1427.44166074784,240.568020248123,376.907163339689,,,,,
3.18135,1425.98934052695,240.033259562176,376.719260093743,,,,,
3.0667,1440.02519918063,245.812701658438,377.776239402448,,,,,
3.38065,1407.96156463177,249.41242674107,386.239626198579,,,,,
3.56345,1418.01299469231,237.684754965088,376.512973965832,,,,,
3.0992,1436.08285872826,239.321522371579,377.367561007989,,,,,
3.03265,1449.05917320768,252.492160159389,386.810939805178,,,,,
3.7694,1418.43311455084,238.955210922708,376.570042949497,,,,,
3.3027,1424.17840163108,246.39497894241,376.591251842789,,,,,
3.88195,1417.60384633867,242.310978042969,376.393445440919,,,,,
3.5187,1418.54577359394,247.597536304533,377.744081991902,,,,,
3.8588,1420.68437558437,248.465363780705,379.147448341693,,,,,
3.5363,1418.30392829841,249.778864436159,386.928336744383,,,,,
3.89725,1412.77107922684,249.684665086358,386.859122601342,,,,,
3.7451,1412.80832325521,249.071465053564,380.676332611503,,,,,
3.98985,1408.75014350712,250.067102916998,387.080568922728,,,,,
3.43175,1408.70668880933,248.838511968884,385.183608451709,,,,,
3.6755,1418.25272987233,243.064744642946,376.454583341519,,,,,
3.78325,1408.82571983955,249.859003633418,386.926846565802,,,,,
3.61065,1408.85187598261,249.70410057604,382.864947107807,,,,,
3.91365,1413.10310661707,239.450533344822,376.485980590754,,,,,
3.2564,1409.40110988524,248.690145101266,385.087628554845,,,,,
3.44775,1413.9953382622,245.529509623918,376.662002812452,,,,,
3.4603,1414.36157494085,237.959251226466,376.706508621486,,,,,
3.04785,1442.14098761031,239.88195799846,378.29300345291,,,,,
3.27055,1414.71347340237,249.666819695081,381.780445559553,,,,,
3.5194,1418.55419276707,246.139036268567,376.475771065392,,,,,
3.10475,1430.38207955234,250.912681431451,385.95120456934,,,,,
3.9252,1413.47492590723,240.877166653662,378.711769731812,,,,,
3.0961,1436.52832222156,248.146101555663,377.82205560135,,,,,
3.43665,1418.91687898108,246.646197696006,376.594962440828,,,,,
3.95535,1413.98404841735,238.04669413564,376.707830432869,,,,,
3.11135,1429.63494744672,246.732672831043,383.011096231047,,,,,
3.53795,1418.12883856743,249.770793872026,384.848342730064,,,,,
3.7919,1408.96702706729,245.629090058724,382.067802756953,,,,,
3.80535,1414.01491123199,250.001329879791,386.562391543112,,,,,
3.7206,1412.29032283792,248.848541049146,385.295003829204,,,,,
3.92575,1408.43957323829,244.128433293767,380.918380822384,,,,,
3.3176,1413.21063053479,245.85416325276,382.331528091529,,,,,
3.1847,1415.87774791375,249.822945414817,386.532289635511,,,,,
3.3401,1418.13547753627,249.75209751887,386.908476515858,,,,,
3.9442,1413.7568364867,241.027625577978,376.484265609571,,,,,
3.29525,1414.53277281512,238.049037529068,376.700023392001,,,,,
3.47655,1414.27024002827,249.983699253503,383.150034087521,,,,,
3.71505,1417.38001012467,246.493782264697,376.45136958937,,,,,
3.15225,1417.28061869148,244.534105825222,381.287427679678,,,,,
3.4592,1414.30946686946,242.200566386087,376.60276172313,,,,,
3.28635,1409.38246717086,244.326060862533,381.125549549577,,,,,
3.87195,1422.47994032183,241.149474147762,376.356128434142,,,,,
3.89885,1412.70790905039,249.67387125467,384.946820961989,,,,,
3.04045,1442.97918601568,251.969126392942,388.2572341752,,,,,
3.4342,1408.86000101209,250.00041255739,386.400626645021,,,,,
3.8962,1412.62404719895,249.193458566909,385.9427853129,,,,,
3.87305,1422.52500232274,237.760111931557,376.778482841966,,,,,
3.47335,1414.29072591871,249.582625204376,386.198357783395,,,,,
3.898,1412.69354070229,249.650070632125,386.52345974421,,,,,
3.7808,1411.1811110501,240.852336258634,378.781710596763,,,,,
3.193,1415.62803815396,241.294429934843,379.071593639302,,,,,
3.8951,1412.57651576357,245.561058218322,382.073639711148,,,,,
3.8692,1422.69052753526,248.105909790235,378.499931806778,,,,,
3.9516,1413.99612360911,248.797645879078,379.405864521697,,,,,
3.4465,1414.02731928698,247.860574730675,377.941778792334,,,,,
3.32945,1413.38568871202,249.717453034114,386.797321905363,,,,,
3.53745,1418.16004108197,249.740764310668,386.064710540482,,,,,
3.8289,1423.7190212705,246.056295997198,376.489728247097,,,,,
3.05415,1436.42491448053,251.223614971512,382.29471276187,,,,,
3.12415,1418.8605069004,250.617779687033,387.531329475819,,,,,
3.29255,1414.58264343517,246.217997528813,376.65091384347,,,,,
3.43995,1418.82508935659,238.196891953759,377.088989523454,,,,,
3.94975,1408.86512294196,250.030905120295,386.569998973887,,,,,
3.9245,1413.50299593293,237.873576837194,376.738453318719,,,,,
3.41765,1413.24001593097,243.038734968799,376.477077039065,,,,,
3.2769,1409.37437633024,248.269196976634,384.603370104025,,,,,
3.21435,1414.62253311818,245.396483125217,381.945030770568,,,,,
3.6182,1408.96088213682,249.826134652778,386.851774039746,,,,,
3.5579,1412.99950211714,249.708420216986,386.338135160055,,,,,
3.6649,1418.47506602119,243.898642790687,376.429885235496,,,,,
3.9203,1408.4060457228,249.579821813961,381.542063384327,,,,,
3.21555,1414.66829159941,249.529757953954,386.224188954516,,,,,
3.0616,1430.62326285151,251.697112505806,388.428137067788,,,,,
3.22835,1414.56009844556,250.028381148496,385.646760376676,,,,,
3.48015,1419.14881109756,241.11441945838,376.606083335148,,,,,
3.59105,1413.74819975702,247.283851161343,377.152437500109,,,,,
3.0393,1443.07410906753,248.897957699101,384.668493774125,,,,,
3.9002,1417.76939550108,247.769808726665,378.083232550488,,,,,
3.23035,1419.64061911989,246.689473245587,376.639637734295,,,,,
3.1866,1415.80619238277,250.146054658856,386.692587490924,,,,,
3.8614,1422.91550888725,242.074438720007,376.414889036948,,,,,
3.63895,1413.97195499132,249.831349118885,386.89779748668,,,,,
3.41335,1408.04855849071,249.730017687458,386.560785096971,,,,,
3.0821,1433.00552091725,251.370221144296,388.081111683118,,,,,
3.7606,1408.25678254901,243.461374475038,380.417028196275,,,,,
3.9208,1413.53068510137,248.160828701214,378.418538753342,,,,,
3.80935,1418.90459185405,243.964801089721,376.636913340966,,,,,
3.74475,1407.8027454432,249.548449997756,382.598973220575,,,,,
3.956,1413.92150784385,240.305529591263,378.350045843825,,,,,
3.9431,1413.75044895008,244.584941299393,376.480940226768,,,,,
3.0464,1442.24823946331,245.411348576266,378.189666868461,,,,,
3.548,1412.87891891802,249.732413366218,385.562639198615,,,,,
3.2623,1414.60437546597,245.037523295269,376.564788320128,,,,,
3.1839,1415.8259481969,247.858060881774,384.104044729415,,,,,
3.47045,1419.38531339266,238.363558376436,376.540902827763,,,,,
3.5868,1408.48794686828,249.547527275187,386.164408292343,,,,,
3.2205,1419.7201527099,246.05497633379,376.59001339794,,,,,
3.22285,1419.66958078077,238.80040685824,376.580127542799,,,,,
3.4259,1413.72815356574,247.541432202541,377.649565584051,,,,,
3.53465,1418.21135482679,247.854819243944,384.206158932083,,,,,
3.85055,1418.07800067531,243.808899147321,376.466910258244,,,,,
3.80495,1414.01491123199,250.018406127823,386.919483960145,,,,,
3.96795,1413.83343484509,248.431972973144,384.865235594066,,,,,
3.0248,1482.74748550043,248.255502065541,378.44217324538,,,,,
3.96605,1418.92595781205,238.658627289001,377.450581343633,,,,,
3.5882,1408.55917334513,250.022794691804,386.994781747596,,,,,
3.2866,1409.3864839971,245.698989538508,382.199474099704,,,,,
3.79555,1409.18837813618,250.058241345792,385.657132768136,,,,,
3.21255,1424.75195833943,238.702438307898,376.57052990225,,,,,
3.19305,1415.62803815396,241.593269775967,379.260829361645,,,,,
3.7457,1412.87591214649,247.057332314118,377.113759706115,,,,,
3.034,1453.93171337034,250.215938339485,379.614490207255,,,,,
3.34935,1412.65687830387,248.983925603692,385.445914711383,,,,,
3.2673,1409.56136339921,249.75053796483,386.539109880438,,,,,
3.1895,1420.85647687275,246.340231492352,376.745066760477,,,,,
3.53105,1423.39966460504,243.197655054294,376.403525342857,,,,,
3.37865,1412.82764815497,241.005757823192,378.832650914642,,,,,
3.1801,1426.06131083142,244.515763783051,376.737166136974,,,,,
3.80875,1418.90965366927,245.431010857567,376.64444541119,,,,,
3.5647,1412.93005162772,243.47303898054,380.4881956734,,,,,
3.13805,1428.41177423201,246.564889863747,377.078352895973,,,,,
3.80895,1418.90459185405,245.004291546179,376.64140187031,,,,,
3.67575,1418.23795221935,242.202264503031,376.453458116988,,,,,
3.82495,1413.89773889498,249.966539554756,387.095402419948,,,,,
3.07015,1434.52764326716,247.921771038205,383.90063017547,,,,,
3.21895,1414.69897451378,249.713165491089,382.014219138221,,,,,
3.40635,1417.90531715941,245.664081246635,376.534152919477,,,,,
3.42555,1413.65500951583,248.844905306031,379.842392073839,,,,,
3.1692,1426.94604598023,245.922933453803,376.824388596684,,,,,
3.7353,1417.56749809639,247.346506108223,377.484540415476,,,,,
3.05575,1441.19091032701,247.441910096504,377.994041635908,,,,,
3.3491,1412.65687830387,248.313673308242,384.633037315373,,,,,
3.48215,1414.07845460534,243.606252699169,380.556224242763,,,,,
3.39035,1412.97207886892,248.345904845952,384.645315774118,,,,,
3.9789,1413.67539693852,249.6673477766,386.561473241751,,,,,
3.0851,1432.53428822027,250.730702958565,381.773017230785,,,,,
3.41945,1413.33609720105,238.508764178692,377.372693371568,,,,,
3.8586,1418.17097258521,249.066992984114,380.430505738253,,,,,
3.3386,1418.04991087755,247.464874056012,383.806065509198,,,,,
3.6194,1408.98853233168,249.880689428375,386.821593563626,,,,,
3.03435,1453.93171337034,249.168676743669,378.425678881166,,,,,
3.63765,1413.87392599209,247.486648708738,383.788866817515,,,,,
3.9268,1408.53137434708,248.665777450623,385.104544330356,,,,,
3.2186,1414.66620488876,249.966946915843,383.730462315102,,,,,
3.1637,1417.09801154629,249.323045756356,385.732625158822,,,,,
3.21925,1414.69897451378,249.132954000457,380.248090916094,,,,,
3.6856,1418.11513112992,243.665914938543,376.441257239837,,,,,
3.6739,1418.33823402728,246.375923368682,376.483574000895,,,,,
3.8318,1423.55986477431,237.925240958179,376.874281936131,,,,,
3.0407,1442.98424881162,252.129088671973,388.572955882858,,,,,
3.3403,1418.13547753627,249.756298667629,386.915795995076,,,,,
3.61295,1413.85975658073,244.877429186801,376.501378222536,,,,,
3.3851,1418.19483728517,246.324439374072,376.425561931479,,,,,
3.95725,1408.87506068326,247.231134497298,383.445475730653,,,,,
3.7193,1412.24261217311,243.058273835255,380.126718844546,,,,,
3.0551,1441.36945030246,248.387013915144,378.026524365696,,,,,
3.82765,1418.90472392058,249.229308999297,380.547889911768,,,,,
3.2196,1419.73803067928,247.877505045888,378.016046555316,,,,,
3.3292,1413.35713288948,249.557150381196,386.481081556702,,,,,
3.9947,1418.71152517407,244.712538931999,376.559408964118,,,,,
3.8587,1418.18910010215,248.796174058828,379.800205545494,,,,,
3.03185,1449.14283461017,252.459894715836,388.534931182914,,,,,
3.23315,1419.46909557238,238.910419529994,376.583468306085,,,,,
3.52555,1413.57542742665,249.787764645143,386.928912013025,,,,,
3.1646,1417.1773261619,250.306093592939,387.317782198664,,,,,
3.52125,1418.47226645183,241.462706930697,376.465101857521,,,,,
3.36475,1417.82192629079,246.15017521865,376.472629821398,,,,,
3.01995,1492.97106615462,252.589311343006,388.972876816418,,,,,
3.81595,1413.84045919985,249.899378180841,386.126757298963,,,,,
3.53125,1423.39966460504,242.539021726566,376.400974744978,,,,,
3.63645,1413.94716986374,241.025380141631,378.827891555172,,,,,
3.5791,1408.2383487032,249.771606751309,385.180877075036,,,,,
3.62235,1414.16400016367,246.402250606598,376.52288380711,,,,,
3.1776,1421.32363888827,250.058939258235,382.706164798875,,,,,
3.61765,1408.91385305471,249.271161902603,385.901351722923,,,,,
3.405,1417.99856007054,248.684094803753,379.356883677003,,,,,
3.7195,1412.24212969198,244.234567172817,380.974412405682,,,,,
3.61805,1408.96088213682,249.741185143551,386.678692499125,,,,,
3.3543,1417.84530587427,246.330984628284,376.465634590167,,,,,
3.1041,1430.47391535407,250.883647301049,387.3080998491,,,,,
3.89275,1417.66512451562,240.345154225833,376.342552941743,,,,,
3.07845,1438.43876153413,240.353211902066,377.661617661376,,,,,
3.4507,1414.02763649028,240.405923045573,378.505097413865,,,,,
3.9427,1413.75945162449,245.421701579855,376.483798138696,,,,,
3.99615,1418.6998283798,239.614445358513,376.557049737858,,,,,
3.459,1414.30946686946,242.89729045376,376.601949444634,,,,,
3.57455,1413.02692369256,240.718655997499,378.641579199513,,,,,
3.93495,1418.62451307629,237.913454428378,376.936787429461,,,,,
3.3616,1412.83922119518,249.89686700433,386.742588787401,,,,,
3.04705,1442.15932384908,242.975601794368,378.177329782965,,,,,
3.1863,1415.82923359068,250.156366230884,386.992368192962,,,,,
3.2404,1419.43203445075,247.251291316544,377.201993429332,,,,,
3.83325,1418.45596544641,245.877245769487,382.300271939551,,,,,
3.39705,1417.93949075601,243.163438898486,376.462239622517,,,,,
3.36445,1417.92216517955,246.512441067729,376.48913547008,,,,,
3.29075,1409.51503802125,249.908019559139,383.825910760191,,,,,
3.64265,1418.80538098719,247.012213795341,376.97909224255,,,,,
3.1693,1426.94604598023,245.735465892641,376.821167491438,,,,,
3.3426,1417.96311028697,249.570313450501,382.336997231309,,,,,
3.25095,1414.48075497178,246.593297509891,376.62117179884,,,,,
3.6113,1413.88244684244,248.460634687687,379.126654139874,,,,,
3.21285,1424.76261783447,237.853143657987,376.718072015866,,,,,
3.86295,1422.84317891004,238.629836528041,377.393609533893,,,,,
3.47505,1414.27574385113,250.050114056113,386.87847040852,,,,,
3.8143,1413.89854399481,249.904927274904,387.015596249388,,,,,
3.96265,1419.06504971114,246.621945255456,376.667711965994,,,,,
3.59325,1413.64611221657,242.404242228237,376.548942221418,,,,,
3.46765,1419.51375706362,246.454680383863,376.56562662675,,,,,
3.82205,1413.7490802167,240.871901768559,378.775676726026,,,,,
3.78835,1414.01373341845,244.745401960612,376.504763040675,,,,,
3.1332,1418.60173040863,250.336103703682,387.033632249971,,,,,
3.02405,1490.61794451324,249.377723370777,378.602323863113,,,,,
3.2025,1425.37302218944,237.999623312535,376.763381018522,,,,,
3.6831,1413.1893359686,249.420111626705,381.451511499116,,,,,
3.89795,1412.69354070229,249.652264115335,386.567124423079,,,,,
3.4662,1409.52165475021,249.903720776452,383.299167198018,,,,,
3.12485,1418.81707110271,250.591851573766,386.89299742006,,,,,
3.53365,1418.249828241,242.857773943789,380.027705095705,,,,,
3.0535,1436.46992111292,251.84235111342,385.583547865148,,,,,
3.44295,1408.94521858647,249.980327147555,386.95248489312,,,,,
3.89455,1412.58736946891,242.441731419206,379.735106145993,,,,,
3.0704,1434.52043745784,249.054132072356,384.939302184673,,,,,
3.91845,1408.30978678695,249.945639128231,386.834036638701,,,,,
3.3336,1423.39886950385,246.256023120351,376.424817914558,,,,,
3.76485,1408.56411599469,249.952014595877,384.868320239659,,,,,
3.70385,1422.48787719865,249.065006728198,380.622233188735,,,,,
3.78055,1413.74410555577,239.385459652177,377.894107592602,,,,,
3.2762,1409.3328576056,245.20700855271,381.771225041965,,,,,
3.84885,1418.17713544583,247.076080154958,377.120440897042,,,,,
3.41665,1413.24228566067,245.493730367378,376.47816905017,,,,,
3.81755,1418.9156843564,248.586885876446,379.236043207537,,,,,
3.02425,1490.61794451324,249.098566665127,378.50764021983,,,,,
3.9919,1408.80569802525,250.058467881098,384.379242185672,,,,,
3.40935,1417.90713184554,239.622319093863,377.994506368809,,,,,
3.9903,1408.75014350712,250.059702898603,387.03056520735,,,,,
3.37845,1412.86067012317,239.809716751544,378.095757817846,,,,,
3.1514,1424.94370365119,239.486716643721,378.020224344848,,,,,
3.65925,1408.40369228256,249.624533671851,386.527459695688,,,,,
3.6913,1413.11688516045,249.740613388366,386.851482648216,,,,,
3.4015,1412.92521346664,249.757104294488,386.630086086515,,,,,
3.9274,1408.54719520285,249.624628030699,386.526245825279,,,,,
3.1821,1425.99866070128,238.236281754034,377.175149342961,,,,,
3.99355,1418.84672795925,246.650727964884,376.590962833155,,,,,
3.5763,1408.05704945189,248.954144891948,385.529973439744,,,,,
3.443,1408.94521858647,249.99541598081,386.986931421431,,,,,
3.71575,1417.30949656675,245.532694072776,376.403753615543,,,,,
3.38285,1408.05739294665,249.731942408343,385.894832355439,,,,,
3.4599,1414.36157494085,239.403285177016,376.611545801977,,,,,
3.1116,1429.58576152509,247.90128724809,384.058375027237,,,,,
3.22175,1419.62581924353,243.153727514,376.573940844644,,,,,
3.9367,1408.54268055446,247.335222945803,383.673916604309,,,,,
3.84025,1423.12146021706,243.819958710454,376.444071827394,,,,,
3.57805,1408.19465772302,249.763280560612,386.785964940316,,,,,
3.2932,1414.52431655825,245.115266711251,376.639774590559,,,,,
3.21185,1424.74224179113,241.647819687091,376.570560335108,,,,,
3.88965,1417.77899849904,248.66621147223,379.647575740519,,,,,
3.2494,1409.35218043251,249.891776164737,384.231385647451,,,,,
3.9521,1414.04388586496,247.041406709368,376.888435360388,,,,,
3.8003,1419.08824484383,239.200614600578,376.591904625129,,,,,
3.7244,1414.93478394282,249.376909369425,381.152721073024,,,,,
3.22155,1419.64050840891,243.777299652049,376.57509628374,,,,,
3.4935,1413.95407337469,248.367631094561,384.741385111673,,,,,
3.1958,1415.72218091946,250.122580329331,387.218798619869,,,,,
3.1627,1417.07886943513,245.275009520679,381.858146526105,,,,,
3.22725,1414.61299367614,250.036585949805,387.03867593892,,,,,
3.38415,1413.15485384335,249.143193504768,380.708762608744,,,,,
3.8112,1418.94163939041,238.099370473827,377.086130802007,,,,,
3.211,1424.79490383119,244.421616541361,376.583051757938,,,,,
3.74225,1407.67302853236,249.678499174669,386.862711126993,,,,,
3.472,1414.28692673337,244.515607621932,381.215115216968,,,,,
3.7145,1417.34281214889,248.184577434909,378.556615437237,,,,,
3.1402,1428.22161676862,239.98563100169,377.031294625332,,,,,
3.23185,1419.46002981992,243.858382403764,376.580987127836,,,,,
3.2256,1414.53768499519,249.099094671439,385.549920133265,,,,,
3.19505,1415.65443849625,249.800387417299,386.573462567523,,,,,
3.43235,1408.72332151122,249.827352567837,386.62646983115,,,,,
3.99555,1418.69742337298,242.059211401292,376.553624478204,,,,,
3.13405,1418.69286813601,250.630080780865,387.627317997001,,,,,
3.3528,1412.7725155749,249.829291431834,382.996062374249,,,,,
3.7504,1407.86772962682,244.07863377096,380.906725466048,,,,,
3.33775,1418.07365548188,243.128908162907,380.216675539255,,,,,
3.8519,1418.10918635805,238.74866752368,376.47337971914,,,,,
3.8798,1417.6903722719,247.025198162605,377.027527448981,,,,,
3.4597,1414.34778597919,240.244963038325,376.607907177857,,,,,
3.17035,1426.83267205167,242.874145199861,376.795788701045,,,,,
3.0729,1434.16185045494,251.574871307082,388.012330929596,,,,,
3.7585,1413.27575015998,241.391163824256,376.495266693937,,,,,
3.8174,1416.3892538792,249.059459430828,380.203751173783,,,,,
3.03895,1443.07410906753,247.092153535483,383.165795053666,,,,,
3.07195,1434.39393671541,251.602656301214,388.288267500359,,,,,
3.67,1413.49986286301,249.814627335621,386.91027383243,,,,,
3.4424,1408.78860052574,249.50774884487,386.106199679791,,,,,
3.4746,1414.32996248195,250.073151653668,387.08734827234,,,,,
3.37385,1417.94382380342,249.069075960882,380.592460702353,,,,,
3.1436,1422.9747898822,250.298934640541,387.076278379813,,,,,
3.4498,1414.09887129408,238.620331456262,376.677814061183,,,,,
3.8032,1414.01868017857,249.248386766043,385.730414738603,,,,,
3.08115,1433.03569956497,250.267550507652,386.345321494448,,,,,
3.92185,1413.45008163722,245.916624899082,376.535325192771,,,,,
3.93785,1408.71301942022,249.723959243345,386.74096799001,,,,,
3.0556,1441.27014775285,247.702721288681,378.00069681321,,,,,
3.5478,1412.87824442746,249.721054593869,385.982758493045,,,,,
3.43115,1408.63821913313,246.614326040581,382.902547696706,,,,,
3.01665,1499.57549456202,214.20349098789,378.888917488585,,,,,
3.5905,1413.67095531744,249.210597687259,380.3191089707,,,,,
3.2307,1419.53674133654,246.258419885937,376.600755720431,,,,,
3.6096,1408.77710382981,249.777542576575,386.162949451285,,,,,
3.1519,1417.28061869148,242.437119262273,379.834979619425,,,,,
3.5712,1418.0706158198,245.685122542571,376.394116840336,,,,,
3.20715,1420.09000774592,249.979602875035,386.686529228944,,,,,
3.5499,1418.00645000687,246.722896229712,376.695323295437,,,,,
3.39615,1417.98612832212,245.457269818156,376.472065013491,,,,,
3.6937,1418.11991899179,248.711127768669,379.679216796725,,,,,
3.33655,1423.20111942001,237.699128514383,376.476180547989,,,,,
3.93295,1418.60944576956,244.143342911528,376.470494136879,,,,,
3.4341,1408.86000101209,250.000843057467,386.536385480365,,,,,
3.98,1413.65070802714,249.909485092418,387.03048666092,,,,,
3.4155,1413.22912953988,247.826822670362,378.150350978165,,,,,
3.35995,1412.77034778418,249.475390223223,386.126534290475,,,,,
3.3357,1423.20579709947,241.035266404002,376.380773697581,,,,,
3.2473,1409.37250597248,249.901730583572,387.04141162917,,,,,
3.86445,1417.74788663414,247.064140341896,383.415658480459,,,,,
3.6498,1413.56219694812,249.826718647114,386.980543476622,,,,,
3.63555,1419.00436473076,238.068104473341,376.564945366181,,,,,
3.0612,1430.61436057429,251.565687787357,388.139486161382,,,,,
3.9499,1408.86672963884,250.031097181815,386.358230598122,,,,,
3.14585,1422.75083389591,250.490828263551,386.051416925227,,,,,
3.7057,1422.30860853613,244.862769341291,376.316763650324,,,,,
3.13715,1428.60018404584,248.305480283854,378.24910013102,,,,,
3.76125,1408.27195112782,246.914408829151,383.181083113058,,,,,
3.49685,1414.07315281416,249.940877251725,384.484346428849,,,,,
3.22745,1414.60109087849,250.025812395649,386.940914964332,,,,,
3.7674,1418.51237956205,245.533410972136,376.577921098832,,,,,
3.69105,1413.11688516045,249.750914354766,386.913752078419,,,,,
3.27955,1409.42983409476,249.893978438748,386.292091627547,,,,,
3.3437,1422.88751353043,246.552316046108,376.530130988647,,,,,
3.31035,1418.61928576375,249.843294528152,386.501133615897,,,,,
3.48355,1414.10111557325,249.40965899744,385.927507453234,,,,,
3.19845,1420.68116383755,249.637621169369,381.394815930553,,,,,
3.721,1412.33828491419,249.521024543225,386.282241338515,,,,,
3.57155,1418.0483457523,245.070616264477,376.388330326286,,,,,
3.6274,1408.98468780629,247.816972836409,384.078034428167,,,,,
3.4011,1412.88844285735,249.302028214696,385.867289391839,,,,,
3.9278,1408.70916555597,249.803325879601,386.901009971034,,,,,
3.9389,1408.65592208845,249.814574192555,386.875292266773,,,,,
3.5592,1413.04373807638,249.540844104866,382.225522668572,,,,,
3.10555,1430.35269707747,250.565475612803,382.475755316048,,,,,
3.729,1417.36487134895,239.260498186816,377.708537723771,,,,,
3.27485,1419.47319456687,237.953506737834,376.900790090695,,,,,
3.43405,1408.86000101209,250.001757441717,386.596550202201,,,,,
3.83305,1418.45596544641,244.815267985684,381.437884423459,,,,,
3.6469,1413.5529558151,241.788245405768,379.351066028646,,,,,
3.5699,1418.15244523648,248.83027469617,379.986011603245,,,,,
3.2697,1409.66358582027,249.992320673304,385.322397868381,,,,,
3.9117,1413.0230064929,245.608882558353,376.469502581172,,,,,
3.752,1408.03458232442,249.668088206073,386.489181093024,,,,,
3.0497,1436.86119872331,248.968029144284,384.884860000646,,,,,
3.2858,1411.89809803312,241.040252416279,378.890025502245,,,,,
3.04445,1442.53532068378,249.483398001682,378.868134802436,,,,,
3.30235,1424.3262261094,247.00321255629,376.959681525828,,,,,
3.27615,1409.3328576056,244.933260543333,381.556040210555,,,,,
3.15635,1417.26456432754,250.388868529794,385.414219000222,,,,,
3.93735,1408.56175505337,249.185861278497,385.832198121138,,,,,
3.29355,1414.51201153372,244.276870530821,376.636495039837,,,,,
3.49235,1413.95615559234,242.768091544748,380.005847802999,,,,,
3.16395,1417.11306599676,249.801247862312,386.402219868663,,,,,
3.9138,1413.14332551764,238.791900034129,376.490290899178,,,,,
3.5509,1417.9319730551,245.17925210361,376.410719823346,,,,,
3.43775,1418.80495692323,244.853309590904,376.564003391019,,,,,
3.82785,1423.88418323607,248.632067406494,379.260005428308,,,,,
3.434,1408.86000101209,250.003081223146,386.651894370878,,,,,
3.37765,1417.87546620874,238.051758165938,376.398487343091,,,,,
3.3197,1413.33272628544,249.807745547737,386.97191795347,,,,,
3.94745,1408.75411761149,249.004743164517,385.390275854874,,,,,
3.6402,1413.84150447752,249.833469494328,386.619907624369,,,,,
3.31285,1423.46393755237,246.487041970072,376.50166904724,,,,,
3.26635,1409.4990928482,247.491392002502,383.740109989946,,,,,
3.5723,1418.01523796223,243.158935753087,376.381917608953,,,,,
3.5728,1418.01571725524,241.40876491245,376.381887491029,,,,,
3.91235,1413.01768079688,244.188796013548,376.468796132246,,,,,
3.9411,1413.76913912426,249.101050118079,380.47134724305,,,,,
3.79375,1409.18952620636,250.065448025804,387.074250498147,,,,,
3.0683,1439.89428606856,239.745652105055,377.75050656522,,,,,
3.57225,1418.01523796223,243.31373626087,376.382120211594,,,,,
3.5686,1413.07294270556,249.700414994916,385.624394786237,,,,,
3.1947,1415.636179117,249.247581779527,385.742916869115,,,,,
3.17805,1426.29800472008,249.229050473892,380.098713282916,,,,,
3.485,1414.11835056529,250.092226630669,387.086675636563,,,,,
3.91145,1413.04978016539,245.996574719822,376.47159115938,,,,,
3.1449,1422.82920692742,250.490893877137,387.376918381858,,,,,
3.95945,1409.09409489722,250.031911375561,386.986467565433,,,,,
3.28065,1409.48351356598,249.808852813789,382.851581071425,,,,,
3.51235,1423.38540132597,238.886412517024,377.551275328863,,,,,
3.48945,1419.07091575074,244.548299318498,376.661406179491,,,,,
3.85285,1412.994647195,239.904320267954,378.198211601132,,,,,
3.2884,1409.49913496984,249.921146232663,387.027649853876,,,,,
3.5954,1411.13301312178,242.360978794743,379.638882095016,,,,,
3.0002,1734.6989720452,0.368329115124214,390.609099093386,,,,,
3.21935,1414.69897451378,248.833331379826,379.608115310174,,,,,
3.1081,1434.95581107611,244.633930473086,377.187205371999,,,,,
3.65995,1408.55196197114,249.831704032486,386.967106340637,,,,,
3.758,1413.26465183398,243.19504246179,376.490530216123,,,,,
3.5307,1423.41610102829,244.200566258175,376.409275076243,,,,,
3.15575,1417.26863462026,250.357588216812,386.753620259889,,,,,
3.3037,1424.03783808307,244.615753135748,376.554681107688,,,,,
3.1808,1425.98934052695,242.255600918493,376.723831249249,,,,,
3.48645,1414.08466990142,250.094995813708,384.820799629792,,,,,
3.7158,1417.30504241849,245.444295832957,376.403048705346,,,,,
3.2596,1409.55806526439,249.977002179657,384.682566794441,,,,,
3.84755,1413.07359467009,249.743742945718,384.096068005611,,,,,
3.89165,1417.66119952825,244.083169954138,376.343893624191,,,,,
3.577,1408.22385843093,249.723141793136,386.797866176611,,,,,
3.29775,1414.38478139811,248.934015383834,385.440529500644,,,,,
3.6631,1418.67513628475,247.527193434774,377.623025675427,,,,,
3.78195,1408.70723536631,247.207779392981,383.55595557691,,,,,
3.05885,1430.72315628244,242.317443630328,379.96292313375,,,,,
3.1735,1421.5531965426,247.568120465081,383.801406395024,,,,,
3.1746,1421.54193978156,250.081526909874,386.933062398127,,,,,
3.8735,1417.48894648312,239.944769512214,378.136981061945,,,,,
3.86365,1417.77852105032,242.790592099698,380.001043313337,,,,,
3.43015,1413.67496353864,240.806399451115,378.678003372732,,,,,
3.4431,1408.94521858647,250.016915911992,387.038068483027,,,,,
3.93,1408.73107917497,249.814983210071,384.343034718732,,,,,
3.02715,1459.92961095512,240.152522346266,378.383724997539,,,,,
3.09,1426.82977137357,243.011984057244,380.312961381687,,,,,
3.61955,1408.98355731749,249.873638292063,386.702496304948,,,,,
3.3481,1412.63644857235,243.491534533453,380.465926549013,,,,,
3.1185,1428.99795954775,244.234517284318,377.100680422164,,,,,
3.7191,1412.24261217311,241.852467946213,379.312996169864,,,,,
3.5548,1412.87066992442,245.787924271191,382.28795212196,,,,,
3.941,1413.76913912426,249.313137913314,381.070274935997,,,,,
3.70295,1417.49819845912,249.680376044823,384.791784220426,,,,,
3.70455,1422.46563239905,246.740854174734,376.718169754606,,,,,
3.20545,1420.16965898149,249.782915336151,386.657577824681,,,,,
3.87725,1412.5448930157,249.715661328665,386.659742296164,,,,,
3.3814,1408.03448323106,249.764836184846,386.936344391138,,,,,
3.12555,1418.82340390348,250.625261798588,385.141020264085,,,,,
3.36535,1417.81474391221,245.140091504467,376.462169982567,,,,,
3.6526,1418.57380239227,248.2585222137,378.756349322886,,,,,
3.75095,1407.91215901197,246.965417095489,383.274078523353,,,,,
3.87915,1412.62686590364,249.173817113611,380.81707556007,,,,,
3.94495,1413.84221028757,237.957142805075,376.540245318079,,,,,
3.1429,1422.96022397252,249.031749109504,385.297836223782,,,,,
3.9018,1417.63773009552,244.54184219657,376.346477774812,,,,,
3.64995,1413.55433663473,249.821103464319,386.949017635916,,,,,
3.43845,1418.79968142794,242.793690944842,376.557993178523,,,,,
3.9592,1409.10596558749,250.042656704135,387.052099730668,,,,,
3.0233,1491.09986552683,251.858795478019,382.291903314419,,,,,
3.4303,1413.67496353864,241.734988842265,379.26550161352,,,,,
3.6559,1418.45616660285,239.005078504494,376.4375339075,,,,,
3.0486,1437.01725956581,242.859986489911,380.328499956247,,,,,
3.15365,1417.31612182253,249.884978513369,386.471744356524,,,,,
3.69055,1413.09257938771,249.72340540071,386.85569423484,,,,,
3.42255,1408.46651739262,249.855344250184,387.016473611056,,,,,
3.7902,1414.06397053994,238.173903674144,376.536148358893,,,,,
3.7476,1412.85557920209,243.208983589109,376.376231066633,,,,,
3.71315,1412.25034465723,249.825748374713,385.214521702884,,,,,
3.93565,1413.54675763249,241.681127097835,379.270341432538,,,,,
3.297,1414.38066217464,246.172710622462,382.624686893438,,,,,
3.97665,1418.66041435711,240.249687066424,378.414258085216,,,,,
3.4874,1416.62028104558,249.181884219065,380.158317997859,,,,,
3.3085,1418.73329864598,249.575082752064,386.423229280076,,,,,
3.5211,1418.47226645183,242.035146508856,376.464126138867,,,,,
3.3365,1423.20318953707,237.78698832324,376.435643475303,,,,,
3.0495,1436.90401072586,248.03257754508,384.046999686452,,,,,
3.6704,1413.4925575148,249.828382842195,386.936148017647,,,,,
3.97095,1413.80020701981,249.836023073929,385.366652959531,,,,,
3.4177,1413.24311994322,242.876616659661,376.477363398575,,,,,
3.46135,1414.29442083503,242.438648814091,379.792322274443,,,,,
3.87345,1417.50300919554,239.652759349287,377.961249834541,,,,,
3.97585,1418.74494932969,238.024103488258,376.549993731804,,,,,
3.32175,1413.34417799828,249.758063762446,383.461173351002,,,,,
3.77645,1413.69466286791,247.903493984754,378.216769106571,,,,,
3.00345,1734.50488102287,27.937744164718,379.971947389542,,,,,
3.2801,1409.43822934637,249.924649743575,385.03404506591,,,,,
3.41595,1413.27178111196,246.473618230998,376.54283122564,,,,,
3.29585,1414.44719064795,239.549063160577,378.014591757061,,,,,
3.96065,1409.0760482242,250.027813422526,385.356350032472,,,,,
3.998,1413.61882412055,244.666843785779,381.290875424674,,,,,
3.09575,1431.56654725513,249.374648371768,379.470255132405,,,,,
3.3896,1412.97706500919,245.002093594433,381.58050266412,,,,,
3.4402,1418.82508935659,239.374961574467,377.817954159482,,,,,
3.4948,1414.10431043229,249.946058500388,387.086139956935,,,,,
3.3098,1418.62696626004,249.86707126896,386.941345134238,,,,,
3.1419,1423.01616446117,244.416820694839,381.212685980422,,,,,
3.91755,1408.27985703475,249.960852209466,387.011527901178,,,,,
3.40515,1417.99856007054,248.115003714269,378.382798804532,,,,,
3.71845,1417.34726332738,238.186192947963,377.064529930487,,,,,
3.2824,1414.51598026069,245.977270375939,376.599499177513,,,,,
3.6466,1418.62546203518,239.998306016059,378.227747984652,,,,,
3.63285,1419.09482326594,246.259354645626,376.560037976256,,,,,
3.73405,1412.4989155961,249.653267948042,384.224839667714,,,,,
3.5759,1408.05704945189,247.855281860653,384.214913406358,,,,,
3.55765,1413.00617366268,249.715198297936,386.614170166589,,,,,
3.4452,1408.92073358413,250.027576801335,384.759540766586,,,,,
3.9674,1413.82597274676,246.301880635116,382.727378584607,,,,,
3.1259,1418.84319030464,250.542782672211,383.695896663372,,,,,
3.19835,1415.66897361226,249.794539154495,381.961314424528,,,,,
3.464,1409.49587936077,249.984091828003,387.115405835651,,,,,
3.7868,1414.09129429797,247.802847359892,377.979960962236,,,,,
3.4589,1414.30946686946,243.224052895255,376.601762628643,,,,,
3.97225,1418.82624347375,248.501449887006,379.181323920358,,,,,
3.7073,1422.24968774852,239.559241874088,376.300942684145,,,,,
3.9874,1410.9925133874,242.995339619472,380.088239595931,,,,,
3.8427,1418.00960807516,240.810139922586,378.715356839533,,,,,
3.34275,1417.97779025511,249.394768122105,381.531043107595,,,,,
3.8803,1417.6903722719,246.10802765957,376.40896314748,,,,,
3.2681,1409.70694761979,250.007875242955,387.068509467725,,,,,
3.4781,1419.24975670797,246.46603303648,376.629464737806,,,,,
3.88315,1417.66292825268,237.681152378313,376.503521699745,,,,,
3.64955,1413.60828800237,249.828220419974,386.994142437537,,,,,
3.089,1437.06443999511,239.276204694655,377.610632031864,,,,,
3.0487,1436.97863193618,243.456074170194,380.704605977085,,,,,
3.59035,1408.63194552659,249.539749967712,381.225014123792,,,,,
3.5555,1412.89117641236,248.509742692092,384.99288495292,,,,,
3.09545,1431.55703038029,250.369124876516,381.415643303913,,,,,
3.1401,1428.22161676862,240.41595228073,377.031603800515,,,,,
3.36095,1412.86405229358,249.92622428398,386.98148456594,,,,,
3.3515,1412.71103706284,249.891167692534,386.578972999004,,,,,
3.82225,1413.7490802167,242.085095992568,379.551818041716,,,,,
3.18765,1415.8096453375,250.148875630437,383.901142267564,,,,,
3.70735,1422.24968774852,239.342460350237,376.301231457213,,,,,
3.53905,1423.12428660793,248.606944901569,379.416008201849,,,,,
3.24835,1409.32132819375,249.867434327121,386.642504265407,,,,,
3.80525,1414.01491123199,250.003929616748,386.677181471299,,,,,
3.0504,1436.83565460284,251.138629400266,387.317117222942,,,,,
3.055,1441.36945030246,248.534214277074,378.088628826601,,,,,
3.4378,1418.80094145325,244.732526483869,376.563360795249,,,,,
3.27175,1419.59482619317,246.488050049388,376.614437383951,,,,,
3.89625,1412.62404719895,249.262713030274,386.052755671071,,,,,
3.0438,1442.5447378135,251.638000987844,382.664002162132,,,,,
3.8189,1418.85695867224,245.577053998072,376.551817271733,,,,,
3.69635,1422.82019566516,242.134730565373,376.352688458349,,,,,
3.5662,1412.98366495325,249.25949585324,386.034233478481,,,,,
3.1719,1426.7109937517,238.71652452388,377.511878303178,,,,,
3.37615,1417.82514153794,243.757071473762,376.383351997408,,,,,
3.6368,1413.88373550267,243.122307469634,380.214462032376,,,,,
3.27195,1419.58337371261,246.243290999263,376.607392728466,,,,,
3.4646,1409.47510868082,249.961798457392,386.961314305342,,,,,
3.5706,1418.12668500793,246.503048282523,376.525447243206,,,,,
3.97945,1413.68538731547,249.909796756128,387.061453672299,,,,,
3.7751,1408.59069944589,249.821857066046,385.071115481058,,,,,
3.3579,1412.68920958451,240.456458012695,378.423530039511,,,,,
3.20375,1420.19942238718,243.788790610262,380.739478749589,,,,,
3.84615,1413.07161926255,249.737225819249,386.802325524347,,,,,
3.61165,1413.91558357643,247.156221800899,377.184524795431,,,,,
3.5716,1418.04024007987,244.969455100747,376.3876684366,,,,,
3.46945,1419.39096181484,242.445220029846,376.532959390913,,,,,
3.86465,1417.7430401604,247.840757474814,384.199237199407,,,,,
3.6578,1408.30424660268,245.210370338913,381.776071860693,,,,,
3.345,1422.76116870712,244.345522156724,376.362951452828,,,,,
3.17375,1421.52749263419,248.498767597778,384.759906929276,,,,,
3.96695,1413.82637512894,243.880698150868,380.797537602616,,,,,
3.1772,1421.3276389389,250.234031439574,384.503050625145,,,,,
3.52965,1423.5375690857,246.154999581972,376.437417429732,,,,,
3.0299,1449.42631609731,251.996010106671,388.084245825636,,,,,
3.1979,1415.66897361226,250.099632360689,384.126674856407,,,,,
3.5626,1417.99264211849,241.008807551127,376.396206687636,,,,,
3.39525,1418.10985525033,246.805543472827,376.666486548098,,,,,
3.6012,1418.91741622839,247.8352356882,377.88283580942,,,,,
3.24805,1409.32132819375,249.881421876904,386.878161363891,,,,,
3.44865,1413.99890907351,243.197251288594,376.660530414379,,,,,
3.15875,1422.26686888126,246.286432161995,376.910730406109,,,,,
3.0353,1453.67767085184,247.698301668666,378.280654186891,,,,,
3.0938,1426.59071262338,251.081376116988,387.434353588216,,,,,
3.9413,1413.76913912426,248.510308050228,379.200403300605,,,,,
3.90185,1417.63773009552,244.423821792361,376.346010137631,,,,,
3.9146,1413.09949488451,239.321754775981,377.78647742942,,,,,
3.6875,1418.11096258148,238.08784609775,377.053477068703,,,,,
3.07035,1434.52764326716,248.844827217351,384.737399794728,,,,,
3.764,1408.51309236373,249.922485505986,386.604278689794,,,,,
3.316,1423.33414661711,237.672526053318,376.609163891861,,,,,
3.49185,1413.95615559234,239.815591900509,378.130854843434,,,,,
3.9695,1413.90867511174,249.851135242541,387.014414442502,,,,,
3.8188,1418.85695867224,245.747533293348,376.553655308362,,,,,
3.17995,1426.06131083142,244.902210587423,376.740873493307,,,,,
3.89745,1412.75379043052,249.677883487292,386.822317672766,,,,,
3.67715,1418.29679336484,238.003672201089,376.991158742754,,,,,
3.645,1418.64684280577,241.522932337221,376.502915581631,,,,,
3.08225,1433.00552091725,251.392262524182,388.13516093405,,,,,
3.6357,1418.99980359777,237.847827246982,376.697846413749,,,,,
3.77895,1413.69095061383,241.905903305002,376.528847091517,,,,,
3.34505,1422.76116870712,244.218585652921,376.362081458961,,,,,
3.57835,1408.19465772302,249.748945872346,386.557896657554,,,,,
3.44345,1408.94198221792,250.03555377781,387.080381728621,,,,,
3.85955,1423.0998694937,246.293466152304,376.456467199921,,,,,
3.0525,1436.58850485684,251.821109193742,388.069711400392,,,,,
3.33675,1423.16744285324,237.740465858423,376.758492639452,,,,,
3.37785,1417.89409759414,237.619807952358,376.537680004851,,,,,
3.1183,1429.01198547843,244.829733590571,377.103937152276,,,,,
3.1016,1430.7006494353,249.291071105265,385.448271643614,,,,,
3.3981,1417.95539356762,239.06428860118,376.46719705161,,,,,
3.2405,1419.41920893231,246.96327994666,376.891666622183,,,,,
3.27125,1419.72448650484,247.584804816664,377.586708701622,,,,,
3.4201,1408.23731526612,242.316190203223,379.71917312604,,,,,
3.16785,1427.13350649009,248.938557035056,379.451407468098,,,,,
3.28,1409.43822934637,249.918496329246,385.326749866223,,,,,
3.63225,1419.23953633737,247.374468210189,377.335144353861,,,,,
3.2255,1414.52568915851,248.858101698606,385.242982542199,,,,,
3.0379,1443.23698035103,240.939721770067,379.125291183539,,,,,
3.1662,1417.12088576441,250.296993440156,386.494971093209,,,,,
3.7445,1407.73317828104,249.661081629127,383.735608934976,,,,,
3.5927,1413.64767204165,244.154695240053,376.547869064146,,,,,
3.9992,1413.64184794481,249.30825875224,385.819678159083,,,,,
3.7813,1408.66729289757,243.861673170425,380.798135966271,,,,,
3.2744,1419.46441044678,238.878359041143,376.577425837061,,,,,
3.9044,1415.19589290032,239.706071806587,378.018767575302,,,,,
3.08835,1437.11433493284,241.984787946733,377.576738623244,,,,,
3.6027,1418.73000693303,244.938561527849,376.571502284694,,,,,
3.68485,1418.13663337723,245.426530717764,376.451629776156,,,,,
3.59185,1413.66048348465,245.965534307363,376.554332132549,,,,,
3.1533,1417.27498455988,249.168260536397,385.497648992542,,,,,
3.4252,1408.59792873729,249.570544252544,381.942566533259,,,,,
3.4981,1424.08809826779,247.631376238552,377.719744103796,,,,,
3.3862,1418.10631364189,244.499466606875,376.401052601786,,,,,
3.6153,1413.94942186527,238.134549632191,377.120509840312,,,,,
3.69255,1413.06465989579,249.739886110868,385.121395536173,,,,,
3.9372,1408.56175505337,248.888920243636,385.421354200013,,,,,
3.9645,1418.92690739777,242.486136468625,376.631263569663,,,,,
3.0767,1438.59117891246,246.595666521304,377.707878824163,,,,,
3.3254,1418.33760914508,241.054581982784,376.447494075933,,,,,
3.2867,1409.39077410765,246.20457285742,382.625563308685,,,,,
3.74985,1407.86596396297,240.691144855147,378.630984536408,,,,,
3.17555,1421.50273937704,250.238872347699,387.248192597657,,,,,
3.47645,1414.26016932012,250.029460877429,383.607154962297,,,,,
3.32325,1418.43834599003,246.356750688327,376.46510844541,,,,,
3.08575,1437.44143367694,248.544987204723,378.113780219496,,,,,
3.91805,1408.31083994923,249.965975432919,387.003157908813,,,,,
3.0918,1426.75265911348,250.647720627774,387.11046834557,,,,,
3.5193,1418.55419276707,246.258425370075,376.478040759734,,,,,
3.2663,1409.4990928482,247.285350430172,383.540149609056,,,,,
3.3651,1417.81474391221,245.616711409509,376.465726341655,,,,,
3.8433,1412.98302515702,244.389433263107,381.171784594936,,,,,
3.5611,1418.01095962492,245.388197317164,376.401371581068,,,,,
3.88535,1412.56082390851,247.987213830962,384.396923577509,,,,,
3.75105,1407.91215901197,247.390000442963,383.679728730294,,,,,
3.70845,1417.26246932858,239.66577963669,377.972019230942,,,,,
3.1948,1415.65055796771,249.442792183777,386.014926910438,,,,,
3.31415,1423.35288136944,244.201333554622,376.440705457019,,,,,
3.4491,1414.00565026173,241.572726149104,376.663984782268,,,,,
3.253,1414.42512457226,241.974807334942,376.554870221775,,,,,
3.4795,1419.16388254035,243.499944438726,376.60673398308,,,,,
3.29575,1414.45650034151,238.985099696659,377.685456598553,,,,,
3.5892,1408.55963052738,250.007484202137,385.851154747098,,,,,
3.6571,1413.33366369636,241.096565284354,378.871778683514,,,,,
3.0316,1449.23890473133,252.469724309318,388.771079901302,,,,,
3.0886,1437.08451356501,240.906790344535,377.573089656565,,,,,
3.13705,1428.60018404584,248.685459870758,378.798086782727,,,,,
3.99645,1418.70371703266,238.334226422372,376.572080313332,,,,,
3.72195,1412.41529580203,249.849965483382,386.932770494147,,,,,
3.8007,1419.1086348432,237.970397806753,376.75988803737,,,,,
3.74715,1412.84585814877,244.444265705135,376.374701474129,,,,,
3.16225,1417.10621290591,242.637795950264,379.976786355912,,,,,
3.83105,1423.59367736166,239.846383583746,376.454118001086,,,,,
3.0479,1442.14098761031,239.860858061663,378.351411014372,,,,,
3.02675,1464.90328097557,241.708365053727,378.305394361303,,,,,
3.17135,1426.77804162656,238.798581262416,376.78904926457,,,,,
3.72495,1417.50637769403,247.653844239284,377.733220405645,,,,,
3.37815,1417.89409759414,238.15766371859,377.117294304337,,,,,
3.63605,1418.98924805696,238.734525299982,377.452984533229,,,,,
3.6655,1418.47191522211,241.94389099806,376.425721865319,,,,,
3.221,1419.65272759785,245.171090754645,376.580911823622,,,,,
3.1474,1427.72363319166,248.399312203167,378.437741858035,,,,,
3.75185,1408.03458232442,249.498808007488,386.202825309642,,,,,
3.58655,1408.42321514446,249.090981952336,385.515011589138,,,,,
3.57845,1408.19965346221,249.746188214817,386.448963706104,,,,,
3.9504,1408.86960184717,250.059303842401,385.241345156285,,,,,
3.86885,1422.69052753526,249.196262548025,380.758364723504,,,,,
3.95405,1413.936883789,242.967529145859,376.581990603122,,,,,
3.24085,1419.32630144599,246.399410455749,376.593835035575,,,,,
3.9549,1413.98404841735,239.647522091468,376.590429049183,,,,,
3.3801,1407.86868496691,248.314084913773,384.743990955069,,,,,
3.5458,1412.93304940603,249.543708230269,386.467673559405,,,,,
3.74275,1407.65775450677,249.680303482608,386.842776792298,,,,,
3.1373,1428.60018404584,247.802394523482,377.619657342997,,,,,
3.3834,1408.06279017043,249.758296927516,384.362132425163,,,,,
3.9085,1407.83579377091,249.831168187665,386.439232344946,,,,,
3.47895,1419.17010964983,245.012717342552,376.612089722266,,,,,
3.36,1412.77034778418,249.540462752281,386.232131534254,,,,,
3.07235,1434.39393671541,251.602583552989,388.270943416823,,,,,
3.6465,1418.66435453343,239.420047499093,377.882685021888,,,,,
3.3645,1417.90404703455,246.452210021846,376.479427696371,,,,,
3.6667,1418.47177720422,237.734019257385,376.690855099624,,,,,
3.1292,1423.74560187575,242.871501657499,377.117053507366,,,,,
3.4748,1414.28107595947,250.063536797585,387.021186775204,,,,,
3.8574,1413.10861623499,249.791899905235,385.630932370656,,,,,
3.70245,1417.53348089305,249.650376717482,386.004891113635,,,,,
3.8517,1418.09668802557,239.615275844087,376.469973948478,,,,,
3.2831,1414.45110222035,244.617213799082,376.590562547614,,,,,
3.76735,1418.51237956205,245.624333581237,376.57889142848,,,,,
3.18305,1415.83240049039,243.501513108732,380.518065414996,,,,,
3.4546,1409.19163716705,249.928652484421,386.710514698152,,,,,
3.65445,1418.47845807353,244.234113561461,376.439932893695,,,,,
3.37255,1412.86956948102,249.67626311652,385.794866676442,,,,,
3.31145,1418.55719534919,249.827328053224,383.465745404436,,,,,
3.45345,1409.17706014174,249.953038489565,387.078404295384,,,,,
3.56525,1412.92871405933,246.419711080078,382.839854188715,,,,,
3.2001,1425.51038448351,245.842628019277,376.685464005025,,,,,
3.22535,1414.51335771215,248.429746050744,384.738362095202,,,,,
3.98435,1418.62928633932,244.589079914307,376.453396819421,,,,,
3.67905,1413.16665258353,247.975544394711,384.330888688918,,,,,
3.05105,1436.82797068082,251.801611653059,388.440056953252,,,,,
3.5642,1417.97846993482,240.476943910681,378.498679478797,,,,,
3.99845,1413.62049978742,246.965578306895,383.209974607809,,,,,
3.76695,1418.51237956205,246.237952053252,376.588348391285,,,,,
3.72565,1417.43116496767,246.141597674383,376.423013910375,,,,,
3.3358,1423.20178640882,240.633689078523,376.380424833692,,,,,
3.6307,1409.16997887324,249.946999273453,385.147929777322,,,,,
3.4044,1412.94933318797,249.787333401336,382.777862159979,,,,,
3.94365,1413.75238245095,243.03104026517,376.480444061276,,,,,
3.8331,1418.45596544641,245.089596863483,381.653944647797,,,,,
3.66255,1413.64585494732,249.303950495543,381.024114771434,,,,,
3.157,1417.29729367345,250.18771868957,382.711793884726,,,,,
3.24305,1419.23820637874,240.611384677844,376.566126572397,,,,,
3.68855,1412.99165507132,244.091420788229,380.929502810236,,,,,
3.06155,1430.62571906029,251.690813517439,388.412380026834,,,,,
3.96505,1418.91328538056,240.321394905732,376.63082429688,,,,,
3.01945,1493.37686505124,251.908704617406,387.973941610778,,,,,
3.37405,1417.94382380342,248.524952042569,379.344066544359,,,,,
3.58515,1408.3520874547,242.698678409219,379.920876241058,,,,,
3.32425,1418.35516116061,244.736852308916,376.448118204519,,,,,
3.75015,1407.86596396297,242.557713066172,379.837314478281,,,,,
3.4145,1408.12842133216,249.738571607553,383.764959802308,,,,,
3.97775,1413.60013154726,246.553898194556,382.958117799979,,,,,
3.2879,1409.49365692462,249.661022140063,386.503870938576,,,,,
3.8344,1418.44074937764,249.456376748432,386.210678533485,,,,,
3.387,1418.07880771148,242.079565295095,376.396153503499,,,,,
3.45805,1414.32241166402,245.399873796422,376.605440961857,,,,,
3.01955,1493.26612969712,252.117890800119,388.232100911921,,,,,
3.9291,1408.6802589639,249.783642966059,386.43832312293,,,,,
3.166,1417.12088576441,250.294371402564,386.80445516256,,,,,
3.8678,1417.68766529764,249.790859138513,385.372382387495,,,,,
3.08935,1437.06443999511,239.429772768498,378.119455033415,,,,,
3.99505,1418.70051180621,243.756242013445,376.555833804607,,,,,
3.79025,1414.06397053994,238.030528238824,376.559925171887,,,,,
3.6111,1413.88244684244,249.062370019129,380.396101878084,,,,,
3.0365,1453.47079169129,244.102373701863,378.233424934777,,,,,
3.1278,1423.79760955634,246.518699168563,377.13599321746,,,,,
3.05735,1441.04603876088,242.616123965916,377.942911287983,,,,,
3.7357,1417.51858056765,246.284766691055,376.376640045082,,,,,
3.4506,1414.05055737152,239.827730344356,378.157118681747,,,,,
3.0193,1493.46086428822,251.502572121186,387.536659950077,,,,,
3.82605,1413.84439971109,249.925730445837,386.485909563117,,,,,
3.8617,1422.89540094583,240.922287230094,376.413142373652,,,,,
3.8404,1423.12146021706,243.371286549246,376.441807759101,,,,,
3.07995,1433.15940377902,244.885351697146,381.547482423924,,,,,
3.09865,1436.10865920238,241.682806700091,377.369414505427,,,,,
3.1618,1419.61670305213,239.973723326064,378.313735645054,,,,,
3.6345,1419.00689775998,242.32076131834,376.529214406776,,,,,
3.4772,1419.28168779128,248.821089924985,379.44766137114,,,,,
3.75255,1408.0901163539,249.917984338693,387.001248499403,,,,,
3.3598,1412.76498862558,249.237687873248,385.767103991127,,,,,
3.952,1414.04388586496,247.325907878347,377.19475817078,,,,,
3.1559,1417.26456432754,250.360681197558,386.508660222619,,,,,
3.19775,1415.66478625091,250.115213251671,384.701147884721,,,,,
3.3681,1417.78539823012,239.611613376745,377.922557681681,,,,,
3.4884,1419.17815093168,246.492639779769,376.680985017025,,,,,
3.5235,1413.42388356958,243.892999509408,380.814610124564,,,,,
3.05615,1441.17811803501,246.595796022163,377.978033040486,,,,,
3.2853,1414.5176179819,238.281095004692,377.224634717018,,,,,
3.1718,1426.7109937517,238.371459380699,377.266358636878,,,,,
3.78825,1414.01373341845,244.969373216359,376.505286843976,,,,,
3.53515,1418.21121056813,249.13935980211,385.788819464467,,,,,
3.2529,1414.42512457226,242.338469208345,376.55428403283,,,,,
3.24695,1409.37250597248,249.828904515132,386.871344475977,,,,,
3.6444,1418.68246888869,243.594822052126,376.50685432481,,,,,
3.0289,1449.51617895739,248.785158616774,384.59669675325,,,,,
3.81485,1413.86881439886,249.932151733961,387.06827609868,,,,,
3.21855,1414.66026411516,249.980266341223,383.942936309647,,,,,
3.1736,1421.54168763577,247.96768779924,384.197141260244,,,,,
3.17115,1426.77804162656,239.676249949251,376.78837742767,,,,,
3.23785,1414.39336649335,249.941903961082,386.81367585752,,,,,
3.1229,1418.87292317383,250.352728214774,387.057261477508,,,,,
3.63115,1409.182657621,249.906521699692,383.494343613424,,,,,
3.80075,1419.10407508757,237.972889408851,376.827854351569,,,,,
3.1178,1429.01198547843,246.032418358916,377.114309127258,,,,,
3.35465,1417.78915420437,245.855306524014,376.457953216382,,,,,
3.06135,1430.61436057429,251.640492585653,388.295731370853,,,,,
3.8778,1412.54885193358,249.706975378481,385.990344391706,,,,,
3.78635,1408.96739838853,249.298796453702,380.84685801195,,,,,
3.7253,1417.50637769403,246.608865321742,376.534469180521,,,,,
3.89955,1412.74010879841,249.452941660388,382.045244498479,,,,,
3.52435,1413.43200114646,247.945049886093,384.331728695268,,,,,
3.38005,1407.86868496691,248.163568682962,384.570776287465,,,,,
3.3246,1418.34413583091,243.833479965326,376.446004472427,,,,,
3.24845,1409.32343365904,249.86493047464,386.530598958649,,,,,
3.9215,1413.51014359896,246.389258876742,376.541174846666,,,,,
3.085,1432.53428822027,250.928795031747,382.362144904472,,,,,
3.2414,1419.32630144599,245.591347954349,376.579800678149,,,,,
3.93825,1408.71301942022,249.827278152577,386.975602073377,,,,,
3.19,1420.77874055712,245.493531746866,376.734458954954,,,,,
3.6165,1408.83061549487,245.037396504398,381.664687574301,,,,,
3.30375,1424.02129055248,244.491230056841,376.553294257225,,,,,
3.0259,1470.03671702388,245.252649759577,378.347707072764,,,,,
3.96565,1418.9353190706,237.978688951357,376.711698369793,,,,,
3.85705,1413.10746921591,249.776205911695,386.313403150178,,,,,
3.60125,1418.91741622839,247.653532405156,377.633495139467,,,,,
3.3205,1413.29987106571,249.771494137935,386.603545210361,,,,,
3.8339,1418.43760972718,248.464423925104,384.848493711219,,,,,
3.4573,1414.40409232914,246.517935945984,376.618700748833,,,,,
3.2193,1414.69897451378,248.990661995076,379.930942062858,,,,,
3.9841,1418.62928633932,245.14349480214,376.456787576904,,,,,
3.732,1412.54299687203,249.658737758595,386.831842959693,,,,,
3.5274,1413.58082794452,249.793060838332,385.578829028567,,,,,
3.67985,1413.24903371293,249.588426941425,386.486725694544,,,,,
3.38055,1407.92562992704,249.282338965532,386.029124173998,,,,,
3.73355,1412.48114576647,249.630538471862,385.66437677052,,,,,
3.9665,1413.87490751359,241.204586438702,378.981724337117,,,,,
3.67195,1413.36542881539,249.81766814754,385.060463562962,,,,,
3.4548,1409.19944576557,249.925126311835,386.47005393299,,,,,
3.7129,1412.25034465723,249.808382936448,385.82453024521,,,,,
3.1698,1426.83267205167,244.583410810557,376.807258861927,,,,,
3.14325,1422.96022397252,249.852552269089,386.354164356275,,,,,
3.89435,1417.63161771084,241.239314219303,378.941675651412,,,,,
3.17045,1426.82798277324,242.51421427185,376.794169462774,,,,,
3.81405,1413.89854399481,249.805394862727,386.799797816556,,,,,
3.8958,1412.62054703101,248.36174017714,384.817515277111,,,,,
3.0719,1434.39393671541,251.59810397479,388.27675138691,,,,,
3.3324,1415.967086592,249.482157248277,381.786173113209,,,,,
3.82665,1413.8568131303,249.955068782435,385.201153811119,,,,,
3.04255,1442.69272639593,252.168530289395,387.640213278369,,,,,
3.51765,1413.44075450064,249.782530886198,383.684396883789,,,,,
3.16745,1422.1378484338,249.951202966439,381.920302349708,,,,,
3.5534,1417.97921742455,237.936209938221,376.960928411983,,,,,
3.9031,1417.64006046877,240.232651800765,376.345664677239,,,,,
3.88435,1412.55240856697,243.159640783611,380.262147435358,,,,,
3.3858,1418.10631364189,245.340014747884,376.406683986517,,,,,
3.9069,1407.85076994312,249.761446236548,386.734950716584,,,,,
3.8994,1412.71215141414,249.577495365114,382.802050145101,,,,,
3.7081,1422.28552817559,237.827251894598,376.860440267269,,,,,
3.14815,1427.63840479831,246.748840716491,376.953307312212,,,,,
3.9238,1413.49754253127,240.245426828971,376.539214071639,,,,,
3.13475,1418.61335535755,250.59913289961,387.3678576124,,,,,
3.52765,1413.60053021019,249.809042487178,384.869375161508,,,,,
3.60225,1418.79200922277,245.827263241331,376.580507979267,,,,,
3.9109,1413.05324597634,246.736705314276,376.64972710575,,,,,
3.86435,1417.75129733257,246.622441695005,383.00303567213,,,,,
3.0796,1433.25669195481,242.779939928182,380.138385336004,,,,,
3.8264,1413.84511046397,249.937474562738,385.857235958641,,,,,
3.40165,1412.97619756967,249.837301835098,386.795818859504,,,,,
3.4616,1409.24312118587,243.925949471136,380.82726367461,,,,,
3.65605,1418.45616660285,238.351641821727,376.43997204429,,,,,
3.8825,1417.61366715544,240.177870122789,376.397317746633,,,,,
3.40055,1412.8581642489,247.875862198252,384.119738484688,,,,,
3.09125,1426.75238170997,249.3773641694,385.475546979498,,,,,
3.9865,1418.60993982187,237.942628375496,376.898230704821,,,,,
3.16875,1426.95876751361,246.612260703168,376.841231645109,,,,,
3.63535,1418.99064600197,238.843145015619,376.530918338238,,,,,
3.27865,1409.46135990541,249.927993234332,387.004523910864,,,,,
3.4565,1414.32462044934,248.942683584117,379.911151012682,,,,,
3.8239,1413.78591539137,249.313187798716,385.929103110437,,,,,
3.7882,1414.01373341845,245.075806903667,376.505600755297,,,,,
3.0391,1443.07410906753,247.905229682204,383.814718083621,,,,,
3.36765,1417.80371265258,237.786505908526,376.726332344246,,,,,
3.37495,1417.88197792946,246.100808603109,376.400983149588,,,,,
3.3586,1412.68681555113,244.611992570025,381.245019278452,,,,,
3.0013,1734.6117801101,4.68356056740395,389.601917330857,,,,,
3.0651,1440.38639936854,248.867835873851,378.402366430599,,,,,
3.20765,1420.05284573386,249.991110709617,385.844400048569,,,,,
3.64565,1418.6736405926,238.803352605155,376.506617227473,,,,,
3.34195,1417.95073361528,249.744811574487,384.988752473216,,,,,
3.2882,1409.49365692462,249.865370658682,386.899882652687,,,,,
3.34565,1422.73182789234,242.383982755093,376.354188157109,,,,,
3.28165,1414.52768694182,247.217493201008,377.205259026575,,,,,
3.57975,1408.33202186348,249.64416050767,382.647431038484,,,,,
3.70285,1417.49819845912,249.674723921836,385.093023463596,,,,,
3.4158,1413.27178111196,246.812672042817,376.834879892906,,,,,
3.4824,1414.07750603597,245.052411317712,381.625586367506,,,,,
3.78125,1408.66729289757,243.566495516308,380.585987425708,,,,,
3.54875,1412.93484106059,249.657599777177,382.904429963485,,,,,
3.975,1418.6880430109,241.543044222851,376.519807131279,,,,,
3.0336,1448.98641925668,251.659441514738,382.166713189853,,,,,
3.73125,1412.38514896717,249.254546549184,386.050799597238,,,,,
3.56735,1413.13616782672,249.724263365361,386.895985883877,,,,,
3.95695,1408.87506068326,245.807526795938,382.187506732221,,,,,
3.2752,1419.47319456687,239.361191266236,377.835874745499,,,,,
3.1048,1430.37150210139,250.915248918151,385.796377382763,,,,,
3.5563,1412.95596707903,249.655313679608,386.721293056662,,,,,
3.8392,1423.22659965027,246.006044860062,376.46871623712,,,,,
3.42755,1413.64856959049,244.307885289442,376.453925894923,,,,,
3.5454,1412.82966733356,249.004171905078,385.612497653949,,,,,
3.473,1414.29072591871,248.876876271036,385.233336060981,,,,,
3.00005,1734.6989720452,0.292585176959641,390.636039997536,,,,,
3.14705,1427.72363319166,249.653611010486,380.687953814732,,,,,
3.92295,1413.44278990595,243.389591282591,376.530726158408,,,,,
3.43765,1418.82183895548,245.08328318726,376.565389578529,,,,,
3.278,1409.51198867495,249.89665719714,386.951681174526,,,,,
3.5463,1412.9409226585,249.749255818582,386.899574297989,,,,,
3.47155,1414.32684956244,241.774140194379,379.312871771467,,,,,
3.3596,1412.72651781636,248.810104429966,385.192597050544,,,,,
3.3782,1417.89409759414,238.38979738168,377.261154121789,,,,,
3.31005,1418.61928576375,249.853706663929,386.798551516867,,,,,
3.7204,1412.25649910759,248.314884117528,384.644465728253,,,,,
3.8525,1418.09263529458,238.056888957899,377.086991378251,,,,,
3.2123,1424.74224179113,239.797087088798,376.569092711905,,,,,
3.18485,1415.90503473656,249.973541838046,386.796978910492,,,,,
3.03845,1443.20694435491,244.138631977926,381.075010820354,,,,,
3.8023,1414.00660840663,246.043060684831,382.414470744096,,,,,
3.61935,1408.98977701158,249.883330328921,386.854024504075,,,,,
3.3029,1424.13652134866,246.135553416104,376.582279968387,,,,,
3.041,1442.98644481889,252.197562241054,388.732083675151,,,,,
3.6055,1413.67500377496,240.872252465403,378.727486820522,,,,,
3.62935,1409.1949448285,249.949861814311,386.975920431345,,,,,
3.84595,1413.07161926255,249.747808443282,386.88490338089,,,,,
3.7087,1417.19411647439,241.210760460274,378.925964940735,,,,,
3.9818,1413.66181612754,249.860410210287,383.478649185307,,,,,
3.8244,1413.7942834707,249.855881493846,386.844090637946,,,,,
3.4459,1414.01139790812,249.647823669652,381.602671581817,,,,,
3.4989,1423.92144511228,246.048897446182,376.566506529998,,,,,
3.32985,1413.47256902562,249.792809615154,386.973612629249,,,,,
3.46615,1409.52165475021,249.926146150057,383.528492751274,,,,,
3.6964,1422.82019566516,241.953390288628,376.352094043424,,,,,
3.33495,1423.23081453976,243.635697908999,376.388960629895,,,,,
3.51915,1418.55419276707,246.425444194927,376.488835596301,,,,,
3.8895,1417.7508816923,249.058008290593,380.585133901564,,,,,
3.59875,1408.81952293021,249.997354813159,386.83529598093,,,,,
3.96775,1413.83001137838,247.782860852821,384.143554081018,,,,,
3.72285,1412.38637197542,249.810712073638,386.412673093063,,,,,
3.10755,1435.04882054808,246.034223154213,377.205134010089,,,,,
3.5806,1413.38598127819,247.487101658347,377.613256614274,,,,,
3.94825,1408.84210639383,250.005980806045,386.958661666165,,,,,
3.4966,1414.057414273,249.93553581508,385.300322879472,,,,,
3.4171,1413.23070882083,244.573882966152,376.476035790369,,,,,
3.41585,1413.27178111196,246.684392440816,376.709775452747,,,,,
3.10725,1435.10432878811,246.609439274955,377.216765178184,,,,,
3.80675,1414.03417165233,249.78944504511,382.1631275981,,,,,
3.72055,1412.28113645697,248.728459396918,385.141310561194,,,,,
3.8411,1423.07302472728,240.840925192615,376.435670812538,,,,,
3.0684,1439.89428606856,239.486002445547,377.805539536398,,,,,
3.7932,1409.04980678886,249.769092172204,386.485907440538,,,,,
3.7933,1409.04980678886,249.864731237397,386.656320437022,,,,,
3.54725,1412.88175398869,249.728362512055,386.667952340358,,,,,
3.85165,1418.08924141928,239.828585937607,376.469296365396,,,,,
3.0776,1438.49581695684,243.910154050046,377.677436608305,,,,,
3.23015,1419.64061911989,247.137192486753,377.019309586199,,,,,
3.4274,1413.65197311395,244.672194449768,376.454231966514,,,,,
3.9357,1413.53888518489,241.984143309122,379.46870582333,,,,,
3.5438,1415.30195011165,241.836892500586,379.345022619756,,,,,
3.72095,1412.33828491419,249.462211765381,386.183555378428,,,,,
3.378,1417.89409759414,237.706955102901,376.768572615981,,,,,
3.31575,1423.33111418044,238.209335766934,376.435143817115,,,,,
3.72785,1417.39115492995,240.084744062681,376.410677390978,,,,,
3.1418,1423.02250128817,243.825895748029,380.790990510419,,,,,
3.34015,1418.13547753627,249.754746218488,386.915054107513,,,,,
3.86355,1417.79681311508,242.182668317594,379.588759320286,,,,,
3.8151,1413.86881439886,249.921069633877,386.99710293609,,,,,
3.1204,1426.46210269287,239.363005270584,378.028515679069,,,,,
3.9624,1419.15049922383,247.068850816264,376.95955628029,,,,,
3.64905,1413.60278881394,249.702460443795,386.712253298444,,,,,
3.192,1420.77159905217,238.58808488966,376.733626932955,,,,,
3.67555,1418.24891593406,242.899564210998,376.454284186943,,,,,
3.3332,1423.480623533,247.090243018559,377.09418964236,,,,,
3.6548,1418.43517998188,243.231463944266,376.436196232064,,,,,
3.6896,1413.00622010737,248.60940470056,385.101856412571,,,,,
3.4115,1407.94249186543,249.297619432777,386.074437333305,,,,,
3.46885,1419.3925425824,244.303967416694,376.538421580817,,,,,
3.20015,1425.51038448351,245.754485437678,376.683971231704,,,,,
3.2656,1409.49951199398,243.645501534869,380.572172652097,,,,,
3.42545,1413.62628872394,249.116465169516,380.476076628029,,,,,
3.62325,1414.0758680581,244.972850021288,376.507913061341,,,,,
3.95215,1414.04388586496,246.919648340109,376.776327027025,,,,,
3.4917,1418.99070528522,238.983559568394,377.643232803649,,,,,
3.2433,1419.23820637874,239.551210792545,376.568207867411,,,,,
3.8426,1418.03610111176,240.215445760377,378.347179365948,,,,,
3.02375,1490.70869463727,250.223790637733,379.508090287016,,,,,
3.8605,1422.97918922684,244.739070436216,376.428423064606,,,,,
3.922,1413.45008163722,245.67206553423,376.533630948488,,,,,
3.71695,1417.29241691768,242.378801253715,376.396657759792,,,,,
3.5503,1418.00645000687,246.117033012643,376.421252786243,,,,,
3.6863,1418.09823195995,241.258855682186,376.438570204891,,,,,
3.5848,1410.86481442017,240.517114990807,378.518768613324,,,,,
3.55825,1412.99950211714,249.718941797587,385.722395670664,,,,,
3.39185,1413.07185973667,249.968490401667,387.031481277781,,,,,
3.69745,1422.78466048795,237.747717958668,376.400495590033,,,,,
3.1051,1430.36631404629,250.897089798143,384.694041145293,,,,,
3.7164,1417.30504241849,244.100025327287,376.397510922335,,,,,
3.996,1418.6998283798,240.256632536294,376.555405662688,,,,,
3.8856,1412.59725222937,248.685302306041,385.229398062401,,,,,
3.1378,1428.41177423201,246.922092091618,377.088741343365,,,,,
3.8172,1413.88505897191,249.493368321023,381.408684825935,,,,,
3.10275,1430.67555938373,250.899858231505,387.795093942135,,,,,
3.13225,1418.57720579089,247.962106254353,384.152921696624,,,,,
3.4239,1408.5079717247,249.82456002329,386.356210358429,,,,,
3.8916,1417.66694064893,244.211493130293,376.344358896074,,,,,
3.3436,1422.91586469507,246.799010246805,376.760971828934,,,,,
3.2711,1419.72448650484,248.144681987045,378.389096775322,,,,,
3.8169,1413.88505897191,249.825501035857,382.998646349093,,,,,
3.6002,1408.85725874234,249.975959411651,383.561698971469,,,,,
3.24,1419.43203445075,248.72825989667,379.420460524062,,,,,
3.40885,1417.90713184554,237.768990419452,376.716993405293,,,,,
3.91055,1413.01689377391,247.825651170149,377.995295046653,,,,,
3.3313,1413.42920171222,249.75996431585,385.892509046188,,,,,
3.11765,1429.05032449197,246.318420811852,377.118104800163,,,,,
3.51425,1413.30787223987,248.585226744549,385.050215781634,,,,,
3.2007,1425.43357092239,244.543510440515,376.670062377757,,,,,
3.9587,1409.07714181239,250.017418226793,387.000593625641,,,,,
3.2598,1409.5880405688,249.955622825236,383.917069370996,,,,,
3.1522,1417.28061869148,244.241014790562,381.074069837003,,,,,
3.03665,1453.41808481505,243.501261814795,378.229016096582,,,,,
3.584,1413.46695875486,237.906132824072,376.503320924628,,,,,
3.05765,1441.00382894525,241.339239869423,377.9381035197,,,,,
3.81445,1413.90763443271,249.928462540387,387.073044016739,,,,,
3.68125,1413.18459991751,249.787951467454,386.754071574998,,,,,
3.7739,1408.55292583635,249.815093146205,386.889196400044,,,,,
3.4426,1408.85564057005,249.758041269503,386.515841392303,,,,,
3.22595,1414.57251626263,249.688501755358,386.41381841826,,,,,
3.8287,1423.75351614643,246.314635422646,376.497043823171,,,,,
3.7299,1412.32340478135,244.511132826896,381.214482367119,,,,,
3.02315,1491.09986552683,252.199982977014,383.213148711464,,,,,
3.7127,1412.24704129237,249.800863007086,386.190529224492,,,,,
3.79585,1409.22243588083,250.074432506544,384.774384470418,,,,,
3.1488,1427.51101069213,245.655797941953,376.931963177104,,,,,
3.6782,1413.16947844227,243.941995218666,380.816437059858,,,,,
3.5969,1408.69358415464,249.135319159377,385.548562130131,,,,,
3.4753,1414.27574385113,250.04039349557,386.644322606007,,,,,
3.77275,1408.57013342136,249.67053279862,386.651002695513,,,,,
3.5674,1413.13075027123,249.722358009074,386.885363446807,,,,,
3.3118,1421.05460022564,249.52966942578,381.691331657911,,,,,
3.29765,1414.38110466805,248.681555195569,385.125661492902,,,,,
3.8309,1423.59367736166,240.478732956824,376.454025691124,,,,,
3.2909,1409.52558632949,249.850781156332,383.161645060044,,,,,
3.9219,1413.45008163722,245.838179541337,376.534713150116,,,,,
3.604,1418.69539200229,240.682974848135,376.56160538018,,,,,
3.4051,1417.99856007054,248.314799249023,378.703573384108,,,,,
3.74725,1412.84585814877,244.197478330582,376.374822063656,,,,,
3.7255,1417.47933964832,246.322569415035,376.426958469757,,,,,
3.06815,1439.89428606856,240.372258124425,377.739379644437,,,,,
3.78815,1414.01373341845,245.178616451482,376.505950676136,,,,,
3.5379,1418.12883856743,249.768343397985,385.003264161585,,,,,
3.53175,1423.37623571195,240.650473392895,376.397450239932,,,,,
3.0901,1426.82977137357,243.615523312316,380.710959285851,,,,,
3.52665,1413.58731962702,249.785542973962,386.727990282996,,,,,
3.09705,1436.31094495902,246.605628809332,377.419671502558,,,,,
3.38425,1413.15485384335,248.903390525666,380.094348550237,,,,,
3.1694,1426.94604598023,245.534110892492,376.818103114285,,,,,
3.52995,1423.48373055697,245.739701757247,376.427307191517,,,,,
3.5879,1408.55917334513,250.035051698756,387.069843569861,,,,,
3.7704,1415.958087558,240.249681278343,378.376200555767,,,,,
3.8485,1418.13123228694,248.37105561958,379.031337311132,,,,,
3.03735,1453.37808297903,240.468228943061,378.226232122956,,,,,
3.32375,1418.36011401247,245.703049842863,376.454110971952,,,,,
3.67085,1413.38401611277,249.807759384584,386.790138500825,,,,,
3.36695,1417.79738835569,239.938199972449,376.460740559934,,,,,
3.54005,1423.02396690602,246.026460960845,376.403106500306,,,,,
3.50295,1418.6455667702,244.360438052904,381.156817469984,,,,,
3.769,1418.43311455084,240.669110820268,376.565738056085,,,,,
3.53625,1418.30392829841,249.779785747416,386.93316827343,,,,,
3.98835,1408.49266340643,247.919680993446,384.126683126795,,,,,
3.63395,1419.01386345022,244.088211548899,376.53517043983,,,,,
3.7062,1422.28966171542,243.614862276157,376.307702160914,,,,,
3.1478,1427.63840479831,247.198081047068,377.040051617596,,,,,
3.384,1413.15485384335,249.409689251104,381.579930938855,,,,,
3.4064,1417.90531715941,245.576267251547,376.533298512207,,,,,
3.3872,1418.07880771148,241.326355584752,376.396401481052,,,,,
3.9299,1408.73107917497,249.816698920304,384.692078404219,,,,,
3.41385,1408.09820472041,249.736064335466,385.790507140552,,,,,
3.8897,1417.78998863204,248.506339603164,379.323473358959,,,,,
3.7432,1407.65199598043,249.657285080656,386.629854153381,,,,,
3.76405,1408.51309236373,249.920989592799,386.549435213242,,,,,
3.8833,1417.66292825268,237.671383554199,376.70240311329,,,,,
3.8201,1418.82359389824,242.38413925132,376.541051669416,,,,,
3.58315,1413.37557237054,241.364518823962,376.442219368344,,,,,
3.8304,1423.62686425943,242.415879835151,376.457226495712,,,,,
3.70365,1417.51517644297,249.398640724882,381.768865366606,,,,,
3.37355,1412.91444042075,249.519084727318,382.26522051517,,,,,
3.33515,1423.23081453976,243.023058107006,376.385952565144,,,,,
3.67605,1418.23703115398,241.053751447213,376.453478014195,,,,,
3.8077,1419.00304851644,247.072873171915,376.965968987093,,,,,
3.4644,1409.49290948041,249.972240165515,387.046749280815,,,,,
3.81135,1418.94163939041,238.662353072925,377.467089907009,,,,,
3.31445,1423.34852406602,243.333506675727,376.435798395878,,,,,
3.82135,1418.8578029517,237.8221837203,376.751417917247,,,,,
3.223,1419.66958078077,238.199791755381,376.601317147019,,,,,
3.13925,1428.28768331273,243.684856518409,377.043218146559,,,,,
3.94585,1408.71609848376,241.16629918094,378.9315748133,,,,,
3.6685,1413.37049540731,247.09548196113,383.403842289469,,,,,
3.38375,1408.14900438965,249.659098733398,382.881631147943,,,,,
3.93805,1408.71301942022,249.798239740172,386.904473744567,,,,,
3.35015,1412.76265574032,249.882557046159,386.89954224202,,,,,
3.789,1414.0063403188,242.919584060335,376.504530023052,,,,,
3.1458,1422.75438911634,250.487184584278,386.174622377846,,,,,
3.3342,1423.31865626125,245.388921934092,376.404975888882,,,,,
3.4093,1417.90713184554,239.339992678685,377.827484236881,,,,,
3.8091,1418.90459185405,244.644246524188,376.639477633116,,,,,
3.064,1430.39804843512,251.627013843403,384.633626867886,,,,,
3.66395,1418.53838561402,245.880905130677,376.446647485621,,,,,
3.14395,1423.00534758476,250.477490142169,387.443348756564,,,,,
3.2335,1419.46685816983,237.936859775412,376.75932654537,,,,,
3.5796,1408.29139114592,249.728390520483,383.355519904165,,,,,
3.6033,1418.71527457353,243.282604780091,376.563830163075,,,,,
3.8749,1412.4630191203,247.54113578974,383.880815885261,,,,,
3.2361,1414.36384834005,249.371977918973,385.973586516892,,,,,
3.1148,1429.2240251052,250.657616426078,386.426449437528,,,,,
3.244,1419.28211363977,238.07246650058,377.056782030537,,,,,
3.46735,1419.5980720843,247.016910726914,376.952319589543,,,,,
3.56195,1417.98068581643,243.333216688203,376.394592655295,,,,,
3.2005,1425.48824437154,245.036850070495,376.674625036649,,,,,
3.93345,1418.60753707396,242.614181688992,376.465809685252,,,,,
3.29155,1414.57241465097,248.72929368591,379.506223538185,,,,,
3.95105,1408.93265025401,249.902215210568,382.634301546486,,,,,
3.5488,1412.94436543833,249.62496427421,382.662307374523,,,,,
3.4766,1414.27606258839,249.952115702059,382.909329484507,,,,,
3.375,1417.88197792946,246.03922783601,376.39969995522,,,,,
3.76865,1418.4344599796,242.04706084406,376.565049147076,,,,,
3.5404,1423.02396690602,245.49005354718,376.392359282032,,,,,
3.22045,1419.73442539033,246.126366988315,376.591185274405,,,,,
3.4486,1413.99690583541,243.359840189184,376.660337104322,,,,,
3.47255,1414.28466967259,247.333681397919,383.576724780794,,,,,
3.91605,1408.09283623208,247.376269699191,383.630961364741,,,,,
3.66375,1418.54760477006,246.149051494533,376.452245206619,,,,,
3.72755,1417.37009248203,241.300591375043,376.407809467024,,,,,
3.85565,1413.13623745187,249.802994636606,386.982783493291,,,,,
3.5189,1418.55419276707,246.943922136667,376.913855546624,,,,,
3.95035,1408.86672963884,250.056007753165,385.385285644348,,,,,
3.4389,1418.79329474726,241.080976669836,376.558038151679,,,,,
3.2921,1414.62136979961,246.850689819677,376.849901218298,,,,,
3.0609,1430.61436057429,251.27947554205,387.632482526285,,,,,
3.82725,1413.87054773858,249.825964071716,382.799758906081,,,,,
3.28575,1414.41630532454,240.742076667913,378.704200985888,,,,,
3.26515,1414.56066190974,240.935555054506,378.772819567272,,,,,
3.2516,1414.44878979429,245.711236367906,376.559128963765,,,,,
3.78315,1408.82571983955,249.813839812536,386.830345316092,,,,,
3.19485,1415.65443849625,249.528577651286,386.140718180655,,,,,
3.96195,1419.15049922383,248.643440959864,379.150452739279,,,,,
3.53605,1418.30392829841,249.775627530861,386.925955199874,,,,,
3.3591,1412.69268284089,247.120154662454,383.367420636419,,,,,
3.2446,1414.21211561524,241.263731870067,379.013889204006,,,,,
3.33245,1418.47090440716,249.411488580004,381.507152955742,,,,,
3.8467,1413.0568572015,249.716443660439,386.287109274567,,,,,
3.16925,1426.94604598023,245.830898819554,376.8227576941,,,,,
3.76395,1408.51309236373,249.92433363667,386.654562326709,,,,,
3.72515,1417.50637769403,246.983449084108,376.886528347979,,,,,
3.2524,1414.4236473359,243.938828430917,376.553523323845,,,,,
3.475,1414.27574385113,250.052708788686,386.91343410733,,,,,
3.3102,1418.61928576375,249.847081495639,386.669877369201,,,,,
3.6063,1408.60782546774,245.509871704643,382.018452519045,,,,,
3.6785,1413.16559729422,245.601671424225,382.106262833806,,,,,
3.1587,1422.28040483582,246.364549276449,376.91184531451,,,,,
3.64685,1413.5529558151,241.48605740219,379.155113389066,,,,,
3.07875,1438.39067407468,239.360386477433,377.76604665058,,,,,
3.9747,1418.69214261945,242.638518351491,376.520470636218,,,,,
3.0813,1433.03569956497,250.604086777892,386.7873481775,,,,,
3.78655,1414.02398111027,248.758665338756,379.583907153198,,,,,
3.3836,1408.10932900844,249.726360924878,383.565811796931,,,,,
3.75175,1408.01110676805,249.352570970847,385.975989197006,,,,,
3.45185,1409.03271342099,246.877431242669,383.228702147357,,,,,
3.8568,1413.10874884735,249.779772587848,386.625303489834,,,,,
3.30205,1424.3262261094,248.028222671261,378.291859061142,,,,,
3.7341,1412.4989155961,249.649381017653,384.037576602597,,,,,
3.31905,1413.32783271716,249.689610496231,386.709807999794,,,,,
3.5005,1423.81735749262,241.956530144024,376.532154579242,,,,,
3.08235,1433.00552091725,251.398075090209,388.149543634682,,,,,
3.7101,1412.19571371007,248.365850854574,384.730969769064,,,,,
3.61185,1413.91207820992,246.621726958206,376.636615875682,,,,,
3.12455,1418.83908869244,250.596834910237,387.266317898175,,,,,
3.03085,1449.34615305091,252.500633166813,389.02356229535,,,,,
3.85075,1418.06543946447,243.212374170267,376.46593321546,,,,,
3.31775,1413.21902447776,246.578799806167,382.966926211495,,,,,
3.12235,1418.79455183855,249.373519332493,385.665888617862,,,,,
3.2919,1414.62136979961,247.424879763267,377.479213491526,,,,,
3.55245,1417.92218599023,240.342014921678,376.408877475144,,,,,
3.4558,1409.2763400303,249.923731234227,383.703755952284,,,,,
3.31195,1423.53419661716,249.263837488792,380.815621110362,,,,,
3.2826,1414.48030146312,245.655830114664,376.596128520747,,,,,
3.25865,1409.53178244497,249.946704874011,386.703052809022,,,,,
3.68345,1418.19525037888,248.573390109384,379.315218020802,,,,,
3.19295,1415.62803815396,240.997268017275,378.885851513613,,,,,
3.16965,1426.87092726779,244.967753204559,376.811072714979,,,,,
3.2251,1414.51335771215,247.534075925465,383.798113945549,,,,,
3.46965,1419.38216627517,241.70737313252,376.532330795277,,,,,
3.0349,1453.67767085184,248.413601872439,378.300861842051,,,,,
3.09945,1436.07398724206,238.846846033312,377.556738675061,,,,,
3.7494,1412.96957949317,238.114215333853,377.087603265542,,,,,
3.734,1412.4989155961,249.654971463247,384.403901550265,,,,,
3.33075,1413.4332864486,249.760026414311,386.662497901233,,,,,
3.2032,1425.30212247041,240.503007302994,378.569121917634,,,,,
3.64545,1418.64909713276,239.673567416075,376.50433206638,,,,,
3.03065,1449.40166044471,252.490841438129,389.000106208773,,,,,
3.57665,1408.15234917016,249.48750439121,386.341230896644,,,,,
3.6615,1408.54922866019,249.80997840519,385.46459913672,,,,,
3.81325,1413.81402410366,248.502906263595,384.914378800306,,,,,
3.0785,1438.43411988193,240.127058680353,377.661278690661,,,,,
3.6873,1418.13055321772,237.699016751498,376.660480241972,,,,,
3.9855,1418.59590802266,240.831172209403,376.449013980268,,,,,
3.14755,1427.70701832692,247.860238735771,377.711160628878,,,,,
3.7814,1408.66872833603,244.441544368709,381.226215950963,,,,,
3.8728,1422.52500232274,237.723842143029,376.428766256121,,,,,
3.9192,1408.32228304827,249.941727353406,385.835029395223,,,,,
3.95285,1413.95488509531,245.927045813263,376.589235705058,,,,,
3.78875,1414.00630371858,243.698269623961,376.503971560183,,,,,
3.5119,1423.38540132597,237.7014635088,376.552005403912,,,,,
3.32785,1413.28525617823,245.524236715032,382.070251174743,,,,,
3.95245,1414.03634546688,246.47995964773,376.597033254468,,,,,
3.79625,1409.22243588083,249.985481775114,383.145913966728,,,,,
3.10645,1435.29627317693,247.811840218412,377.507953138929,,,,,
3.4817,1419.11415031884,240.892978030097,378.762978590232,,,,,
3.2448,1411.67492134039,242.468892199631,379.801323996791,,,,,
3.7878,1414.01373341845,245.802696050555,376.509527547822,,,,,
3.4002,1412.84549081423,246.407227190515,382.709022371581,,,,,
3.36625,1417.77617535054,242.657362103455,376.456497334789,,,,,
3.3228,1418.43834599003,247.412724510857,377.488239207945,,,,,
3.7435,1407.66274810359,249.647130927217,386.329641928606,,,,,
3.4808,1419.21152647013,238.336461705728,376.627227756431,,,,,
3.8556,1413.12652774598,249.795115598274,386.963403070574,,,,,
3.8148,1413.87561969409,249.93379165417,387.076881938172,,,,,
3.75835,1413.26465183398,241.969104941816,376.49340720923,,,,,
3.93125,1418.79753637635,247.508807458431,377.617157194649,,,,,
3.3636,1417.89479684681,249.126885789557,380.283991605621,,,,,
3.59405,1413.695012856,239.177788353107,376.56018088193,,,,,
3.54025,1423.02396690602,245.737711571443,376.396649295123,,,,,
3.70055,1417.62523494327,249.520498916138,386.503250535302,,,,,
3.76645,1418.62450996288,246.985482695586,376.897562810697,,,,,
3.9223,1413.45008163722,245.094134746608,376.531383050408,,,,,
3.7031,1417.49819845912,249.680743516572,384.27981022839,,,,,
3.32965,1413.44961856435,249.774085986686,386.926886609689,,,,,
3.0574,1441.04603876088,242.408431042477,377.941961780619,,,,,
3.652,1413.53975286125,249.634186520993,382.366131861835,,,,,
3.21135,1424.79490383119,243.412006285827,376.576664500371,,,,,
3.3463,1422.71928899242,239.825165842573,376.352223142527,,,,,
3.8799,1417.6903722719,246.737742481151,376.715328926555,,,,,
3.06325,1430.45261239836,251.677840985078,387.21199679926,,,,,
3.46995,1419.38083008311,240.511367215864,376.532815565737,,,,,
3.12275,1418.85655568984,250.175054406816,386.761148335423,,,,,
3.61005,1408.79466762318,249.803640369063,385.161690110266,,,,,
3.48615,1414.08116417456,250.078093704362,385.70249772968,,,,,
3.0906,1426.78701261867,246.51967210002,382.827584706825,,,,,
3.9618,1416.66365586189,249.12602698901,380.106779579902,,,,,
3.5091,1423.4708149458,246.111388671716,376.458797369538,,,,,
3.2014,1425.41464853064,242.314489453602,376.658308520615,,,,,
3.1945,1415.61380774591,248.755762728842,385.122190873555,,,,,
3.84095,1423.07302472728,241.438306698203,376.436276001131,,,,,
3.2281,1414.56009844556,250.013320873381,386.190050451704,,,,,
3.92815,1408.7162236558,249.823918098664,386.948692064225,,,,,
3.42685,1413.65197311395,245.730998124921,376.458136580434,,,,,
3.9755,1418.69688913916,239.484553968672,376.52266895716,,,,,
3.53895,1423.12428660793,248.90579765472,380.05514739925,,,,,
3.39605,1417.98612832212,245.638635497562,376.473878979916,,,,,
3.2983,1414.38883700585,249.766833653909,386.696123394076,,,,,
3.1576,1422.34417673267,248.76334217841,379.089653417921,,,,,
3.29105,1409.52558632949,249.740778633752,382.425331351151,,,,,
3.36615,1417.77617535054,242.994717179654,376.456594766472,,,,,
3.32805,1413.28525617823,246.507918078995,382.917701266609,,,,,
3.0875,1437.21364776412,245.097977982189,377.598503514666,,,,,
3.97405,1418.71503155288,244.555419283999,376.526369650242,,,,,
3.57565,1408.02344752889,246.876160270904,383.234621857024,,,,,
3.1303,1423.75814541485,238.580949707755,377.21891807347,,,,,
3.18335,1415.83240049039,245.239764652833,381.801789419365,,,,,
3.1249,1418.81707110271,250.592733818998,386.812104843678,,,,,
3.2357,1414.35197146037,248.449845979773,384.779810761849,,,,,
3.2237,1419.5660012902,239.754579124267,378.085446671951,,,,,
3.9258,1408.44335100864,244.412859041388,381.132073060887,,,,,
3.08125,1433.03569956497,250.500273198393,386.646401628241,,,,,
3.0564,1441.17811803501,245.944397089428,377.969098386894,,,,,
3.08625,1437.43089723185,247.714537712657,377.649933573837,,,,,
3.89945,1412.7209076577,249.543309460396,382.557717382885,,,,,
3.51385,1413.30787223987,247.240118663012,383.588854617414,,,,,
3.7853,1408.88379596558,249.907011425363,385.47348835605,,,,,
3.43755,1418.84041634715,245.298205998436,376.566916097617,,,,,
3.4821,1414.07845460534,243.307404484768,380.346539018668,,,,,
3.1584,1422.36670988519,246.773215191404,376.919688945463,,,,,
3.6558,1418.45616660285,239.435989337658,376.436292569201,,,,,
3.93675,1408.55003305508,247.53126257225,383.870105245245,,,,,
3.5586,1413.01773755298,249.741536594585,384.770217617415,,,,,
3.921,1413.53068510137,247.41981174996,377.367641685358,,,,,
3.9612,1409.09341493693,249.977164968541,383.35770287073,,,,,
3.59365,1413.67416494303,240.865428318103,376.55277101909,,,,,
3.0682,1439.89428606856,240.149552530674,377.738973547286,,,,,
3.0483,1442.14098761031,241.13311165414,379.291831759534,,,,,
3.56725,1413.13616782672,249.727364594053,386.912090158058,,,,,
3.16595,1417.12088576441,250.294982849808,386.868075961992,,,,,
3.3766,1417.82176497167,242.325854512845,376.381990487152,,,,,
3.24115,1419.32630144599,246.00207587869,376.585374984865,,,,,
3.63655,1413.92550273975,241.623487458051,379.208813319869,,,,,
3.1515,1422.39569879772,240.056648927392,378.353797483524,,,,,
3.4607,1414.31791736924,238.678569089252,377.473934937269,,,,,
3.3918,1413.07462593834,249.96869039912,387.033460126082,,,,,
3.05165,1436.71996509506,251.859212594604,388.56648759266,,,,,
3.32335,1418.43834599003,246.246317555154,376.462344903475,,,,,
3.04845,1437.08125925477,241.982005572889,379.792379037354,,,,,
3.70615,1422.28966171542,243.757574458927,376.308461329141,,,,,
3.12395,1418.8605069004,250.627335868603,387.5947493102,,,,,
3.02065,1492.57390122654,252.724694928267,389.265224529227,,,,,
3.5852,1408.3520874547,243.008389487056,380.131805154411,,,,,
3.60835,1408.8282012452,249.817614033151,386.964822597976,,,,,
3.07045,1434.50622337824,249.254357999216,385.137556540821,,,,,
3.8945,1412.59091387414,242.141117640391,379.532260249515,,,,,
3.5129,1413.27204191811,242.144082851366,379.570531433779,,,,,
3.50325,1418.6455667702,245.979336866824,382.451219580135,,,,,
3.05125,1436.82797068082,251.848288157823,388.549092484272,,,,,
3.93945,1408.65813685933,249.791183116178,386.427759853308,,,,,
3.5104,1423.376318037,243.327024967443,376.431922936127,,,,,
3.5814,1413.40274748583,245.923276606212,376.442245369513,,,,,
3.02165,1491.8988139042,252.682255608103,388.611693827793,,,,,
3.905,1407.60896777572,243.419126963478,380.428225029892,,,,,
3.6257,1414.05900425235,238.567002103855,377.346333112692,,,,,
3.3955,1418.07986020823,246.42163740036,376.487538168131,,,,,
3.681,1413.18459991751,249.801447395193,386.880006337895,,,,,
3.03915,1443.07410906753,248.164062174747,384.030130930881,,,,,
3.1787,1426.22340382327,247.037746299998,376.912202650662,,,,,
3.65875,1408.38479674536,248.894022570172,385.407312116805,,,,,
3.74855,1412.90131032305,239.642850866766,376.38944082198,,,,,
3.74645,1412.8778475432,245.763715916854,376.377932651249,,,,,
3.385,1418.19483728517,246.473592565367,376.492644330554,,,,,
3.60035,1408.85725874234,249.901038931594,382.870028653093,,,,,
3.91925,1408.32228304827,249.945059724054,385.721889650199,,,,,
3.8207,1418.84772170589,240.016383832019,376.544001682164,,,,,
3.53705,1418.16885265405,249.744192883661,386.589225200853,,,,,
3.8626,1422.88319434351,237.657722632034,376.606618391276,,,,,
3.6756,1418.24551969587,242.730657618336,376.454021001375,,,,,
3.91125,1413.05324597634,246.254592334019,376.474247404234,,,,,
3.3884,1418.12503457815,237.98502103015,376.969794350027,,,,,
3.8554,1413.06302459284,249.735605875979,386.828156011058,,,,,
3.0033,1734.5473380886,22.5073797672751,380.256461961251,,,,,
3.8745,1412.43089250778,245.767080517394,382.234974454747,,,,,
3.24735,1409.37250597248,249.90403265775,387.046998558742,,,,,
3.27245,1419.57641777602,245.43076940297,376.593643407967,,,,,
3.58435,1413.46695875486,238.050856175149,377.029363154601,,,,,
3.89915,1412.70790905039,249.667086675921,383.900815143273,,,,,
3.2634,1414.57956836253,241.727109744441,376.562411965019,,,,,
3.82685,1413.87054773858,249.958355159095,384.534896370919,,,,,
3.14035,1428.22161676862,239.331300730764,377.031383840814,,,,,
3.83175,1423.56608996828,237.8366516272,376.779336655925,,,,,
3.85185,1418.10918635805,238.967036238744,376.472418246229,,,,,
3.04285,1442.60797751025,252.189194633308,386.894751826634,,,,,
3.9125,1413.02150279277,243.766239813443,376.469430363297,,,,,
3.32285,1418.43834599003,247.243144030493,377.266565291106,,,,,
3.0511,1436.82797068082,251.817601029782,388.476151854575,,,,,
3.17835,1426.29800472008,248.116683593363,378.188629061764,,,,,
3.753,1408.11442108139,249.922490490504,386.995966802925,,,,,
3.9823,1413.66513424392,249.282992768286,380.806992019391,,,,,
3.31215,1423.53419661716,248.727633610753,379.555469492989,,,,,
3.8442,1413.00445391841,248.353738669658,384.805996556378,,,,,
3.42845,1413.65162398434,241.409514548773,376.458421755828,,,,,
3.9393,1408.65592208845,249.794754205078,386.598302978014,,,,,
3.58535,1408.3520874547,243.922891059763,380.775429858086,,,,,
3.76115,1408.27195112782,246.452883601701,382.764343282443,,,,,
3.843,1412.98302515702,242.621770024759,379.900600286766,,,,,
3.68415,1418.23923874908,246.410915680649,376.478355215565,,,,,
3.85265,1418.04337997089,238.755610423283,377.520803894713,,,,,
3.70695,1422.24968774852,241.016341539782,376.300652075345,,,,,
3.63565,1419.00387945751,237.882267791868,376.641751680506,,,,,
3.0375,1448.35116684123,240.117213233547,378.322311342613,,,,,
3.03565,1453.56058809899,246.883819932823,378.264939033109,,,,,
3.69375,1418.12887933076,248.551593514435,379.355869684207,,,,,
3.23555,1414.34134286263,247.95852244325,384.237469020752,,,,,
3.5103,1423.376318037,243.631793672185,376.433123188482,,,,,
3.5537,1417.89045073403,239.418941344402,377.86583831417,,,,,
3.9084,1407.82782014216,249.833353914348,386.555328205234,,,,,
3.7914,1411.48476286977,242.701254605911,379.912131324843,,,,,
3.3567,1417.78473437079,239.666917688344,376.453523989752,,,,,
3.79145,1408.95662801653,243.009363177704,380.121623947092,,,,,
3.0634,1430.44880758703,251.688726724454,386.840291115943,,,,,
3.7573,1413.26496289217,245.07348852906,376.489817405914,,,,,
3.14165,1423.06282823751,242.92526937881,380.17458041419,,,,,
3.08745,1437.2330136028,245.247940897669,377.600128555325,,,,,
3.3213,1413.29559457867,249.795268316749,385.113245253185,,,,,
3.85555,1413.11423845794,249.784824230126,386.938758079934,,,,,
3.3736,1412.92478786612,249.468597274865,382.004780284466,,,,,
3.2994,1414.45971166667,249.955915674369,387.05075726448,,,,,
3.82545,1413.88526951832,249.949735656394,386.990282108856,,,,,
3.9314,1418.79753637635,247.011254895181,376.998213878456,,,,,
3.42355,1408.49278136956,249.832454797505,386.752422340057,,,,,
3.43855,1418.79554527476,242.436302108211,376.557696950546,,,,,
3.2878,1409.48713610394,249.549597366009,386.314223078497,,,,,
3.08485,1432.53428822027,251.14289402495,383.193844901458,,,,,
3.4075,1417.84512290774,242.707605239299,376.523526228574,,,,,
3.1053,1430.36631404629,250.81667920421,383.790238353978,,,,,
3.8182,1418.95749278853,246.547633249575,376.584612600738,,,,,
3.24055,1419.40770016403,246.840227408169,376.777916133234,,,,,
3.91495,1408.04179186694,241.384350237299,379.044789761436,,,,,
3.3722,1412.86714652671,249.670260607565,386.354245264318,,,,,
3.50455,1418.65753812608,249.664932090792,386.600969144471,,,,,
3.56575,1412.972127658,248.310179643033,384.761228936131,,,,,
3.9302,1408.73107917497,249.78114452516,383.546553962397,,,,,
3.3792,1407.79340254936,244.301714834881,381.098135797976,,,,,
3.2429,1419.23820637874,241.220442242975,376.565586531916,,,,,
3.7688,1418.43311455084,241.474060265652,376.565047613627,,,,,
3.25265,1414.42247497604,243.18504392218,376.553481313137,,,,,
3.02275,1491.1896488439,252.644006379723,385.350210475868,,,,,
3.5094,1423.4708149458,245.675078725367,376.450063326759,,,,,
3.64335,1418.7759014191,245.914310948041,376.525880678837,,,,,
3.9157,1408.07557289115,245.745716668955,382.173268047213,,,,,
3.65065,1413.52319911177,249.78931553551,386.480459914273,,,,,
3.5812,1413.40274748583,246.178935693753,376.44548038033,,,,,
3.93135,1418.79753637635,247.166518755339,377.178045518228,,,,,
3.9124,1413.01768079688,244.051976376373,376.468975911252,,,,,
3.13555,1418.59380875769,250.608733655871,386.116287458013,,,,,
3.22415,1414.52942701029,242.465347088636,379.788412438835,,,,,
3.3175,1413.2069624413,245.334371720244,381.900796874548,,,,,
3.9595,1409.08708827616,250.029261930015,386.966740257725,,,,,
3.5588,1413.04048269038,249.734469565924,384.053782880801,,,,,
3.9193,1408.32228304827,249.948647993389,385.601660912556,,,,,
3.3361,1423.20178640882,239.373382394596,376.380775995242,,,,,
3.76545,1413.59261446682,249.758640546912,382.351917540811,,,,,
3.5167,1413.39586220474,249.776148610604,386.309310207887,,,,,
3.48455,1414.16572387677,250.102268938158,387.149390731957,,,,,
3.78995,1414.06397053994,239.216928432461,376.516483536838,,,,,
3.6334,1419.09482326594,245.383396255711,376.545158123776,,,,,
3.29425,1414.49566929825,242.040960628434,376.634783294928,,,,,
3.9542,1413.936883789,242.44450541181,376.582484617224,,,,,
3.99075,1408.7369616143,250.036491155566,386.796737036238,,,,,
3.8533,1412.994647195,242.614991941132,379.929951992192,,,,,
3.41435,1408.09820472041,249.75879552857,384.351578490486,,,,,
3.96115,1409.09341493693,249.99654540644,383.579672559757,,,,,
3.75815,1413.26465183398,242.692049407974,376.491532666358,,,,,
3.9787,1413.64976562461,249.433116888693,386.169967730912,,,,,
3.1558,1417.26585328349,250.358083048884,386.67781134924,,,,,
3.0956,1431.55873388212,249.939277372308,380.462592740777,,,,,
3.88905,1412.73620925326,249.623693833369,383.017125668573,,,,,
3.31475,1423.30384442463,242.326383073944,376.432148351744,,,,,
3.0568,1441.04603876088,244.700954588655,377.956437065045,,,,,
3.8777,1412.54520154571,249.704481255633,386.158506244006,,,,,
3.36995,1412.79033586216,248.677471255408,385.184870645752,,,,,
3.12655,1423.88082175054,249.410062061709,380.015993241711,,,,,
3.59145,1413.74070169761,246.497829977105,376.561969641764,,,,,
3.71675,1417.29273257031,243.058110019274,376.396485386422,,,,,
3.43615,1418.98212553951,248.006135075339,378.117773154988,,,,,
3.4974,1416.57814825654,249.65211338421,381.96816841864,,,,,
3.9079,1407.82605469662,249.857579506417,386.897605861258,,,,,
3.7326,1412.50184655767,249.646970312292,386.74295774413,,,,,
3.71185,1412.25046534447,249.831892245866,386.89599210608,,,,,
3.4227,1408.48945611441,249.864226555403,387.038809073323,,,,,
3.7509,1407.91215901197,246.740135490578,383.06664043914,,,,,
3.8635,1417.80678647705,241.877537254215,379.386629894394,,,,,
3.35035,1412.76265574032,249.920892340554,386.991284932512,,,,,
3.8624,1422.89283928295,237.978235247432,376.434222899756,,,,,
3.6079,1408.8282012452,249.740309500352,386.78476015033,,,,,
3.58375,1413.45923943361,238.861762449733,376.453866338399,,,,,
3.894,1417.63161771084,239.199514107658,377.689019695454,,,,,
3.795,1409.17242842688,250.041724982395,386.633641918345,,,,,
3.3746,1417.92821788218,246.620795670024,376.621412495417,,,,,
3.14075,1428.17836532021,238.440894597596,377.291999923046,,,,,
3.41005,1407.81397076346,243.769967198976,380.711837569972,,,,,
3.11955,1428.95757979385,240.167116771939,377.094060189616,,,,,
3.22875,1414.57523596395,250.039760562474,384.390725695764,,,,,
3.65855,1408.33981336578,248.381909029382,384.772010103154,,,,,
3.48985,1419.03675686871,243.384867839358,376.658223083886,,,,,
3.99335,1418.88915308508,247.040614383757,376.872532352697,,,,,
3.54105,1422.92364583052,244.06196116378,376.377989566561,,,,,
3.7948,1409.1729907158,250.049022172495,386.827810898678,,,,,
3.6989,1417.61691995646,244.218011668913,381.012878318152,,,,,
3.82115,1418.8578029517,238.121472261507,376.570844206425,,,,,
3.27445,1419.46810267552,238.657434044322,376.578068384281,,,,,
3.0458,1442.24823946331,247.088924648731,378.206213532755,,,,,
3.23825,1414.39336649335,249.930340156684,386.385153220187,,,,,
3.6601,1408.55196197114,249.829238967852,386.953612244269,,,,,
3.69245,1413.06159748207,249.732746687376,385.395208514625,,,,,
3.1697,1426.85534991705,244.843422907759,376.809768847221,,,,,
3.85605,1413.15042630208,249.81473346853,387.003616142418,,,,,
3.1611,1422.24529828632,238.647371276801,376.912993450915,,,,,
3.25715,1409.49602828541,249.850515518194,386.79714359576,,,,,
3.10585,1435.30764896921,249.913191328263,380.656552223806,,,,,
3.7055,1422.36407067458,245.25662145883,376.321378562149,,,,,
3.9488,1408.87606627938,250.070647660431,387.106945467941,,,,,
3.10875,1434.87065661344,242.372018756816,377.171425746005,,,,,
3.17655,1421.37047136884,250.209643922102,386.329442356579,,,,,
3.18845,1420.84173157706,248.890571965066,379.502210897232,,,,,
3.31045,1418.60661236654,249.843008902848,386.363130026893,,,,,
3.1982,1415.66897361226,249.957593549518,382.755027911534,,,,,
3.03625,1453.49886787601,245.037795291203,378.241648183253,,,,,
3.29715,1414.38066217464,246.879678903106,383.252068702995,,,,,
3.0708,1434.4186270653,250.39555575954,386.395673988544,,,,,
3.0805,1433.12185862511,247.889960263598,383.899151559814,,,,,
3.26245,1414.60203292094,244.694012340432,376.563520574804,,,,,
3.59205,1413.66048348465,245.630991210803,376.551811691634,,,,,
3.6293,1409.1949448285,249.952064073572,386.989413248269,,,,,
3.04305,1442.60797751025,252.195141350159,386.246179255773,,,,,
3.24965,1409.40329601789,249.818320046649,383.166366194932,,,,,
3.52695,1413.57930701565,249.776232797971,386.416689624502,,,,,
3.18975,1420.78511591353,245.956910396273,376.739189349122,,,,,
3.31375,1423.3600420052,245.137026362804,376.449117884181,,,,,
3.63035,1409.1477245547,249.923657844948,386.002501238246,,,,,
3.85925,1423.16021636514,246.848473600894,376.830433881922,,,,,
3.1538,1417.34641744079,250.078092039971,386.785184611731,,,,,
3.22075,1419.6582089193,245.653966969118,376.584922774296,,,,,
3.8732,1422.52500232274,238.267869831926,377.145993801206,,,,,
3.7141,1412.32246128827,249.34642005315,381.08803565527,,,,,
3.91035,1412.97525803777,248.599923409554,379.277118382025,,,,,
3.1561,1417.26456432754,250.37173592716,386.093696203831,,,,,
3.8218,1416.25393411782,239.399445868831,377.885224348995,,,,,
3.45555,1409.22840311735,249.959148302512,384.681991714118,,,,,
3.2387,1414.38514966982,249.951698918137,385.476878528939,,,,,
3.64705,1413.5529558151,242.694963354007,379.956457938364,,,,,
3.6253,1414.10389596559,237.930731029411,376.599079427031,,,,,
3.3459,1422.71928899242,241.461079932525,376.352463085818,,,,,
3.3453,1422.76116870712,243.523594689553,376.358210057797,,,,,
3.3344,1423.31865626125,245.001545239697,376.399926165813,,,,,
3.4723,1414.28692673337,246.161170105159,382.524049053029,,,,,
3.08005,1433.15940377902,245.473630202436,381.970623398739,,,,,
3.61715,1408.85406254085,247.990653218804,384.329947605544,,,,,
3.6408,1413.80732188648,249.842566859766,385.662187941489,,,,,
3.1437,1422.98625280145,250.371972323423,387.216758766057,,,,,
3.0713,1434.41317245024,251.295142285675,387.672862898587,,,,,
3.29185,1414.62136979961,247.59699269052,377.703433040812,,,,,
3.95315,1413.95488509531,245.386080241166,376.585505313928,,,,,
3.29825,1414.38883700585,249.724095032934,386.617400429103,,,,,
3.37195,1412.86714652671,249.679166894869,386.600877765347,,,,,
3.27655,1409.34533596926,246.94016129637,383.253648095346,,,,,
3.1716,1426.75980858982,238.168161298876,376.933755698814,,,,,
3.98545,1418.59320023876,241.032135511842,376.448747932982,,,,,
3.6607,1408.53487061737,249.80072987309,386.708201498544,,,,,
3.15865,1422.29456090577,246.439652806777,376.913010788015,,,,,
3.86905,1422.69052753526,248.663253896164,379.498109777989,,,,,
3.83165,1423.58593532403,237.780192781715,376.627946471362,,,,,
3.93455,1418.61524840503,238.173253008171,376.475935330011,,,,,
3.45625,1409.28168560409,249.520547108803,381.430290710411,,,,,
3.5203,1418.48174325766,244.512564856002,376.464491942399,,,,,
3.3107,1418.57114273631,249.851435889256,385.915160884321,,,,,
3.6115,1413.89909586305,247.680765364449,377.87859497652,,,,,
3.23845,1414.39009341492,249.935482409397,386.046047682597,,,,,
3.8225,1413.74038014973,243.596363837017,380.585225432197,,,,,
3.515,1413.42839476617,249.699404232034,386.719079744145,,,,,
3.58865,1408.55472255704,250.000352558278,386.70378881655,,,,,
3.3952,1418.10985525033,246.927747865132,376.778790195633,,,,,
3.3921,1413.07185973667,249.961174313085,386.992228697144,,,,,
3.7479,1412.86986689056,242.212149928802,376.378720863116,,,,,
3.3552,1417.76346534255,244.80042133148,376.450691148363,,,,,
3.7607,1408.26246549129,244.047745549723,380.839337338048,,,,,
3.95465,1413.9636749645,240.699938399176,376.586351709719,,,,,
3.86925,1422.69052753526,247.904517245634,378.180931687139,,,,,
3.66135,1408.53489844659,249.799627144203,385.815296424896,,,,,
3.53535,1418.21121056813,249.427509446438,386.23878801764,,,,,
3.737,1417.43848730831,243.953289408658,376.340936376607,,,,,
3.71265,1412.24638963567,249.800289988728,386.266989460617,,,,,
3.6448,1418.64684280577,242.270338301397,376.503602938168,,,,,
3.678,1413.16947844227,242.756921437414,379.975972306584,,,,,
3.98715,1413.51470570789,241.440346250745,379.060925023517,,,,,
3.3458,1422.71928899242,241.840509373191,376.353025861386,,,,,
3.28315,1414.45110222035,244.492861668798,376.590194315106,,,,,
3.47125,1419.38865182561,239.930781783573,378.168795889585,,,,,
3.62785,1409.05282212928,249.107327564776,385.587311775404,,,,,
3.27505,1419.47319456687,238.552829837035,377.362697189068,,,,,
3.20105,1425.41464853064,243.526798196002,376.663336114303,,,,,
3.18725,1415.79211084676,250.174919214108,385.349449748865,,,,,
3.10095,1430.74655517697,246.513265017044,382.831559991623,,,,,
3.58045,1413.34673388876,248.066682606594,378.479791524209,,,,,
3.683,1413.1893359686,249.5545394802,382.001267861927,,,,,
3.36755,1417.80715173841,237.775266319311,376.59411703453,,,,,
3.03645,1453.48942558573,244.296484387557,378.234986937505,,,,,
3.73865,1417.49139905709,237.829135868619,376.37141183733,,,,,
3.51405,1413.30787223987,247.985054677086,384.357688061858,,,,,
3.71395,1412.32246128827,249.569867025255,381.931273166463,,,,,
3.56435,1417.97846993482,241.372936071561,379.063682707388,,,,,
3.11365,1429.42056402478,250.681696775159,387.616440014818,,,,,
3.2138,1417.13197206524,242.173667535053,379.61361749888,,,,,
3.4758,1414.25430049452,250.053352426332,385.786378047155,,,,,
3.1566,1417.27656055374,250.383374010181,384.538501812207,,,,,
3.43965,1418.8272593248,238.043713427271,376.63410058872,,,,,
3.4638,1409.49111264403,249.974451468973,387.091888074946,,,,,
3.79635,1409.22243588083,249.91565895396,382.656675805502,,,,,
3.90815,1407.82605469662,249.844211765594,386.769556352346,,,,,
3.79965,1419.08853156022,241.916088814339,376.587704998126,,,,,
3.8087,1418.92001466701,245.528622964591,376.64529825219,,,,,
3.84195,1423.10762446542,237.665724217661,376.591822750155,,,,,
3.1444,1422.99605122982,250.512288092672,387.524338053326,,,,,
3.91,1412.97525803777,249.463984219653,381.426814602529,,,,,
3.3073,1418.76940050901,245.984793481107,382.444435711048,,,,,
3.4984,1424.08809826779,246.740435810339,376.711807259475,,,,,
3.7142,1412.32246128827,249.140612466078,380.490598564044,,,,,
3.5698,1415.6653787292,249.076643055787,380.60230965972,,,,,
3.43745,1418.86079742203,245.498502173445,376.568591203894,,,,,
3.1133,1429.55086170646,250.688107039959,387.655624550274,,,,,
3.2662,1409.4990928482,246.847731039474,383.131077004992,,,,,
3.68975,1413.0267432817,248.948027973166,385.546600654152,,,,,
3.0524,1436.62168435957,251.823802252077,388.180637809019,,,,,
3.3735,1412.90467218009,249.561619927836,382.517909870517,,,,,
3.8908,1417.69006064316,245.787076136753,376.356787279666,,,,,
3.5603,1418.11789926297,246.514591024512,376.51570950971,,,,,
3.6495,1413.60981263435,249.82589051867,386.988437970066,,,,,
3.32575,1418.38330332118,239.584632254219,376.451851838778,,,,,
3.22205,1419.624374313,242.105787447139,376.573271991142,,,,,
3.7109,1412.30878293859,249.702180868685,386.641889430791,,,,,
3.68505,1418.13663337723,245.038876831638,376.448097316326,,,,,
3.0657,1440.19914878575,247.828451647697,377.820566627189,,,,,
3.12305,1418.87292317383,250.477288956881,387.288188023317,,,,,
3.8933,1417.6673623701,238.02576669569,376.35606771408,,,,,
3.96025,1409.05787677353,250.004554617916,386.240346376351,,,,,
3.82475,1413.89130646712,249.956958592529,387.07197040749,,,,,
3.5566,1413.01859318324,249.738583895293,386.910691690965,,,,,
3.86805,1417.68678687817,249.802567323054,384.603055966366,,,,,
3.7215,1412.38037733829,249.823221296476,386.873492395332,,,,,
3.47955,1419.16019990895,243.338186054183,376.606445787547,,,,,
3.1748,1421.57345762775,250.185650410913,387.148689226568,,,,,
3.2942,1414.49566929825,242.22465622365,376.634666865508,,,,,
3.57615,1408.05704945189,248.608156895481,385.080368751338,,,,,
3.49385,1414.00109547127,249.229424231069,385.830398475374,,,,,
3.6328,1419.09482326594,246.321656935584,376.561718136362,,,,,
3.20485,1420.16005896229,248.749889475512,385.171669907587,,,,,
3.15855,1422.32485902551,246.581183968027,376.915503532976,,,,,
3.4423,1408.78088624909,249.340175215565,385.858469658653,,,,,
3.36575,1417.77835035363,244.189812418032,376.458344628089,,,,,
3.2076,1420.0587456628,249.987828046972,385.9566466912,,,,,
3.6957,1422.83894893931,244.150108354086,376.363724367536,,,,,
3.4972,1414.07315281416,249.838237576221,382.997368255871,,,,,
3.0962,1436.52832222156,247.897225246532,377.591252973184,,,,,
3.84845,1418.11920822341,248.546782287075,379.357419015247,,,,,
3.59815,1408.86039047398,250.024192303088,387.040130485467,,,,,
3.027,1459.92961095512,240.575066016637,378.30484848387,,,,,
3.21455,1414.62392335788,246.423791440379,382.80409204027,,,,,
3.9769,1413.60863884844,241.758080814271,379.362859087306,,,,,
3.1617,1422.15426845497,239.410162790104,377.984215356114,,,,,
3.7758,1411.19006698852,249.596470547355,382.170039264402,,,,,
3.5036,1418.63381288758,247.544874579544,383.896779918129,,,,,
3.0733,1434.16185045494,251.566535238524,387.544425613484,,,,,
3.49705,1414.07315281416,249.907431821663,383.684471740478,,,,,
3.1274,1423.91681388024,247.068732387525,377.147234054728,,,,,
3.4939,1414.00109547127,249.318872021701,385.960019900705,,,,,
3.9175,1408.26589120317,249.95375782595,386.993953849008,,,,,
3.7987,1419.10961117344,244.890416574212,376.595200807836,,,,,
3.8327,1418.47793022545,242.782655449168,379.95218350079,,,,,
3.18655,1415.81049064183,250.14689471011,386.753847991935,,,,,
3.2278,1414.56202018117,250.011040931279,386.636872302684,,,,,
3.5032,1418.6455667702,245.724544731601,382.236519087226,,,,,
3.46325,1409.33883922565,249.726985692258,386.583634720865,,,,,
3.11485,1429.21807800018,250.660978847069,386.312222696984,,,,,
3.33525,1423.23081453976,242.693442552749,376.384653354825,,,,,
3.99665,1418.71414303974,237.956907192383,376.72474316911,,,,,
3.38675,1418.08018935076,242.941022275795,376.396751959591,,,,,
3.3356,1423.21306417334,241.426021072875,376.381326244513,,,,,
3.2067,1420.12513794834,250.000666581435,387.03007611121,,,,,
3.98895,1408.59437361332,249.494715637781,386.037249406816,,,,,
3.1901,1420.77874055712,245.283244013926,376.732836335893,,,,,
3.58465,1413.40383546642,239.601462315464,377.967180224466,,,,,
3.28435,1414.44390589368,240.393376565832,376.591889253656,,,,,
3.5757,1408.03259148957,247.089904379454,383.437999358877,,,,,
3.41285,1408.04855849071,249.754792110164,386.885594804908,,,,,
3.6841,1418.23923874908,246.484874033857,376.510010906685,,,,,
3.03955,1443.03430927464,249.958222742118,385.683301353587,,,,,
3.64865,1413.57108592973,249.293130389783,386.004816817979,,,,,
3.65595,1418.45616660285,238.787991733608,376.438266676653,,,,,
3.50705,1418.5465098289,249.871140778182,384.833795500726,,,,,
3.8946,1412.58434224512,242.741314169901,379.940526860658,,,,,
3.22525,1414.51335771215,248.098638442341,384.375590134728,,,,,
3.4383,1418.80094145325,243.301667238825,376.558722805053,,,,,
3.92645,1408.45840408531,247.555739080566,383.858333454237,,,,,
3.21605,1414.73633902924,249.946884530673,386.980398760426,,,,,
3.3449,1422.76116870712,244.587537527149,376.364788702267,,,,,
3.7909,1414.0080464271,239.63983244814,377.983055597716,,,,,
3.16865,1427.01131652115,246.735725939358,376.845616095173,,,,,
3.77485,1408.59069944589,249.804424843688,385.729176431755,,,,,
3.04115,1442.98644481889,252.204455298483,388.748478517597,,,,,
3.18,1426.06131083142,244.777281824999,376.739605609761,,,,,
3.14525,1422.82920692742,250.474624282502,387.101961643243,,,,,
3.2875,1409.42018400156,249.04661636337,385.574916992427,,,,,
3.6008,1416.43032296324,249.233124154922,380.383618222517,,,,,
3.99765,1413.63459552441,242.612982102006,379.820656305469,,,,,
3.42275,1408.49195131971,249.864849558425,387.039649564493,,,,,
3.1315,1418.60795932444,244.051008911626,380.97974368031,,,,,
3.83435,1418.43760972718,249.391536037633,386.105370188001,,,,,
3.7434,1407.65396333681,249.649165035838,386.447653513875,,,,,
3.28705,1409.39820374681,247.7248022505,384.048134219037,,,,,
3.51645,1413.39567431717,249.780739915787,386.610973157425,,,,,
3.12025,1428.97673257378,238.742634377166,377.621299467383,,,,,
3.05795,1440.98696451722,240.030418112889,377.940361363864,,,,,
3.41845,1413.2540687441,240.048633395917,376.486549676056,,,,,
3.82975,1423.63283293852,244.404944535733,376.467364018006,,,,,
3.4658,1409.51788597111,249.976999324674,384.898139669393,,,,,
3.61525,1413.94942186527,237.981475251547,377.00315008726,,,,,
3.58745,1408.52005739398,250.013661710445,387.024660126505,,,,,
3.9718,1416.33829844897,249.554876402647,381.900662827755,,,,,
3.59705,1408.69358415464,249.419647577535,385.949838838266,,,,,
3.73575,1417.50150823773,246.222659970827,376.362324926226,,,,,
3.16795,1427.13350649009,248.543547020884,378.790239477952,,,,,
3.2954,1414.53277281512,237.911403008263,376.861688883376,,,,,
3.15045,1427.44158715418,240.13615431527,376.90709784214,,,,,
3.39275,1413.02873423672,249.930007373273,386.604795915794,,,,,
3.3397,1418.10449238614,249.650599225903,386.677369549061,,,,,
3.608,1408.8282012452,249.774998415235,386.862273834342,,,,,
3.8018,1414.00923289279,243.239212254518,380.27806290184,,,,,
3.469,1419.3925425824,243.892321070293,376.536604476993,,,,,
3.43455,1408.87686527675,250.014846708656,385.738920229994,,,,,
3.64775,1413.53705116826,246.540353597926,382.936258183177,,,,,
3.50405,1418.63027690613,248.917756654835,385.462388571155,,,,,
3.8421,1423.10762446542,237.780360852761,376.82965458317,,,,,
3.78435,1408.8729251514,249.900034325973,386.901172017432,,,,,
3.9703,1413.82266821835,249.814365134905,386.571760968473,,,,,
3.4931,1413.94123710006,246.842992551891,383.190943278673,,,,,
3.30165,1419.35870257926,249.331467136537,380.846726882061,,,,,
3.9677,1413.828223537,247.597715588599,383.951472830959,,,,,
3.31085,1418.55716552081,249.861622679439,385.566552019863,,,,,
3.6333,1419.09482326594,245.571454011756,376.547443525705,,,,,
3.30585,1423.90341370703,237.968064469357,376.976291830188,,,,,
3.50085,1423.79171171784,240.582700232589,376.529884325848,,,,,
3.57915,1408.2383487032,249.774761306794,385.034790584823,,,,,
3.58415,1413.46695875486,237.729217116166,376.653536603723,,,,,
3.7673,1418.51237956205,245.7118922172,376.579903984816,,,,,
3.75245,1408.06210436957,249.903084831769,386.964531741686,,,,,
3.9267,1408.50833893138,248.394321787834,384.774781048911,,,,,
3.1208,1421.31030178004,241.693154524474,379.422978351238,,,,,
3.64525,1418.64684280577,240.519672861596,376.503132200065,,,,,
3.1739,1421.52179443719,248.947348767221,385.27805823966,,,,,
3.0854,1435.03096418757,249.803564352292,379.864447521214,,,,,
3.3169,1413.20456230477,241.832776897309,379.364969708167,,,,,
3.34915,1412.65687830387,248.465762282981,384.807246571206,,,,,
3.77795,1413.68031449317,244.877637264835,376.52765180066,,,,,
3.98925,1408.59437361332,249.855201536308,386.632516195939,,,,,
3.5847,1413.39119000583,239.904384310512,378.147486919887,,,,,
3.6622,1408.59713097147,249.722471955352,382.90071275516,,,,,
3.46585,1409.52165475021,249.977254078629,384.727573487572,,,,,
3.74395,1407.70267848911,249.662130199537,385.518322920976,,,,,
3.4818,1416.58694831416,241.493023614679,379.140173862352,,,,,
3.7794,1413.69095061383,240.125393316582,376.534489074546,,,,,
3.0328,1449.01833295968,252.488997946904,386.275694926543,,,,,
3.5099,1423.376318037,244.690407435353,376.439229742213,,,,,
3.50665,1418.55725241982,249.846281751884,385.918167321964,,,,,
3.47925,1419.17010964983,244.248807320579,376.608680578356,,,,,
3.12705,1423.91681388024,247.643826630312,377.463080257508,,,,,
3.435,1408.91230244352,250.03099000463,384.375781848656,,,,,
3.0203,1492.97106615462,252.711705574734,389.24013319957,,,,,
3.20955,1424.99393674301,247.02280074244,376.952835861081,,,,,
3.29205,1414.62136979961,246.97458092663,376.966370521644,,,,,
3.3023,1424.3262261094,247.14780182523,377.115636537437,,,,,
3.89565,1412.6015802924,247.907781578503,384.29518478375,,,,,
3.43485,1408.91230244352,250.033751840806,384.90070077677,,,,,
3.58075,1413.40199055829,246.9862360111,376.979881175465,,,,,
3.098,1436.16498184619,244.132207905941,377.385337394685,,,,,
3.45865,1414.312040025,243.975383299628,376.601877468464,,,,,
3.8305,1423.61766614009,242.052965359225,376.456212986406,,,,,
3.49955,1423.88544416662,244.835877795775,376.54809100491,,,,,
3.51045,1423.37304952126,243.168708648173,376.431373656013,,,,,
3.4635,1409.38963338613,249.897809534203,386.915499063166,,,,,
3.9697,1413.85160558938,249.843161274423,386.967954111538,,,,,
3.73945,1412.4722970388,240.017172482666,378.204456837686,,,,,
3.05695,1441.04603876088,244.172916092483,377.952252500096,,,,,
3.18645,1415.82049079671,250.14978231907,386.862109229904,,,,,
3.42905,1413.70766380355,238.930374525429,376.469658753484,,,,,
3.7908,1414.0080464271,239.056112016613,377.641267333266,,,,,
3.4016,1412.95830732201,249.814905135416,386.747757915719,,,,,
3.4987,1423.9561730645,246.318892144804,376.573883401632,,,,,
3.38155,1408.04293294573,249.766553826572,386.937679366155,,,,,
3.3162,1423.33414661711,237.957121617227,376.971442396452,,,,,
3.11575,1429.17718232491,250.476634201764,382.924214888829,,,,,
3.40815,1417.84566124562,240.186733352992,376.52633518546,,,,,
3.7044,1422.48787719865,247.212309560018,377.274506393903,,,,,
3.8685,1417.69647199975,249.672198485952,382.695314700112,,,,,
3.4084,1417.84566124562,239.107412740993,376.529962771624,,,,,
3.79315,1409.04980678886,249.712240271141,386.389792517963,,,,,
3.6206,1409.015486252,249.900496654689,384.460620539126,,,,,
3.47755,1419.28421686658,247.511014185,377.423486681705,,,,,
3.9398,1408.6804541104,249.799774439063,385.839817978284,,,,,
3.144,1423.00534758476,250.488436574291,387.469396238448,,,,,
3.8631,1422.84317891004,239.482035051533,377.892029129925,,,,,
3.5081,1423.54590943534,248.713051030393,379.538302376196,,,,,
3.3723,1412.86714652671,249.669400595679,386.222636537062,,,,,
3.2456,1409.18676848959,246.843342012407,383.194242378421,,,,,
3.3384,1418.05981381354,246.627327471663,382.998606162289,,,,,
3.61235,1413.91207820992,245.951829337106,376.508159291266,,,,,
3.2722,1419.58337371261,245.876436517643,376.599921520898,,,,,
3.14405,1423.00534758476,250.496906786852,387.490109119106,,,,,
3.5154,1413.4315526294,249.811660791327,386.971235693414,,,,,
3.8785,1412.56770781741,249.730283783341,384.029935362425,,,,,
3.54285,1422.91100003873,237.61515290518,376.50167608908,,,,,
3.85895,1423.16021636514,247.876191491152,378.170435599855,,,,,
3.8026,1414.00867404173,247.427395780032,383.663529861964,,,,,
3.08565,1437.47857321228,248.858085296138,378.48362718768,,,,,
3.63885,1413.97195499132,249.79850011589,386.823757012214,,,,,
3.04635,1442.24823946331,245.573479080959,378.19087955474,,,,,
3.75345,1408.11366466321,249.900248456354,386.81229384151,,,,,
3.7175,1417.3026100503,240.232021587634,376.400706072136,,,,,
3.33,1413.47256902562,249.7936762852,386.97219319753,,,,,
3.9872,1413.51470570789,241.751738742209,379.260715953098,,,,,
3.1195,1428.95560210132,240.387834308558,377.093845073967,,,,,
3.85815,1413.14161904198,249.70644177489,382.924776924563,,,,,
3.38025,1407.86868496691,248.712143999747,385.229803835685,,,,,
3.0768,1438.55613458697,246.362231298151,377.703966154628,,,,,
3.4036,1412.93990857811,249.882166505623,385.633711759057,,,,,
3.1975,1415.65712696947,250.106903636965,385.497269744498,,,,,
3.4173,1413.23070882083,244.069417565524,376.475976572286,,,,,
3.98445,1418.62604501847,244.340819237681,376.452277500022,,,,,
3.2636,1414.59506414266,240.941871782313,376.563991868506,,,,,
3.2317,1419.46973727904,244.281139183046,376.582490469522,,,,,
3.19285,1415.62803815396,240.409552653967,378.525238746038,,,,,
3.70375,1417.52589010486,249.253924449894,381.209772082765,,,,,
3.23755,1414.44505347007,249.958133452722,386.975448948309,,,,,
3.57645,1408.08120121585,249.226585796715,385.92017554095,,,,,
3.37945,1407.80390744748,245.66573684589,382.17790952734,,,,,
3.44925,1414.00565026173,240.97303041186,376.665942232992,,,,,
3.7518,1408.02665446531,249.429268220763,386.092976057802,,,,,
3.5501,1418.00645000687,246.346259369065,376.430914729482,,,,,
3.08355,1432.70836120695,251.356421583047,387.480330673558,,,,,
3.0371,1453.37808297903,241.561595691597,378.218775968752,,,,,
3.2755,1414.41620746581,241.103790706303,378.892953439827,,,,,
3.64495,1418.64684280577,241.714761590735,376.503021320255,,,,,
3.5148,1413.42036517858,249.548366423992,386.43169247529,,,,,
3.2949,1414.53277281512,239.40533427468,376.640908705021,,,,,
3.28185,1414.51598026069,246.705380865549,376.701582600593,,,,,
3.30825,1418.72373409484,249.223856796511,385.870679217616,,,,,
3.95525,1413.98404841735,238.230045111447,376.629454380941,,,,,
3.4591,1414.30946686946,242.555948725951,376.602279359372,,,,,
3.1287,1423.75526486975,244.515242150975,377.120843593827,,,,,
3.62385,1414.0573477061,243.397105043684,376.505106380927,,,,,
3.8016,1414.03448451714,242.035932121222,379.466325554513,,,,,
3.61315,1413.85975658073,244.406665017771,376.500325398601,,,,,
3.23105,1419.51250167782,245.721221341543,376.592480257665,,,,,
3.64895,1413.60278881394,249.634350555182,386.578934752742,,,,,
3.886,1412.64392716701,249.369064450427,386.226946990617,,,,,
3.52725,1413.57930701565,249.783271673484,385.916138714209,,,,,
3.39575,1417.99375633,246.106747172319,376.480455797335,,,,,
3.88135,1417.61657461545,244.153699293367,376.394611343783,,,,,
3.8731,1422.52500232274,237.888300779117,376.887225052121,,,,,
3.4464,1414.01139790812,248.245839462237,378.515381403662,,,,,
3.7278,1417.39115492995,240.293089301454,376.410057969149,,,,,
3.0439,1442.5423708281,251.413408014585,382.059923417784,,,,,
3.78,1413.78098036873,237.829411313529,376.635271480652,,,,,
3.0887,1437.07180191079,240.464764996181,377.57210692072,,,,,
3.4678,1419.4622414139,246.279425930835,376.560571170612,,,,,
3.0723,1434.39393671541,251.604374504848,388.280569118336,,,,,
3.86185,1422.89283928295,240.308659551798,376.412957616273,,,,,
3.13975,1428.22552880645,241.860552201925,377.034663728431,,,,,
3.45495,1409.20085481209,249.927561933021,386.23389374719,,,,,
3.6671,1418.45925863042,239.246797878453,377.73038321584,,,,,
3.31705,1413.20456230477,242.742239452717,379.975316889622,,,,,
3.6632,1418.67513628475,247.181627593791,377.174834807439,,,,,
3.5902,1408.63194552659,249.764120241775,382.068140272489,,,,,
3.64515,1418.64684280577,240.929229328789,376.502888296923,,,,,
3.2925,1414.59757071609,246.282343046658,376.652132251041,,,,,
3.03125,1449.34615305091,252.488470985825,388.953173973235,,,,,
3.08495,1432.53428822027,251.01043235954,382.646552641099,,,,,
3.6586,1408.35033807446,248.523288917261,384.939749794682,,,,,
3.6426,1418.81288769398,247.162187855062,377.148536278369,,,,,
3.07135,1434.41317245024,251.346012701951,387.761791047246,,,,,
3.611,1413.88244684244,249.279268256328,380.994840867057,,,,,
3.51495,1413.42839476617,249.669180072749,386.658116298323,,,,,
3.19125,1420.73963028093,241.757923165976,376.723845240874,,,,,
3.7883,1414.01373341845,244.859256272867,376.505007903627,,,,,
3.32975,1413.46639080439,249.786831725357,386.958648827022,,,,,
3.57925,1408.2383487032,249.778830569328,384.718915457213,,,,,
3.6472,1413.5529558151,243.590724947463,380.583508671685,,,,,
3.4466,1414.039959648,247.508444122399,377.47127753913,,,,,
3.4335,1408.87783938285,250.027428999118,386.992261343312,,,,,
3.3477,1417.66192624343,240.999793549648,378.802326466395,,,,,
3.70525,1422.38688145858,245.673648346244,376.328121591816,,,,,
3.03705,1453.37808297903,241.785018537413,378.219658191966,,,,,
3.5546,1412.86379074554,244.728118615029,381.428665069431,,,,,
3.05905,1430.72315628244,243.51837093982,380.720195227563,,,,,
3.8237,1413.76668318571,248.899593684836,385.366680765315,,,,,
3.82535,1413.89773889498,249.954779006612,387.027455157452,,,,,
3.756,1413.33899904834,247.352517851843,377.297703965754,,,,,
3.8083,1418.98617047686,246.191963039389,376.653702973929,,,,,
3.1004,1430.89324689038,243.349616488926,380.509421136327,,,,,
3.6621,1408.59713097147,249.773026391411,383.365630886436,,,,,
3.86715,1417.71643213702,249.771328385725,386.550615597142,,,,,
3.02535,1480.27954225944,246.997889268929,378.389504297444,,,,,
3.90665,1407.77963603841,249.566157293217,386.368254958247,,,,,
3.4612,1414.29442083503,241.538174304018,379.203270790657,,,,,
3.19265,1420.69057180976,239.270053480924,377.849447633192,,,,,
3.1308,1421.13736159707,239.883463141602,378.327254747755,,,,,
3.5628,1418.01152970063,240.186364709688,376.398254845068,,,,,
3.36215,1412.82586189723,249.888161800658,386.073170208437,,,,,
3.82305,1413.7306645621,246.575786085866,382.944059377339,,,,,
3.4752,1414.27574385113,250.043413701438,386.750777633301,,,,,
3.05775,1440.99000526107,240.901081887666,377.937023929726,,,,,
3.2434,1419.23820637874,239.115747100142,376.569514420186,,,,,
3.43695,1418.8661285551,246.297538791049,376.579615530041,,,,,
3.04905,1436.93377661574,245.5507165978,382.118491138413,,,,,
3.3971,1417.93949075601,242.999433710864,376.462014636996,,,,,
3.1902,1420.77874055712,245.057904063392,376.731352847067,,,,,
3.46085,1414.29442083503,239.49769141862,377.95160045419,,,,,
3.54515,1412.8244767214,248.416284239185,384.855137014162,,,,,
3.794,1409.20487877339,250.081844696442,387.114412804991,,,,,
3.7654,1411.07818745249,249.802807398061,382.605747701935,,,,,
3.5923,1413.66048348465,245.137002319013,376.549598586581,,,,,
3.54985,1418.00645000687,246.856040971575,376.83083115372,,,,,
3.709,1412.17073362752,243.078050448447,380.171315612204,,,,,
3.4396,1418.82378806546,238.155403765053,376.600525300994,,,,,
3.33415,1423.31865626125,245.477281608627,376.406340825222,,,,,
3.2917,1414.60776006077,248.163247868291,378.530213362759,,,,,
3.82175,1418.76437008163,239.114529237128,377.718601147412,,,,,
3.6391,1413.97195499132,249.859193080247,386.96488131826,,,,,
3.5295,1423.60908365249,246.330035791174,376.443453510512,,,,,
3.1936,1415.61166238596,244.84770832924,381.518881045283,,,,,
3.8771,1412.5448930157,249.723760130088,386.753325229096,,,,,
3.44035,1418.82508935659,240.237196365166,378.330962033648,,,,,
3.84445,1413.01875859126,248.960473615016,385.576739266897,,,,,
3.48595,1414.08116417456,250.065752362406,386.143634022288,,,,,
3.10735,1435.10432878811,246.431482250675,377.212722774225,,,,,
3.86625,1417.84254153146,249.809709176764,386.974435566075,,,,,
3.0417,1442.81155104915,252.185223433385,388.623727054977,,,,,
3.20635,1420.23835557444,250.016427256516,387.134779707862,,,,,
3.6284,1409.06180992086,249.817484627058,386.716977851379,,,,,
3.28875,1409.51268958337,249.940250584768,387.071564959655,,,,,
3.09435,1426.58549438979,251.104660164751,386.352732407791,,,,,
3.79945,1419.09559971085,242.657599131255,376.588187626895,,,,,
3.41705,1413.23070882083,244.690470013062,376.476130348479,,,,,
3.7212,1412.33828491419,249.69738320183,386.604093685489,,,,,
3.1064,1435.30764896921,247.946891048919,377.643061912959,,,,,
3.4034,1412.94119840808,249.871356622349,386.048388186783,,,,,
3.97055,1413.81009855113,249.813498170956,386.229563156532,,,,,
3.5911,1413.74819975702,247.135404123918,376.98655915763,,,,,
3.81775,1418.95470848806,247.806050675987,377.975662248268,,,,,
3.33685,1423.16070443063,238.001899565339,376.97644231228,,,,,
3.22985,1419.64061911989,248.175167052913,378.395903983486,,,,,
3.02485,1480.27954225944,248.160278823385,378.437072662872,,,,,
3.0305,1449.4246543317,252.4648194971,388.937206988395,,,,,
3.11005,1434.81441384554,239.272596046012,377.94528346249,,,,,
3.2096,1424.97840022254,246.895170728765,376.830573425246,,,,,
3.08505,1432.53428822027,250.835816567311,382.070879446284,,,,,
3.6425,1418.82033115192,247.496387250895,377.568210272297,,,,,
3.6889,1412.98367696275,245.97394508312,382.432706431103,,,,,
3.29655,1414.41692070401,243.710172536357,380.702842009054,,,,,
3.0739,1434.01852780325,251.599376069147,386.117472341815,,,,,
3.417,1413.23070882083,244.803322441657,376.476257999883,,,,,
3.80715,1419.01787311083,248.988376797118,379.824039523734,,,,,
3.9012,1417.69157088744,245.679103954886,376.355004729883,,,,,
3.7431,1407.65199598043,249.662511563186,386.697708945618,,,,,
3.0588,1433.24189397041,242.022212902413,379.782562182062,,,,,
3.1592,1422.26025215873,245.430755833206,376.902615810135,,,,,
3.4949,1414.10535790384,249.94980127124,387.094917479829,,,,,
3.17905,1426.19020368117,246.556026307211,376.77046738285,,,,,
3.64745,1413.54802462002,245.018334928086,381.656112218879,,,,,
3.1446,1422.91207308312,250.505838972689,387.48997681379,,,,,
3.564,1417.97846993482,239.315649034051,377.79701641994,,,,,
3.64665,1418.6072402803,240.291684244114,378.405951695778,,,,,
3.6794,1413.17000470991,248.933948780947,385.479608978498,,,,,
3.557,1413.02974513902,249.746775507612,386.920351130787,,,,,
3.9898,1408.74605362741,250.064197972758,387.073257509218,,,,,
3.8559,1413.15042630208,249.817287917004,387.017441988756,,,,,
3.7947,1409.17635427494,250.054064605656,386.900840747355,,,,,
3.9423,1413.80254706828,246.045362789719,376.489353667513,,,,,
3.27805,1409.51198867495,249.908258358836,386.979059910499,,,,,
3.79645,1414.2527966037,249.815703216388,382.135699442226,,,,,
3.34065,1418.04170852955,249.743876872661,386.843613795166,,,,,
3.70485,1422.38688145858,246.190121207699,376.341798819235,,,,,
3.1517,1422.3265941942,241.231499535877,379.065761192523,,,,,
3.22705,1414.61299367614,250.045646367755,387.097069662602,,,,,
3.8622,1422.89283928295,238.805054807675,376.414735038144,,,,,
3.94145,1413.77538657808,247.924740959747,378.224425892716,,,,,
3.8813,1417.61657461545,244.282240904277,376.394916006675,,,,,
3.37395,1417.94382380342,248.825570916614,379.980083416875,,,,,
3.02665,1464.94480146093,242.162016394851,378.308871833916,,,,,
3.9417,1413.80559434019,247.042102840539,377.033095954861,,,,,
3.4738,1414.38707537245,249.99382599879,386.928366299888,,,,,
3.35025,1412.76265574032,249.906635919886,386.956066105423,,,,,
3.2029,1425.30212247041,238.806617002111,377.563299402014,,,,,
3.96175,1414.16809906945,249.257400450449,380.414727442578,,,,,
3.4106,1407.8525715541,246.669884103757,383.068228289885,,,,,
3.5849,1408.3520874547,241.137794071052,378.904185479524,,,,,
3.1135,1429.49714992892,250.687017586455,387.645296487769,,,,,
3.2137,1419.65628745758,241.565279197774,379.217292594597,,,,,
3.53425,1418.22173856534,246.183514689085,382.59730051006,,,,,
3.79655,1414.26925249046,249.679380168494,381.584365195937,,,,,
3.6176,1408.90176914129,249.181299205455,385.77226528111,,,,,
3.51995,1418.48174325766,245.278404933071,376.467277213913,,,,,
3.85155,1418.07650186416,240.249969585953,376.468130268049,,,,,
3.5263,1413.61352798434,249.804006390739,386.921377269611,,,,,
3.0867,1437.2808237594,247.024077856557,377.628458839147,,,,,
3.6816,1413.16322427793,249.774343395429,386.427711385069,,,,,
3.18735,1415.79211084676,250.179301751008,385.035884087608,,,,,
3.9964,118.6998283798,238.524594779455,376.562549878106,,,,,
3.72275,1412.3883059411,249.813175581539,386.526532765593,,,,,
3.45395,1409.19208753764,249.960065905141,387.076099440784,,,,,
3.42985,1413.67496353864,239.008000321281,377.600632261509,,,,,
3.35315,1412.77713583388,249.429193866219,381.131120291735,,,,,
3.36825,1417.78539823012,240.468287456879,378.442098050924,,,,,
3.86155,1422.90436700956,241.512084278184,376.413803954405,,,,,
3.7471,1412.84585814877,244.561795424423,376.374689158236,,,,,
3.216,1414.73633902924,249.927086817282,386.937040557648,,,,,
3.02385,1490.61794451324,249.890371115633,379.096847127623,,,,,
3.90235,1417.63773009552,243.024764612484,376.343093369241,,,,,
3.71125,1412.30878293859,249.825952606473,386.913017765146,,,,,
3.16895,1426.94604598023,246.334978761246,376.833218765683,,,,,
3.6399,1413.84150447752,249.848478778239,386.840578136405,,,,,
3.09395,1426.58549438979,251.082162523559,387.214887507073,,,,,
3.3803,1407.86868496691,248.827449564321,385.379655561322,,,,,
3.76835,1418.4443862941,243.103132653469,376.56618568956,,,,,
3.29145,1414.55156697419,249.03370340518,380.140184523484,,,,,
3.55915,1413.04373807638,249.586256933728,382.482517226718,,,,,
3.8028,1414.01719901818,248.178094636337,384.433497441916,,,,,
3.87015,1422.60184118537,245.920339966854,376.383293625531,,,,,
3.8964,1412.6312097102,249.431210703931,386.339116657933,,,,,
3.2733,1419.49534849494,243.225464691614,376.579024516685,,,,,
3.11555,1429.19536452953,250.617644602358,383.903966669324,,,,,
3.2169,1414.65924902449,249.996171080041,387.052133816071,,,,,
3.3864,1418.10631364189,243.987576528517,376.399042114894,,,,,
3.4639,1409.49587936077,249.981778468912,387.110558276911,,,,,
3.62115,1409.05337818717,249.616698187592,381.950463163677,,,,,
3.6614,1408.53761835736,249.802816047501,385.705435361788,,,,,
3.31015,1418.61928576375,249.849047853283,386.716895341091,,,,,
3.42775,1413.6479649549,243.769421076771,376.453963888364,,,,,
3.8936,1417.66477958535,237.622403973132,376.634736912445,,,,,
3.5266,1413.59075435195,249.788037527712,386.765222733447,,,,,
3.21005,1424.90434174378,246.247941084534,376.609353106223,,,,,
3.12375,1418.87685690578,250.633423252826,387.626958624885,,,,,
3.99045,1408.74457450418,250.052277304261,386.977661799716,,,,,
3.97085,1413.80020701981,249.828685728219,385.623614207089,,,,,
3.7869,1414.09129429797,247.437560982399,377.474262440326,,,,,
3.34945,1412.67109781155,249.191083755541,385.727152451793,,,,,
3.80855,1418.9540868338,245.801140615165,376.648101811717,,,,,
3.7138,1412.31747815766,249.710446278592,382.705843881352,,,,,
3.7312,1412.38514896717,249.186675127984,385.941937172069,,,,,
3.7735,1408.59553832777,249.831938542013,386.997850979906,,,,,
3.91535,1408.04179186694,243.792748144977,380.671399449674,,,,,
3.6544,1418.48240771198,244.362157249018,376.440596488817,,,,,
3.21565,1414.69056408112,249.658844530085,386.433603284406,,,,,
3.72405,1412.43244043424,249.759077939876,382.998584161072,,,,,
3.39945,1412.86946029925,242.217678089628,379.535404865158,,,,,
3.6565,1418.43997354915,237.927582073704,376.922130041463,,,,,
3.72005,1412.25274167308,247.033482752963,383.313616432707,,,,,
3.45335,1409.15708911769,249.935472206492,387.035823750183,,,,,
3.48485,1414.11835056529,250.098628593579,387.125067285426,,,,,
3.82065,1418.84184965912,240.227512239572,376.543460011952,,,,,
3.15065,1427.44764576445,239.256666239718,376.907818375312,,,,,
3.2419,1419.25425177195,244.513629089127,376.57165856918,,,,,
3.25835,1409.54375493947,249.960925641475,386.932371949909,,,,,
3.72435,1412.43244043424,249.459391662126,381.439116032698,,,,,
3.111,1429.63494744672,244.816742783551,381.503953848199,,,,,
3.2048,1420.16059089039,248.61147742613,385.005677320652,,,,,
3.40045,1412.85035215096,247.499830084042,383.733457957141,,,,,
3.59535,1413.65569845917,242.06072614965,379.440825161309,,,,,
3.49805,1424.08809826779,247.816750960876,377.980278974115,,,,,
3.028,1449.68058119584,243.462876819783,380.743502131736,,,,,
3.70955,1412.17681248896,246.18214597773,382.569285910424,,,,,
3.53825,1418.12883856743,249.751223063985,383.747740696008,,,,,
3.4063,1417.90531715941,245.748590219245,376.535051360101,,,,,
3.33145,1413.43283324918,249.769732188874,385.555672890474,,,,,
3.62035,1408.98577450589,249.89465108727,385.273569992335,,,,,
3.86995,1422.60184118537,246.176704386705,376.389749304059,,,,,
3.9493,1408.87259641617,250.049256238867,386.958514230256,,,,,
3.21445,1414.62258457705,245.92418390873,382.376829365238,,,,,
3.1236,1418.89258775907,250.632681868531,387.628782734789,,,,,
3.2732,1419.49534849494,243.54406266262,376.580252575178,,,,,
3.63025,1409.1477245547,249.919804599148,386.185692660762,,,,,
3.2403,1419.43203445075,247.585897996661,377.619812285712,,,,,
3.46055,1414.35121985593,238.107139525201,377.088883711009,,,,,
3.69505,1422.9151943773,245.53042336633,376.380580331245,,,,,
3.38445,1418.16119213235,248.247525599091,378.795845600611,,,,,
3.07515,1438.93475719454,249.763158760126,379.61100528145,,,,,
3.05495,1441.36945030246,248.634460629024,378.161857157988,,,,,
3.90325,1417.64006046877,239.596994286195,376.347539932406,,,,,
3.25885,1409.53188174134,249.943009057754,386.464832558201,,,,,
3.1244,1418.85710171176,250.603965169856,387.391815168515,,,,,
3.31225,1423.53419661716,248.368249229242,378.891654024105,,,,,
3.3573,1417.79914551432,237.841209221111,376.708552372436,,,,,
3.79735,1419.29317180859,247.207450698347,377.055464936023,,,,,
3.36165,1412.83534817801,249.894371837624,386.70450125931,,,,,
3.0303,1449.42631609731,252.387023553814,388.767863903668,,,,,
3.85085,1418.06424998587,242.891152599657,376.465642788104,,,,,
3.823,1413.7306645621,246.336582646224,382.733030116393,,,,,
3.40875,1417.90577804395,237.842659407638,376.610424756484,,,,,
3.0422,1442.75242011609,252.162245951197,388.213423585954,,,,,
3.2443,1419.28211363977,239.502279599918,377.937388011176,,,,,
3.9186,1408.31142702208,249.938210628347,386.720262988937,,,,,
3.9272,1408.53736843528,249.418171370506,386.165941475344,,,,,
3.45535,1409.20085481209,249.952244358195,385.318462037134,,,,,
3.9449,1413.84221028757,238.095642701334,376.51449337383,,,,,
3.99695,1418.7002653573,238.579701608603,377.325540800996,,,,,
3.3077,1418.73308682308,247.739360809489,384.084087327503,,,,,
3.94475,1413.83486469932,238.699787971714,376.494395503252,,,,,
3.71285,1412.25034465723,249.80575140675,385.925539147257,,,,,
3.12995,1423.75814541485,239.815466723965,377.119749800717,,,,,
3.582,1413.35970965446,244.870860989127,376.437387935065,,,,,
3.40005,1412.84549081423,245.65824852723,382.069062768874,,,,,
3.36915,1412.73585704674,245.648149082024,382.124763462261,,,,,
3.69415,1423.08790092576,247.066955530096,377.079566735024,,,,,
3.4669,1419.5980720843,248.640856396973,379.286160689911,,,,,
3.5435,1417.87095363777,240.034353477869,378.205850984876,,,,,
3.95095,1408.93265025401,249.97319429302,383.125805125157,,,,,
3.2012,1425.41464853064,243.03040978853,376.660956897078,,,,,
3.85865,1418.1796381269,248.938733433112,380.118330181337,,,,,
3.61205,1413.91207820992,246.330065727434,376.514335510868,,,,,
3.2908,1409.5219926181,249.893656964353,383.61258480265,,,,,
3.7505,1407.87564079608,244.6611872477,381.342712116684,,,,,
3.5801,1413.33819753449,249.162202373271,380.72115466517,,,,,
3.9011,1417.69157088744,245.823190999207,376.35705886314,,,,,
3.26475,1414.56864846245,238.649160191669,377.407524650495,,,,,
3.4925,1413.94841615998,243.660600942216,380.628839477197,,,,,
3.22265,1419.64926583851,239.672410672124,376.576927555933,,,,,
3.41395,1408.09820472041,249.742786620519,385.562692172915,,,,,
3.4453,1408.92073358413,250.024890193937,384.40450972338,,,,,
3.04485,1442.3900310667,248.679103901793,378.243245040791,,,,,
3.43105,1408.63821913313,246.121313626893,382.474765408652,,,,,
3.8364,1418.36890082421,249.795130528104,386.276308392812,,,,,
3.6335,1419.07575169581,245.181270290183,376.54302831703,,,,,
3.6343,1419.01386345022,243.017608806449,376.530885739374,,,,,
3.57075,1418.08013728506,246.266241513676,376.405492016956,,,,,
3.4773,1419.28168779128,248.444003894905,378.785948546748,,,,,
3.15055,1427.44290933834,239.69840656203,376.907308748993,,,,,
3.2385,1414.38835743583,249.938052358932,385.945816445996,,,,,
3.6951,1422.9151943773,245.445080438533,376.37904636875,,,,,
3.8234,1413.73282000177,248.016301791094,384.341742649904,,,,,
3.7819,1408.70723536631,246.993895409608,383.353014566737,,,,,
3.3712,1412.94555234655,249.711240014003,386.87341131523,,,,,
3.6983,1422.71968789334,240.641206953743,378.568438302409,,,,,
3.91155,1413.03724124181,245.850680028274,376.470606373855,,,,,
3.7903,1414.06397053994,237.925719931955,376.595335425192,,,,,
3.2904,1409.47841500957,249.929089513864,385.092702682929,,,,,
3.3185,1413.24836505381,249.034544897225,385.639292032664,,,,,
3.6848,1418.13663337723,245.514922717242,376.452614819451,,,,,
3.2331,1419.46909557238,239.129377500757,376.58265384305,,,,,
3.5394,1423.12428660793,247.288308608965,377.32688198386,,,,,
3.2741,1419.46441044678,240.181465395876,376.575158221006,,,,,
3.8375,1418.32407545488,249.741536622263,382.987834956486,,,,,
3.2108,1424.79490383119,244.911428073008,376.587410166864,,,,,
3.5089,1423.4708149458,246.3493012335,376.465883865602,,,,,
3.403,1412.94174517356,249.87369097366,386.595892003796,,,,,
3.72075,1412.32106677242,249.158030287622,385.717209095342,,,,,
3.566,1412.98366495325,248.918884068851,385.533841234708,,,,,
3.1452,1422.82920692742,250.476275612594,387.153376234972,,,,,
3.2106,1424.84677338169,245.341095953386,376.592317903971,,,,,
3.83955,1423.18625209595,245.447814690709,376.458537018169,,,,,
3.0257,1475.0587859808,245.943475654944,378.361528204097,,,,,
3.66965,1413.44661099659,249.689632514567,386.63679630535,,,,,
3.12035,1428.97673257378,239.114781135069,377.878646780433,,,,,
3.55435,1412.86380851726,243.288560899908,380.361477482386,,,,,
3.44765,1414.00604933246,245.713543973505,376.662852001798,,,,,
3.38435,1413.15485384335,248.606682678244,379.455837141368,,,,,
3.2716,1419.66494011162,246.666922290151,376.64457934502,,,,,
3.65455,1418.46342838584,243.966605338836,376.438702735331,,,,,
3.50605,1418.5837881362,249.845953760423,386.765897810301,,,,,
3.94715,1408.74010335105,248.118615796185,384.366625417422,,,,,
3.67225,1413.36542881539,249.813623850797,384.030303338626,,,,,
3.887,1412.72285690291,249.707314463529,386.889381424773,,,,,
3.5953,1413.65569845917,241.761183920328,379.246023168592,,,,,
3.95985,1409.05787677353,250.01046797215,386.744789161266,,,,,
3.64215,1418.81955955625,248.799115281914,379.693751856088,,,,,
3.9987,1413.63221788936,247.970632956313,384.201451016134,,,,,
3.2195,1419.72191350266,248.270766577409,378.616493986888,,,,,
3.8229,1413.7306645621,245.835959525091,382.306094909454,,,,,
3.2559,1409.39663280483,246.883194917046,383.211800328363,,,,,
3.3021,1424.3262261094,247.835092159555,378.005219983517,,,,,
3.2022,1425.37945123197,238.985780716329,376.65577747304,,,,,
3.80695,1419.01787311083,249.485094575483,381.045911331219,,,,,
3.5157,1413.42336092439,249.815854905641,386.974070942821,,,,,
3.4474,1414.03791912612,246.117683700729,376.665748235155,,,,,
3.63615,1418.98924805696,239.287159707307,377.774075348177,,,,,
3.75025,1407.86596396297,243.174189003901,380.260032588519,,,,,
3.2459,1409.22076208591,248.027168906639,384.37326823662,,,,,
3.82895,1423.7190212705,245.985130033193,376.488051616847,,,,,
3.2889,1409.49942011781,249.9360915811,387.050066162232,,,,,
3.8505,1418.08207889877,243.948420289122,376.467234303807,,,,,
3.60495,1418.72475370803,238.057973236599,377.005263318644,,,,,
3.2914,1412.03783981529,249.164159383725,380.448826698189,,,,,
3.5318,1423.3753674494,240.446043678795,376.39736807795,,,,,
3.6429,1418.7759014191,246.483201180701,376.547629765569,,,,,
3.29535,1414.53277281512,237.917823482807,376.795609465454,,,,,
3.69145,1413.10407377878,249.732712507702,386.7872981827,,,,,
3.81925,1418.85695867224,244.871713575424,376.546660296954,,,,,
3.3566,1417.76807657103,240.093763630692,376.452018661417,,,,,
3.2399,1419.43203445075,249.038737447286,380.058663207485,,,,,
3.43055,1408.62581653887,243.282669309036,380.302861857789,,,,,
3.75425,1408.12747883747,249.901000322572,385.688168862667,,,,,
3.7667,1418.54321370786,246.533500166602,376.596231595964,,,,,
3.0752,1438.93475719454,249.566920166142,379.310911707984,,,,,
3.64715,1413.5529558151,243.294277027805,380.37251148623,,,,,
3.12925,1423.74560187575,242.686779783075,377.11687726685,,,,,
3.449,1414.00565026173,241.957665492231,376.662924186502,,,,,
3.4912,1419.06790124517,238.131218096505,376.708369173087,,,,,
3.08095,1433.03569956497,249.697057019827,385.672675470586,,,,,
3.7622,1408.36571315062,249.567533227568,386.256358884228,,,,,
3.46355,1409.41139701122,249.918440890001,386.960350628893,,,,,
3.30455,1423.98755190186,241.979615480134,376.535788103418,,,,,
3.6665,1418.47797294035,237.90486146724,376.474110839112,,,,,
3.0266,1464.96676385953,242.386449984153,378.310715599689,,,,,
3.4435,1408.93676435211,250.034447481072,387.074707350407,,,,,
3.94185,1413.80254706828,246.650026218669,376.640326709242,,,,,
3.9813,1413.62151682384,249.905090732831,385.324536947452,,,,,
3.2051,1420.16005896229,249.312960925385,385.910268672523,,,,,
3.96395,1418.93313005766,244.239431119355,376.636743831796,,,,,
3.7822,1408.70723536631,248.145523142473,384.515947664492,,,,,
3.1156,1429.18999093345,250.592182321763,383.671033434289,,,,,
3.7222,1412.41529580203,249.840444475712,386.877893037175,,,,,
3.6589,1408.40369228256,249.188779665977,385.816915293165,,,,,
3.7619,1408.36571315062,249.062004629078,385.512958765114,,,,,
3.98465,1418.60319817056,243.798489124386,376.450429081849,,,,,
3.1232,1418.87292317383,250.558106207096,387.454546092112,,,,,
3.15385,1417.35198390746,250.129556802011,386.87510115853,,,,,
3.1386,1428.34718575416,245.505242571806,377.059706004848,,,,,
3.02145,1492.18263503742,252.686303658998,388.858437463657,,,,,
3.91405,1413.14332551764,237.927839345882,376.570889994326,,,,,
3.37985,1407.86868496691,247.470876745293,383.829026415404,,,,,
3.34355,1422.92627312161,246.943533103175,376.91790303106,,,,,
3.38665,1418.08651043515,243.259246866648,376.397242182592,,,,,
3.77945,1413.69620602689,239.915609970873,376.535389834927,,,,,
3.4622,1409.25376762438,247.047553491791,383.377225506877,,,,,
3.95295,1413.95488509531,245.760021910304,376.587820758864,,,,,
3.21385,1414.62253311818,242.478099455003,379.816295214991,,,,,
3.3394,1418.04987918769,249.403692523932,386.220708359671,,,,,
3.55025,1418.00645000687,246.176893899274,376.422497259908,,,,,
3.94015,1408.68271733153,249.822963814415,384.923125981831,,,,,
3.7082,1422.28552817559,238.224982711076,377.126009996936,,,,,
3.287,1409.39820374681,247.533159237438,383.854255383223,,,,,
3.35445,1417.83843741152,246.143055170181,376.461980281497,,,,,
3.3498,1412.7554293413,249.677667567449,386.490197410885,,,,,
3.27675,1409.36529676984,247.753654889173,384.049034609779,,,,,
3.84085,1423.07302472728,241.821122014932,376.436918134599,,,,,
3.24445,1414.24191057703,240.371260682846,378.458623485618,,,,,
3.02775,1454.7003176349,241.921267073612,379.805611144334,,,,,
3.3685,1412.74615492002,241.946852179397,379.385953780386,,,,,
3.0803,1433.15940377902,246.874722525005,383.045171714804,,,,,
3.96635,1418.92595781205,240.323427166584,378.434680643122,,,,,
3.9917,1408.78399551927,250.059453115844,385.063876223933,,,,,
3.61095,1413.88244684244,249.369387297527,381.284167699518,,,,,
3.14445,1422.97615008995,250.511077211838,387.518288882489,,,,,
3.4667,1414.60111857454,249.240296453537,380.569660015992,,,,,
3.4366,1418.93581716707,246.715470340553,376.622715591616,,,,,
3.61885,1408.98977701158,249.906485481169,387.030031192718,,,,,
3.6978,1422.71968789334,237.943569879521,376.934111612705,,,,,
3.18165,1425.99593438109,238.725392695491,376.719983457382,,,,,
3.5239,1413.43200114646,246.059855033838,382.52845267025,,,,,
3.43835,1418.80094145325,243.136246923057,376.558443082318,,,,,
3.78025,1413.78098036873,237.977020488611,377.01979900858,,,,,
3.26185,1414.60437546597,245.875768207125,376.570595110638,,,,,
3.8445,1413.02894623163,249.056510917127,385.711591817023,,,,,
3.9202,1408.4060457228,249.71382797262,382.092075968329,,,,,
3.05805,1440.98696451722,239.725997522417,377.982153688002,,,,,
3.02395,1490.61794451324,249.605030792852,378.794136316918,,,,,
3.3852,1418.19483728517,246.213173167174,376.420532644732,,,,,
3.4221,1408.41066392905,249.692386281782,386.665022476893,,,,,
3.0189,1493.46086428822,249.737171928947,386.126176535052,,,,,
3.3109,1418.55716552081,249.865317205136,385.435742320566,,,,,
3.4193,1413.34262117264,237.926204219754,376.981172853628,,,,,
3.1299,1423.75814541485,240.033194496649,377.119144623969,,,,,
3.8599,1422.9986584654,245.84654157947,376.44394872190003,,,,,
3.0182,1493.99338427811,243.374969022392,383.226401215501,,,,,
3.0698,1434.53710214227,246.02812216621,382.380996002335,,,,,
3.8377,1418.33605974858,249.573483009066,381.981281220844,,,,,
3.22585,1414.57251626263,249.557083359225,386.201959811401,,,,,
3.3094,1418.77233420835,249.883045129145,387.041089230973,,,,,
3.0261,1470.03671702388,244.499635347962,378.335571686258,,,,,
3.9452,1413.84221028757,237.850150591921,376.848635070577,,,,,
3.50285,1418.6455667702,243.782087758533,380.728688220116,,,,,
3.69425,1423.08790092576,246.768983934795,376.748248404884,,,,,
3.7623,1408.36571315062,249.680101502577,386.447524737802,,,,,
3.27715,1409.37437633024,248.949330671191,385.423050670383,,,,,
3.51515,1413.42839476617,249.764779129528,386.859508259935,,,,,
3.54575,1412.91768689689,249.499109133927,386.386275989863,,,,,
3.76285,1408.54756114426,249.949282119795,386.992282029555,,,,,
3.6453,1418.64684280577,240.311242955448,376.503339457146,,,,,
3.94085,1413.76913912426,249.544611025626,381.916465900982,,,,,
3.84575,1413.08960560624,249.755839923553,386.931707497046,,,,,
3.4458,1411.51339717177,249.77996080703,382.147000127511,,,,,
3.07025,1434.52764326716,248.399894781896,384.324087603698,,,,,
3.9363,1408.5041211267,245.463529804319,382.004135543455,,,,,
3.53045,1423.47711837178,244.802369406307,376.414356730603,,,,,
3.96095,1409.09341493693,250.034406512938,384.386433581275,,,,,
3.747,1412.84585814877,244.785346106879,376.374763487014,,,,,
3.35135,1412.71605758574,249.896947283178,386.720311397515,,,,,
3.3082,1418.72373409484,249.131618097781,385.738954068051,,,,,
3.7921,1408.96702706729,246.644122263357,382.928225902447,,,,,
3.9139,1413.14332551764,238.359347977447,376.496387123045,,,,,
3.57315,1418.01571725524,239.997426535689,376.384540306293,,,,,
3.1047,1430.39305694053,250.909480238784,386.098102876333,,,,,
3.82815,1423.88418323607,247.479995329776,377.471724504211,,,,,
3.0256,1475.14791165527,246.265203713818,378.369188705019,,,,,
3.80515,1414.01491123199,250.007936972555,386.773726136417,,,,,
3.3508,1412.7213502321,249.924262250042,386.981874902619,,,,,
3.8526,1418.06193477389,238.486889373889,377.363463900135,,,,,
3.77145,1408.37395780809,246.257028485278,382.682269396602,,,,,
3.60075,1413.93438933703,249.351566811208,380.687456502785,,,,,
3.8283,1423.88418323607,247.002347769803,376.904026447336,,,,,
3.1678,1424.65233524068,249.115520061528,379.78049955302,,,,,
3.4407,1413.74565783643,242.331421114303,379.656514374141,,,,,
3.0773,1438.55613458697,244.951250494567,377.68636261725,,,,,
3.06335,1430.45261239836,251.685000893235,386.971621964634,,,,,
3.4287,1413.69244224315,240.412156635283,376.462056627521,,,,,
3.81375,1413.88097470108,249.530085186502,386.304871769034,,,,,
3.33085,1413.42920171222,249.756137900998,386.568294837988,,,,,
3.7048,1422.38688145858,246.24490451401,376.344822464012,,,,,
3.8917,1417.65583823301,243.951152377041,376.343460246247,,,,,
3.40725,1417.84729167375,243.525822751465,376.524337238992,,,,,
3.66815,1413.3700107559,245.418204838739,381.929413252659,,,,,
3.0583,1440.98696451722,239.653172126042,378.296566462977,,,,,
3.7782,1413.68031449317,244.276667758251,376.526736005944,,,,,
3.6223,1414.16400016367,246.45808629255,376.526081682944,,,,,
3.0463,1442.24823946331,245.731567975041,378.192123750292,,,,,
3.80505,1414.01491123199,250.012910597525,386.853890681213,,,,,
3.7207,1412.31026743553,249.063096174074,385.583142752306,,,,,
3.32995,1413.47256902562,249.794173416627,386.975324384814,,,,,
3.1072,1435.10432878811,246.693488274564,377.218854076436,,,,,
3.4628,1409.33316799965,249.030715755486,385.533881538792,,,,,
3.59625,1408.61342530766,246.998130622975,383.220556321512,,,,,
3.5254,1413.52248619414,249.741000201652,386.823075486243,,,,,
3.9471,1408.74010335105,247.938857923447,384.178043635235,,,,,
3.9739,1418.71503155288,244.904005034364,376.528515078064,,,,,
3.0022,1734.5554857331,6.49918383777447,386.525430494458,,,,,
3.2087,1420.04942203712,249.637469415389,381.682670202624,,,,,
3.80215,1414.00660840663,245.252541267542,381.769333994452,,,,,
3.36715,1417.79738835569,239.079176643415,376.464017428728,,,,,
3.7506,1407.88517630693,245.222255490715,381.779512668726,,,,,
3.2277,1414.57063045916,250.013961180115,386.744348804247,,,,,
3.16,1422.21898706804,243.139884092994,376.895001737813,,,,,
3.2102,1424.90434174378,246.037296784302,376.604105293862,,,,,
3.4807,1419.19582358649,238.737448469058,376.612581895028,,,,,
3.25805,1409.54375493947,249.976024008066,387.050312765416,,,,,
3.8056,1413.99965118778,250.003223588212,386.183661090905,,,,,
3.8103,1418.88090583035,240.537334214136,376.635572597411,,,,,
3.7103,1412.19571371007,248.886604442149,385.371888077469,,,,,
3.43555,1413.95870312784,249.71024473255,381.819836073216,,,,,
3.38565,1418.13462040188,245.597504110779,376.40943847774,,,,,
3.52505,1413.51243273946,249.480813062686,386.330999987511,,,,,
3.32715,1413.28688192002,241.470789930599,379.145376158307,,,,,
3.2197,1419.74378224289,247.51485327391,377.517434383102,,,,,
3.16635,1417.12088576441,250.304390745572,386.198467515875,,,,,
3.8881,1412.69226934976,249.671451175328,386.021837719302,,,,,
3.64915,1413.60278881394,249.752422321004,386.817025603791,,,,,
3.40945,1412.87370821213,240.198200178679,378.340948156339,,,,,
3.2895,1409.48908976616,249.905954519268,386.757794916607,,,,,
3.74915,1412.96957949317,237.627026308002,376.589583576473,,,,,
3.6375,1413.87593411798,246.861375833464,383.185953436167,,,,,
3.21085,1424.79490383119,244.794784290141,376.586271149699,,,,,
3.80685,1419.01787311083,249.658180258528,381.618672265663,,,,,
3.35875,1412.68988669992,245.434461941449,381.891698005179,,,,,
3.91395,1413.14332551764,238.177272277591,376.509687054325,,,,,
3.08195,1433.00552091725,251.324121461172,387.976604079361,,,,,
3.1715,1426.77390587066,238.304401299508,376.841104003989,,,,,
3.87145,1422.50932989514,242.962592163713,376.358962578605,,,,,
3.31795,1413.22446681296,247.429393592984,383.778738986449,,,,,
3.79225,1408.96702706729,247.32265825232,383.551884943045,,,,,
3.0602,1430.63168732491,249.566769525856,385.504044249359,,,,,
3.9045,1412.66490892407,240.318271395029,378.389101993903,,,,,
3.3389,1418.04647786561,248.448929311013,384.891233707953,,,,,
3.60805,1408.8282012452,249.787510616121,386.891525860858,,,,,
3.4676,1419.53576195555,246.510656994531,376.569460959572,,,,,
3.6299,1409.1477245547,249.92226206505,386.649417781643,,,,,
3.51555,1413.43901757054,249.817734587767,386.985393549699,,,,,
3.6576,1408.29013987413,244.091669572034,380.914308906937,,,,,
3.1539,1417.35198390746,250.175185950985,386.957727001295,,,,,
3.1543,1417.35198390746,250.372290463065,387.36333495201,,,,,
3.2525,1414.42244485781,243.648740627031,376.553410884919,,,,,
3.92655,1408.4771319756,247.918760769184,384.239170321187,,,,,
3.30955,1418.7138418155,249.878565564166,387.017872184962,,,,,
3.84585,1413.07161926255,249.752242109222,386.912101895618,,,,,
3.57275,1418.01497882364,241.598960764435,376.381708808174,,,,,
3.1031,1430.66825530828,250.924356361751,387.853958681328,,,,,
3.2353,1414.33357953539,246.95888384962,383.24965177564,,,,,
3.92055,1413.46022506015,249.045024033277,380.045207759849,,,,,
3.63875,1413.95151192532,249.750567768047,386.722303305994,,,,,
3.68045,1413.25169040523,249.812285237068,386.957020314148,,,,,
3.90005,1417.76939550108,248.355608883089,379.057445476561,,,,,
3.60265,1418.74030643168,245.05140905769,376.572353050622,,,,,
3.1012,1430.74655517697,247.745625085702,383.892830272213,,,,,
3.01875,1493.54865543094,248.763212538552,385.529750332967,,,,,
3.1147,1429.24858878498,250.652024823385,386.634525673236,,,,,
3.6707,1413.41023955152,249.815843445181,386.859169047309,,,,,
3.3689,1412.73585704674,244.29753882298,381.047309809701,,,,,
3.76055,1408.25463490346,243.164165814816,380.208517584864,,,,,
3.622,1414.16400016367,247.10390302253,377.059878473631,,,,,
3.72165,1412.40977155163,249.844890485977,386.926841428434,,,,,
3.10685,1435.10432878811,247.198344296791,377.234953234583,,,,,
3.7321,1412.54299687203,249.662476016735,386.84050284321,,,,,
3.24605,1409.22076208591,248.497322386772,384.904052306258,,,,,
3.8247,1413.88403865236,249.950760887723,387.056386409135,,,,,
3.41625,1413.27178111196,246.095149953532,376.483092039642,,,,,
3.25785,1409.54375493947,249.982768168264,387.086915760219,,,,,
3.351,1412.71605758574,249.915267827436,386.923761832011,,,,,
3.3056,1423.94182317766,237.857666929488,376.610190750523,,,,,
3.79925,1419.09696177405,243.341230244967,376.589307088992,,,,,
3.48915,1419.07416105011,245.259007827645,376.665161876038,,,,,
3.00375,1734.30477147876,39.3422241227226,379.908095041807,,,,,
3.129,1423.74560187575,243.574624721428,377.118150356562,,,,,
3.3341,1423.31865626125,245.562405525553,376.407750274802,,,,,
3.43325,1408.89255879681,250.038215895416,387.059536339477,,,,,
3.44285,1408.94521858647,249.939476114129,386.863503749226,,,,,
3.24105,1419.32630144599,246.145204916978,376.587956135547,,,,,
3.88045,1417.68413248136,245.912864411704,376.405636404608,,,,,
3.67375,1418.34599608999,246.585578972631,376.565750490691,,,,,
3.7416,1407.57905385555,249.326474119586,386.172709473957,,,,,
3.98225,1413.66513424392,249.385388392281,381.108423279125,,,,,
3.7851,1408.88379596558,249.893036494923,385.953425113762,,,,,
3.88395,1412.55240856697,240.754432890095,378.667369507637,,,,,
3.06235,1430.58069088534,251.68735370424,388.324483046887,,,,,
3.65025,1413.55433663473,249.805849250889,386.827122896549,,,,,
3.0894,1434.55221995007,239.616685890324,378.245937598496,,,,,
3.30545,1423.9502347214,238.26307714358,376.534488351372,,,,,
3.43335,1408.89255879681,250.03444560556,387.038508090303,,,,,
3.4605,1414.3571545416,237.997614993885,376.987200204806,,,,,
3.91545,1408.04809838203,244.374796560284,381.098012129528,,,,,
3.57465,1413.01349225819,241.323890981266,379.024335340746,,,,,
3.3216,1413.32185719306,249.792684820561,384.085491754247,,,,,
3.4702,1419.38083008311,239.450127917296,376.53481957683,,,,,
3.6666,1418.47998948131,237.741019382582,376.558570005151,,,,,
3.73455,1412.53444641882,249.422759317027,381.982805267426,,,,,
3.3318,1413.46040801935,249.786651880135,384.509179169152,,,,,
3.2965,1414.4249631168,243.414646532787,380.492950113596,,,,,
3.1588,1422.26025215873,246.205177650986,376.909663185913,,,,,
3.7613,1408.27195112782,247.133034912502,383.385751250268,,,,,
3.8104,1418.88090583035,240.113600190976,376.636453791583,,,,,
3.76085,1408.27195112782,244.898966653517,381.481454730756,,,,,
3.91045,1412.98453203897,248.220793682958,378.613923728889,,,,,
3.3808,1408.02071814174,249.560067362693,386.500642036414,,,,,
3.90125,1417.69157088744,245.602613966293,376.354056532597,,,,,
3.09275,1426.72064557857,251.122744490108,388.00608207373,,,,,
3.70345,1417.50118960178,249.581193575243,382.795794314009,,,,,
3.29065,1409.50248691683,249.925674118208,384.22817675708,,,,,
3.52865,1418.6617984469,248.903274027263,380.022024514413,,,,,
3.5114,1423.33955260556,239.517522965727,376.429054925026,,,,,
3.407,1417.84729167375,244.245085026138,376.525981924805,,,,,
3.5261,1413.61352798434,249.812707589651,386.975606435816,,,,,
3.9895,1408.65045749739,250.00328486745,386.929621065011,,,,,
3.9978,1413.62075851968,243.508519206782,380.439913268624,,,,,
3.4892,1419.07416105011,245.150094464777,376.664451821306,,,,,
3.06415,1430.39804843512,251.522789771882,383.893218570005,,,,,
3.51935,1418.55419276707,246.199979827984,376.476872701017,,,,,
3.35085,1412.71605758574,249.922272235815,386.970384175371,,,,,
3.64485,1418.64684280577,242.088569187065,376.503366720088,,,,,
3.94795,1408.84210639383,249.815701963616,386.584165519719,,,,,
3.8171,1413.88505897191,249.640105787224,381.969393277206,,,,,
3.84235,1423.10762446542,238.776273094538,377.492470750738,,,,,
3.9282,1408.7162236558,249.822914558414,386.943468489385,,,,,
3.9955,1418.6983206592,242.245157743612,376.553671062142,,,,,
3.81515,1413.86881439886,249.918436891991,386.97607655074,,,,,
3.0922,1426.75393146308,251.01910627767,387.771151139195,,,,,
3.16655,1417.11792711863,250.318633355517,385.706345510469,,,,,
3.83605,1418.37257161015,249.804148352742,386.667728545833,,,,,
3.1325,1418.58042927002,248.890417331535,385.107789344896,,,,,
3.8416,1423.08741368606,238.70177477496,376.437483515462,,,,,
3.1126,1429.54006974705,250.419265073378,387.103263149645,,,,,
3.1603,1422.21898706804,242.026452111741,376.894466589287,,,,,
3.74255,1407.67852615029,249.686953477746,386.87874375281,,,,,
3.6276,1409.01270572296,248.480802947463,384.804026335125,,,,,
3.71365,1412.28991830236,249.78926515697,383.408120587709,,,,,
3.6901,1413.03878022915,249.466924482648,386.345209553846,,,,,
3.1583,1422.36670988519,246.888748182568,376.922807943765,,,,,
3.91665,1408.16534333608,249.187864074097,385.687591717615,,,,,
3.17405,1421.52179443719,249.316273861377,385.744530722172,,,,,
3.01795,1493.99338427811,239.894166548127,382.205963075934,,,,,
3.06705,1439.99256391837,244.756582670011,377.764050100785,,,,,
3.6618,1408.59291760687,249.82450862948,384.560946270125,,,,,
3.10245,1430.66532588689,250.782849061322,387.541773248742,,,,,
3.8874,1412.71999273535,249.689158537511,386.763306465148,,,,,
3.74105,1407.49888871473,248.216154547798,384.664686461851,,,,,
3.73415,1412.4989155961,249.642826627887,383.842064030932,,,,,
3.7038,1420.01028722981,249.16540143161,380.919456261624,,,,,
3.02295,1491.09986552683,252.491544478117,384.34362394975,,,,,
3.5884,1408.55812793578,250.012131691388,386.898292128001,,,,,
3.45125,1408.98814182412,243.692231136273,380.667296867535,,,,,
3.1179,1429.01198547843,245.823480163358,377.111968005097,,,,,
3.9714,1413.8022006023,249.824255893238,383.823828984641,,,,,
3.69695,1422.78556282456,239.766168281498,376.348737245306,,,,,
3.8695,1422.68157628243,247.008976811442,376.964369217979,,,,,
3.8765,1412.5946733628,249.745615346163,386.903690234652,,,,,
3.06035,1430.63168732491,250.078391092458,386.055805994752,,,,,
3.46025,1414.36157494085,238.048264979752,376.666748295304,,,,,
3.15205,1417.28061869148,243.345456581357,380.444112944712,,,,,
3.97645,1418.7347772629,239.083052684019,377.720169564738,,,,,
3.1216,1418.79106664288,246.375403696898,382.744353471689,,,,,
3.2143,1414.62253311818,245.123206732073,381.728328491415,,,,,
3.07255,1434.29656558776,251.593516388081,388.213349462369,,,,,
3.3968,1417.93949075601,243.925025659225,376.463880809996,,,,,
3.58945,1408.56957458628,250.025107181751,385.204665833898,,,,,
3.8788,1412.62163015678,249.621123941159,382.71313006393,,,,,
3.048,1442.14098761031,239.940478881778,378.506718987766,,,,,
3.8253,1413.89773889498,249.95709577941,387.042561258839,,,,,
3.47025,1419.38083008311,239.232962223132,376.535425370358,,,,,
3.05215,1436.63021333116,251.835429978425,388.384197153245,,,,,
3.9441,1413.7568364867,241.421844817099,376.483180665274,,,,,
3.9118,1413.01768079688,245.431351656004,376.46898968476,,,,,
3.8696,1422.66128449274,246.726238691844,376.664161245377,,,,,
3.75845,1413.2682607949,241.586900767756,376.494600465699,,,,,
3.8391,1423.22659965027,246.139224419384,376.472108718335,,,,,
3.69735,1422.78556282456,238.044500744504,376.355974524367,,,,,
3.25705,1409.49602828541,249.780379861468,386.661056496181,,,,,
3.19785,1415.66897361226,250.107561861126,384.326411072784,,,,,
3.1706,1426.80210320082,241.9494980827,376.792059413121,,,,,
3.66785,1413.3700107559,243.732121834424,380.636095077347,,,,,
3.64845,1413.54424596646,248.924011283259,385.479880071319,,,,,
3.20985,1424.90434174378,246.492531290226,376.617231532854,,,,,
3.88405,1412.55240856697,241.353991954028,379.047842123058,,,,,
3.1453,1422.82920692742,250.473343926613,387.045857616779,,,,,
3.7918,1408.96559006358,245.080949598028,381.63181097841,,,,,
3.4831,1414.07563869349,248.24617204621,384.500714154222,,,,,
3.4826,1414.07314556398,246.118313227003,382.486423368456,,,,,
3.09995,1430.90293574154,240.691600412879,378.838231520021,,,,,
3.23935,1414.38612385952,249.877230066576,383.101658512123,,,,,
3.0421,1442.75242011609,252.164903199538,388.328317921054,,,,,
3.96935,1413.94038858964,249.854073812096,387.030188086673,,,,,
3.78905,1414.0063403188,242.752377964334,376.504745633113,,,,,
3.838,1423.30484400849,249.034058527159,380.250480959504,,,,,
3.1726,1421.62604629704,242.744777168378,379.999195737285,,,,,
3.2986,1414.44430208508,249.923973902648,387.018501724733,,,,,
3.4357,1413.98706962549,249.456953252607,380.960064655955,,,,,
3.1144,1429.33199589239,250.647375818067,387.111799105054,,,,,
3.56965,1413.1427579482,249.351790887404,381.477042553114,,,,,
3.16995,1426.83267205167,244.164148192987,376.803732862099,,,,,
3.1655,1417.17051807804,250.314226969044,387.244590477661,,,,,
3.3499,1412.76265574032,249.759523201763,386.642778120728,,,,,
3.1388,1428.28768331273,245.014302497209,377.054048753769,,,,,
3.0946,1426.56222889965,251.115249131266,385.574793473256,,,,,
3.96155,1414.13495340317,249.654962766312,381.584788293544,,,,,
3.4152,1413.20422738535,248.887947051282,380.082884696552,,,,,
3.961,1409.09341493693,250.029732124551,384.196933045347,,,,,
3.44395,1408.89035392021,250.014139263977,386.935265409378,,,,,
3.14725,1427.72363319166,248.99731040559,379.382490787619,,,,,
3.32755,1413.28212770898,243.863659446777,380.782938429913,,,,,
3.3892,1412.99010297414,242.614080437467,379.852756507166,,,,,
3.22505,1414.51335771215,247.328112259969,383.598045422028,,,,,
3.93615,1408.5041211267,244.645152177002,381.356486429902,,,,,
3.3475,1417.71759474726,239.761283755837,378.042225475787,,,,,
3.03285,1449.01182739531,252.483568304545,386.080539880243,,,,,
3.56035,1418.11789926297,246.424212385546,376.456007231818,,,,,
3.27755,1409.42088402429,249.613784963092,386.400345163419,,,,,
3.4542,1409.19208753764,249.948184890539,386.993698286178,,,,,
3.97465,1418.69538437442,242.808852109326,376.520720460473,,,,,
3.4954,1414.10093157534,249.934523645076,386.999156277787,,,,,
3.154,1417.35198390746,250.250363681788,387.101192963185,,,,,
3.21505,1414.63536141936,248.41678948244,384.769908643995,,,,,
3.9421,1413.80254706828,246.290368908004,376.493485702646,,,,,
3.59055,1413.6831949895,249.073946943892,380.00453697855,,,,,
3.27395,1419.46441044678,240.808906068817,376.574916924378,,,,,
3.0618,1430.58770820241,251.70688173263,388.45195465339,,,,,
3.22165,1419.63239001308,243.473127389736,376.574452274439,,,,,
3.13265,1418.5877928146,249.337985278449,385.624025714994,,,,,
3.88815,1412.69226934976,249.673365844014,385.930323453103,,,,,
3.1905,1420.7688388506,244.288070902633,376.727683347319,,,,,
3.34805,1412.63644857235,243.185345555038,380.250110551059,,,,,
3.2041,1420.18537987707,245.74232891041,382.23995274028,,,,,
3.0598,1430.63599124131,247.819402576298,383.874145924448,,,,,
3.50035,1423.82703690117,242.500592445968,376.533817589357,,,,,
3.7905,1414.06232759596,237.900842315656,376.858577646989,,,,,
3.7866,1414.0389257011,248.586090120802,379.253839543848,,,,,
3.53165,1423.38092854456,241.051923528182,376.397778061668,,,,,
3.63465,1418.99610520735,241.761761313605,376.528387600216,,,,,
3.20445,1420.17887517012,247.387245819374,383.703884030512,,,,,
3.2561,1409.39663280483,247.712724351189,384.011942706909,,,,,
3.6329,1419.09482326594,246.194503223379,376.558421570841,,,,,
3.0496,1436.88185382126,248.516338641496,384.470185694694,,,,,
3.66465,1418.49546474804,244.547054361337,376.433032451416,,,,,
3.91685,1408.21986859994,249.520088418384,386.179396559539,,,,,
3.2774,1409.38059468075,249.419928207439,386.086286844042,,,,,
3.12595,1418.84319030464,250.512596530441,383.456838799056,,,,,
3.92025,1408.4060457228,249.651733297123,381.820783315817,,,,,
3.76295,1408.54756114426,249.958145384254,387.014654952236,,,,,
3.6967,1422.7906733862,240.799414982178,376.349472588221,,,,,
3.6868,1418.13055321772,239.18143785536,376.442363633276,,,,,
3.7229,1412.38637197542,249.810126870605,386.34831357597,,,,,
3.2531,1414.42512457226,241.597784440401,376.555625196475,,,,,
3.78665,1414.05475673022,248.397185646634,378.918810504567,,,,,
3.43065,1408.62882212392,243.888121140611,380.732593483509,,,,,
3.0521,1436.63021333116,251.838165518045,388.41406587588,,,,,
3.2071,1420.09000774592,249.981067637264,386.740624494399,,,,,
3.7284,1417.39115492995,237.858858009484,376.461611370775,,,,,
3.79345,1409.07907030417,249.968183348507,386.857522132658,,,,,
3.64925,1413.60278881394,249.786991380847,386.894252532293,,,,,
3.3629,1412.8641712389,249.903707186188,383.910070076591,,,,,
3.10955,1434.85993227446,238.983842587574,377.17610418408,,,,,
3.5436,1417.84428133794,240.629024107161,378.571602720474,,,,,
3.4789,1419.17010964983,245.126028198152,376.612773814059,,,,,
3.6232,1414.0758680581,245.079574772698,376.508360458883,,,,,
3.58195,1413.35970965446,244.977268588543,376.437571535296,,,,,
3.3783,1417.89409759414,238.940629107161,377.581970424783,,,,,
3.90635,1407.68490826674,249.124911468335,385.688430127805,,,,,
3.13185,1418.57720579089,246.045524966532,382.474936617146,,,,,
3.27095,1419.72448650484,248.723525720184,379.36385561609,,,,,
3.0654,1440.38639936854,248.199949986592,377.841052798735,,,,,
3.74665,1412.85537210666,245.45353144189,376.37617260071,,,,,
3.8596,1423.07584710007,246.236653213374,376.454466690246,,,,,
3.63335,1419.09482326594,245.47916568906,376.546280726804,,,,,
3.33795,1418.06143694835,244.298136143546,381.069867797818,,,,,
3.69315,1413.08099557432,249.637823174502,382.804091420459,,,,,
3.95835,1408.95279891161,249.855488239819,386.661606732079,,,,,
3.98505,1418.591996663,242.530497505104,376.448335242376,,,,,
3.5259,1413.61352798434,249.817358782423,387.000221280113,,,,,
3.6477,1413.53790998332,246.304967148941,382.726469073717,,,,,
3.9997,1413.72596746261,249.881431636337,386.771318931735,,,,,
3.4165,1413.26062338237,245.74074697775,376.479618859354,,,,,
3.50625,1418.5837881362,249.838856057808,386.567768079648,,,,,
3.0935,1426.66187174352,251.091162844841,387.740284955899,,,,,
3.91965,1408.36975952621,249.964860364311,384.548211911403,,,,,
3.51825,1413.47381658021,249.128203569468,380.565219124383,,,,,
3.13505,1418.60149848022,250.589258188583,387.063782322365,,,,,
3.38695,1418.07880771148,242.259255895282,376.396197234065,,,,,
3.54465,1412.80973359636,246.572581779106,382.952269089025,,,,,
3.0619,1430.58069088534,251.705985659547,388.446271180554,,,,,
3.39465,1418.08490368723,248.85538153339,379.626063702274,,,,,
3.9567,1408.87019663915,244.442628649137,381.115195475431,,,,,
3.85975,1423.00915701597,246.053005566043,376.448921086203,,,,,
3.39005,1412.97207886892,247.237347761758,383.499933458955,,,,,
3.80565,1413.9973577919,250.005193673515,386.090390265849,,,,,
3.6539,1418.48240771198,245.437270238001,376.449126174783,,,,,
3.7477,1412.86318316835,242.891665323818,376.376921433356,,,,,
3.80615,1413.99228739948,250.034450896737,384.775507978878,,,,,
3.72915,1417.36487134895,240.107490620861,378.216146691419,,,,,
3.4956,1414.07114611493,249.923708064477,386.897637510529,,,,,
3.9638,1418.93313005766,244.634705392617,376.638933627707,,,,,
3.28015,1409.43822934637,249.926650476052,384.876029895207,,,,,
3.35815,1412.68920958451,241.950015168467,379.370016146889,,,,,
3.4919,1413.95615559234,240.100536023674,378.301482701999,,,,,
3.3262,1418.38794811103,237.81279643344,376.525490372973,,,,,
3.6638,1418.53838561402,246.085946106376,376.450754651791,,,,,
3.6997,1417.59989043948,247.922228436543,384.313588252154,,,,,
3.81005,1418.88090583035,241.55435957123,376.634376167257,,,,,
3.4568,1414.40409232914,247.83219528259,378.007755456578,,,,,
3.77625,1413.68796032746,248.662657853706,379.512201749337,,,,,
3.6015,1418.89934938993,246.905205113176,376.784033784521,,,,,
3.061,1430.61436057429,251.398331773373,387.830541203183,,,,,
3.57515,1407.97966338446,244.318273877235,381.099310577142,,,,,
3.41085,1407.89881468224,247.688061471688,384.067722617913,,,,,
3.3202,1413.30679083686,249.786371846939,386.825057612548,,,,,
3.3142,1423.35288136944,244.066739601662,376.439805355206,,,,,
3.38095,1408.03113709033,249.659360792281,386.696124103856,,,,,
3.839,1423.22659965027,246.262120316363,376.47575587252,,,,,
3.9582,1408.95279891161,249.714621456812,386.409002435354,,,,,
3.757,1413.26496289217,245.650152169532,376.49157822027,,,,,
3.91705,1408.21986859994,249.742365399832,386.557396809975,,,,,
3.6264,1411.51009015638,242.672642978198,379.890598825351,,,,,
3.7907,1414.03041108128,238.519514506689,377.327720104553,,,,,
3.55745,1413.02156863022,249.725351497962,386.760123569667,,,,,
3.9704,1413.82059542375,249.81257591531,386.450575858015,,,,,
3.48475,1414.13867784204,250.101776683029,387.141488578904,,,,,
3.13485,1418.60149848022,250.594600686799,387.284024118962,,,,,
3.9539,1413.936883789,243.456958214396,376.581829609417,,,,,
3.02515,1480.27954225944,247.510868202775,378.408067112442,,,,,
3.40985,1407.81397076346,242.582603401174,379.874912835899,,,,,
3.19075,1420.74184603321,243.538893872998,376.725505996122,,,,,
3.65885,1408.40369228256,249.098535883281,385.687104016007,,,,,
3.59715,1408.69358415464,249.571346970694,386.18285380274,,,,,
3.00355,1734.43942286922,31.9085546479076,379.920007588099,,,,,
3.48445,1414.16383021622,250.096551452557,387.135185297944,,,,,
3.90505,1407.60896777572,243.721242403765,380.64463869506,,,,,
3.3372,1423.16070443063,239.830127399762,378.075992288283,,,,,
3.63425,1419.01386345022,243.1824083822,376.531396399744,,,,,
3.1528,1417.27453133235,247.400821804329,383.63563458071,,,,,
3.23795,1414.39336649335,249.937098197359,386.733022958959,,,,,
3.0412,1442.98644481889,252.204604527935,388.747569984364,,,,,
3.2413,1419.32630144599,245.765160770722,376.581891237675,,,,,
3.66855,1413.37134138697,247.302303147604,383.604536721609,,,,,
3.80175,1414.0147376219,242.939944044676,380.071310489176,,,,,
3.45415,1409.19208753764,249.950817881937,387.014826825008,,,,,
3.97455,1418.70312897036,243.138575127387,376.521328767156,,,,,
3.5538,1415.36771065848,239.996523212081,378.212031556384,,,,,
3.5232,1413.42544761542,242.102701050063,379.570458096597,,,,,
3.24295,1419.23820637874,241.020073838787,376.56571303871,,,,,
3.30695,1418.76940050901,244.076239442827,380.933751609171,,,,,
3.19965,1425.56829599516,246.495960171409,376.701159560191,,,,,
3.354,1417.84530587427,246.765811461737,376.639169047109,,,,,
3.7289,1417.36487134895,238.714685780474,377.390240883107,,,,,
3.82265,1413.7337088474,244.472860477752,381.227059713349,,,,,
3.11315,1429.55086170646,250.678017730344,387.630650415907,,,,,
3.55425,1412.86380851726,242.691074477863,379.945135807205,,,,,
3.4552,1409.20085481209,249.941379239307,385.71471283738,,,,,
3.83405,1418.43760972718,248.847454745758,385.325975523475,,,,,
3.48295,1414.07563869349,247.698001996597,383.930686437062,,,,,
3.28445,1414.44797088294,239.972035099344,376.59322621458,,,,,
3.8049,1414.01491123199,250.021218782256,386.947359995703,,,,,
3.0842,1432.61663522989,251.389365178007,385.986255032485,,,,,
3.7985,1419.14776552786,245.335344832874,376.598340668688,,,,,
3.58445,1413.46055462213,238.456142104205,377.297939026231,,,,,
3.66415,1418.53838561402,245.567013867484,376.44191876516,,,,,
3.81575,1413.84266636416,249.895183099835,386.453351059143,,,,,
3.13335,1418.60173040863,250.465204975173,387.270499848378,,,,,
3.85765,1413.12470667116,249.808375179404,384.931140828932,,,,,
3.50315,1418.6455667702,245.46312153815,382.020916489432,,,,,
3.2441,1419.28211363977,238.429471169179,377.306168197405,,,,,
3.4352,1408.91230244352,249.990573741439,383.560549713917,,,,,
3.97375,1418.72034016295,245.21892564173,376.530975024296,,,,,
3.05655,1441.1288322586,245.506607890208,377.964106827045,,,,,
3.5019,1423.7486968613,238.297979990344,377.227425941073,,,,,
3.36175,1412.82920961429,249.890005921614,386.616607487509,,,,,
3.0911,1426.75238170997,248.844844931797,384.911098331322,,,,,
3.34605,1422.71928899242,240.867987584626,376.351970206355,,,,,
3.68965,1413.01253705552,248.730841607922,385.256480421933,,,,,
3.82015,1418.82359389824,242.203662929365,376.541038057361,,,,,
3.0977,1436.19469548741,245.060361819687,377.394883880334,,,,,
3.31675,1418.21995096175,240.925526775659,378.781844021982,,,,,
3.7634,1408.54416848979,249.952723605672,386.972177252554,,,,,
3.20205,1425.37945123197,239.649903816504,376.655029122491,,,,,
3.45205,1409.03271342099,247.706883460048,384.032373554551,,,,,
3.13695,1428.60018404584,249.085693791874,379.439599611522,,,,,
3.6564,1418.45616660285,237.744680259434,376.728467481376,,,,,
3.2098,1424.90434174378,246.548149489663,376.619468823728,,,,,
3.8137,1413.87006221099,249.462676785695,386.19673525622,,,,,
3.86795,1417.68678687817,249.800323601816,384.934868716001,,,,,
3.36355,1417.88625610061,249.2465931404,380.59046532173,,,,,
3.69955,1417.60562427152,247.387196456027,383.748038785055,,,,,
3.6741,1418.33823402728,246.142362337319,376.477259065417,,,,,
3.31565,1423.31836800472,238.643558734802,376.431590796569,,,,,
3.7257,1417.41675022415,246.076528903818,376.42183328639,,,,,
3.05625,1441.17811803501,246.346989024915,377.974367104686,,,,,
3.91865,1408.31302787977,249.936147196309,386.674543889792,,,,,
3.9518,1414.04388586496,248.023910837508,378.125462040281,,,,,
3.21205,1424.74224179113,240.850531151274,376.569348809538,,,,,
3.2587,1409.53126288249,249.945166909013,386.650736385838,,,,,
3.89495,1412.57651576357,244.763060463258,381.427389656927,,,,,
3.78945,1414.00953793124,241.287829013328,376.507911813683,,,,,
3.30665,1418.81268526852,242.291857730153,379.679518572506,,,,,
3.73,1412.32340478135,245.058338478698,381.646114142572,,,,,
3.87175,1422.48156304971,241.915646525536,376.356757987073,,,,,
3.7123,1412.25046534447,249.808695475604,386.660652508709,,,,,
3.4393,1418.79329474726,239.374189392935,376.561720105611,,,,,
3.39255,1413.04785086043,249.938285298803,386.783335491218,,,,,
3.703,1417.49819845912,249.68192889258,384.62925111479,,,,,
3.5613,1418.01095962492,245.003355322495,376.398876522784,,,,,
3.70585,1422.28966171542,244.529493380465,376.313695233726,,,,,
3.04095,1442.98644481889,252.192280757163,388.718840195014,,,,,
3.58475,1413.37935074169,240.209649816774,378.331355469744,,,,,
3.20835,1420.03511973907,249.954387492526,383.466793646237,,,,,
3.6696,1413.43333437586,249.655664260787,386.570212830268,,,,,
3.07475,1433.96621050761,251.023955213623,382.166608768959,,,,,
3.8569,1413.10746921591,249.77702926028,386.515664987543,,,,,
3.7313,1412.38514896717,249.315694214435,386.152359303934,,,,,
3.75595,1413.33899904834,247.522048434508,377.518811811558,,,,,
3.02725,1459.92961095512,240.066150656679,378.495356772921,,,,,
3.09755,1436.25665506292,245.472914184162,377.400098894992,,,,,
3.58675,1408.47383810029,249.471734955483,386.048395766691,,,,,
3.3122,1423.53419661716,248.55610629269,379.2260680493,,,,,
3.11435,1429.33959241688,250.648346440406,387.17233541037,,,,,
3.8382,1423.30484400849,248.409445028121,378.971785715769,,,,,
3.24515,1409.16030756294,244.533140880629,381.273249907765,,,,,
3.22665,1414.6216797689,250.0461737615,387.116044251841,,,,,
3.34405,1422.85993211492,246.077661433172,376.386875212357,,,,,
3.2009,1425.41464853064,243.986955622264,376.666023497325,,,,,
3.06215,1430.58069088534,251.697426026538,388.399269064225,,,,,
3.3791,1407.79340254936,243.721245917479,380.668606710844,,,,,
3.91695,1408.21986859994,249.643614563354,386.382840048047,,,,,
3.5306,1423.43930726849,244.452431817807,376.411207757209,,,,,
3.3822,1408.01525523205,249.738546142152,386.718317353969,,,,,
3.6025,1418.77378635262,245.368299491499,376.57511823303,,,,,
3.875,1412.4630191203,247.897304756111,384.257974240642,,,,,
3.4309,1408.63821913313,245.327507823853,381.822838671886,,,,,
3.50565,1418.62960480541,249.866826403275,386.985498519044,,,,,
3.6697,1413.46073636115,249.718843485794,386.696144588868,,,,,
3.86235,1422.89283928295,238.155131567545,376.420237357162,,,,,
3.66305,1418.67513628475,247.713174801505,377.88582491763,,,,,
3.2147,1414.62875917936,247.113859869728,383.429886260918,,,,,
3.65915,1408.40369228256,249.531840994875,386.360539359105,,,,,
3.4478,1413.99290426116,245.432361967953,376.661636923082,,,,,
3.0045,1734.18503315868,62.2078199340391,379.868351914858,,,,,
3.1111,1429.63494744672,245.389610138905,381.933282568158,,,,,
3.8543,1412.98685050038,247.72521415578,384.115458376589,,,,,
3.89055,1417.76164908059,246.120081512402,376.363236392413,,,,,
3.8886,1412.71039950621,249.701628168049,384.793158662595,,,,,
3.3757,1417.83552149232,244.870427166061,376.387308615135,,,,,
3.66985,1413.49986286301,249.781456887444,386.831759829081,,,,,
3.14535,1422.82920692742,250.472484728354,386.98481622122,,,,,
3.5272,1413.57930701565,249.780797260585,386.014933672365,,,,,
3.5682,1413.06678173464,249.687460584113,386.339311727421,,,,,
3.46575,1409.51054274662,249.975437964689,385.060558202985,,,,,
3.4705,1419.39292808727,238.179746858847,376.552332889622,,,,,
3.76795,1418.4443862941,244.297219984453,376.569680716059,,,,,
3.37135,1412.94555234655,249.708278027945,386.857472118087,,,,,
3.4876,1419.15455056136,248.503786972534,378.864201222385,,,,,
3.93555,1413.5643501197,241.07650829902,378.882998382297,,,,,
3.2639,1414.61790277047,239.694185544633,376.568016567795,,,,,
3.158,1422.36670988519,247.388058955986,377.220626941662,,,,,
3.8109,1418.94163939041,238.07726326021,376.684507955015,,,,,
3.421,1408.28574625573,247.153309657955,383.517225419187,,,,,
3.58205,1413.35970965446,244.760713436906,376.437238347789,,,,,
3.30595,1423.90341370703,238.295695848422,377.214345964184,,,,,
3.1288,1423.74560187575,244.217272768678,377.119815497693,,,,,
3.88415,1412.55240856697,241.957440081751,379.441502581102,,,,,
3.59895,1408.81575103745,249.987842598265,386.674987188226,,,,,
3.8748,1412.46002548732,247.14902156995,383.487249345747,,,,,
3.3412,1417.99414208818,249.717276218086,386.471662210091,,,,,
3.70075,1417.66852274274,249.626578351417,386.722250066817,,,,,
3.77435,1408.55292583635,249.793915556942,386.553334358468,,,,,
3.0431,1442.60797751025,252.19293520942,386.063864953873,,,,,
3.8179,1418.95749278853,247.2774057277,377.269813732779,,,,,
3.6687,1413.37625733322,247.868487172402,384.18370557382,,,,,
3.67535,1418.25916090316,243.537189661339,376.455687559931,,,,,
3.63355,1419.06356144179,245.074840057596,376.54201925126,,,,,
3.389,1412.99010297414,241.366945758219,379.03440580111,,,,,
3.8322,1423.55986477431,239.809205788069,378.048604550039,,,,,
3.25,1414.43489576228,249.448493230474,381.338264269341,,,,,
3.5014,1423.79171171784,238.238955090062,376.536666213656,,,,,
3.19535,1415.65443849625,250.030152762336,387.006097216242,,,,,
3.9225,1413.44700396285,244.637219027857,376.530604685489,,,,,
3.01815,1493.99338427811,242.731949912228,383.018546927559,,,,,
3.89815,1412.69354070229,249.645332311722,386.366276922427,,,,,
3.83825,1423.30484400849,248.213669525936,378.639527505862,,,,,
3.93515,1418.62451307629,238.743276349375,377.477494602926,,,,,
3.22085,1419.65272759785,245.471306805601,376.583201767768,,,,,
3.3767,1417.82217788116,241.967293519294,376.382079604713,,,,,
3.70085,1417.68416306019,249.656380810953,386.790385397555,,,,,
3.6331,1419.09482326594,245.907411254998,376.552531743639,,,,,
3.3615,1412.84870690295,249.902215212471,386.808173599455,,,,,
3.84935,1418.17713544583,246.154806463625,376.484822089325,,,,,
3.13165,1418.59155808325,244.931487676474,381.615474918106,,,,,
3.327,1413.28688192002,240.572677506193,378.57857766341,,,,,
3.9584,1408.96211299824,249.8915529092,386.731234274744,,,,,
3.8508,1418.06424998587,243.053687724647,376.465770981963,,,,,
3.63135,1409.182657621,249.788150369922,382.547093052116,,,,,
3.6491,1413.60278881394,249.729539726692,386.768167901667,,,,,
3.07105,1434.41317245024,250.941775361057,387.119999382117,,,,,
3.02525,1480.27954225944,247.262690765428,378.398716974632,,,,,
3.5469,1412.88175398869,249.746961682104,386.851549529895,,,,,
3.17945,1426.18022408802,245.950195033881,376.75550781694,,,,,
3.5202,1418.48174325766,244.750727470029,376.465118517243,,,,,
3.27745,1409.39335442046,249.491345858523,386.198185796411,,,,,
3.47275,1414.28788129301,248.112396189295,384.360716226341,,,,,
3.2241,1414.52942701029,242.160097620213,379.586258722507,,,,,
3.9788,1413.66999650964,249.563059616447,386.380231421862,,,,,
3.5754,1407.98322670166,245.683415805755,382.180738221053,,,,,
3.4671,1419.5980720843,247.856927680139,378.015750121426,,,,,
3.4866,1414.09432400333,250.087619936144,384.273402215815,,,,,
3.06655,1440.09299696551,246.206804923563,377.781946466898,,,,,
3.5738,1418.07818647193,237.632730218124,376.536420175778,,,,,
3.76,1413.30035781403,239.892180580251,378.10520089011,,,,,
3.3444,1422.85993211492,245.576733768469,376.376156855445,,,,,
3.5697,1413.15497166906,249.271588374306,381.192399994494,,,,,
3.0754,1438.93475719454,248.863659380081,378.365839332347,,,,,
3.29665,1414.40223332717,244.29166905468,381.127062185439,,,,,
3.7686,1418.43585894794,242.231746343073,376.565138712284,,,,,
3.78005,1413.78098036873,237.779417887791,376.68727368204,,,,,
3.44815,1413.99290426116,244.648862800921,376.660058504003,,,,,
3.56115,1418.01095962492,245.297313621174,376.400688395903,,,,,
3.3516,1412.70909934828,249.889043961696,386.462223587686,,,,,
3.49125,1419.06790124517,238.035721591737,376.744185127013,,,,,
3.3425,1417.9562908943,249.646552894629,382.835356259957,,,,,
3.17965,1426.10463988458,245.572945351496,376.749193933298,,,,,
3.3995,1412.86396587488,242.518360053744,379.736695212022,,,,,
3.0209,1492.29119159504,252.714950980422,389.209762595028,,,,,
3.81965,1418.83341712223,243.839708402899,376.542829667147,,,,,
3.64445,1418.67930906922,243.442361027709,376.506324934816,,,,,
3.8454,1413.11318576471,249.751608663659,386.931448187905,,,,,
3.46745,1419.59082110346,246.764805325124,376.714986422394,,,,,
3.84675,1413.0562377908,249.716766206303,386.212208995393,,,,,
3.212,1424.74224179113,241.054121520089,376.569574590042,,,,,
3.3374,1420.65294921431,241.01571172852,378.808152390321,,,,,
3.2401,1419.43203445075,248.354601700277,378.762209426501,,,,,
3.6745,1418.31924039956,245.544973063737,376.467571683478,,,,,
3.3419,1417.95073361528,249.741686392668,385.135656861982,,,,,
3.54605,1412.9409226585,249.6920840146,386.765914260148,,,,,
3.55415,1412.86380851726,242.088328564837,379.538245645407,,,,,
3.91425,1413.14332551764,237.895343485557,376.836090281423,,,,,
3.8693,1422.69052753526,247.708944644177,377.886401501087,,,,,
3.1098,1434.81441384554,238.625348815224,377.401446182262,,,,,
3.26135,1414.70095265069,246.527768368652,376.582866043699,,,,,
3.2563,1409.39663280483,248.400443341009,384.749039763703,,,,,
3.72825,1417.39115492995,238.362942224153,376.418100785991,,,,,
3.7121,1412.25046534447,249.819085315873,386.794835715656,,,,,
3.4137,1408.08123965594,249.728984528245,386.082085279492,,,,,
3.3052,1423.94967056799,239.341022850321,376.530003007874,,,,,
3.49025,1419.03675686871,241.978912231953,376.657305866875,,,,,
3.7411,1407.49888871473,248.358871616375,384.833477120122,,,,,
3.277,1409.37437633024,248.567753756119,384.948256357157,,,,,
3.32305,1418.43834599003,246.680042459234,376.64777324585,,,,,
3.8714,1422.51229581145,243.124207960216,376.359460403931,,,,,
3.5587,1413.02829974915,249.741860488547,384.428308857253,,,,,
3.8459,1413.07161926255,249.750119618334,386.899527388394,,,,,
3.0743,1434.01852780325,251.536542040309,384.548475835361,,,,,
3.17055,1426.81021457742,242.140874065936,376.792718079735,,,,,
3.67495,1418.25916090316,244.62059048498,376.460059223393,,,,,
3.1797,1426.08698687395,245.4701926341,376.747717201838,,,,,
3.9457,1413.75889321363,240.240001223349,378.359919384764,,,,,
3.84385,1413.00445391841,247.129656660797,383.502797212959,,,,,
3.69075,1413.11766838651,249.749964462247,386.921159259287,,,,,
3.9728,1418.8001887751,246.656183866345,376.67570217947,,,,,
3.93155,1418.76914416966,246.625225877167,376.622921745026,,,,,
3.32775,1413.28323239458,244.992105388181,381.640542276107,,,,,
3.5858,1408.38306980339,246.40359860253,382.730365591633,,,,,
3.8553,1413.05373253762,249.683626168666,386.720093230275,,,,,
3.3823,1408.01525523205,249.733622847326,386.642858069931,,,,,
3.38865,1418.04109056831,239.225818735207,377.726716836392,,,,,
3.64075,1413.80988259536,249.839240983536,385.775347224031,,,,,
3.94705,1408.74010335105,247.749923112012,383.985114888357,,,,,
3.83005,1423.62686425943,243.569370042673,376.461974226044,,,,,
3.623,1414.0758680581,245.4707110926,376.510519677103,,,,,
3.0643,1430.39804843512,251.346638956372,383.080031652775,,,,,
3.6248,1414.10389596559,239.846804949369,376.511715415587,,,,,
3.7377,1417.43790047529,241.703525005251,376.339103529295,,,,,
3.58225,1413.35970965446,244.281714683549,376.436964793933,,,,,
3.4728,1414.28970710267,248.283754868838,384.545761753528,,,,,
3.43495,1408.91230244352,250.033727991083,384.558913151729,,,,,
3.52345,1413.4241876122,243.600314271002,380.602455430458,,,,,
3.2499,1414.43489576228,249.59840824265,381.898971471849,,,,,
3.46485,1409.46741256851,249.94928564478,386.784303325167,,,,,
3.10545,1430.3595953271,250.691371729681,383.025259375421,,,,,
3.80405,1414.13031621845,250.023653034777,387.048625607997,,,,,
3.47565,1414.25864793324,250.044364281533,386.107927037878,,,,,
3.495,1414.10535790384,249.949716828788,387.091821185914,,,,,
3.37585,1417.82514153794,244.534094542628,376.385700696465,,,,,
3.58235,1413.35970965446,244.018629859878,376.437016118253,,,,,
3.46215,1409.25376762438,246.824902699314,383.171236681004,,,,,
3.3617,1412.83201917173,249.892066628062,386.662584330272,,,,,
3.53065,1423.42750876477,244.328376331699,376.41022508268,,,,,
3.69585,1422.82019566516,243.743222384802,376.36067382155,,,,,
3.22785,1414.56009844556,250.010180153427,386.575980550614,,,,,
3.96495,1418.91328538056,240.739262514075,376.63042983005,,,,,
3.48415,1414.15600559772,250.028837183129,386.977379627082,,,,,
3.3033,1424.13652134866,245.482181773871,376.567090263951,,,,,
3.90445,1412.67460172168,240.011062528685,378.202148006744,,,,,
3.82055,1418.83217021557,240.643854232884,376.542557672735,,,,,
3.79095,1414.0080464271,239.93765717758,378.160240414314,,,,,
3.44595,1414.01139790812,249.566422010207,381.319806329769,,,,,
3.41675,1413.23281942315,245.313490117236,376.477427930557,,,,,
3.6568,1415.83831448731,239.334454751071,377.796430750084,,,,,
3.6734,1418.39363771529,247.596428843541,377.707339503763,,,,,
3.6432,1418.7759014191,246.124927018529,376.530147389411,,,,,
3.236,1414.36384834005,249.19116792388,385.713568129544,,,,,
3.5009,1423.79171171784,240.376263481062,376.529771875298,,,,,
3.59525,1413.65569845917,241.462617285845,379.054529543483,,,,,
3.4425,1408.82075440777,249.646201712034,386.325551960712,,,,,
3.20795,1420.03511973907,250.010638412193,385.017290203878,,,,,
3.50875,1423.47994216421,246.556919329325,376.540933458534,,,,,
3.97515,1418.6880430109,240.951623433879,376.520081460322,,,,,
3.93715,1408.56175505337,248.773475578708,385.271384084854,,,,,
3.81625,1413.84045919985,249.91861822231,385.441659470517,,,,,
3.77765,1413.69424018184,245.478384858384,376.529899377865,,,,,
3.8794,1415.12862097762,248.503033417043,379.257684822827,,,,,
3.77165,1408.40414927774,247.159859033553,383.51279436434,,,,,
3.40425,1412.94563590194,249.861869310744,383.469422919762,,,,,
3.55445,1412.86286008871,243.875995663347,380.785058749583,,,,,
3.63305,1419.09482326594,245.983533656225,376.553923158517,,,,,
3.9025,1417.63644812228,242.527563969347,376.342862162017,,,,,
3.1674,1419.63108963499,250.022071946275,382.19903750555,,,,,
3.1769,1421.3276389389,250.232328754447,385.505525446138,,,,,
3.73385,1412.4989155961,249.651163324418,384.892664955996,,,,,
3.48855,1419.13711720873,246.298890028754,376.676881763979,,,,,
3.6907,1413.11522670481,249.746193412443,386.911598232155,,,,,
3.09625,1436.52832222156,247.796165674872,377.517590710953,,,,,
3.78355,1408.86859244901,249.91958601483,387.06983593427,,,,,
3.5689,1413.08644245933,249.720048120305,384.801292901406,,,,,
3.26415,1414.61790277047,238.612200517646,376.573239504138,,,,,
3.7852,1408.88379596558,249.899643052238,385.728031231531,,,,,
3.8205,1418.82830958871,240.848711594275,376.542192242733,,,,,
3.17715,1421.3276389389,250.237813438717,384.690467180331,,,,,
3.08695,1437.24279377098,246.527667911269,377.618152171435,,,,,
3.7355,1417.56157010055,246.705180022132,376.710536848309,,,,,
3.10205,1430.66390695446,250.347658601214,386.80329203491,,,,,
3.2053,1420.16005896229,249.62186949967,386.380387018082,,,,,
3.8099,1418.88090583035,242.12934306224,376.634260927665,,,,,
3.2013,1425.41464853064,242.679946827437,376.659553899342,,,,,
3.94075,1408.76355098244,249.650585720412,382.443066665924,,,,,
3.71945,1412.24201244517,243.945344585659,380.760301649372,,,,,
3.15105,1427.45699750948,238.290382724006,377.154118002583,,,,,
3.4747,1414.30391527266,250.068626897181,387.058701812685,,,,,
3.9169,1408.21986859994,249.585115631704,386.284708101798,,,,,
3.69565,1422.85190864301,244.278107495613,376.364806501488,,,,,
3.0976,1436.23561134815,245.339174340613,377.398327979417,,,,,
3.14655,1422.74576539754,250.407151603987,383.487083811603,,,,,
3.7439,1407.70267848911,249.658681042844,385.634248304913,,,,,
3.10415,1430.47391535407,250.883256205724,387.241606558624,,,,,
3.23735,1414.48951945731,249.967161585947,387.032567371189,,,,,
3.8657,1417.81065658407,249.722449228942,386.773581921113,,,,,
3.7119,1412.25046534447,249.829554111612,386.880616388186,,,,,
3.5429,1422.91100003873,237.597181986422,376.56300595257,,,,,
3.79835,1419.16383601236,245.63051386982,376.601083463808,,,,,
3.65435,1418.48240771198,244.486375866184,376.441292521424,,,,,
3.34285,1422.94162257579,249.227620558083,380.956698468952,,,,,
3.1835,1415.82753700748,246.043302686574,382.449311401923,,,,,
3.82555,1413.87101028336,249.944371635996,386.942641562429,,,,,
3.68735,1418.13055321772,237.735290633943,376.739020674314,,,,,
3.01885,1493.46086428822,249.433580599808,385.930444070114,,,,,
3.3503,1412.76265574032,249.914816501375,386.976091242525,,,,,
3.87295,1422.52500232274,237.625726421173,376.600735376422,,,,,
3.5705,1418.14502978487,246.744449612114,376.74469925204,,,,,
3.36135,1412.86405229358,249.910404330453,386.883290445817,,,,,
3.79855,1419.13758183586,245.229710068583,376.597502408071,,,,,
3.99375,1418.76844777781,246.419391900711,376.57838818203,,,,,
3.91015,1412.97525803777,249.174236508589,380.543257964916,,,,,
3.7588,1413.32741325447,240.162095580269,376.500358514784,,,,,
3.72635,1417.39645366072,244.962186793616,376.411182836852,,,,,
3.68585,1418.09823195995,242.888691127721,376.439454783804,,,,,
3.80255,1414.00754809302,247.217319089215,383.461688620071,,,,,
3.5918,1413.66048348465,246.04144275005,376.555082532897,,,,,
3.0676,1439.9398208445,242.726011785297,377.748524833974,,,,,
3.7404,1407.41851147684,245.553921346246,382.089792416357,,,,,
3.09955,1436.03344457804,238.934257052363,377.717617993528,,,,,
3.0366,1453.4350980976,243.704611462649,378.230437487695,,,,,
3.3493,1412.65687830387,248.867618535317,385.295440714407,,,,,
3.62675,1408.9794245474,244.732797958721,381.370969480488,,,,,
3.05525,1441.36945030246,248.209552610371,378.018058342656,,,,,
3.1796,1426.12277027683,245.672258039915,376.750709788718,,,,,
3.46695,1419.5980720843,248.451729835219,378.95181725561,,,,,
3.39565,1418.02577060419,246.240040604611,376.4830905546,,,,,
3.0478,1442.14098761031,239.942972404359,378.246916545489,,,,,
3.5616,1417.99350648697,244.314330664111,376.396215271902,,,,,
3.575,1407.97966338446,243.441676836295,380.455945061507,,,,,
3.05605,1441.17811803501,246.829260203674,377.981825980061,,,,,
3.98095,1413.62151682384,249.882472551268,386.146578988837,,,,,
3.89525,1412.57651576357,246.299540593127,382.711584563313,,,,,
3.91485,1408.04179186694,240.783359777413,378.667124423161,,,,,
3.4291,1413.70766380355,238.713416513523,376.471030897214,,,,,
3.49735,1414.07315281416,249.71097949515,382.237241014775,,,,,
3.41685,1413.23070882083,245.119982361878,376.476848700489,,,,,
3.25555,1409.37895334424,245.128036187125,381.726368729427,,,,,
3.55865,1413.02282126325,249.742450594853,384.603304005656,,,,,
3.9826,1418.70538199165,248.371394275088,378.867762439309,,,,,
3.8345,1418.45473060948,249.56657306385,386.399332610291,,,,,
3.02745,1454.90630545059,240.377253116892,378.870496627301,,,,,
3.91775,1408.3099007516,249.972607189587,387.040361887286,,,,,
3.94855,1408.87842355513,250.066521675637,387.10141611176,,,,,
3.82965,1423.65750282267,244.652280703908,376.469420930455,,,,,
3.8682,1417.68678687817,249.792477346297,384.042991810742,,,,,
3.22195,1419.624374313,242.469742137795,376.5733417991,,,,,
3.30425,1424.01312033478,243.034245580135,376.541270174885,,,,,
3.3182,1413.22446681296,248.292984342438,384.705808334605,,,,,
3.2841,1414.44390589368,241.405933466479,376.589548310181,,,,,
3.1682,1427.13350649009,247.627495374335,377.513882992754,,,,,
3.11155,1429.59602008603,247.683880932095,383.853640704951,,,,,
3.05725,1441.04603876088,243.023610206404,377.944967926788,,,,,
3.21015,1424.90434174378,246.110305412289,376.605797323859,,,,,
3.8355,1418.47564708853,249.831914070238,386.926088978767,,,,,
3.1607,1422.23688193685,240.372652753595,376.896444483291,,,,,
3.52,1418.48174325766,245.18037225229,376.466773906999,,,,,
3.02855,1449.61254732718,246.869818391896,383.062227823375,,,,,
3.55955,1418.06843904544,248.946022961004,380.219232040416,,,,,
3.1391,1428.28768331273,244.162950464412,377.046533650601,,,,,
3.919,1408.32228304827,249.932692590526,386.220840396798,,,,,
3.83725,1418.32094504199,249.820988434644,384.065320726206,,,,,
3.161,1422.24529828632,239.055243547729,376.900574600896,,,,,
3.83,1423.62686425943,243.718553042897,376.462791385971,,,,,
3.24275,1419.23863610689,241.80393852268,376.565502361142,,,,,
3.3383,1418.06143694835,246.157821038351,382.578104261536,,,,,
3.5952,1413.65569845917,241.16549920313,378.866501361008,,,,,
3.80055,1419.10705916061,238.197241437058,376.627314989742,,,,,
3.18965,1420.81177881649,246.119153524613,376.741386879558,,,,,
3.82515,1413.89773889498,249.962924709756,387.075987932037,,,,,
3.5618,1417.98068581643,243.777666806022,376.395096143999,,,,,
3.25275,1414.42443425723,242.857335535802,376.553694870376,,,,,
3.6644,1418.53838561402,245.101484529459,376.437008809005,,,,,
3.9985,1413.62206142846,247.184206805847,383.415045287232,,,,,
3.72415,1412.43244043424,249.691061116395,382.510138084811,,,,,
3.68365,1418.23257802426,247.801470669386,378.030132416752,,,,,
3.18255,1420.92355877867,240.493312161411,378.559875740095,,,,,
3.0271,1459.92961095512,240.254644923326,378.345818411912,,,,,
3.4052,1417.99856007054,247.919495555096,378.084724175876,,,,,
3.61675,1408.84728420964,246.330861484902,382.733956452604,,,,,
3.87545,1412.48066725713,249.058214295053,385.687901571897,,,,,
3.02915,1449.51617895739,249.927015460816,385.643579305685,,,,,
3.30765,1418.7375596495,247.550455086476,383.890341193599,,,,,
3.9952,1418.70051180621,243.286878686354,376.554788763657,,,,,
3.68615,1418.09823195995,241.832921238781,376.438486666524,,,,,
3.3739,1417.94382380342,248.95409509182,380.289398926538,,,,,
3.9763,1418.74494932969,238.297802773748,377.254115006025,,,,,
3.7157,1417.31868156205,245.6178288455,376.404502511382,,,,,
3.23585,1414.36384834005,248.859417032884,385.274042129831,,,,,
3.569,1413.08644245933,249.721147579535,384.464619118364,,,,,
3.60545,1413.68573013522,240.579024006164,378.54539903895,,,,,
3.4997,1423.84563902113,244.472327757943,376.54477051781,,,,,
3.4828,1414.07501976222,247.070562420897,383.327209283036,,,,,
3.524,1413.43200114646,246.536770686288,382.948948143153,,,,,
3.73775,1417.43928226039,241.516540669914,376.339250590984,,,,,
3.7188,1414.74545638196,240.063217966739,378.186914719975,,,,,
3.4249,1408.59792873729,249.806698545031,383.447176101599,,,,,
3.8198,1418.82359389824,243.389127163079,376.541926231788,,,,,
3.3545,1417.82507093094,246.075262981389,376.460888095205,,,,,
3.7496,1412.9246366092,239.173032470008,377.716893678995,,,,,
3.77955,1413.71870251039,239.491311561058,376.537382801108,,,,,
3.7589,1413.32741325447,239.735273085099,376.502528990787,,,,,
3.4416,1408.742701442,247.216467778101,383.457535040192,,,,,
3.8504,1418.08884785122,244.215830198101,376.46797678417,,,,,
3.151,1427.45699750948,238.28039373768,377.08326099746,,,,,
3.8183,1418.95749278853,246.428273236258,376.566104699024,,,,,
3.68915,1412.98367696275,247.110996200393,383.469823064449,,,,,
3.09505,1426.54722511381,250.975787733543,383.659440039568,,,,,
3.3907,1413.00928593303,249.224646255966,385.739569421885,,,,,
3.29025,1409.47649913104,249.918995766385,385.517598817782,,,,,
3.5092,1423.4708149458,245.97738727715,376.455660625424,,,,,
3.0026,1734.54653260747,7.60125495488532,384.236271761067,,,,,
3.8098,1418.88090583035,242.495860743914,376.634403689897,,,,,
3.3249,1418.33760914508,242.904784539504,376.445444511215,,,,,
3.084,1432.61663522989,251.377120591758,386.573095509245,,,,,
3.7996,1419.08955493558,242.106480780052,376.587761054443,,,,,
3.7528,1408.11513559017,249.927725291932,387.023353526602,,,,,
3.8282,1423.88418323607,247.309782842136,377.255869808663,,,,,
3.0965,1436.47853170895,247.468505812895,377.446175897651,,,,,
3.56595,1412.98366495325,248.814168619819,385.391791204906,,,,,
3.6809,1413.18459991751,249.806242049582,386.912139270103,,,,,
3.09045,1426.81459346738,245.686910725096,382.179858208796,,,,,
3.86485,1417.74431005824,248.469764414736,384.909110875059,,,,,
3.5815,1413.39115123692,245.779228294242,376.440977289172,,,,,
3.232,1419.46002981992,243.400149362965,376.579774520767,,,,,
3.09325,1426.69713913048,251.104533301033,387.890205471854,,,,,
3.0252,1480.27954225944,247.388834136748,378.403374585399,,,,,
3.1058,1432.82927324031,250.055197763814,380.97604977875,,,,,
3.7379,1417.44009643777,240.937500991345,376.339963381069,,,,,
3.67695,1418.29679336484,237.730709610911,376.633319479993,,,,,
3.70675,1422.251847273,241.787071511662,376.301643333589,,,,,
3.26545,1409.50564947629,242.746822960874,379.948037248531,,,,,
3.2872,1409.39820374681,248.245923935359,384.604272301925,,,,,
3.94295,1413.75044895008,244.926379969246,376.481746641221,,,,,
3.8256,1413.86486944035,249.941667883223,386.914387798211,,,,,
3.46375,1409.48029004346,249.968232656346,387.076263737554,,,,,
3.84155,1423.0822632599,238.922200105239,376.436991213402,,,,,
3.84745,1413.06296369508,249.750155808198,384.466909143582,,,,,
3.1385,1428.38345958878,245.728823931437,377.062740960046,,,,,
3.5652,1412.92871405933,246.183387276924,382.629659554277,,,,,
3.93485,1418.62451307629,237.740990541134,376.747624151528,,,,,
3.74575,1412.87991697141,246.900492076107,376.92754029605,,,,,
3.02105,1492.29119159504,252.7069873518,389.151184984238,,,,,
3.6103,1408.79466762318,249.808475004011,384.346932042498,,,,,
3.51285,1413.27204191811,241.840322236251,379.369653449931,,,,,
3.28965,1409.48089943585,249.900446773175,386.607873568974,,,,,
3.98015,1413.65070802714,249.902151912119,386.978005236029,,,,,
3.371,1412.94555234655,249.703609848165,386.856266652433,,,,,
3.2189,1414.69897451378,249.771736213166,382.283319260974,,,,,
3.88085,1417.61657461545,245.26798488998,376.399139382203,,,,,
3.9059,1407.68490826674,247.910569241493,384.226611312189,,,,,
3.69365,1418.11179655563,248.855592383948,379.997027125031,,,,,
3.3411,1417.99414208818,249.720748417308,386.572486367114,,,,,
3.07345,1434.13582939222,251.571302551337,387.27998749569,,,,,
3.1672,1417.12228670023,250.216090885938,383.236864652557,,,,,
3.2075,1420.07168743607,249.982451670742,386.160917256829,,,,,
3.03405,1453.93171337034,250.032660559132,379.364459992612,,,,,
3.98875,1408.57479900383,249.110267681783,385.499085751805,,,,,
3.7133,1412.25034465723,249.833648923881,384.757947131334,,,,,
3.05395,1436.42491448053,251.563628604599,383.446847331158,,,,,
3.2718,1419.58337371261,246.43049177119,376.612575484424,,,,,
3.36795,1417.78539823012,238.788149857084,377.439644752248,,,,,
3.61145,1413.88843197224,247.8728534294,378.161707202682,,,,,
3.79515,1409.17242842688,250.040318586,386.438316479163,,,,,
3.88215,1417.60384633867,241.578442490977,376.394202477351,,,,,
3.13375,1418.68887697285,250.616363720851,387.59588317106,,,,,
3.1669,1417.12228670023,250.321487073945,384.54933778057,,,,,
3.56615,1412.98366495325,249.185537789736,385.919587007833,,,,,
3.39635,1417.98612832212,245.052682300594,376.468916843477,,,,,
3.25045,1414.44209612704,248.135436027749,378.509185446097,,,,,
3.49765,1419.10791881163,249.198539735111,380.514282669963,,,,,
3.36045,1412.79944732454,249.872198773398,386.856224738271,,,,,
3.31645,1418.30814836479,239.163944888827,377.712763767857,,,,,
3.48605,1414.08116417456,250.071194556761,385.936800206573,,,,,
3.1194,1428.95397091822,240.824434094453,377.093613483014,,,,,
3.28765,1409.45094346917,249.332150453547,385.975842648575,,,,,
3.8995,1412.73021899279,249.502046139747,382.305395574719,,,,,
3.6729,1418.39363771529,249.238965474943,380.80734280684,,,,,
3.2651,1414.56066190974,240.637882174487,378.588616005453,,,,,
3.59345,1413.64872416921,241.658481090029,376.550478110404,,,,,
3.9224,1413.45008163722,244.87307616568,376.530927334312,,,,,
3.0461,1442.24823946331,246.323145514399,378.197403993235,,,,,
3.27215,1419.58337371261,245.955754874536,376.601311530614,,,,,
3.5632,1418.01152970063,238.448957136346,376.405393997647,,,,,
3.05055,1436.827416228,251.386260727326,387.685694236518,,,,,
3.4326,1408.81597678831,249.975684908011,386.923961303234,,,,,
3.3281,1413.28525617823,246.734945008816,383.124954919488,,,,,
3.32795,1413.28525617823,246.030495157416,382.496921262892,,,,,
3.529,1423.64493408577,247.632741212639,377.798309866764,,,,,
3.69925,1417.61691995646,246.077752944782,382.519730561801,,,,,
3.25775,1409.55001733967,249.984000232015,387.094055371522,,,,,
3.9366,1408.52913447109,246.916421463338,383.271003585587,,,,,
3.47085,1419.38865182561,237.986436778787,376.963641349733,,,,,
3.15085,1427.45699750948,238.488335801139,376.944481493304,,,,,
3.17765,1421.32428622676,250.009059457837,382.445266128083,,,,,
3.16855,1427.06742003868,246.85052112181,376.850380943931,,,,,
3.92135,1413.53068510137,246.563544079084,376.553676249181,,,,,
3.28485,1414.5176179819,238.264626699483,376.608376852177,,,,,
3.6996,1417.60329092392,247.574733532159,383.940973247963,,,,,
3.88865,1412.71544948112,249.702900266841,384.628798583398,,,,,
3.1709,1426.77804162656,240.743232653383,376.78916461889,,,,,
3.99005,1408.75014350712,250.068413969313,387.078978775631,,,,,
3.38785,1418.12503457815,238.596221641841,376.403204710826,,,,,
3.86705,1417.71643213702,249.774993258863,386.648482469436,,,,,
3.3308,1413.43047941919,249.757937754999,386.617531928161,,,,,
3.1717,1426.7355342455,238.189585152075,377.074662273944,,,,,
3.8744,1412.42418881122,245.245388939343,381.803538735107,,,,,
3.0762,1438.72814880638,247.543907847068,377.729770275234,,,,,
3.6504,1413.5509157839,249.79804699253,386.726572443158,,,,,
3.93205,1418.68244196151,245.951408082717,376.487585370333,,,,,
3.54635,1412.9409226585,249.75380509423,386.911022756879,,,,,
3.977,1413.60863884844,242.367658213692,379.764820857816,,,,,
3.5285,1418.6362483481,249.258308975255,380.943281677846,,,,,
3.98375,1418.63578584392,245.772104769246,376.463167391122,,,,,
3.86645,1417.81684824788,249.804520137938,386.947424693759,,,,,
3.95425,1413.936883789,242.263027807046,376.582728996308,,,,,
3.38885,1412.99010297414,240.436524830349,378.452569301755,,,,,
3.62765,1409.02079829232,248.623833230291,384.972605188659,,,,,
3.607,1408.67048117322,248.396253976038,384.799769889469,,,,,
3.98075,1413.62385438888,249.878588206278,386.469502875758,,,,,
3.61965,1408.98279792835,249.870201783771,386.602627763579,,,,,
3.1057,1430.34740226626,250.296884504751,381.596270482159,,,,,
3.9262,1408.44534305818,246.493719477329,382.843535253236,,,,,
3.6344,1419.01386345022,242.676504010185,376.529973310859,,,,,
3.8131,1413.81402410366,248.026218837,384.379001615376,,,,,
3.2846,1414.47579657041,239.328036858664,376.595720748961,,,,,
3.9426,1413.77316145432,245.595928726704,376.484897427929,,,,,
3.95665,1408.86896005547,244.155334662104,380.902306029525,,,,,
3.5792,1408.2383487032,249.777271213655,384.880846193544,,,,,
3.6146,1413.90231212324,239.266405816038,376.510027312824,,,,,
3.11915,1428.95397091822,241.876948277197,377.094079772483,,,,,
3.2183,1414.64291815073,250.001449032422,384.880869884571,,,,,
3.06355,1430.42765962179,251.698081864377,386.399797297029,,,,,
3.45315,1409.15708911769,249.864458809649,386.878579575209,,,,,
3.9777,1413.60000790513,246.315583214694,382.747463645519,,,,,
3.78215,1408.70723536631,247.975916385681,384.332366142144,,,,,
3.86035,1422.9986584654,245.062597222468,376.431753289279,,,,,
3.21845,1414.64973664436,249.99624450195,384.342929369325,,,,,
3.0442,1442.5423708281,250.395478955757,380.123694955811,,,,,
3.4755,1414.26647036216,250.039573243451,386.371756036896,,,,,
3.3473,1422.75845429248,238.573037655972,377.345731658906,,,,,
3.0548,1441.36945030246,249.026389724756,378.548111963219,,,,,
3.68195,1413.15081405185,249.781310114838,385.855590015724,,,,,
3.4665,1414.56193758425,249.623489977535,381.751837542556,,,,,
3.0213,1492.29119159504,252.693017274907,388.995699061518,,,,,
3.4268,1413.65197311395,245.807627680797,376.458751103439,,,,,
3.31305,1423.46393755237,246.248723373499,376.470457700247,,,,,
3.9659,1418.92595781205,238.095847262584,377.072342962401,,,,,
3.10885,1434.86494328047,241.973207139084,377.169640816132,,,,,
3.5265,1413.59934190381,249.793356750437,386.829233631608,,,,,
3.2283,1414.56009844556,250.024737116537,385.769323043557,,,,,
3.9577,1408.92753878219,248.794006605404,385.109599008646,,,,,
3.4505,1414.07683481875,239.262507285997,377.8247788687,,,,,
3.7177,1417.33737315052,239.377627961853,376.403838854649,,,,,
3.52335,1413.42544761542,243.006348329002,380.183081541253,,,,,
3.41035,1407.81397076346,245.444632880027,382.004910719639,,,,,
3.21025,1424.90434174378,245.961365360324,376.602466968521,,,,,
3.92155,1413.49746890839,246.329200382458,376.5401515132,,,,,
3.34315,1422.94162257579,248.414971582554,379.077520665046,,,,,
3.89715,1412.77107922684,249.685770555861,386.865936658115,,,,,
3.6543,1418.48240771198,244.606751841372,376.442021299295,,,,,
3.7749,1408.59069944589,249.80791689108,385.612230534384,,,,,
3.6714,1413.38219783467,249.788850261826,386.258426497555,,,,,
3.1505,1427.44183915374,239.917905705311,376.90716752221,,,,,
3.219,1414.69897451378,249.645056176566,381.737521277897,,,,,
3.5375,1418.15463461378,249.742584697799,385.974054276513,,,,,
3.45945,1414.31226245171,241.255624752209,376.604712425776,,,,,
3.913,1413.04263357738,242.103872262524,376.473730080242,,,,,
3.1426,1422.98416964478,247.981497308384,384.179083874807,,,,,
3.1323,1418.57720579089,248.165679443235,384.351820279565,,,,,
3.06645,1440.14017953217,246.450543914856,377.785915293224,,,,,
3.315,1423.300786648,241.38949621493,376.43021762967,,,,,
3.7846,1408.87344428899,249.888337924156,386.706154830631,,,,,
3.08905,1437.06443999511,239.177162577049,377.645296391178,,,,,
3.2412,1419.32630144599,245.926160118523,376.584164443736,,,,,
3.31345,1423.45517687803,245.686995518652,376.457037988818,,,,,
3.8257,1413.85440914943,249.936448450758,386.847932739499,,,,,
3.3594,1412.69603843963,248.242715910722,384.520309147432,,,,,
3.1685,1427.09548128265,246.913177834834,376.863860527707,,,,,
3.20455,1420.17153266269,247.782616070655,384.09769538802,,,,,
3.67335,1418.39363771529,247.784087585396,377.976935042626,,,,,
3.963,1419.01048167092,246.188366379534,376.656118344821,,,,,
3.69275,1413.07537620407,249.746332976678,384.480270577496,,,,,
3.7475,1412.84949394668,243.511024176439,376.375671255167,,,,,
3.3327,1418.50907318115,248.884015114813,380.007741569285,,,,,
3.7468,1412.84585814877,245.188003320482,376.375334112763,,,,,
3.202,1425.37945123197,239.868620114063,376.654925735017,,,,,
3.9375,1408.59811533007,249.413771123584,386.180987026708,,,,,
3.55405,1412.86380851726,241.484608433161,379.142637101209,,,,,
3.80585,1413.99228739948,250.01742649382,385.651637267944,,,,,
3.3833,1408.05739294665,249.759453434429,384.710788576968,,,,,
3.76975,1418.47277017041,237.847459941042,376.695605705592,,,,,
3.35045,1412.76768126752,249.927950447997,387.009038264283,,,,,
3.94105,1413.76913912426,249.213405045253,380.774114722546,,,,,
3.71485,1417.38001012467,246.943688113508,376.841305461818,,,,,
3.03495,1453.67767085184,248.335567628685,378.298179385524,,,,,
3.0746,1433.98281284184,251.277106195465,383.028433788921,,,,,
3.51275,1418.28602255513,241.234414389564,378.977432070257,,,,,
3.1247,1418.82547987893,250.59235088593,387.102184852586,,,,,
3.87385,1412.4227048301,242.04493919804,379.468758706529,,,,,
3.77505,1408.59069944589,249.818759792623,385.217738914899,,,,,
3.68095,1413.18459991751,249.803921604002,386.897189928372,,,,,
3.29325,1414.52431655825,245.006836750634,376.639206742393,,,,,
3.1781,1426.29800472008,249.072044680739,379.7767940554,,,,,
3.3233,1418.43834599003,246.302582227479,376.463659338589,,,,,
3.38085,1408.03113709033,249.598042639834,386.573016980215,,,,,
3.68635,1418.09823195995,241.06138321548,376.438693345881,,,,,
3.53145,1423.39711707062,241.821442077423,376.399028060836,,,,,
3.845,1413.11038279119,249.633121785988,386.667028420882,,,,,
3.2641,1414.61790277047,238.830365796899,376.5720397181,,,,,
3.07485,1438.93475719454,250.794778414102,381.558130706462,,,,,
3.95135,1408.93265025401,249.481301634154,380.974563864007,,,,,
3.37235,1412.86714652671,249.669718195299,386.148813960932,,,,,
3.0605,1430.62276195712,250.508168103333,386.561313185189,,,,,
3.14005,1428.22161676862,240.628731243299,377.031860360084,,,,,
3.30505,1423.94967056799,239.982629668496,376.530437006111,,,,,
3.6676,1413.39606628331,242.231679462338,379.593121718959,,,,,
3.4684,1419.4622414139,245.333018622969,376.545662684841,,,,,
3.6845,1418.21452410859,245.980953622321,376.45953552403,,,,,
3.34085,1417.99414208818,249.733264135111,386.754748510628,,,,,
3.6575,1408.28561362627,243.505953849636,380.488189153718,,,,,
3.1311,1418.62481876061,241.636932186341,379.384158890177,,,,,
3.9875,1408.46795268105,243.608284016603,380.515811266646,,,,,
3.2628,1414.57956836253,243.760377538471,376.561688834388,,,,,
3.3682,1417.78539823012,240.179420144014,378.264842731221,,,,,
3.6409,1413.80613592595,249.849829058272,385.41466433947,,,,,
3.67875,1413.16500653422,246.806247719295,383.159876993387,,,,,
3.3705,1412.8290435727,249.513353943679,386.451448232023,,,,,
3.7615,1408.29461757326,247.920778123844,384.171101811658,,,,,
3.5824,1413.35970965446,243.8811016571,376.437088077709,,,,,
3.20585,1420.23835557444,249.989724823774,387.079380688622,,,,,
3.3145,1423.34001267985,243.175000441998,376.435098530321,,,,,
3.5675,1413.11080653184,249.717972860811,386.858452546886,,,,,
3.4185,1413.26561392681,239.839016989581,376.487568414512,,,,,
3.50185,1423.7486968613,238.111820350968,377.10092568453,,,,,
3.392,1413.07185973667,249.964911142902,387.013085237285,,,,,
3.2055,1420.17696412008,249.824843447695,386.735325981425,,,,,
3.719,1412.24261217311,241.249606445835,378.92369811724,,,,,
3.1512,1427.45699750948,238.563587403965,377.44468039116,,,,,
3.46855,1419.4350096306,245.022925583916,376.54293432759,,,,,
3.94575,1413.74628887647,240.546957016251,378.546994757711,,,,,
3.1046,1430.41619373222,250.902198661131,386.36871546807,,,,,
3.9351,1418.62451307629,238.478345660169,377.322113209871,,,,,
3.21715,1414.65924902449,249.982908579212,386.934130388363,,,,,
3.2724,1419.58337371261,245.526701431397,376.594815590477,,,,,
3.4258,1413.72815356574,247.922028226172,378.203516622398,,,,,
3.1745,1421.5311134681,250.0007289686,386.781835469081,,,,,
3.3779,1417.89409759414,237.608992566138,376.602064096125,,,,,
3.14625,1422.75083389591,250.501368363738,384.784835973947,,,,,
3.7368,1417.43848730831,244.458434999549,376.342632253933,,,,,
3.3812,1408.03113709033,249.743792486718,386.884025545903,,,,,
3.2431,1419.23820637874,240.403387488066,376.566418164596,,,,,
3.8671,1417.71643213702,249.773004784972,386.601766318137,,,,,
3.0777,1438.4639397689,243.533795483777,377.674780049959,,,,,
3.8963,1412.62404719895,249.325207637462,386.155506787038,,,,,
3.99445,1418.75461825554,245.280582516771,376.562945906748,,,,,
3.26985,1409.6736730002,249.999968475748,384.866652904239,,,,,
3.37305,1412.88257586284,249.703334072071,384.427562938161,,,,,
3.83635,1418.37257161015,249.795160788255,386.346894301305,,,,,
3.62135,1409.05337818717,249.281291618743,380.80217740342,,,,,
3.0685,1439.86898537458,239.383706917045,377.908276698144,,,,,
3.2382,1414.39336649335,249.930379416186,386.455550790802,,,,,
3.5951,1413.65569845917,240.57735060813,378.50135513872,,,,,
3.187,1415.79211084676,250.157320956395,385.99980946085,,,,,
3.2492,1409.34763005295,249.896936912318,384.935471671328,,,,,
3.5452,1412.8244767214,248.551133579245,385.018950131597,,,,,
3.63075,1409.17478300301,249.949690648127,384.996361002729,,,,,
3.76455,1408.52947765599,249.932580504661,385.698942817841,,,,,
3.36605,1417.77617535054,243.316891521324,376.456834078429,,,,,
3.6126,1413.88265523529,245.560716425456,376.504575801857,,,,,
3.5088,1423.4708149458,246.471866331646,376.491497014371,,,,,
3.89145,1417.68650089625,244.574494447837,376.345949845716,,,,,
3.9376,1408.63013082738,249.531199880933,386.377520549687,,,,,
3.9939,1418.7594580664,246.224764437051,376.57422785365,,,,,
3.32855,1413.30871131321,248.38833410763,384.831814815514,,,,,
3.3831,1408.05739294665,249.748673217821,385.31188217151,,,,,
3.36085,1412.86405229358,249.926770821474,386.986201236284,,,,,
3.7829,1408.82571983955,249.619023845297,386.464128061589,,,,,
3.66775,1413.37761503735,243.138305109603,380.212784146506,,,,,
3.51505,1413.42839476617,249.725184251049,386.772890956378,,,,,
3.0576,1441.01194251154,241.556481107287,377.938748137516,,,,,
3.137,1428.60018404584,248.88531097955,379.109854652446,,,,,
3.88875,1412.72672930286,249.70086789072,384.275702804648,,,,,
3.67615,1418.23703115398,240.646651236249,376.453874962715,,,,,
3.15695,1417.29729367345,250.23347298285,382.968465985712,,,,,
3.04025,1442.98147606048,251.740987204208,387.871910424181,,,,,
3.08415,1432.61663522989,251.38718116385,386.144587267222,,,,,
3.18245,1420.96114697645,239.909811898555,378.209460735299,,,,,
3.90135,1417.69157088744,245.440273012694,376.352305952407,,,,,
3.9222,1413.45008163722,245.300640671055,376.531978905472,,,,,
3.868,1417.68678687817,249.802067954001,384.773060707622,,,,,
3.47625,1414.25385904056,250.069627286674,384.422712606401,,,,,
3.82245,1413.74351684403,243.297595796962,380.374152574793,,,,,
3.3633,1412.8641712389,249.665508614937,382.021449068727,,,,,
3.7134,1412.2534508527,249.833449539492,384.413466324259,,,,,
3.3536,1417.82321966055,248.059267855993,378.274275097175,,,,,
3.70565,1422.32176109326,244.966503697179,376.317858704796,,,,,
3.17305,1421.5697322959,245.370807413987,381.900689417776,,,,,
3.988,1408.49266340643,246.399014699085,382.693555200345,,,,,
3.73795,1417.44009643777,240.738749496577,376.340297589872,,,,,
3.62025,1408.98577450589,249.887420862543,385.543901804158,,,,,
3.2309,1419.51250167782,245.969410761673,376.595721753143,,,,,
3.71305,1412.25034465723,249.818445293333,385.480319599442,,,,,
3.4732,1414.29072591871,249.328654606682,385.825035780364,,,,,
3.72335,1412.38637197542,249.827286832903,385.502883092864,,,,,
3.404,1412.94563590194,249.90205851801,384.460022792263,,,,,
3.1887,1420.88025899755,247.927506875845,377.963300732763,,,,,
3.1226,1418.82795295845,249.934748235307,386.400689979977,,,,,
3.9496,1408.864771799,250.034737741729,386.736317236463,,,,,
3.9799,1413.65070802714,249.913569512133,387.054668013871,,,,,
3.83735,1418.32094504199,249.801908935378,383.658912654377,,,,,
3.7054,1422.38688145858,245.433115670873,376.323936173644,,,,,
3.1531,1417.27498455988,248.56905606425,384.807235642877,,,,,
3.30075,1414.34770447027,249.959790330066,385.032136260648,,,,,
3.8887,1412.72088952746,249.702780557838,384.456342364186,,,,,
3.26155,1414.66213726405,246.295773059447,376.576608656169,,,,,
3.07865,1438.41539511555,239.556673325468,377.691500288432,,,,,
3.17485,1421.57796843188,250.201796447804,387.185200639582,,,,,
3.40555,1417.9785854003,246.809582991271,376.72594518068,,,,,
3.1411,1428.17091769457,239.692922700962,378.16593831291,,,,,
3.35365,1417.83265207244,247.864422871223,377.978469594331,,,,,
3.93265,1418.63315460762,244.872908612627,376.474839370261,,,,,
3.2988,1414.46651321078,249.960477286828,387.1063909004,,,,,
3.04425,1442.5423708281,250.197155455756,379.821438759709,,,,,
3.3137,1423.37460354956,245.237131783999,376.450331680607,,,,,
3.56645,1413.00696539624,249.531255238165,386.499069377012,,,,,
3.12465,1418.82956239216,250.593462147159,387.161581560281,,,,,
3.7821,1408.70723536631,247.797263337413,384.144249615263,,,,,
3.2815,1414.52111917234,247.730781413159,377.86771163459,,,,,
3.93855,1408.69780847618,249.829687106207,386.972929023741,,,,,
3.36585,1417.77617535054,243.914532860923,376.457712844772,,,,,
3.88575,1412.62715391934,248.999433266682,385.655294258863,,,,,
3.7322,1412.54299687203,249.662360068278,386.837177528589,,,,,
3.1878,1415.82510344383,250.084420097028,383.223053133326,,,,,
3.55785,1412.99950211714,249.708971673107,386.402955755982,,,,,
3.87125,1422.51229581145,243.585407034382,376.361158566252,,,,,
3.23565,1414.34799669039,248.295238766528,384.603992740885,,,,,
3.29475,1414.52911707232,240.045084079285,376.638615726709,,,,,
3.50115,1423.79171171784,239.315242616403,376.530155431125,,,,,
3.00335,1734.5473380886,24.2397826306495,380.133687759644,,,,,
3.55055,1417.97640644642,245.778487062336,376.415965162362,,,,,
3.64305,1418.7759014191,246.311678314786,376.534965020686,,,,,
3.8983,1412.69354070229,249.644401566873,386.164744104339,,,,,
3.58115,1413.40274748583,246.236654401278,376.446451629353,,,,,
3.97065,1413.80515786319,249.816740998689,386.05336574175,,,,,
3.6877,1418.03617599623,239.074273191221,377.649463913837,,,,,
3.89515,1412.57651576357,245.814388853633,382.287706853485,,,,,
3.81035,1418.88090583035,240.326500835426,376.635982021778,,,,,
3.3922,1413.07185973667,249.95668017917,386.963715409098,,,,,
3.07465,1433.97658629299,251.203731745704,382.748243111674,,,,,
3.2037,1420.20932811912,243.49379742898,380.529046018812,,,,,
3.73885,1417.50422921282,237.548248082109,376.552998582415,,,,,
3.3141,1423.35288136944,244.331928341026,376.441638267704,,,,,
3.7975,1419.27232162077,246.844607216269,376.714638768848,,,,,
3.0613,1430.61436057429,251.619702826198,388.250699169017,,,,,
3.18695,1415.79211084676,250.154213331118,386.108331228209,,,,,
3.427,1413.65197311395,245.482789366166,376.456582602293,,,,,
3.0577,1440.9965059515,241.120704291659,377.937527841898,,,,,
3.5468,1412.88676991635,249.751529215928,386.880695655976,,,,,
3.59565,1408.606113765,243.849116563911,380.668163100258,,,,,
3.02,1492.97106615462,252.618377349999,389.031775479064,,,,,
3.8939,1417.63161771084,238.64497132569,377.365541807788,,,,,
3.80245,1414.00646176056,246.771493235201,383.049271249585,,,,,
3.34395,1422.85993211492,246.196638484644,376.390485709985,,,,,
3.8751,1412.4630191203,248.2171239125,384.616109907741,,,,,
3.6515,1413.51528478183,249.822363886311,384.544797464324,,,,,
3.72845,1417.39310735122,237.764737285178,376.497522917157,,,,,
3.72585,1417.39645366072,245.86560905473,376.41865088452,,,,,
3.4688,1419.3925425824,244.43328647993,376.539091266681,,,,,
3.24145,1419.32046615858,245.49945830168,376.578819008492,,,,,
3.9613,1409.09341493693,249.922052425548,382.889739492159,,,,,
3.60985,1408.79466762318,249.789325132142,385.67529124077,,,,,
3.54665,1412.92008230011,249.756916124354,386.910269865501,,,,,
3.6767,1418.28486104101,238.277223205431,376.462593535363,,,,,
3.15425,1417.35198390746,250.360661038914,387.335943016248,,,,,
3.72135,1412.33828491419,249.777467794613,386.769573453392,,,,,
3.85715,1413.10746921591,249.778239792668,386.150452347761,,,,,
3.999,1413.64184794481,248.877791087738,385.242927621247,,,,,
3.80955,1418.89386265185,243.34953949193,376.635445187986,,,,,
3.88665,1412.71659792576,249.702532150842,386.887029791443,,,,,
3.64365,1418.71297786938,245.412028318487,376.518726586724,,,,,
3.99565,1418.69715963133,241.677887038417,376.553664582833,,,,,
3.36185,1412.82586189723,249.886836083965,386.511509165255,,,,,
3.23475,1414.33815522833,244.10419297881,380.90971298964,,,,,
3.08545,1437.52171882879,249.602313778995,379.540327316011,,,,,
3.5466,1412.92963565045,249.758179845526,386.916690088789,,,,,
3.75715,1413.26496289217,245.377884984355,376.490521617371,,,,,
3.3429,1422.94162257579,249.126545083307,380.659022354375,,,,,
3.47705,1419.28168779128,249.269648357638,380.402344798775,,,,,
3.76845,1418.4428791168,242.765395069106,376.565652378783,,,,,
3.92355,1413.45911426109,241.259154508619,376.535329570381,,,,,
3.43625,1418.98212553951,247.640405562455,377.598801202786,,,,,
3.5051,1418.72019983289,249.873343228348,387.041733328422,,,,,
3.5887,1408.55557647513,249.998711041345,386.652839084867,,,,,
3.72985,1412.32340478135,244.230240064718,380.999371942536,,,,,
3.1485,1427.60893839859,246.226723112873,376.940813970612,,,,,
3.2952,1414.53277281512,238.172937117193,376.669953860557,,,,,
3.6133,1413.85975658073,244.012769730377,376.49986706222,,,,,
3.26115,1414.70095265069,246.893584302467,376.821479473152,,,,,
3.072,1434.39393671541,251.605663862573,388.295817467985,,,,,
3.13065,1423.69937300044,239.097582996893,377.862133923243,,,,,
3.7929,1409.04980678886,249.324337292835,385.80200230387,,,,,
3.7926,1409.00393756653,248.592394806985,384.876573298608,,,,,
3.83785,1423.30484400849,249.355312679776,381.147040136738,,,,,
3.6376,1413.87420088555,247.286986827983,383.591199951162,,,,,
3.22035,1419.74173392842,246.260976998702,376.593702017574,,,,,
3.6313,1409.182657621,249.82729096839,382.795959630165,,,,,
3.64885,1413.60278881394,249.54533502273,386.416643726936,,,,,
3.41635,1413.27178111196,245.961563772221,376.481529441991,,,,,
3.89645,1412.64591895764,249.475353335608,386.419886634282,,,,,
3.71225,1412.25046534447,249.811122397766,386.699479872061,,,,,
3.03,1449.42631609731,252.130209793716,388.299070554506,,,,,
3.1169,1429.12761097328,247.359059911958,377.176890798279,,,,,
3.68815,1413.00335686819,241.711174211694,379.275155980622,,,,,
3.5688,1413.0846167868,249.714759392065,385.106012696092,,,,,
3.1997,1425.54457480831,246.434558328148,376.699183394956,,,,,
3.0462,1442.24823946331,246.035530873494,378.194704092304,,,,,
3.1036,1430.56404926141,250.904827121975,387.72703627002,,,,,
3.9,1417.76939550108,248.526673648723,379.38392476265,,,,,
3.9149,1408.04179186694,241.083097354906,378.85426756434,,,,,
3.49835,1424.08809826779,246.856361866793,376.81178134236,,,,,
3.29725,1414.38066217464,247.310862575911,383.658271721244,,,,,
3.4517,1409.01726355023,246.168308934248,382.59797320312,,,,,
3.23675,1414.47347014742,249.933174896749,386.966537257448,,,,,
3.77315,1408.60206478657,249.819650513691,386.973385804663,,,,,
3.0664,1440.15217703067,246.566779574504,377.787950060676,,,,,
3.8141,1413.89854399481,249.833109604955,386.856791797288,,,,,
3.34765,1417.67474175878,240.687783877838,378.607147164812,,,,,
3.99265,1413.87948850984,249.372915997685,380.656765053046,,,,,
3.45975,1414.35686093815,240.036856085346,376.608718699174,,,,,
3.6457,1418.68194888377,238.583780331814,376.507378907167,,,,,
3.01975,1493.05003969957,252.415343357174,388.66222713764,,,,,
3.0219,1491.65685684533,252.688453609737,388.179439020693,,,,,
3.3359,1423.20178640882,240.222054199205,376.380296209854,,,,,
3.20875,1420.05393095526,249.556599985068,381.397477551282,,,,,
3.4895,1419.06461647905,244.416341673853,376.660894629012,,,,,
3.9487,1408.8847433948,250.071634581538,387.113130918609,,,,,
3.2584,1409.54202906669,249.958227074677,386.903074105057,,,,,
3.56805,1413.06678173464,249.69069514201,386.514731924331,,,,,
3.51205,1423.38540132597,237.735753294485,376.766445782503,,,,,
3.3941,1413.04967448856,249.837256948011,382.790512532244,,,,,
3.9982,1413.61882412055,245.753963217818,382.152576018881,,,,,
3.07325,1434.16185045494,251.566018062521,387.620680948374,,,,,
3.47005,1419.38083008311,240.092577511377,376.533423079497,,,,,
3.80155,1414.04222889359,241.734310931346,379.270492969698,,,,,
3.16405,1417.11306599676,249.940081593435,386.621850018315,,,,,
3.7066,1422.26696228184,242.330093696176,376.302847139081,,,,,
3.4096,1412.85139145747,241.082900466512,378.889985780606,,,,,
3.56885,1413.08644245933,249.717764340106,384.9575839928,,,,,
3.1575,1422.3248307974,249.140747671217,379.752416301041,,,,,
3.9558,1413.92150784385,239.177615111364,377.681547140837,,,,,
3.7986,1419.1278363537,245.120377161803,376.596700285492,,,,,
3.854,1412.98685050038,246.476771869548,382.912134399383,,,,,
3.2243,1414.52942701029,243.375260557294,380.409840826049,,,,,
3.3173,1413.20456230477,244.222510479077,381.035505364341,,,,,
3.76275,1408.52461150917,249.93253099195,386.9513760965,,,,,
3.778,1413.68031449317,244.764999560424,376.527403433685,,,,,
3.8249,1413.89773889498,249.96589519065,387.09449693422,,,,,
3.32195,1413.35687437318,249.643111056007,382.513870525868,,,,,
3.94955,1408.86560020039,250.036698795935,386.78279960909,,,,,
3.62305,1414.0758680581,245.378155364358,376.509921797483,,,,,
3.148,1427.63840479831,246.931713138015,376.959560536611,,,,,
3.22625,1414.57251626263,249.940053476829,386.876115436925,,,,,
3.22845,1414.56145594212,250.035679495152,385.3795117867,,,,,
3.54895,1412.94926181232,249.482625122682,381.888517986904,,,,,
3.6152,1413.94942186527,237.869120605731,376.899189261518,,,,,
3.97655,1418.69589260022,239.660550137536,378.059792550569,,,,,
3.0309,1449.34615305091,252.500458353034,389.021635581726,,,,,
3.69575,1422.82638168581,244.018333777192,376.362675114035,,,,,
3.7653,1408.56411599469,249.869853915479,383.089873301065,,,,,
3.386,1418.10631364189,244.949166601065,376.403582755045,,,,,
3.659,1408.40369228256,249.346726749838,386.055755516217,,,,,
3.25605,1409.39663280483,247.518351012819,383.816983580009,,,,,
3.0546,1441.41421435983,249.71598896577,379.441062588761,,,,,
3.03025,1449.42631609731,252.357352777902,388.707974527346,,,,,
3.3387,1418.04734899638,247.829680270732,384.187223650643,,,,,
3.5838,1413.46695875486,238.643381383712,376.45526721562,,,,,
3.1398,1428.22161676862,241.661395664945,377.034058031242,,,,,
3.2018,1425.37945123197,240.724654153813,376.655167941409,,,,,
3.55335,1417.97921742455,237.804522286656,376.850581950266,,,,,
3.2845,1414.45647300059,239.758748818089,376.593990112093,,,,,
3.82635,1413.84439971109,249.934339662986,385.966528519626,,,,,
3.64585,1418.69570219084,238.006476744164,376.532615269875,,,,,
3.5387,1418.15399497144,249.41655636802,381.542654586523,,,,,
3.4538,1409.19530542336,249.964963436825,387.102145896451,,,,,
3.3547,1417.77846555907,245.776160329409,376.45707980904,,,,,
3.5604,1418.11789926297,246.351779564925,376.424493896337,,,,,
3.93955,1408.66253000423,249.791045984256,386.288889652067,,,,,
3.543,1422.91100003873,237.681146578937,376.723425313013,,,,,
3.05945,1430.70566855817,245.914125065877,382.370390426568,,,,,
3.38195,1408.01525523205,249.751912058216,386.849374520231,,,,,
3.7817,1408.69310547723,246.056842325447,382.51643649942,,,,,
3.30895,1418.78084864536,249.848315441611,386.960180872619,,,,,
3.68025,1413.24903371293,249.787660483294,386.896250269735,,,,,
3.0425,1442.70932227874,252.166049219011,387.740186809967,,,,,
3.6009,1418.91741622839,248.954478422951,379.757967193562,,,,,
3.1405,1428.22109784542,238.729911381215,377.049050909977,,,,,
3.00265,1734.54577928966,8.03961131642819,383.912327854748,,,,,
3.33225,1413.46303877132,249.638967430018,382.577143797467,,,,,
3.17875,1426.20169465105,246.938704714476,376.839906275407,,,,,
3.18755,1415.80174972,250.169854038642,384.312168766081,,,,,
3.5066,1418.56118066073,249.84356216528,386.020877721197,,,,,
3.95475,1413.97969696652,240.284343838291,376.587791516361,,,,,
3.8206,1418.83667488032,240.436729705926,376.542979484981,,,,,
3.8168,1413.88167866033,249.876637737243,383.464850356073,,,,,
3.496,1414.04929585773,249.908756586106,386.521949700015,,,,,
3.30555,1423.94720401724,237.954134417297,376.573444335781,,,,,
3.59915,1408.81575103745,249.983104713266,386.445726327867,,,,,
3.83395,1418.43760972718,248.600854913727,385.013617200093,,,,,
3.4615,1409.24116609904,243.336692976571,380.406849800987,,,,,
3.669,1413.38315852976,248.753987884906,385.21054764136,,,,,
3.8085,1418.96651419317,245.885451422513,376.649123810837,,,,,
3.10235,1430.66390695446,250.709454247047,387.400906192635,,,,,
3.94095,1413.76913912426,249.40104440836,381.359555466534,,,,,
3.06125,1430.61436057429,251.594880264461,388.198648995124,,,,,
3.9832,1418.73477708602,246.4955470923,376.500536531812,,,,,
3.5949,1413.65569845917,239.435482180459,377.816919684712,,,,,
3.85435,1412.98685050038,247.902460187801,384.30300184486,,,,,
3.597,1408.69358415464,249.332716875623,385.822844579628,,,,,
3.16035,1422.21898706804,241.829002127015,376.894529861876,,,,,
3.926,1408.44534305818,245.502721596789,381.992174647226,,,,,
3.4323,1408.72332151122,249.782706331134,386.545265980049,,,,,
3.15885,1422.26025215873,246.12067279669,376.908641547008,,,,,
3.48575,1414.08488842438,250.061007283789,386.481769922101,,,,,
3.1699,1426.83267205167,244.307846609148,376.804876426691,,,,,
3.24565,1409.19366511627,247.062776889497,383.399461759836,,,,,
3.14265,1422.97813332704,248.1793822355,384.376413379995,,,,,
3.19235,1420.77159905217,238.122516405423,377.067289572643,,,,,
3.4235,1408.49162551047,249.834840856798,386.791283912856,,,,,
3.4053,1417.99856007054,247.550073543692,377.564174438805,,,,,
3.8986,1412.69694048397,249.656371169758,385.603272805613,,,,,
3.99405,1418.7594580664,246.005423674621,376.570589327551,,,,,
3.59265,1413.64915128206,244.290727988677,376.547971954341,,,,,
3.20135,1425.41464853064,242.499051089606,376.658910827097,,,,,
3.5999,1408.85725874234,250.017079949816,384.724238276862,,,,,
3.5906,1413.69624510635,248.922615175915,379.684253568829,,,,,
3.4965,1414.05289365598,249.928343490665,385.572173167717,,,,,
3.82345,1413.73734232045,248.186388402437,384.525788838242,,,,,
3.514,1413.30787223987,247.812344425895,384.171852540536,,,,,
3.80115,1419.1011629306,239.388357323125,377.832137188787,,,,,
3.1837,1415.82468124532,247.016613091567,383.296678116668,,,,,
3.10635,1435.30764896921,248.095204747279,377.805522931177,,,,,
3.3346,1423.27229090013,244.557262903382,376.3954706274,,,,,
3.0242,1490.61794451324,249.159054683675,378.514406711905,,,,,
3.78975,1414.05887093195,240.068331781817,376.512318022876,,,,,
3.2745,1419.47519377385,238.443875495281,376.580782659362,,,,,
3.95445,1413.93933403998,241.504095107219,376.584145998287,,,,,
3.80015,1419.08824484383,239.858382520533,376.589995529792,,,,,
3.2701,1409.6736730002,249.982261691328,383.947180324266,,,,,
3.66205,1408.59713097147,249.790496734696,383.585676401544,,,,,
3.6001,1408.85725874234,250.00183976358,383.981998984681,,,,,
3.33475,1423.2364876017,244.185367463975,376.392486931408,,,,,
3.087,1437.24279377098,246.417395388028,377.616201949967,,,,,
3.836,1418.37257161015,249.80664634703,386.706288079502,,,,,
3.04525,1442.3900310667,248.146212743218,378.225559016018,,,,,
3.97325,1418.8001887751,246.052608927787,376.541956522131,,,,,
3.77375,1408.56018877828,249.822681211464,386.945205379611,,,,,
3.75655,1413.30813148593,246.297683095231,376.497381942659,,,,,
3.4853,1414.11835056529,250.075984681821,386.943774399408,,,,,
3.87535,1412.4630191203,248.860449814951,385.413329705258,,,,,
3.0566,1441.10976108997,245.353000514954,377.962506484293,,,,,
3.17705,1421.3276389389,250.239310374381,385.040629409857,,,,,
3.82085,1418.8578029517,239.373229713892,376.546020527549,,,,,
3.41305,1408.04855849071,249.744168504715,386.794724258599,,,,,
3.3237,1418.37032266698,245.780862308642,376.45494386498,,,,,
3.55465,1412.86492440325,245.002228419349,381.644064322974,,,,,
3.80365,1414.07940578973,249.851699675042,386.685416821321,,,,,
3.581,1413.40274748583,246.411739444785,376.468626053407,,,,,
3.15625,1417.26456432754,250.382694498224,385.7087141064,,,,,
3.3119,1423.53419661716,249.364110802326,381.114637855406,,,,,
3.3987,1417.92781445121,238.118129051831,376.989350262302,,,,,
3.9301,1408.73107917497,249.804478713225,383.961293257249,,,,,
3.6583,1408.30640815798,247.537689068634,383.856474698551,,,,,
3.5524,1417.91895647563,240.549678074167,376.408318460854,,,,,
3.77605,1413.68796032746,249.201872485598,380.759669893924,,,,,
3.73145,1412.40955132229,249.46206351899,386.41270283439,,,,,
3.842,1423.10762446542,237.663720847473,376.658322487066,,,,,
3.95755,1408.90107280269,248.354777685931,384.597129722136,,,,,
3.4316,1408.67645358325,248.407025193768,384.676033494709,,,,,
3.712,1412.25046534447,249.824478147803,386.842962152192,,,,,
3.0001,1734.6989720452,0.297113908457551,390.628567553319,,,,,
3.71985,1412.25274167308,246.112683768407,382.479639162478,,,,,
3.53985,1423.02396690602,246.273047130378,376.410556730585,,,,,
3.61155,1413.90716159495,247.496526739989,377.621031343773,,,,,
3.5098,1423.376318037,244.915793616424,376.441087911083,,,,,
3.04345,1442.5938246287,252.081394437075,384.557155199009,,,,,
3.63715,1413.88022952986,245.126082310934,381.702668666384,,,,,
3.3157,1423.32468688554,238.422292266654,376.432186390467,,,,,
3.0383,1443.23698035103,243.235352099791,380.498268820088,,,,,
3.9325,1418.66502679291,245.187854183996,376.477469112494,,,,,
3.4208,1408.28230016003,246.249429218333,382.689928494012,,,,,
3.14195,1423.01616446117,244.707954171447,381.425957002579,,,,,
3.33555,1423.21751632785,241.617014235579,376.381673952945,,,,,
3.7702,1418.47201506639,239.113110956508,377.699816836305,,,,,
3.2206,1419.69358394487,245.903643518237,376.58783093546,,,,,
3.9284,1408.71272385075,249.815830764869,386.90445486966,,,,,
3.9863,1418.62243576163,237.79813351761,376.581213174334,,,,,
3.56495,1412.92871405933,244.896033930896,381.558935215904,,,,,
3.92675,1408.51962344937,248.534547043362,384.942580165027,,,,,
3.4579,1414.32241166402,245.675931173223,376.607142539584,,,,,
3.18205,1425.99866070128,238.131945397349,377.074923273608,,,,,
3.5383,1418.12883856743,249.737940581035,383.535239555848,,,,,
3.3113,1418.55716552081,249.866149973144,384.102856948553,,,,,
3.32815,1413.28525617823,246.953793533555,383.329628767646,,,,,
3.56125,1418.01095962492,245.104967362451,376.399442333522,,,,,
3.83665,1418.33730737413,249.802838408156,385.836468173435,,,,,
3.14,1428.22161676862,240.839665420532,377.032181284743,,,,,
3.1408,1428.17091769457,238.502161349346,377.37736804445,,,,,
3.9172,1408.21986859994,249.850000191796,386.764972022566,,,,,
3.6117,1413.91596424585,247.002534580473,377.006432864292,,,,,
3.431,1408.63821913313,245.863555044623,382.25845773029,,,,,
3.1421,1423.01616446117,245.557417304844,382.071630155039,,,,,
3.4405,1413.7759181564,241.125900776255,378.878324435117,,,,,
3.54545,1412.84033802235,249.096755262707,385.744394302827,,,,,
3.97505,1418.6880430109,241.348869092939,376.519849521984,,,,,
3.4841,1414.15600559772,250.006444960586,386.92937191439,,,,,
3.11695,1429.12761097328,247.289122393766,377.148166101816,,,,,
3.9671,1413.82637512894,244.735387079873,381.439677253406,,,,,
3.8638,1417.75488147896,243.688242846233,380.635729452486,,,,,
3.19995,1425.51038448351,246.087230990625,376.690215328541,,,,,
3.22345,1419.66156924234,238.404093637423,377.284773565365,,,,,
3.26145,1414.69284461623,246.415584141636,376.579108509769,,,,,
3.64755,1413.54280192086,245.5533636029,382.087058484513,,,,,
3.21215,1424.74224179113,240.435733893177,376.569064574541,,,,,
3.2646,1414.60479261158,238.102856682585,377.028487425581,,,,,
3.04465,1442.45854637397,248.958771030622,378.34718299185,,,,,
3.23345,1419.46877640002,237.967251061184,376.701323075637,,,,,
3.59555,1408.60433421997,243.258873280827,380.249650015996,,,,,
3.0476,1442.15486701102,240.56661141346,378.173854684425,,,,,
3.68725,1418.13055321772,237.702883274042,376.594613387251,,,,,
3.20255,1425.36576246213,237.960354697585,376.818842993004,,,,,
3.3504,1412.76475582749,249.925175240746,387.002116123966,,,,,
3.57105,1418.0706158198,245.90209498348,376.397318895748,,,,,
3.4907,1419.0584284021,240.157723213715,376.659821176854,,,,,
3.54865,1412.9173530474,249.705111906843,383.364391559221,,,,,
3.54495,1412.8244767214,247.786811528529,384.145662841466,,,,,
3.7453,1412.80832325521,248.539027921046,379.426685019253,,,,,
3.5024,1421.23982592949,241.086872333547,378.907801821531,,,,,
3.9732,1418.8001887751,246.119620998997,376.543341619839,,,,,
3.37475,1417.89024455543,246.333354597336,376.418729311796,,,,,
3.20695,1420.09000774592,249.987314491893,386.876692071687,,,,,
3.5137,1413.29489119347,246.588839398379,382.974620091528,,,,,
3.1457,1422.76938854497,250.480631472275,386.39957175157,,,,,
3.47615,1414.25385904056,250.07307205717,384.781044516114,,,,,
3.3523,1412.71087336497,249.920356102475,384.971562397556,,,,,
3.2064,1420.22843322024,250.014715597376,387.125712695692,,,,,
3.72975,1412.32279229379,243.656305413916,380.572218340641,,,,,
3.4797,1419.15166075954,242.830049527824,376.605797037045,,,,,
3.6963,1422.82019566516,242.312530005443,376.353323367882,,,,,
3.7682,1418.4443862941,243.580739238661,376.567249883565,,,,,
3.5445,1412.80075444236,245.850997637703,382.317136166619,,,,,
3.72745,1417.36442539326,241.685054131799,376.407264497971,,,,,
3.19675,1415.66444536286,250.086414959405,386.84646466427,,,,,
3.75555,1413.2673236948,248.975551076532,379.967247288071,,,,,
3.38045,1407.89224284886,249.123778575984,385.78997218851,,,,,
3.79905,1419.09696177405,243.961415691563,376.590992214357,,,,,
3.10115,1430.74655517697,247.513874102382,383.683835158921,,,,,
3.43385,1408.86000101209,250.008997915319,386.791417365714,,,,,
3.942,1413.80254706828,246.400825245281,376.497944169996,,,,,
3.32745,1413.28416874666,243.275606781872,380.360367882405,,,,,
3.65255,1418.56412235661,248.450386570845,379.090001955534,,,,,
3.194,1415.60367644161,246.901298591641,383.221362726535,,,,,
3.10055,1430.83752418563,244.248242063005,381.123926335139,,,,,
3.02135,1492.29119159504,252.690533081615,388.954049291942,,,,,
3.46235,1409.25376762438,247.664791903277,383.977126336088,,,,,
3.68245,1413.15481630736,249.807217967188,384.459186894817,,,,,
3.05255,1436.57259267603,251.820386303139,388.007010773663,,,,,
3.693,1413.08099557432,249.709213398784,383.495083054685,,,,,
3.96365,1418.95844025189,244.995023668064,376.641414369607,,,,,
3.80225,1414.00660840663,245.785861645997,382.200068573618,,,,,
3.91475,1413.0666797193,240.190605859538,378.303778020125,,,,,
3.97955,1413.69017434652,249.91689728558,387.079525567988,,,,,
3.28115,1414.50947288649,249.001583263081,380.054231954932,,,,,
3.62965,1409.15997445263,249.934178118733,386.845098098893,,,,,
3.31975,1413.32388928813,249.806580863357,386.96599604755,,,,,
3.7938,1409.20018994889,250.071843889823,387.090237612501,,,,,
3.2593,1409.53188174134,249.962659942595,385.58887872601,,,,,
3.1461,1422.75083389591,250.50558237967,385.320445251188,,,,,
3.23125,1419.51250167782,245.343826190109,376.588760169178,,,,,
3.56995,1418.15244523648,248.685874213135,379.668789199169,,,,,
3.84105,1423.07302472728,241.042961021169,376.435822190272,,,,,
3.2581,1409.54375493947,249.97381629845,387.036586050473,,,,,
3.63835,1413.87614024213,249.350456318912,386.026289122727,,,,,
3.28935,1409.49942011781,249.91360452141,386.871359519822,,,,,
3.5517,1417.92020530759,243.131572218156,376.405450204866,,,,,
3.8875,1412.70982655316,249.68373625738,386.706440736439,,,,,
3.02365,1490.82163708058,250.596328426134,380.025283111238,,,,,
3.6221,1414.16400016367,246.827004516214,376.771159814113,,,,,
3.9656,1418.93472729955,238.074916680756,376.676748096635,,,,,
3.5702,1418.15244523648,247.760342256026,378.050651505529,,,,,
3.8324,1421.05158593347,240.980309328716,378.767919384383,,,,,
3.3568,1417.79914551432,239.234442463004,376.45530234369,,,,,
3.22355,1419.62444761115,238.892962744058,377.582084081025,,,,,
3.29265,1414.55503848546,246.081597675987,376.648659961358,,,,,
3.695,1422.9151943773,245.612614436785,376.382161225376,,,,,
3.4686,1419.42486250522,244.912401483057,376.542097654641,,,,,
3.8542,1412.98685050038,247.34374661671,383.727851960887,,,,,
3.44375,1408.89857798444,250.024803395895,387.019214854523,,,,,
3.2666,1409.52586082015,248.386317991646,384.679755273699,,,,,
3.85405,1412.98685050038,246.706024892998,383.120242650763,,,,,
3.7241,1412.43244043424,249.728411007447,382.758398993638,,,,,
3.745,1412.80832325521,249.258820981853,381.26254298383,,,,,
3.12385,1418.8605069004,250.630938905743,387.614328453221,,,,,
3.0009,1734.6117801101,2.8484508590465,390.201372262551,,,,,
3.18935,1420.88108494615,246.536667721733,376.749269421739,,,,,
3.99865,1413.62907891436,247.787547772398,384.010639537022,,,,,
3.17975,1426.06979415883,245.363941626179,376.746278266986,,,,,
3.9497,1408.8645526224,250.031790826579,386.630157008677,,,,,
3.42815,1413.64826212003,242.508394601997,376.455607586905,,,,,
3.29315,1414.52431655825,245.220027350833,376.640377583187,,,,,
3.54185,1422.87989804549,241.429428356612,376.368246830978,,,,,
3.3993,1417.9073284077,241.317511313927,378.950088316211,,,,,
3.3009,1414.3467378669,249.959608956502,384.517841749108,,,,,
3.2371,1414.48951945731,249.972224138733,387.060856534206,,,,,
3.9233,1413.44278990595,242.206714321313,376.532700204793,,,,,
3.62045,1408.99484651183,249.900275290299,384.972372493343,,,,,
3.7344,1412.50363417635,249.550130040353,382.740611684607,,,,,
3.01905,1493.46086428822,250.530318318009,386.690844013751,,,,,
3.78605,1408.96739838853,249.742007437865,382.534597592849,,,,,
3.7664,1418.62953060826,247.123128836234,377.040550506146,,,,,
3.8906,1417.74434396152,246.058309980756,376.361815477708,,,,,
3.12645,1423.86552270662,249.717444311254,380.654371781076,,,,,
3.81365,1413.85980747411,249.388172972542,386.08136035855,,,,,
3.534,1418.22173856534,244.885636367836,381.521878412695,,,,,
3.37065,1412.88198401837,249.610132865788,386.643554375427,,,,,
3.6019,1418.79200922277,246.338627763822,376.590061671096,,,,,
3.9926,1413.86774667865,249.481416289311,380.957661952077,,,,,
3.50815,1423.54590943534,248.54046653177,379.208017035732,,,,,
3.6598,1408.54838756992,249.827049982687,386.956735704188,,,,,
3.92275,1413.44275076473,243.982208744681,376.530355978062,,,,,
3.42705,1413.65197311395,245.393645498539,376.456153763171,,,,,
3.5747,1413.00773119163,241.627834374937,379.220620130482,,,,,
3.72765,1417.37797911587,240.904938124832,376.408548582098,,,,,
3.852,1418.10918635805,238.309696828924,376.475541666903,,,,,
3.9753,1418.6880430109,240.335724618108,376.520828672068,,,,,
3.3676,1417.80670550126,237.760836986346,376.653967118285,,,,,
3.44625,1414.01139790812,248.814219743975,379.489806886341,,,,,
3.3658,1417.77617535054,244.054123311591,376.458012905263,,,,,
3.7493,1412.96957949317,237.797505871052,376.8487201387,,,,,
3.74025,1407.41456827647,244.75160167071,381.442335225364,,,,,
3.2484,1409.32195425939,249.86598669079,386.588899012183,,,,,
3.45735,1414.40409232914,246.462341963243,376.617306384482,,,,,
3.8004,1419.08824484383,238.756745571554,376.593558483096,,,,,
3.23095,1419.51250167782,245.889834767969,376.594594430243,,,,,
3.664,1418.53838561402,245.806963603963,376.445390309257,,,,,
3.8329,1418.45596544641,243.963971373485,380.792833779359,,,,,
3.9603,1409.05787677353,250.00604198523,386.152864878942,,,,,
3.5758,1408.05200547295,247.490720551596,383.834455207632,,,,,
3.7595,1413.33186423436,237.888792154503,376.756334493385,,,,,
3.9604,1409.05910665053,250.010584208719,385.959121742649,,,,,
3.44555,1408.95656884608,249.968172046899,383.375241458204,,,,,
3.239,1414.38612385952,249.963795616676,384.55012894024,,,,,
3.04155,1442.88819310699,252.193178578562,388.682731895865,,,,,
3.9563,1413.92150784385,242.077232912157,379.464926688594,,,,,
3.58725,1408.49515543596,249.95201639137,386.885272799081,,,,,
3.28775,1409.47442744767,249.484174406901,386.208565132404,,,,,
3.26995,1409.6736730002,249.999458608058,384.523300562717,,,,,
3.31365,1423.38965496501,245.333766363192,376.451585762778,,,,,
3.0941,1426.58549438979,251.087698975764,386.942181033424,,,,,
3.8456,1413.1151711996,249.758849588218,386.947651106469,,,,,
3.7983,1419.16383601236,245.721788905272,376.602077507365,,,,,
3.6028,1418.71527457353,244.701724738091,376.569901827245,,,,,
3.3525,1412.72575007914,249.918775545995,384.28037285205,,,,,
3.14675,1422.74815671778,250.22599203002,382.457453810838,,,,,
3.60485,1418.72475370803,237.886236519628,376.821679731512,,,,,
3.09675,1436.3253467388,247.119418326959,377.433319814918,,,,,
3.58685,1408.49515543596,249.616204223896,386.273284075982,,,,,
3.69155,1413.08921587424,249.727285731519,386.730363769166,,,,,
3.54655,1412.9365779832,249.758985788857,386.921077499141,,,,,
3.1504,1427.44166074784,240.35294227918,376.907097239608,,,,,
3.56845,1413.06802522609,249.691833552873,385.939146531589,,,,,
3.36015,1412.77034778418,249.697725361176,386.505346268069,,,,,
3.9328,1418.60944576956,244.525317062671,376.472521559979,,,,,
3.4189,1413.34262117264,238.138415132652,376.503317962441,,,,,
3.75205,1408.03458232442,249.712555948616,386.570152568646,,,,,
3.3227,1418.42737140646,247.778351260651,378.009272261659,,,,,
3.85105,1418.06424998587,242.203195536189,376.465489600344,,,,,
3.0043,1734.25646474853,56.4509391833234,379.878499021464,,,,,
3.801,1419.1011629306,238.589508889634,377.362457537586,,,,,
3.53675,1418.18718451682,249.759446874718,386.798094780323,,,,,
3.5552,1412.87191468499,247.55243682509,383.92502384878,,,,,
3.9086,1407.84549247827,249.830786092198,386.302989582193,,,,,
3.9076,1407.850159483,249.869879371535,386.972890777393,,,,,
3.93965,1408.66854929691,249.792987446438,386.127661060656,,,,,
3.14145,1423.12533075966,241.72059612481,379.392998129534,,,,,
3.52915,1423.64493408577,247.107555505373,377.108457860471,,,,,
3.77905,1413.69095061383,241.52993430315,376.529757984153,,,,,
3.0632,1430.45261239836,251.674685253656,387.321420186165,,,,,
3.01855,1493.78465050983,247.150462127761,384.701437490049,,,,,
3.36035,1412.77034778418,249.831603839068,386.767782583611,,,,,
3.86845,1417.6922247938,249.705680765361,382.940790392623,,,,,
3.36295,1412.8641712389,249.892610170495,383.702661974171,,,,,
3.73335,1412.47565175736,249.622091543989,386.041889715763,,,,,
3.5661,1412.98366495325,249.10430731447,385.797890383798,,,,,
3.15445,1417.35795193641,250.393063607178,387.414446023179,,,,,
3.6418,1416.33216544015,249.549547178138,381.773700449441,,,,,
3.7978,1419.16383601236,246.459689078591,376.614703059465,,,,,
3.07175,1434.40223898925,251.572086350529,388.213675162993,,,,,
3.3178,1413.22258868517,246.804279428846,383.174385090857,,,,,
3.6572,1413.33366369636,241.699888064659,379.258806056666,,,,,
3.4999,1423.82703690117,243.935026388414,376.540804248971,,,,,
3.79915,1419.09696177405,243.659417312581,376.590082202488,,,,,
3.6181,1408.96088213682,249.77399979209,386.743479742646,,,,,
3.44965,1414.06100558226,239.275959610337,376.673738020956,,,,,
3.88165,1417.606323784,243.300682004736,376.393437646895,,,,,
3.718,1417.35351381398,238.104674732057,376.422492975587,,,,,
3.69285,1413.08099557432,249.740247038203,384.11114589489,,,,,
3.94505,1413.84221028757,237.795924199557,376.626833291866,,,,,
3.32655,1418.364321804,238.119513266138,377.102225761281,,,,,
3.2081,1420.03511973907,250.009472996385,384.497814149926,,,,,
3.7311,1412.38514896717,249.029486724144,385.702636936883,,,,,
3.517,1413.3998860055,249.786904586943,385.762879815046,,,,,
3.59085,1413.74819975702,247.981438714632,378.079847486101,,,,,
3.94325,1413.75044895008,244.208547674841,376.480425056117,,,,,
3.43515,1408.91230244352,250.006194630483,383.776795905393,,,,,
3.71055,1412.23339760927,249.347954823953,386.026620918944,,,,,
3.19205,1420.77159905217,238.404833934156,376.745703980663,,,,,
3.94725,1408.74010335105,248.450486806626,384.729518340877,,,,,
3.5393,1423.12428660793,247.652322793441,377.826067213366,,,,,
3.12825,1423.79760955634,245.666087677431,377.127021324031,,,,,
3.5971,1408.69358415464,249.499093035514,386.069879775872,,,,,
3.1211,1418.79526101875,243.513849834626,380.612365544412,,,,,
3.0215,1492.11089737788,252.684664989733,388.804048161768,,,,,
3.68375,1418.23892706609,247.430698409442,377.50587527167,,,,,
3.62955,1409.17026729235,249.939652788685,386.899387652298,,,,,
3.2647,1414.58330651248,238.42638357494,377.267512451652,,,,,
3.05185,1436.63021333116,251.851299748053,388.520886499544,,,,,
3.80945,1418.90228822417,243.66495460514,376.636112485789,,,,,
3.7071,1422.24968774852,240.406608564915,376.300430466148,,,,,
3.74365,1407.67913770103,249.647618663512,386.113725822413,,,,,
3.14515,1422.82920692742,250.478244012163,387.200347486877,,,,,
3.77665,1413.72754715158,247.183153835974,377.228417551654,,,,,
3.75125,1407.91215901197,248.130936542495,384.444590219153,,,,,
3.0238,1490.64859572208,250.051656065937,379.289058204516,,,,,
3.11515,1429.21807800018,250.680085088465,385.471940182499,,,,,
3.7715,1408.38093615718,246.495126018736,382.893541422263,,,,,
3.1498,1427.44166074784,242.765159975758,376.911581602369,,,,,
3.11335,1429.55086170646,250.688951376221,387.656932537564,,,,,
3.04395,1442.5423708281,251.280768821372,381.74853216703,,,,,
3.46755,1419.55669768338,246.576983103984,376.589567412186,,,,,
3.2669,1409.56136339921,249.161381987721,385.634561915167,,,,,
3.69435,1423.08790092576,246.525224397441,376.526278777632,,,,,
3.7816,1408.68343774257,245.543151715334,382.088169238716,,,,,
3.0936,1426.63615062486,251.086651117815,387.655716467993,,,,,
3.38935,1412.99010297414,243.536285860924,380.491291994305,,,,,
3.42735,1413.65197311395,244.786157651468,376.454399593873,,,,,
3.715,1417.38001012467,246.582470820442,376.507089900259,,,,,
3.5704,1418.15244523648,247.041621365363,377.074364109615,,,,,
3.9306,1413.78457885306,249.456797184157,381.563875944097,,,,,
3.16545,1417.18040649281,250.316943538542,387.268927889351,,,,,
3.46245,1409.26552389834,248.03197706393,384.358340682876,,,,,
3.37655,1417.82222143621,242.499932311595,376.382003524633,,,,,
3.17565,1421.46409940369,250.23421722868,387.218040470709,,,,,
3.7779,1413.68031449317,244.986586118592,376.527934259005,,,,,
3.4119,1408.07584030144,249.666451067143,386.732846681821,,,,,
3.5281,1413.61983717027,249.727998357304,383.083673550413,,,,,
3.8927,1417.66096424809,240.547665417319,376.342161230867,,,,,
3.26025,1409.59221525864,249.620155160162,381.713599527185,,,,,
3.8477,1413.09279662489,249.711905634332,383.478605182883,,,,,
3.42805,1413.64826212003,242.846517994264,376.454988887185,,,,,
3.6389,1413.97195499132,249.816617365425,386.864045739308,,,,,
3.7904,1414.06397053994,237.833661380551,376.702144216019,,,,,
3.3575,1417.78221934453,238.284404199682,377.122193524336,,,,,
3.68755,1418.09488677908,238.286882594767,377.185249701914,,,,,
3.37935,1407.79340254936,245.137722917437,381.746744994837,,,,,
3.6098,1408.79238166595,249.786092759358,385.785840618779,,,,,
3.68425,1418.23923874908,246.295095328531,376.466907233274,,,,,
3.5493,1412.94926181232,248.789164043491,379.829006069421,,,,,
3.4032,1412.94174517356,249.868665608956,386.364408386009,,,,,
3.0031,1734.5473380886,16.4022029792122,381.018457472977,,,,,
3.4134,1408.05047574,249.728521701534,386.507563561256,,,,,
3.3966,1417.96044118465,244.464045349231,376.465786613068,,,,,
3.7331,1412.47565175736,249.623051383853,386.383410119932,,,,,
3.96715,1413.82637512894,245.011396868421,381.655184263098,,,,,
3.29515,1414.53277281512,238.335709407019,376.651702683662,,,,,
3.8549,1413.05373253762,249.263351087024,385.999608423968,,,,,
3.7923,1408.96702706729,247.531581151367,383.753712355353,,,,,
3.8363,1418.37257161015,249.795683670962,386.412198261771,,,,,
3.5447,1412.81348141616,246.796895646635,383.159489083001,,,,,
3.0457,1442.27687067378,247.312856971502,378.2093963374,,,,,
3.1138,1429.35063677276,250.674628022493,387.570327414448,,,,,
3.4584,1414.32241166402,244.633552909755,376.602785252959,,,,,
3.2771,1409.37437633024,248.830805513313,385.270788525677,,,,,
3.73465,1412.5579574676,249.295580995858,381.439276059388,,,,,
3.95045,1408.87553348572,250.062036567021,385.089633494463,,,,,
3.1938,1415.60421432548,245.927206584757,382.377021182505,,,,,
3.9119,1413.01768079688,245.2397991542,376.468638057558,,,,,
3.90595,1407.68490826674,248.081636707467,384.411388326028,,,,,
3.77115,1408.36415511218,244.682216578356,381.39083094981,,,,,
3.17465,1421.54858662497,250.114211969429,386.997722538071,,,,,
3.6545,1418.47075114836,244.102263743913,376.439301664177,,,,,
3.1054,1430.36397518758,250.740816441048,383.288311021663,,,,,
3.24895,1409.34763005295,249.880886087002,385.637690863471,,,,,
3.55115,1417.9319730551,244.646486008703,376.408170797191,,,,,
3.5072,1418.5465098289,249.866658779893,384.29573832616,,,,,
3.15735,1417.29729367345,249.589538698672,380.708274761466,,,,,
3.5635,1418.01464500468,237.644939154918,376.568528246849,,,,,
3.2131,1424.76261783447,238.212922527049,377.172203193508,,,,,
3.28615,1409.38246717086,243.149986291087,380.280306622365,,,,,
3.93335,1418.60944576956,242.951115922805,376.466478973659,,,,,
3.41295,1408.04855849071,249.749602774993,386.845554106874,,,,,
3.40105,1412.88844285735,249.214566165626,385.739682761081,,,,,
3.9033,1417.64006046877,239.381300983239,376.348293916725,,,,,
3.54915,1412.94926181232,249.159546593509,380.751940318811,,,,,
3.37375,1412.9595465381,249.261520608851,381.178656229097,,,,,
3.35495,1417.76346534255,245.332370340918,376.453395373631,,,,,
3.0362,1453.49886787601,245.213720071285,378.243408504294,,,,,
3.446,1414.01139790812,249.473737524136,381.030148077618,,,,,
3.04625,1442.24823946331,245.885590493799,378.193398779821,,,,,
3.85525,1413.05373253762,249.650869014942,386.655356385224,,,,,
3.6124,1413.91207820992,245.879511155319,376.507341080051,,,,,
3.04185,1442.75242011609,252.176744536124,388.539701142028,,,,,
3.5169,1413.3998860055,249.781319186805,385.970265299696,,,,,
3.06245,1430.55623708846,251.681915338558,388.270777648677,,,,,
3.77015,1418.47201506639,238.837911366836,377.540415454508,,,,,
3.0552,1441.36945030246,248.271515648817,378.020783829504,,,,,
3.1114,1429.62913770783,246.982052238772,383.224510195882,,,,,
3.54305,1422.91100003873,237.783775437771,376.823125796987,,,,,
3.6092,1408.76751332368,249.783653308228,386.652089923392,,,,,
3.7537,1408.11989737995,249.889327296027,386.600021712507,,,,,
3.75795,1413.26465183398,243.354894518748,376.490266914286,,,,,
3.53965,1423.07370023433,246.572270511845,376.546372071302,,,,,
3.39225,1413.07185973667,249.954204536359,386.946176792505,,,,,
3.2759,1409.3328576056,243.498126574033,380.490415312554,,,,,
3.23025,1419.64061911989,246.882115954429,376.773886388013,,,,,
3.55565,1412.91825077879,248.867593056519,385.451355544475,,,,,
3.8739,1412.4227048301,242.348061771965,379.672015552065,,,,,
3.0798,1433.16968746739,243.986839499253,380.92750220926,,,,,
3.84115,1423.07302472728,240.636178361674,376.435572610581,,,,,
3.08805,1437.11433493284,243.196994746152,377.582999714661,,,,,
3.9167,1408.18021202866,249.282387912075,385.820933926229,,,,,
3.0932,1426.69713913048,251.107182781643,387.911296805342,,,,,
3.643,1418.7759014191,246.369113352352,376.53670692041,,,,,
3.0893,1437.06443999511,239.284946940583,378.007168692415,,,,,
3.8503,1418.08884785122,244.467622376923,376.468845206787,,,,,
3.07095,1434.41317245024,250.748318822277,386.849853091322,,,,,
3.0786,1438.4239090604,239.712473937648,377.671295996233,,,,,
3.2068,1420.09676753608,249.995192073686,386.978373871986,,,,,
3.57185,1418.01523796223,244.40973429597,376.384888645884,,,,,
3.2638,1414.61790277047,240.117817759641,376.56642885034,,,,,
3.42435,1408.5079717247,249.847291875853,385.425579318566,,,,,
3.53385,1418.22173856534,244.038756152371,380.874517260829,,,,,
3.7433,1407.65199598043,249.652689692737,386.54712124553,,,,,
3.2566,1409.44086686808,249.163697364813,385.693895333727,,,,,
3.2637,1414.60717809487,240.534046282069,376.565094113766,,,,,
3.96675,1413.83551354777,242.699635511308,379.963743745384,,,,,
3.29645,1414.4334951163,243.116671725187,380.284922296589,,,,,
3.2677,1409.67785438651,249.97310345477,386.986043620466,,,,,
3.06845,1439.88627976474,239.415033002232,377.850868660529,,,,,
3.56155,1417.9980140803,244.438735832157,376.396575161161,,,,,
3.52565,1413.5981607349,249.804761841434,386.970321135431,,,,,
3.5343,1418.22173856534,246.422041694005,382.808569027045,,,,,
3.2126,1424.75740725164,238.481203418258,376.571051469098,,,,,
3.5322,1423.3753674494,238.739645501584,376.398986272713,,,,,
3.13295,1418.60173040863,249.996882343619,386.494796917761,,,,,
3.21865,1414.67261799366,249.94927506254,383.509682575295,,,,,
3.61415,1413.86493556665,241.141040297235,376.503001245818,,,,,
3.0547,1441.39228309681,249.351122515063,378.941628115869,,,,,
3.15985,1422.21898706804,243.646477309266,376.895790308477,,,,,
3.13305,1418.60173040863,250.153152281155,386.731666090175,,,,,
3.9293,1408.6802589639,249.78386803557,386.155556032132,,,,,
3.39545,1418.09969092582,246.477862075545,376.489218330019,,,,,
3.959,1409.10596558749,250.04570019016,387.06977244315,,,,,
3.2586,1409.53278094729,249.948570115026,386.750950614694,,,,,
3.55655,1413.00915902176,249.731632229397,386.893452573793,,,,,
3.276,1409.3328576056,244.083324754579,380.913289253347,,,,,
3.4301,1413.67496353864,240.499773068274,378.488992906654,,,,,
3.657,1413.33366369636,240.499111214802,378.498497842463,,,,,
3.1164,1429.17269654908,248.84915884526,378.979075887148,,,,,
3.92245,1413.44899069926,244.756998477788,376.530749681353,,,,,
3.57855,1408.20778686116,249.745116955904,386.320532133812,,,,,
3.5959,1408.61342530766,245.262320442969,381.736714886796,,,,,
3.4026,1412.97750373598,249.894681925655,386.864971882856,,,,,
3.10775,1434.96576821163,245.579314584742,377.198146721963,,,,,
3.0041,1734.25646474853,50.5366682670949,379.888906208512,,,,,
3.67765,1418.2177128831,240.651462352878,378.60323026651,,,,,
3.95715,1408.87506068326,246.78722294845,383.034052075543,,,,,
3.23155,1419.4916258649,244.669238319244,376.584281430718,,,,,
3.4355,1413.95056206347,249.773776371916,382.092035784708,,,,,
3.1024,1430.6642390605,250.748715165696,387.474997579282,,,,,
3.0753,1438.93475719454,249.197026502282,378.786352064029,,,,,
3.77305,1408.60206478657,249.801909883903,386.930390901402,,,,,
3.16145,1422.23984870483,238.397832157767,377.314593775691,,,,,
3.9508,1408.92814668597,250.035575353166,383.80157951976,,,,,
3.79545,1409.17873962661,250.051259150431,385.891874829693,,,,,
3.78365,1408.87909589959,249.92416594931,387.081183196326,,,,,
3.9216,1413.48562371593,246.266821949269,376.539195720311,,,,,
3.9786,1413.63214546678,249.274748794259,385.9311122575,,,,,
3.14385,1423.00534758476,250.446649161183,387.373238650027,,,,,
3.47575,1414.25537142064,250.049987708667,385.900331608887,,,,,
3.8379,1423.30484400849,249.260750885679,380.854770539569,,,,,
3.2215,1419.64513490412,243.923606895207,376.57546661849,,,,,
3.66335,1418.67513628475,246.747262330057,376.702402815497,,,,,
3.65015,1413.55433663473,249.81126197367,386.878139602408,,,,,
3.62975,1409.15216156132,249.928904748056,386.777993140574,,,,,
3.2042,1420.18537987707,246.250117826854,382.667431765633,,,,,
3.9929,1418.88915308508,248.618557100292,379.06284256837,,,,,
3.91985,1408.4060457228,249.939190619362,383.769924109476,,,,,
3.82145,1418.85396861533,237.909730417743,376.915382145838,,,,,
3.7744,1408.55419805798,249.792781450684,386.495719522678,,,,,
3.8214,1418.8578029517,237.845880112295,376.827032185487,,,,,
3.18945,1420.87275981748,246.408339520159,376.74640619173,,,,,
3.6736,1418.38112292832,246.941187583916,376.890998525939,,,,,
3.14175,1423.03542509786,243.527065902435,380.58310554677,,,,,
3.9316,1418.75343685972,246.52776216471,376.553751517046,,,,,
3.08765,1437.15794762743,244.624650577469,377.593831263403,,,,,
3.2176,1414.64685150552,249.967623215113,386.49388318457,,,,,
3.553,1417.97921742455,238.001708968353,376.432685166889,,,,,
3.2995,1414.43317527727,249.95074154429,387.011391361164,,,,,
3.2934,1414.52431655825,244.658993651061,376.637705248988,,,,,
3.4317,1408.69615655227,248.703867319677,385.020156056282,,,,,
3.90945,1407.89029255714,249.855898599549,384.078983170386,,,,,
3.665,1418.47506602119,243.611706632317,376.428848753854,,,,,
3.36985,1412.79033586216,248.42380035674,384.866491935711,,,,,
3.72455,1417.45597245756,249.0577368064,380.252629199375,,,,,
3.5986,1408.83108331666,250.005583297936,386.919217505269,,,,,
3.7838,1408.87548182665,249.923905028464,387.076335965973,,,,,
3.11115,1429.63494744672,245.66942708562,382.149032806821,,,,,
3.3986,1417.94661518784,237.906771374922,376.788133643341,,,,,
3.5398,1423.02396690602,246.327957371796,376.41268690967,,,,,
3.0218,1491.69112298837,252.684367178214,388.370544468574,,,,,
3.95595,1413.92150784385,240.018621169474,378.177218585265,,,,,
3.77005,1418.47201506639,238.348604538289,377.247490915705,,,,,
3.2545,1414.47893502488,238.931950977179,377.617390397036,,,,,
3.94465,1413.80723785767,239.13616361664,376.4919490056,,,,,
3.4988,1423.92144511228,246.189051241045,376.570069481978,,,,,
3.63685,1413.88022952986,243.418382538344,380.422950132111,,,,,
3.80925,1418.90459185405,244.248619522559,376.637843501867,,,,,
3.2,1425.51038448351,246.008911254461,376.688583999155,,,,,
3.8699,1422.60184118537,246.234628896929,376.39153042337,,,,,
3.68435,1418.23923874908,246.176789100201,376.46375989165,,,,,
3.33335,1423.480623533,246.664973862542,376.64287476357,,,,,
3.40405,1412.94563590194,249.8997236107,384.278161724259,,,,,
3.6244,1414.0573477061,241.475302124281,376.50689005701,,,,,
3.83185,1423.55986477431,238.054550859595,376.982570383345,,,,,
3.8334,1418.45415919053,246.602614213989,382.935987609421,,,,,
3.0561,1441.17811803501,246.714423897384,377.979913302107,,,,,
3.3248,1418.33760914508,243.230172567803,376.445498328208,,,,,
3.3612,1412.86405229358,249.917809353695,386.935070047025,,,,,
3.3139,1423.35288136944,244.814902428207,376.445702451833,,,,,
3.55215,1417.91895647563,241.547402613992,376.406315013729,,,,,
3.08295,1432.77334605081,251.380060112739,388.027561378154,,,,,
3.80795,1418.98617047686,246.623136053416,376.664051783689,,,,,
3.01735,1494.56974436379,228.783214618643,380.047855118983,,,,,
3.41975,1413.26338621426,240.212794195286,378.378897937863,,,,,
3.9356,1413.55523603212,241.378418868509,379.075048220373,,,,,
3.8217,1418.78380108636,238.8324893724,377.55533329198,,,,,
3.2397,1414.43625508913,249.492022411233,381.263662617286,,,,,
3.88275,1417.65757791194,239.11229422284,376.401273692604,,,,,
3.58385,1413.46695875486,238.424371468785,376.456747802783,,,,,
3.57445,1413.04390524154,240.120098264401,378.272891769484,,,,,
3.89685,1412.77107922684,249.662233182537,386.808642241384,,,,,
3.44005,1418.82508935659,238.570736649567,377.345497863395,,,,,
3.8273,1413.87054773858,249.78472341333,382.545201118368,,,,,
3.54965,1417.99986119952,247.507359768876,377.642174207011,,,,,
3.1983,1415.66897361226,249.857732456976,382.23352981348,,,,,
3.9492,1408.87259641617,250.05462479197,387.006318855201,,,,,
3.26105,1414.70095265069,247.169439311687,377.107068622401,,,,,
3.1499,1427.44166074784,242.393174625999,376.910339033728,,,,,
3.70145,1417.65601000489,249.6839312041,386.839241855608,,,,,
3.92305,1413.44278990595,243.070151923547,376.531109163848,,,,,
3.1045,1430.44089182274,250.895066354169,386.609566840855,,,,,
3.7917,1408.96064461678,244.509986063012,381.195604776632,,,,,
3.65235,1413.53975286125,249.060601090167,380.372595380215,,,,,
3.0617,1430.61062594675,251.704533758754,388.446989675353,,,,,
3.0312,1449.34615305091,252.49084437607,388.968635129855,,,,,
3.5917,1413.6762136188,246.18467653514,376.556743904738,,,,,
3.33305,1423.480623533,247.615761716351,377.785207559216,,,,,
3.54065,1422.95688604538,245.01227377012,376.386095811896,,,,,
3.95865,1409.061189143,250.005380258377,386.97228979336,,,,,
3.41735,1413.23070882083,243.933633314563,376.476039765684,,,,,
3.2616,1414.64801902002,246.232331099646,376.575458885842,,,,,
3.7223,1412.41529580203,249.835388861322,386.841467773403,,,,,
3.9609,1409.09341493693,250.036749011434,384.567842928707,,,,,
3.25155,1414.4571831643,245.79249496649,376.559805591612,,,,,
3.2502,1414.43489576228,249.007066324346,380.134269322635,,,,,
3.565,1412.92871405933,245.166236201936,381.774485214339,,,,,
3.2204,1419.74173392842,246.19501282262,376.59241406401,,,,,
3.9583,1408.95279891161,249.81419744811,386.584690916213,,,,,
3.1071,1435.10432878811,246.852167905222,377.223177770304,,,,,
3.25905,1409.53188174134,249.947139890257,386.139987826147,,,,,
3.43975,1418.82653901845,237.936164486895,376.736027993346,,,,,
3.3134,1423.46393755237,245.767336459072,376.45851941772,,,,,
3.3927,1413.03275404325,249.93166943555,386.655693490274,,,,,
3.0693,1434.71500368586,242.982348377339,380.289046808868,,,,,
3.96355,1418.98049886376,245.216619535433,376.643237732801,,,,,
3.4962,1414.04929585773,249.91088177706,386.21742470796,,,,,
3.36705,1417.79738835569,239.511511873911,376.462237825629,,,,,
3.9439,1413.7568364867,242.172288142039,376.481563271093,,,,,
3.2261,1414.57251626263,249.838473137898,386.67749505372,,,,,
3.12325,1418.87292317383,250.576916404701,387.496018004528,,,,,
3.02045,1492.86982173945,252.724435975419,389.271411443043,,,,,
3.44935,1414.00565026173,240.560112576572,376.667516253657,,,,,
3.18215,1425.99866070128,238.381529685391,377.28881958706,,,,,
3.08865,1437.0777356734,240.686334607273,377.572561441997,,,,,
3.12635,1418.84319030464,249.967247723135,381.269834799036,,,,,
3.4879,1419.17815093168,247.40518189241,377.299250699019,,,,,
3.0799,1433.15940377902,244.587442786484,381.338584498472,,,,,
3.2296,1419.60945681961,249.076938406289,380.022403412575,,,,,
3.04575,1442.25771508053,247.202769280294,378.207788640562,,,,,
3.66425,1418.53838561402,245.391054236348,376.439832578372,,,,,
3.19495,1415.65443849625,249.678117895013,386.371351324632,,,,,
3.03715,1453.37808297903,241.336848257236,378.217966873514,,,,,
3.02005,1492.97106615462,252.642801640542,389.083234507399,,,,,
3.6962,1422.82019566516,242.657195756013,376.354709345325,,,,,
3.91355,1413.0744444311,239.883847573234,376.483461611905,,,,,
3.10745,1435.09303713258,246.239863291569,377.208848908953,,,,,
3.3749,1417.88197792946,246.159975559399,376.402333571798,,,,,
3.54815,1412.87891891802,249.743334693544,385.173530622731,,,,,
3.06695,1439.99256391837,245.078106708591,377.767370276714,,,,,
3.6151,1413.94942186527,237.765470467145,376.730235981636,,,,,
3.14225,1423.01616446117,246.359937662869,382.718873081111,,,,,
3.50895,1423.4708149458,246.293229266738,376.463988390324,,,,,
3.27725,1409.37437633024,249.161281941269,385.708490095252,,,,,
3.87275,1422.52361189318,237.834690523681,376.395392491199,,,,,
3.56715,1413.13616782672,249.728847455194,386.920406713689,,,,,
3.56955,1413.12025054387,249.481683142416,382.024414153332,,,,,
3.01935,1493.46086428822,251.651260058865,387.688814106115,,,,,
3.68285,1413.1893359686,249.690484424215,382.768583014601,,,,,
3.15335,1417.27498455988,249.295787355884,385.656222331697,,,,,
3.99495,1418.70051180621,244.04932146007,376.556695480187,,,,,
3.84465,1413.06310236669,249.298189184449,386.074344719984,,,,,
3.1893,1420.88108494615,246.597043232237,376.750798413166,,,,,
3.8872,1412.72285690291,249.699457703297,386.843747161821,,,,,
3.9283,1408.7162236558,249.819829615294,386.927444812192,,,,,
3.6388,1413.96499147538,249.776605643363,386.776569889027,,,,,
3.23865,1414.38539479249,249.948001790289,385.604702565249,,,,,
3.7301,1412.32340478135,245.582660898756,382.077148699168,,,,,
3.9106,1413.02939237917,247.639235965505,377.723631205042,,,,,
3.51245,1418.36059724713,239.456754338246,377.885388673947,,,,,
3.62565,1414.07294565725,238.346157076965,377.206843718034,,,,,
3.8717,1422.48504986786,242.098935263589,376.357026431717,,,,,
3.76615,1418.62953060826,247.978540126999,378.15555962083,,,,,
3.9522,1414.04388586496,246.813292535414,376.691974835444,,,,,
3.2688,1409.64998439477,249.977128197873,386.814528647327,,,,,
3.60245,1418.78585582099,245.466885543839,376.576114739293,,,,,
3.9369,1408.56175505337,248.064751000213,384.433545343136,,,,,
3.18425,1415.8259481969,248.986806509593,385.355646756199,,,,,
3.66955,1413.42087412842,249.616583173304,386.496338542485,,,,,
3.1492,1427.51101069213,244.688174368948,376.922209000923,,,,,
3.6471,1413.5529558151,242.995503410888,380.16340348026,,,,,
3.6683,1413.3700107559,246.182921583078,382.572463759157,,,,,
3.6243,1414.0573477061,241.8561737566,376.506200026593,,,,,
3.5207,1418.47280059338,243.399642072084,376.463245831033,,,,,
3.30225,1424.3262261094,247.304510859643,377.298570254319,,,,,
3.29345,1414.52170322859,244.535424857219,376.637269910982,,,,,
3.59075,1413.74035826535,248.376373217102,378.695450784932,,,,,
3.70805,1422.28552817559,237.689973191612,376.748359712611,,,,,
3.9989,1413.64184794481,248.611365621912,384.917320181549,,,,,
3.08075,1433.05409883899,248.982386789978,384.920531258531,,,,,
3.9329,1418.60944576956,244.274581104374,376.471138486005,,,,,
3.7568,1413.26496289217,245.966967837759,376.493615607031,,,,,
3.20335,1425.30212247041,241.392209031006,379.123357984539,,,,,
3.25055,1414.46553544638,247.74506352725,377.920538036774,,,,,
3.22555,1414.5314349399,248.982958123816,385.399560556815,,,,,
3.25965,1409.56493612863,249.975397524144,384.503577476979,,,,,
3.8824,1417.60384633867,240.591235986294,376.396165470283,,,,,
3.3825,1408.02358253491,249.726799741287,386.442595334068,,,,,
3.17435,1421.52179443719,249.835678563585,386.500024911159,,,,,
3.84975,1418.09420485186,245.585469178856,376.476098512717,,,,,
3.9052,1407.60896777572,244.603599789331,381.29985076566,,,,,
3.8919,1417.64845487711,243.385546629479,376.342043680589,,,,,
3.72675,1417.36506820345,243.983297471765,376.407881659809,,,,,
3.7879,1414.01373341845,245.640681812018,376.508287260216,,,,,
3.72525,1417.50637769403,246.718964070034,376.624201843076,,,,,
3.6281,1409.05282212928,249.529526237932,386.207622153281,,,,,
3.58905,1408.55963052738,249.999585489095,386.154298457223,,,,,
3.7937,1409.17628166756,250.056879151222,387.053332105152,,,,,
3.76385,1408.51309236373,249.928864812185,386.742402316222,,,,,
3.72215,1412.41529580203,249.842752838053,386.892682805197,,,,,
3.13515,1418.60149848022,250.589230441049,386.923436902903,,,,,
3.8965,1412.6614140165,249.514048966198,386.493301528795,,,,,
3.5996,1408.83280785861,250.000487782347,385.600176176875,,,,,
3.7052,1422.38688145858,245.747680710158,376.329618292112,,,,,
3.4909,1419.06790124517,239.296365676662,376.662523663401,,,,,
3.34655,1422.73141311484,238.734205853682,376.354082137516,,,,,
3.17075,1426.78110405663,241.358104208148,376.790373455089,,,,,
3.7662,1418.62953060826,247.789249016973,377.880652228269,,,,,
3.4255,1413.640646081,248.987888813632,380.162289067214,,,,,
3.465,1409.46741256851,249.944505952896,386.629603271957,,,,,
3.56325,1418.01152970063,238.231211166728,376.407530105194,,,,,
3.8932,1417.6673623701,238.443116711033,376.348939614144,,,,,
3.2396,1414.41807292245,249.647145458931,381.826077749553,,,,,
3.40235,1413.02808742982,249.90638287801,386.941431924055,,,,,
3.6537,1418.50417248451,245.771123031414,376.453666899811,,,,,
3.3266,1418.35048893442,238.324260193969,377.236656616112,,,,,
3.99385,1418.7594580664,246.292242129766,376.575552670473,,,,,
3.73845,1417.4456827309,238.634216647975,376.346885103976,,,,,
3.98555,1418.59923174346,240.627713867717,376.449333878194,,,,,
3.06835,1439.89428606856,239.596358843227,377.772157679023,,,,,
3.54385,1412.79583391457,242.140458631129,379.54639134963,,,,,
3.5378,1418.13029589572,249.761719087846,385.289661967341,,,,,
3.96015,1409.05787677353,250.003213458338,386.39762918024,,,,,
3.1553,1417.30370395223,250.371590357917,387.216909286437,,,,,
3.66155,1408.55558014364,249.813671902649,385.333257169531,,,,,
3.10035,1430.90293574154,243.04863204405,380.309962706063,,,,,
3.5414,1422.92364583052,243.026632793373,376.372601878071,,,,,
3.1074,1435.10432878811,246.337407154855,377.210765527665,,,,,
3.72235,1412.41529580203,249.832704088924,386.819468215366,,,,,
3.47455,1414.34428302602,250.075142521452,387.098757291584,,,,,
3.64185,1418.81955955625,249.477968402395,381.496678984541,,,,,
3.72115,1412.33828491419,249.661439491149,386.534563563024,,,,,
3.7826,1408.76079809806,249.181297869499,385.786903338632,,,,,
3.067,1439.99256391837,244.919307491111,377.765693383815,,,,,
3.8893,1412.73620925326,249.403687093111,381.742100775754,,,,,
3.25955,1409.5515906322,249.976879378132,384.853398880429,,,,,
3.4271,1413.65197311395,245.301163064365,376.455766391012,,,,,
3.9727,1418.8158975378,246.897461442196,376.897528653308,,,,,
3.19655,1415.69036857056,250.095869567242,387.00832500302,,,,,
3.40065,1412.86763751807,248.215241350288,384.488332549619,,,,,
3.85375,1412.98587934701,245.218862917475,381.846191350143,,,,,
3.04315,1442.60797751025,252.188404337295,385.873335051634,,,,,
3.1343,1418.69286813601,250.62229398795,387.585239664426,,,,,
3.8494,1418.17713544583,246.092967988907,376.483524870466,,,,,
3.99815,1413.61882412055,245.490664123121,381.937354027862,,,,,
3.12055,1423.89424898723,240.213260865627,378.523683045042,,,,,
3.85575,1413.14798222849,249.812866354361,387.00771697079,,,,,
3.1511,1427.45699750948,238.340693555448,377.237769018932,,,,,
3.6266,1408.97774501098,243.869171928351,380.72774332426,,,,,
3.07155,1434.40481215467,251.494570155778,388.044524905297,,,,,
3.39265,1413.03726503717,249.93363895832,386.702258455913,,,,,
3.23395,1419.41099766281,239.398800556706,377.844068254927,,,,,
3.56815,1413.06678173464,249.688115442943,386.402694461458,,,,,
3.78745,1414.08458448377,246.281357803283,376.515583420409,,,,,
3.29785,1414.38883700585,249.152117468725,385.730473251314,,,,,
3.8866,1412.70915926687,249.697038569708,386.873205297418,,,,,
3.5465,1412.94093325465,249.759159342544,386.923089040957,,,,,
3.2601,1409.59221525864,249.796798575779,382.520238513416,,,,,
3.53225,1423.3753674494,238.520362122921,376.399514441679,,,,,
3.2122,1424.74224179113,240.224864182556,376.569010845542,,,,,
3.7875,1414.07158784441,246.220583783834,376.514532369156,,,,,
3.1909,1420.73963028093,243.043188050224,376.724603611817,,,,,
3.98975,1408.73659279332,250.059767426332,387.062010857632,,,,,
3.63295,1419.09482326594,246.126982578574,376.556865468782,,,,,
3.4256,1413.67019137718,248.686819069881,379.516787552125,,,,,
3.1951,1415.65443849625,249.852106119128,386.663670581636,,,,,
3.63545,1418.99445879741,238.407760094179,376.533922340261,,,,,
3.65085,1413.51063415939,249.789725378511,386.195951752439,,,,,
3.5223,1418.53240329534,237.718609171891,376.719846853723,,,,,
3.1829,1415.83240049039,242.596657445769,379.899101020722,,,,,
3.5476,1412.87602889776,249.717540455108,386.302869122167,,,,,
3.4217,1408.37150572157,249.214987293889,385.878013537038,,,,,
3.9292,1408.6802589639,249.782747366338,386.307752277369,,,,,
3.28005,1409.43822934637,249.9218362743,385.184242107649,,,,,
3.1565,1417.27022792258,250.391024805755,384.913130896016,,,,,
3.71785,1417.35351381398,238.723323969819,376.406923475227,,,,,
3.07655,1438.66414240584,246.917419407686,377.714017638097,,,,,
3.19385,1415.60367644161,246.181497188317,382.590264610453,,,,,
3.86195,1422.89283928295,239.887850055406,376.413128312504,,,,,
3.9198,1408.4005927387,249.950155266557,383.976856339531,,,,,
3.9853,1418.591996663,241.618327231404,376.44825426293,,,,,
3.97625,1418.74494932969,238.106335501313,377.123911515607,,,,,
3.43915,1418.79329474726,240.029058521959,376.559857889567,,,,,
3.2843,1414.44390589368,240.600918537932,376.591311408735,,,,,
3.546,1412.9409226585,249.671175356733,386.720518939479,,,,,
3.7842,1408.8729251514,249.908074111517,386.977206611854,,,,,
3.40505,1417.99856007054,248.507561667322,379.032497229255,,,,,
3.6551,1418.43517998188,242.224595129555,376.434325988029,,,,,
3.7421,1407.67302853236,249.653154464485,386.801129352103,,,,,
3.5016,1423.78539256645,237.788707327492,376.666454146725,,,,,
3.5995,1408.82432065954,249.993573175435,385.833165574451,,,,,
3.7107,1412.27187093861,249.536012462878,386.334207143011,,,,,
3.49865,1423.98031222821,246.380246393812,376.57589264955,,,,,
3.731,1412.38514896717,248.841737124136,385.4353581505,,,,,
3.33545,1423.22795791226,241.989588076284,376.382503218539,,,,,
3.4523,1409.03271342099,248.543163709587,384.945530013494,,,,,
3.03635,1453.49886787601,244.674474222619,378.238238627677,,,,,
3.5963,1408.61342530766,247.215958412497,383.425075329295,,,,,
3.8984,1412.69357349702,249.646365081509,386.002533585208,,,,,
3.06755,1439.95420278844,242.926870200064,377.749714365716,,,,,
3.2936,1414.50773255524,244.141879908203,376.636155153498,,,,,
3.266,1409.4990928482,245.877823645244,382.28648687685,,,,,
3.0996,1436.00938416629,239.038438828317,377.817227642656,,,,,
3.58605,1408.38569354105,247.524178809801,383.763697412514,,,,,
3.86425,1417.75129733257,246.147724859035,382.580415491478,,,,,
3.95385,1413.936883789,243.612393211953,376.581845330459,,,,,
3.3294,1413.36649933134,249.694532137532,386.748414129391,,,,,
3.9951,1418.70051180621,243.603732801384,376.555451885069,,,,,
3.9991,1413.64184794481,249.109583439743,385.544276431946,,,,,
3.19395,1415.60367644161,246.668882727404,383.012798281377,,,,,
3.72925,1417.36487134895,240.688538823343,378.574806401329,,,,,
3.6118,1413.91207820992,246.734137240795,376.732275154242,,,,,
3.571,1418.0706158198,245.968889265488,376.398500146782,,,,,
3.09655,1436.44633623897,247.403764765943,377.443477616827,,,,,
3.1265,1423.87314829792,249.571305568566,380.33788070511,,,,,
3.75145,1407.92971065505,248.724946035404,385.130770690056,,,,,
3.74655,1412.8653948198,245.614606341389,376.376953471128,,,,,
3.3087,1418.75836044622,249.742936368391,386.733647830774,,,,,
3.9507,1408.91102703861,250.055577159212,384.210670499774,,,,,
3.51015,1423.376318037,244.058755340996,376.435169761479,,,,,
3.5634,1418.01152970063,237.763571509436,376.469222856623,,,,,
3.1774,1421.32672211353,250.186883655684,383.670288386217,,,,,
3.75295,1408.11442108139,249.924238639649,387.005389524188,,,,,
3.50095,1423.79171171784,240.167660148976,376.529719045685,,,,,
3.5075,1418.55397645362,249.77109586541,382.992175090447,,,,,
3.0225,1491.49791882518,252.71176259434,386.423985869654,,,,,
3.06535,1440.38639936854,248.269587108023,377.86470165185,,,,,
3.44585,1414.01139790812,249.718737075694,381.878470802464,,,,,
3.36205,1412.82586189723,249.885653427141,386.241744388047,,,,,
3.6807,1413.21994878591,249.813539803749,386.952867216583,,,,,
3.44435,1408.89035392021,249.995439631195,386.608861805159,,,,,
3.697,1422.78556282456,239.553278250596,376.348774966362,,,,,
3.78095,1408.66729289757,241.757440479199,379.357372856344,,,,,
3.00125,1734.6117801101,4.4654528203848,389.697684827848,,,,,
3.97245,1418.82819794966,247.720978064267,377.928733538023,,,,,
3.5418,1422.87989804549,241.620198388631,376.368565677368,,,,,
3.3947,1418.09426175835,248.688735816491,379.299812129137,,,,,
3.6818,1413.15182905701,249.7751899163,386.136141738718,,,,,
3.29625,1414.44719064795,241.912019115665,379.476716481211,,,,,
3.49895,1423.92144511228,245.974687735156,376.564811788649,,,,,
3.96215,1419.15049922383,247.86754741962,377.931302409975,,,,,
3.9324,1418.68244196151,245.380384477887,376.47941074348,,,,,
3.6478,1413.53657759917,246.76761562537,383.143754856025,,,,,
3.4703,1419.38083008311,239.014636730491,376.536106122543,,,,,
3.5541,1412.86380851726,241.786331228445,379.338928952387,,,,,
3.60715,1408.67048117322,248.789162632761,385.284505779552,,,,,
3.04325,1442.60797751025,252.170320488936,385.467498947882,,,,,
3.9353,1418.62451307629,239.595826055403,377.976385253225,,,,,
3.4471,1414.03791912612,246.508130786362,376.671004835648,,,,,
3.8805,1417.67200427828,245.842533858261,376.404647055964,,,,,
3.34245,1417.95370491142,249.674733078222,383.072451397708,,,,,
3.2739,1419.46441044678,241.013230972087,376.574951587013,,,,,
3.06685,1439.99256391837,245.383822344681,377.770822097326,,,,,
3.12195,1418.79455183855,248.015146822001,384.204268496424,,,,,
3.99015,1408.75014350712,250.065632041198,387.064791246447,,,,,
3.6569,1413.33366369636,239.910823842824,378.139876983507,,,,,
3.5856,1408.36503178171,245.363540759815,381.866020891043,,,,,
3.57715,1408.22385843093,249.763321680848,386.890753672148,,,,,
3.7001,1417.59807363745,248.9523386486,385.585301834104,,,,,
3.76495,1408.56411599469,249.952722153185,384.529875897932,,,,,
3.63735,1413.88022952986,246.160869064342,382.558850799577,,,,,
3.9996,1413.69659540514,249.814402111695,386.639440126195,,,,,
3.75625,1413.33899904834,246.683921975464,376.59551110952,,,,,
3.0477,1442.15048206075,240.182997227903,378.190488323788,,,,,
3.7037,1417.52020273353,249.331401271895,381.492964524812,,,,,
3.3195,1413.34228082922,249.805599755001,386.971081633117,,,,,
3.213,1424.76261783447,237.947518075404,376.951285403404,,,,,
3.42295,1408.49115939429,249.861204554556,387.020138377803,,,,,
3.7864,1411.47996531949,249.184855923755,380.540445995806,,,,,
3.8164,1413.8420945932,249.927667441896,384.999462643331,,,,,
3.30265,1424.20726180653,246.453556712822,376.593661784443,,,,,
3.60955,1408.77425350101,249.776689526835,386.242073883184,,,,,
3.20505,1420.16005896229,249.216905587564,385.775432972342,,,,,
3.149,1427.51101069213,245.203185270285,376.926820138932,,,,,
3.6051,1418.72475370803,238.626194671884,377.384709287903,,,,,
3.5289,1423.64493408577,248.022758533108,378.385478242894,,,,,
3.87615,1412.58978104879,249.70614895793,386.808550683536,,,,,
3.60925,1408.76751332368,249.781554144627,386.607328425206,,,,,
3.90625,1407.68490826674,248.916447156284,385.40606659597,,,,,
3.22245,1419.62651870893,240.522532758135,376.574823671418,,,,,
3.61655,1408.83318686026,245.309302768276,381.880114895825,,,,,
3.7714,1408.36735912225,246.011257344887,382.469235686854,,,,,
3.0818,1433.00566264952,251.243714249948,387.810749362386,,,,,
3.65315,1418.59674940839,246.504862728445,376.522539383536,,,,,
3.1744,1421.52336680391,249.896999809665,386.601266498084,,,,,
3.93315,1418.60944576956,243.578809482099,376.468229369815,,,,,
3.11965,1428.96396784608,239.722064457404,377.094703436524,,,,,
3.44065,1413.75229777698,242.029335506749,379.457264853562,,,,,
3.8763,1412.58978104879,249.734174788155,386.875955206062,,,,,
3.3623,1412.82586189723,249.895743023276,385.772934911737,,,,,
3.8607,1422.93171286135,244.255802213584,376.424472666628,,,,,
3.5216,1418.4981332328,240.023088081755,376.469099077023,,,,,
3.2038,1420.18998421497,244.080780811458,380.95151060485,,,,,
3.6042,1418.69539200229,239.840329390813,376.562807194609,,,,,
3.11675,1429.1346264012,247.672247550735,377.431748401464,,,,,
3.0954,1429.05388965461,250.484215704122,381.721116132545,,,,,
3.5264,1413.61042356938,249.798793355657,386.880754619464,,,,,
3.2224,1419.624374313,240.730122713452,376.574448884753,,,,,
3.38575,1418.11175593989,245.429074390173,376.407558420245,,,,,
3.73985,1407.41456827647,242.417184402045,379.744899815793,,,,,
3.85395,1412.98685050038,246.239624325763,382.701845199216,,,,,
3.5875,1408.53360823745,250.02192288242,387.044877476568,,,,,
3.4391,1418.79329474726,240.243916082583,376.559372480743,,,,,
3.7529,1408.11442108139,249.92575554115,387.013176209584,,,,,
3.8299,1423.62686425943,244.004991435606,376.464523638829,,,,,
3.7422,1407.67302853236,249.672288376288,386.847201793596,,,,,
3.48115,1419.21152647013,238.114812890405,377.038208642312,,,,,
3.51525,1413.42839476617,249.790938744095,386.920222641179,,,,,
3.55475,1412.8683704328,245.532583936563,382.074068975154,,,,,
3.112,1429.54453839386,249.317935572344,385.55556044814,,,,,
3.8061,1413.99228739948,250.033337356253,384.940871263261,,,,,
3.7734,1408.60179762909,249.833349768821,387.005915978831,,,,,
3.6823,1413.15081405185,249.80479102239,384.958619558992,,,,,
3.1246,1418.83409222078,250.594973900932,387.216213378355,,,,,
3.8577,1413.12905689628,249.809846696816,384.767741872148,,,,,
3.29045,1409.48243797003,249.931312605107,384.935695244549,,,,,
3.4659,1409.52165475021,249.975809848067,384.548739607745,,,,,
3.2795,1409.4295668025,249.893475433662,386.367907236115,,,,,
3.3164,1420.82774697625,238.880268469274,377.547508301496,,,,,
3.4085,1417.86252532031,238.667366478109,376.531928347914,,,,,
3.0877,1437.14020415906,244.459195161167,377.59234375077,,,,,
3.08065,1433.08000184673,248.571070699543,384.520723587071,,,,,
3.77205,1408.43561200179,248.539197258721,384.994442445926,,,,,
3.67175,1413.36643492426,249.80351210978,385.591564319075,,,,,
3.91085,1413.05324597634,246.855657735294,376.760816395297,,,,,
3.30385,1424.01312033478,244.230839481518,376.550621753643,,,,,
3.36785,1417.78539823012,238.296719343702,377.147858496938,,,,,
3.8223,1413.7490802167,242.389639285909,379.75359537895,,,,,
3.65275,1418.59507872377,247.667488639634,377.837623204011,,,,,
3.30335,1424.13652134866,245.386162570353,376.565403137271,,,,,
3.5028,1418.64964370137,243.488023647279,380.516754345717,,,,,
3.64765,1413.53915366231,246.061768275877,382.514758399722,,,,,
3.03785,1443.23698035103,240.693110487186,378.977470972913,,,,,
3.78035,1413.78098036873,238.318898412373,377.265030001298,,,,,
3.02345,1491.02357376158,251.389125621757,381.316430889456,,,,,
3.62075,1409.03979674621,249.881183998412,383.874944565169,,,,,
3.32765,1413.28185219209,244.437250629402,381.210521125672,,,,,
3.61135,1413.88244684244,248.271160301756,378.79627600512,,,,,
3.92875,1408.6825398278,249.797743730261,386.752627983645,,,,,
3.10915,1434.86494328047,240.713264979973,377.165607749071,,,,,
3.3298,1413.47093525982,249.790521239368,386.967999392896,,,,,
3.97195,1418.82624347375,249.318026957674,381.052620473613,,,,,
3.92745,1408.56724870962,249.661999804728,386.597874747492,,,,,
3.59595,1408.61342530766,245.530302232509,381.951686848641,,,,,
3.8081,1418.98617047686,246.453061322069,376.659180380417,,,,,
3.9561,1413.92150784385,240.888038422804,378.707195057895,,,,,
3.12295,1418.87292317383,250.399682572886,387.141481503267,,,,,
3.9537,1413.93921718748,244.055349915388,376.582091017771,,,,,
3.77405,1408.55292583635,249.806948271532,386.809006768548,,,,,
3.8222,1413.7490802167,241.780555284442,379.352958249205,,,,,
3.2903,1409.47649913104,249.922670554229,385.383538796891,,,,,
3.2379,1414.39336649335,249.939404419492,386.775276794419,,,,,
3.3014,1416.85145575857,249.729343627312,382.266863022433,,,,,
3.29865,1414.45372385887,249.936876522391,387.048577375343,,,,,
3.24815,1409.32132819375,249.876110035657,386.814450785627,,,,,
3.40265,1412.96838997006,249.891931167858,386.842582970485,,,,,
3.4547,1409.19465522442,249.92603465402,386.600081796074,,,,,
3.99625,1418.6998283798,239.178997393406,376.558497365333,,,,,
3.7755,1408.61788008716,249.791135382567,383.609029167919,,,,,
3.1336,1418.66410554284,250.585410256853,387.522107998946,,,,,
3.7161,1417.30504241849,244.840251677906,376.399652971723,,,,,
3.6112,1413.88244684244,248.791425412082,379.772507159632,,,,,
3.1701,1426.83267205167,243.709396503327,376.800496305023,,,,,
3.69935,1417.61691995646,246.547799975451,382.940192459849,,,,,
3.80775,1418.99221675436,246.950488702968,376.850831542452,,,,,
3.7131,1412.25034465723,249.822144787501,385.351175154686,,,,,
3.36255,1412.83713599347,249.913403502894,385.132557820408,,,,,
3.68105,1413.18459991751,249.798848875387,386.860411014252,,,,,
3.81165,1418.86159185217,240.346583201024,378.461851299201,,,,,
3.6438,1418.68246888869,245.116538163229,376.515732174112,,,,,
3.8868,1412.7236026203,249.709890904165,386.904963548015,,,,,
3.259,1409.53188174134,249.945308532611,386.230186380936,,,,,
3.7942,1409.20487877339,250.078218956073,387.094550759535,,,,,
3.6236,1414.06434690306,244.120344798815,376.505715059608,,,,,
3.31405,1423.35288136944,244.458548322321,376.442603976501,,,,,
3.4731,1414.29072591871,249.119749392653,385.542054884136,,,,,
3.291,1409.52558632949,249.784506642905,382.67861698174,,,,,
3.29125,1409.52558632949,249.477200117282,381.337379264242,,,,,
3.07315,1434.16185045494,251.566519669027,387.756753592066,,,,,
3.6788,1413.1660394489,247.023023691578,383.36386428008,,,,,
3.6784,1413.16854310966,245.070056040957,381.676007773767,,,,,
3.7489,1412.96957949317,238.13168313387,376.402601669222,,,,,
3.42395,1408.5079717247,249.825246595049,386.278838134635,,,,,
3.8835,1417.64376292705,238.224032525491,377.149638483369,,,,,
3.8236,1413.75354225524,248.641484914852,385.047328010964,,,,,
3.3395,1418.0649354169,249.50808781331,386.402301017648,,,,,
3.7804,1413.78098036873,238.55136905559,377.408459022203,,,,,
3.619,1408.98977701158,249.901091498741,387.000315576638,,,,,
3.0197,1493.10332256357,252.354270856788,388.565765283083,,,,,
3.0912,1426.75238170997,249.208948602295,385.29191026536,,,,,
3.7802,1413.78098036873,237.867263234838,376.917386301872,,,,,
3.29,1409.47649913104,249.903077665979,386.080925359143,,,,,
3.37125,1412.94555234655,249.710756480916,386.870241807254,,,,,
3.8716,1422.4934336483,242.455204559522,376.357685914042,,,,,
3.54055,1422.9854855888,245.213463680001,376.388477876354,,,,,
3.7648,1408.56055006284,249.949851638203,385.025659983801,,,,,
3.67995,1413.24903371293,249.664251955032,386.631186917744,,,,,
3.08955,1431.96549756453,240.384784915726,378.700009879169,,,,,
3.15315,1417.27498455988,248.732392500016,384.987720104608,,,,,
3.03355,1448.99082168696,251.784372074516,382.480243746627,,,,,
3.79135,1414.0080464271,242.391924529515,379.705052671682,,,,,
3.9836,1418.6777207204,245.994985317174,376.466616706761,,,,,
3.15075,1427.45523903842,238.821132173974,376.910849792959,,,,,
3.1968,1415.65926240751,250.084675014799,386.795791625171,,,,,
3.29605,1414.44719064795,240.713371203671,378.716994588471,,,,,
3.2481,1409.32132819375,249.878728561214,386.847974699496,,,,,
3.1593,1422.26025215873,245.199851824591,376.901214926471,,,,,
3.1395,1428.27148792538,242.813687697254,377.038415649659,,,,,
3.52925,1423.64493408577,246.811121892854,376.781110584705,,,,,
3.86025,1422.9986584654,245.26019273829,376.434160042836,,,,,
3.6486,1413.56348144705,249.21258031241,385.883917454469,,,,,
3.335,1423.23081453976,243.488430086166,376.388159127593,,,,,
3.3795,1407.81134889127,245.919503151102,382.392042996105,,,,,
3.7976,1419.23593498107,246.685448429919,376.628068505088,,,,,
3.4029,1412.94174517356,249.878222243612,386.684629580002,,,,,
3.6342,1419.01386345022,243.343305812933,376.531942052778,,,,,
3.92935,1408.6802589639,249.785229579196,386.070755968502,,,,,
3.7753,1408.59069944589,249.824229695243,384.405363319449,,,,,
3.271,1419.72448650484,248.541153455099,379.035979611843,,,,,
3.4392,1418.79329474726,239.812347023471,376.560409134988,,,,,
3.27385,1419.46441044678,241.214869439006,376.575039957496,,,,,
3.11635,1429.17269654908,249.051781369842,379.30292509792,,,,,
3.5221,1418.53240329534,237.935678113817,376.512847863735,,,,,
3.60915,1408.76751332368,249.785984006743,386.692862604655,,,,,
3.0211,1492.29119159504,252.704152149711,389.126405586266,,,,,
3.86935,1422.69052753526,247.520426645017,377.616954869087,,,,,
3.87965,1417.68107871873,247.54018169723,377.696295505023,,,,,
3.0808,1433.041763249,249.174639755718,385.114990286156,,,,,
3.88765,1412.69902740622,249.676269065961,386.595774163808,,,,,
3.442,1408.78088624909,248.642912677802,384.957469182686,,,,,
3.7989,1419.09696177405,244.383814024476,376.592601929051,,,,,
3.58815,1408.55917334513,250.025268994617,387.012361764652,,,,,
3.76365,1408.51999112845,249.939723750901,386.873681276146,,,,,
3.92665,1408.49750497984,248.244991478045,384.601417961739,,,,,
3.43415,1408.86000101209,250.000382392871,386.4711582541,,,,,
3.58125,1413.40274748583,246.118845250261,376.444577089469,,,,,
3.99535,1418.70051180621,242.782581560827,376.554058188866,,,,,
3.3765,1417.82310221863,242.670435513503,376.382053317045,,,,,
3.41515,1413.20422738535,249.01610010883,380.392650820178,,,,,
3.6585,1408.32974236828,248.231415127224,384.598750642782,,,,,
3.5097,1423.39459781172,245.126297590837,376.443089116349,,,,,
3.49995,1423.82703690117,243.791015972838,376.539893072889,,,,,
3.0012,1734.6117801101,4.24156489399973,389.786965877046,,,,,
3.1799,1426.06131083142,245.023293852702,376.742173993997,,,,,
3.06615,1440.15217703067,247.092567513446,377.798647912224,,,,,
3.65505,1418.43517998188,242.401611111164,376.434544478115,,,,,
3.55605,1412.95596707903,249.475938359984,386.3766536207,,,,,
3.59125,1413.74819975702,246.772361166509,376.653193851739,,,,,
3.9596,1409.07524174478,250.023715846109,386.919307775384,,,,,
3.5369,1418.16885265405,249.75131398337,386.709536654045,,,,,
3.62705,1408.98160041841,246.313449024071,382.658871092382,,,,,
3.80705,1419.01787311083,249.263854007632,380.446911554326,,,,,
3.60895,1408.76751332368,249.796558956901,386.820548704047,,,,,
3.3286,1413.31640776086,248.52687187093,384.997727916578,,,,,
3.02555,1475.19312882772,246.41990402365,378.373073862703,,,,,
3.6324,1419.23953633737,246.932498265871,376.842639380466,,,,,
3.20705,1420.09000774592,249.982877406144,386.79019117886,,,,,
3.304,1424.01312033478,243.811216226247,376.54686160716,,,,,
3.98575,1418.61922311276,239.792716976218,376.451200049904,,,,,
3.0686,1439.82674053796,239.441179658981,378.060285669491,,,,,
3.67795,1413.16947844227,242.455884545133,379.771043936356,,,,,
3.13625,1418.59077187919,250.51873251904,383.540046129007,,,,,
3.82,1418.82359389824,242.734235964239,376.541196925319,,,,,
3.39885,1417.9073284077,238.739964013489,377.392601786331,,,,,
3.73585,1417.492384647,246.109556688934,376.359332144573,,,,,
3.6681,1413.3700107559,245.15011969484,381.71334274099,,,,,
3.2085,1420.03776922521,249.864122937474,382.749315999218,,,,,
3.76535,1408.56411599469,249.839632829003,382.851777183942,,,,,
3.13095,1418.62481876061,240.74750419404,378.838960999609,,,,,
3.41255,1408.07694380131,249.766529543734,386.955278085731,,,,,
3.36595,1417.77617535054,243.623559072009,376.457208406789,,,,,
3.8367,1418.33216942449,249.805834269216,385.729551980203,,,,,
3.1049,1430.36631404629,250.917211869376,385.462362836908,,,,,
3.79615,1409.22243588083,250.03110997102,383.602626497833,,,,,
3.02995,1449.42631609731,252.066551361036,388.195291527816,,,,,
3.46645,1414.55304900839,249.691390466786,382.02946238515,,,,,
3.973,1418.8001887751,246.362417819895,376.549533990804,,,,,
3.20185,1425.37945123197,240.513860114579,376.655014426149,,,,,
3.7772,1413.72762645742,246.166686845956,376.536322695414,,,,,
3.18855,1420.86185654504,248.508902385566,378.841273747398,,,,,
3.203,1425.30212247041,239.355919758079,377.882985032574,,,,,
3.34385,1422.85993211492,246.307174788539,376.394710784272,,,,,
3.9339,1418.59238280242,240.930945446661,376.464796615846,,,,,
3.6613,1408.53489844659,249.796837550269,385.91836457322,,,,,
3.87785,1412.54995779253,249.709014453741,385.897088046386,,,,,
3.6881,1413.00335686819,241.410139479715,379.080095446074,,,,,
3.3752,1417.88197792946,245.766679922039,376.395180751721,,,,,
3.88735,1412.72285690291,249.691861147343,386.78730083209,,,,,
3.4082,1417.84566124562,239.974182837752,376.526925137174,,,,,
3.66085,1408.53489844659,249.794294094799,386.577240535485,,,,,
3.37005,1412.79033586216,248.896870362712,385.478112087738,,,,,
3.6552,1418.43517998188,241.860104778081,376.434010983572,,,,,
3.3051,1423.94967056799,239.77032267513,376.530223209791,,,,,
3.2498,1411.9360834574,249.709737592075,382.429596459101,,,,,
3.05585,1441.17811803501,247.251785642427,377.989819978147,,,,,
3.7064,1422.28966171542,243.003641523927,376.304994733556,,,,,
3.9296,1408.70199955318,249.799096176144,385.551200651425,,,,,
3.0396,1443.02378487623,250.143516001882,385.875514374793,,,,,
3.10975,1434.82173386863,238.61817155951,377.332300827895,,,,,
3.6783,1413.16947844227,244.515351017662,381.24511727487,,,,,
3.0721,1434.39393671541,251.608077950256,388.300745533614,,,,,
3.39595,1417.98612832212,245.806867248364,376.475870599409,,,,,
3.8547,1413.03108310202,248.888596735573,385.469577541788,,,,,
3.6128,1413.85975658073,245.191172014711,376.502521138877,,,,,
3.536,1418.30392829841,249.771525441449,386.915562975441,,,,,
3.19325,1415.62803815396,242.796176552232,380.04966990619,,,,,
3.09715,1436.31094495902,246.408126276584,377.415470067322,,,,,
3.06875,1439.74423241087,239.832169457373,378.385940075999,,,,,
3.3221,1413.35687437318,249.480320895686,381.719828073847,,,,,
3.92125,1413.53068510137,246.732059900071,376.647966462525,,,,,
3.88305,1417.66292825268,237.884154684951,376.431487546025,,,,,
3.14475,1422.85511030427,250.498880892563,387.444420979171,,,,,
3.75435,1408.12747883747,249.908327070417,385.438169587122,,,,,
3.0771,1438.55613458697,245.56519597203,377.693016377746,,,,,
3.82235,1413.7490802167,242.693659669327,379.958079978052,,,,,
3.63435,1419.01386345022,242.848954962801,376.530411020779,,,,,
3.357,1417.79914551432,238.366232540282,376.462041801046,,,,,
3.6081,1408.8282012452,249.797327682703,386.915113783501,,,,,
3.71535,1417.38001012467,246.130373941511,376.411176145385,,,,,
3.4832,1414.07563869349,248.566466805764,384.85776474128,,,,,
3.1193,1428.95397091822,241.253003837535,377.093630863597,,,,,
3.90965,1407.94105036623,249.799652383661,383.227610105466,,,,,
3.6759,1418.23703115398,241.64263110757,376.45326297435,,,,,
3.26195,1414.60437546597,245.712799278522,376.569011841553,,,,,
3.81155,1418.89508000308,239.768278449329,378.113792191637,,,,,
3.0931,1426.69713913048,251.112144685668,387.946143990301,,,,,
3.49745,1419.08243770082,249.583707351607,381.691530572125,,,,,
3.02965,1449.45632156407,251.528416121876,387.423016416603,,,,,
3.01865,1493.66630633108,248.003742400983,385.119091885687,,,,,
3.4363,1418.98212553951,247.470682075949,377.378051382436,,,,,
3.85005,1418.08884785122,245.029757947704,376.471588499418,,,,,
3.5708,1418.0706158198,246.21113701944,376.403872008768,,,,,
3.02875,1449.5412823959,248.004059086031,383.943266057116,,,,,
3.2546,1414.44714462606,239.503068480523,377.949934947922,,,,,
3.4902,1419.03675686871,242.167086454699,376.657278535164,,,,,
3.705,1422.38688145858,246.015665370833,376.336181099615,,,,,
3.54085,1422.92364583052,244.567327125534,376.381774198468,,,,,
3.28665,1409.38843993553,245.95533687926,382.413129480422,,,,,
3.43955,1418.81773475012,238.305154741999,376.57818904177,,,,,
3.5574,1413.02691167608,249.728106861234,386.788128083475,,,,,
3.10835,1434.95581107611,243.838371638966,377.180375175793,,,,,
3.12935,1423.74560187575,242.307264538839,377.11665309174,,,,,
3.80415,1414.13031621845,250.036125200309,387.079696158144,,,,,
3.17355,1421.54724316254,247.772387768707,384.001102927009,,,,,
3.6295,1409.17642339364,249.942353349058,386.922240327332,,,,,
3.4864,1414.08226690628,250.093954983943,384.987179855048,,,,,
3.9128,1413.04263357738,242.814634046717,376.471578855992,,,,,
3.2021,1425.37945123197,239.429713163822,376.655203591075,,,,,
3.10855,1434.92062162216,243.132619080174,377.175564331484,,,,,
3.2927,1414.54229041268,246.009356428019,376.647618809391,,,,,
3.7604,1410.77863411415,242.263493348004,379.596954580343,,,,,
3.9197,1408.37962629031,249.962469629799,384.365968990187,,,,,
3.3187,1413.29405533345,249.364550371634,386.129749756376,,,,,
3.051,1436.82797068082,251.782069845237,388.39724301179,,,,,
3.41355,1408.06398961589,249.726522410055,386.318994415621,,,,,
3.4275,1413.64966078139,244.433066906323,376.453995554179,,,,,
3.97445,1418.71249345731,243.453328113584,376.522076029058,,,,,
3.1202,1428.97673257378,238.618061262365,377.513065751734,,,,,
3.71865,1417.28266542732,239.203090395667,377.674334557322,,,,,
3.60305,1418.71527457353,244.041664901488,376.566464285467,,,,,
3.82905,1423.7190212705,245.834178027717,376.484861177741,,,,,
3.3413,1417.99414208818,249.715324075799,386.35203039013,,,,,
3.23465,1414.34572353812,243.520037171361,380.487652893375,,,,,
3.728,1417.39115492995,239.448455192833,376.412919111682,,,,,
3.3916,1413.07637882983,249.959261213455,387.010761953668,,,,,
3.48025,1419.14881109756,240.699332852285,376.606687349911,,,,,
3.24435,1419.28211363977,239.78852917389,378.107163832426,,,,,
3.03385,1453.93171337034,250.80932288418,380.515847443103,,,,,
3.4913,1419.06790124517,237.979712025929,376.792134673544,,,,,
3.9391,1408.65592208845,249.803786092644,386.764847856028,,,,,
3.87935,1412.62686590364,248.666285684218,379.581223273324,,,,,
3.4942,1414.00109547127,249.706449615126,386.587901038531,,,,,
3.29895,1414.46672832303,249.968338133276,387.125778984433,,,,,
3.7991,1419.09696177405,243.812451393086,376.590520644202,,,,,
3.804,1414.13031621845,250.01414548574,387.025670950126,,,,,
3.6093,1408.76751332368,249.779741079508,386.55834586938,,,,,
3.0582,1440.98696451722,239.56242743546,378.133542176737,,,,,
3.95995,1409.05787677353,250.006501294906,386.647961871475,,,,,
3.4501,1414.09887129408,237.952210792852,376.86717996422,,,,,
3.56775,1413.07447608943,249.704854333597,386.750280771047,,,,,
3.74825,1412.86986689056,240.887859607737,376.383429444861,,,,,
3.59865,1408.826578107,250.002834577611,386.894265307898,,,,,
3.70125,1417.68416306019,249.689592193211,386.86908847826,,,,,
3.95645,1408.86933789095,242.976222047915,380.066759057667,,,,,
3.1123,1429.54453839386,250.007800755098,386.452100615415,,,,,
3.3923,1413.07185973667,249.951614428019,386.926213049939,,,,,
3.81315,1413.81402410366,248.194209609262,384.562500933705,,,,,
3.8817,1417.6050632286,243.145118215933,376.393353274067,,,,,
3.99035,1408.75014350712,250.057360552124,387.015222337304,,,,,
3.33995,1418.13547753627,249.734153390437,386.863774322885,,,,,
3.90575,1407.67017271947,247.341913270965,383.64547396872,,,,,
3.83125,1423.59367736166,238.978958703622,376.455186592917,,,,,
3.57035,1418.15244523648,247.207677223088,377.27954419228,,,,,
3.4035,1412.93978973509,249.875887030156,385.854205132509,,,,,
3.1798,1426.06131083142,245.25409830984,376.744875487187,,,,,
3.66005,1408.55196197114,249.830540960959,386.960177933405,,,,,
3.5185,1418.4983857237,248.376869307349,378.971590974192,,,,,
3.0688,1437.22369796863,240.04490532121,378.521944946469,,,,,
3.93175,1418.69291419376,246.330539045189,376.496749831721,,,,,
3.9382,1408.71301942022,249.823009572929,386.964803004071,,,,,
3.7621,1408.36571315062,249.428624746624,386.036382042898,,,,,
3.78345,1408.84779372544,249.908897039698,387.042862090836,,,,,
3.8489,1418.17713544583,246.925241065462,376.948192130273,,,,,
3.16845,1427.12126372146,246.992215846533,376.902466350398,,,,,
3.36125,1412.86405229358,249.915485117064,386.920103732126,,,,,
3.96995,1413.82266821835,249.830062962212,386.860057188089,,,,,
3.1029,1430.66825530828,250.91911856375,387.843054895301,,,,,
3.5158,1413.40284709206,249.81259473269,386.956900041029,,,,,
3.1747,1421.55609930061,250.142228074007,387.055154335433,,,,,
3.5224,1418.53240329534,237.847648647261,376.897466840296,,,,,
3.21275,1424.76355232889,237.988281561827,376.624284494033,,,,,
3.9435,1413.75026517043,243.501779352602,376.480195396641,,,,,
3.18675,1415.79591050853,250.146428258358,386.477416820889,,,,,
3.14465,1422.89225186012,250.50368296213,387.476919563523,,,,,
3.6992,1417.61691995646,245.831301212135,382.30670958671,,,,,
3.53755,1418.14962079203,249.744912791581,385.877064219594,,,,,
3.1027,1430.67743938623,250.88890866524,387.769044824527,,,,,
3.3848,1418.19483728517,246.967085354781,376.96113455894,,,,,
3.29295,1414.52431655825,245.603668136829,376.643165252968,,,,,
3.9067,1407.79903910346,249.616103100099,386.456189998702,,,,,
3.36495,1417.81474391221,245.863072423351,376.468375896102,,,,,
3.47885,1419.17010964983,245.235455661154,376.613492612121,,,,,
3.62855,1409.11968121313,249.892836513375,386.874401482493,,,,,
3.2452,1409.16030756294,244.814464562675,381.488768009699,,,,,
3.48315,1414.07563869349,248.410844277999,384.681741159808,,,,,
3.28555,1414.47443748557,239.572537381918,377.997373106795,,,,,
3.9925,1413.8463898467,249.662127141295,381.539251954898,,,,,
3.79525,1409.17242842688,250.041905978532,386.280803250565,,,,,
3.10455,1430.42834795902,250.898532672894,386.492768288277,,,,,
3.12585,1418.84319030464,250.56707138631,383.92685360005,,,,,
3.68135,1413.18459991751,249.782830132029,386.681228288905,,,,,
3.3337,1423.35181952966,246.137740671704,376.420904817449,,,,,
3.3133,1423.46393755237,245.918888381705,376.461637353474,,,,,
3.03105,1449.34615305091,252.496846849489,389.003100318773,,,,,
3.09315,1426.69713913048,251.1097304409,387.929881968954,,,,,
3.6006,1413.90757006459,249.632669374941,381.559932182638,,,,,
3.7043,1422.48787719865,247.577205986856,377.777333451243,,,,,
3.39765,1417.94641477699,240.963135080024,376.462225085635,,,,,
3.38895,1412.99010297414,241.055544428313,378.837152670434,,,,,
3.5808,1413.40274748583,246.842138869853,376.822480919465,,,,,
3.24465,1414.20380171787,241.564349973961,379.206026527551,,,,,
3.6366,1413.91601199938,241.923924305933,379.404259041057,,,,,
3.4668,1417.11032598028,248.970635789429,379.939421218098,,,,,
3.51465,1413.37540115559,249.374672797933,386.139302518611,,,,,
3.10385,1430.47391535407,250.891646370306,387.56730507523,,,,,
3.841,1423.07302472728,241.242135314746,376.436024599944,,,,,
3.20515,1420.16005896229,249.401202540907,386.03830900228,,,,,
3.26445,1414.61768146927,237.920213576794,376.767886194306,,,,,
3.3062,1423.90341370703,239.62117346138,377.998779041755,,,,,
3.73055,1412.34345779158,247.571029716743,383.9274508393,,,,,
3.95305,1413.95488509531,245.579909477755,376.586581931207,,,,,
3.8475,1413.06807094853,249.748088767046,384.285551019009,,,,,
3.20215,1425.37945123197,239.208264615926,376.655452043778,,,,,
3.9064,1407.69280756776,249.216944205738,385.819480571509,,,,,
3.0585,1435.90693012787,240.326760828931,378.782823943852,,,,,
3.5443,1412.79583391457,244.789147641869,381.452862486889,,,,,
3.10045,1430.87414340003,243.650256594441,380.71172645825,,,,,
3.89175,1417.65085345283,243.815428826749,376.343058598773,,,,,
3.19895,1425.68416980933,248.093881248763,378.255741005989,,,,,
3.2839,1414.44390589368,242.163651842313,376.588561650676,,,,,
3.91645,1408.11118257824,248.726355967685,385.089195877251,,,,,
3.7102,1412.19571371007,248.644001253211,385.063506624445,,,,,
3.1055,1430.35582665825,250.633193823494,382.754335869934,,,,,
3.19975,1425.52165138959,246.370634419385,376.697272442269,,,,,
3.93685,1408.56175505337,247.896031140339,384.250225851849,,,,,
3.16435,1417.11306599676,250.20959567099,387.107764540749,,,,,
3.69445,1423.07557905666,246.346243125864,376.415916961204,,,,,
3.66905,1413.38315852976,248.870609684388,385.361516801273,,,,,
3.9571,1408.87506068326,246.553288705294,382.82482014225,,,,,
3.2425,1419.2489956081,242.712697551022,376.566240940461,,,,,
3.80235,1414.00660840663,246.293379749787,382.627740202023,,,,,
3.1778,1423.81518030069,249.80402377097,381.617278272179,,,,,
3.90985,1412.97525803777,249.656582346699,382.245600441491,,,,,
3.1773,1421.3276389389,250.217980182006,384.103300651751,,,,,
3.8861,1412.64392716701,249.470549258431,386.405165409669,,,,,
3.8826,1417.62901679771,239.756335487165,376.398705449892,,,,,
3.89135,1417.69006064316,244.798379448467,376.347178728948,,,,,
3.6489,1413.60278881394,249.5926304478,386.501423769592,,,,,
3.6553,1418.43517998188,241.482316531771,376.433868912677,,,,,
3.5915,1413.72615001081,246.439932208072,376.560789868491,,,,,
3.42225,1408.41066392905,249.779144952041,386.841082352415,,,,,
3.5833,1413.37557237054,240.768707557756,376.444350923674,,,,,
3.81265,1413.80969081138,246.118516125887,382.560314841179,,,,,
3.0876,1437.17610759738,244.786292194873,377.595354215187,,,,,
3.9528,1413.95488509531,246.005876419522,376.590014621724,,,,,
3.23635,1414.36384834005,249.698677031308,386.500263385473,,,,,
3.16735,1417.12228670023,250.083202964273,382.470237969757,,,,,
3.84005,1423.12146021706,244.362021525306,376.447536396034,,,,,
3.82645,1413.84671580487,249.940931618212,385.74088571585,,,,,
3.60345,1418.71314810511,242.780522847963,376.56266098463,,,,,
3.15505,1417.30370395223,250.385100748526,387.343799937348,,,,,
3.0545,1441.42574566232,250.111817148151,380.042743334026,,,,,
3.92195,1413.45008163722,245.75668843021,376.534149122417,,,,,
3.25735,1409.49602828541,249.93834796542,386.98481963388,,,,,
3.70475,1422.39788762171,246.309128197527,376.363007160402,,,,,
3.2849,1414.5176179819,238.108924274907,376.627999978976,,,,,
3.28585,1409.38246717086,241.340327292041,379.079456973718,,,,,
3.642,1418.81955955625,249.196669841114,380.623710981715,,,,,
3.91635,1408.09283623208,248.442945240417,384.754013265446,,,,,
3.20315,1425.30212247041,240.211463646773,378.391812222789,,,,,
3.906,1407.68490826674,248.243458028381,384.591189162809,,,,,
3.2466,1409.28959366201,249.569004520011,386.379349766175,,,,,
3.77175,1408.42155756137,247.559308448444,383.909762359847,,,,,
3.2611,1414.70095265069,247.02485650301,376.950643356164,,,,,
3.24425,1419.28211363977,239.219541306211,377.771490234083,,,,,
3.52615,1413.61352798434,249.810810269718,386.964999619955,,,,,
3.35155,1412.70984306185,249.889899677912,386.523011219419,,,,,
3.30215,1424.3262261094,247.649342935473,377.743802219778,,,,,
3.28225,1414.51598026069,246.187615801644,376.60257120196,,,,,
3.4284,1413.64826212003,241.600866805649,376.457844095666,,,,,
3.15175,1422.3112068758,241.530798255543,379.252895442009,,,,,
3.50355,1418.63574146617,247.346803885656,383.699079080709,,,,,
3.52835,1413.61983717027,249.503744636872,381.803365782543,,,,,
3.64815,1413.5364372709,248.116455621476,384.502992913259,,,,,
3.70065,1417.64520198967,249.582269548976,386.627093353437,,,,,
3.4025,1412.99798480203,249.899862536834,386.902130110728,,,,,
3.23065,1419.5537720343,246.323902697256,376.602159194213,,,,,
3.4578,1414.32241166402,245.84390798238,376.608496209776,,,,,
3.34755,1417.70254050346,240.068134507067,378.2269960526,,,,,
3.1248,1418.81858867031,250.591509008618,386.968142801462,,,,,
3.3832,1408.05739294665,249.755371759027,385.02706355122,,,,,
3.47685,1419.28168779128,249.677400703097,381.588836459199,,,,,
3.9503,1408.86672963884,250.052400125021,385.521584388136,,,,,
3.57125,1418.0706158198,245.606949232534,376.393154631115,,,,,
3.1121,1429.54453839386,249.58197325804,385.879413386726,,,,,
3.0214,1492.25491562296,252.688277247677,388.908364492288,,,,,
3.7019,1417.54314118843,249.661230768157,386.647268190333,,,,,
3.94665,1408.72713795338,245.924644789206,382.325316824724,,,,,
3.45025,1414.09887129408,238.150488910082,377.12693955276,,,,,
3.82675,1413.8641065779,249.959293577894,384.884367484324,,,,,
3.0503,1436.83747636006,250.934005099507,387.036879291899,,,,,
3.5411,1422.92364583052,243.925863061431,376.377123405163,,,,,
3.63505,1418.99064600197,240.143840359562,376.528347434495,,,,,
3.89825,1412.69354070229,249.644218881752,386.23725404702,,,,,
3.75515,1408.21285533075,249.713992693081,382.294276203966,,,,,
3.7401,1407.41456827647,243.901426065176,380.795891951105,,,,,
3.8512,1418.06424998587,241.649494745707,376.465787539845,,,,,
3.9864,1418.62243576163,237.789979490101,376.714245510304,,,,,
3.51615,1413.39787001459,249.795610845405,386.832765250121,,,,,
3.85725,1413.10746921591,249.782394772801,385.962772153486,,,,,
3.3276,1413.28177679105,244.15253449105,380.996259533361,,,,,
3.6043,1418.69539200229,239.408436252281,376.563804886864,,,,,
3.3408,1418.00047317246,249.736001415331,386.781067871004,,,,,
3.0841,1432.61663522989,251.384230426603,386.29508372227,,,,,
3.02885,1449.51617895739,248.532189094801,384.380287624499,,,,,
3.6777,1418.20221560267,240.949632484893,378.789612336929,,,,,
3.57815,1408.19465772302,249.757924908659,386.724556122329,,,,,
3.8673,1417.71643213702,249.768692981437,386.368079068134,,,,,
3.47015,1419.38083008311,239.665921745848,376.534285809631,,,,,
3.95325,1413.95488509531,245.177966426267,376.584579432046,,,,,
3.38015,1407.86868496691,248.455612847368,384.911737894127,,,,,
3.11395,1429.33959241688,250.666503115336,387.502384351805,,,,,
3.36955,1412.7531752915,247.445488789588,383.780414623184,,,,,
3.82615,1413.84439971109,249.92648145708,386.337207896002,,,,,
3.4043,1412.94563590194,249.84247976427,383.246914712022,,,,,
3.52065,1418.47359942895,243.552668344732,376.463291224868,,,,,
3.61835,1408.96088213682,249.87578099587,386.963157960287,,,,,
3.6925,1413.06294153397,249.736422304009,385.262079298614,,,,,
3.86395,1417.75129733257,244.555921951027,381.283062845125,,,,,
3.08635,1437.43089723185,247.581367780292,377.644777060106,,,,,
3.05065,1436.8251344681,251.515187487039,387.895381344401,,,,,
3.506,1418.5837881362,249.848383422888,386.804870636789,,,,,
3.4756,1414.26086134621,250.042245637647,386.201990207386,,,,,
3.13795,1428.41177423201,246.716003162463,377.08233542102,,,,,
3.28045,1409.44918161143,249.900242431565,383.758876381922,,,,,
3.95685,1408.87506068326,245.277718645496,381.758339290887,,,,,
3.82335,1413.7306645621,247.837014047673,384.153100334478,,,,,
3.7542,1408.12747883747,249.897616503981,385.802365168254,,,,,
3.4247,1408.56969772269,249.853163360268,384.282943697685,,,,,
3.9155,1408.05279782954,244.659677986646,381.312745548688,,,,,
3.002,1734.5554857331,6.47251245190068,387.453862266824,,,,,
3.57375,1418.07682315784,237.682599788684,376.484265170955,,,,,
3.91675,1408.19565501785,249.369067907314,385.947432150902,,,,,
3.73295,1412.47565175736,249.62856391761,386.529996894562,,,,,
3.5937,1413.68204300518,240.66099652099,376.553477035798,,,,,
3.35255,1412.73240734426,249.913288130089,384.087061442607,,,,,
3.8807,1417.62998831168,245.532734244087,376.40122035567,,,,,
3.9065,1407.72560937973,249.377887523954,386.060585620024,,,,,
3.54695,1412.88175398869,249.744450493706,386.833663008135,,,,,
3.71875,1417.25173421852,239.773303275407,378.012213751858,,,,,
3.08475,1432.54507177638,251.239629502671,383.711212436827,,,,,
3.2364,1414.37015916787,249.7450416089,386.583842410617,,,,,
3.66545,1418.47393619547,242.127225509858,376.42586461903,,,,,
3.69605,1422.82019566516,243.145940397069,376.357061763114,,,,,
3.7091,1412.17073362752,243.686363593635,380.603559006376,,,,,
3.56185,1417.98068581643,243.633564227728,376.394896025596,,,,,
3.78335,1408.82571983955,249.889648616422,386.996499086911,,,,,
3.37325,1412.88257586284,249.680885124209,383.66096878354,,,,,
3.79605,1409.22243588083,250.058008260367,384.026307257974,,,,,
3.53235,1423.3753674494,238.098494889866,376.406327509601,,,,,
3.2655,1409.50258552675,243.048216056596,380.1539008445,,,,,
3.4938,1413.99676100988,249.13206681449,385.693934115834,,,,,
3.9839,1418.62928633932,245.522469281372,376.460172835428,,,,,
3.21615,1414.73633902924,249.976193405808,387.047450189484,,,,,
3.9422,1413.80254706828,246.172820027213,376.491288700005,,,,,
3.7592,1413.32741325447,238.430291342697,376.512704827997,,,,,
3.2242,1414.52942701029,242.769982740523,379.99321592484,,,,,
3.8521,1418.10918635805,237.945779642503,376.501156317606,,,,,
3.9658,1418.92595781205,237.927541848351,376.889400796213,,,,,
3.51655,1413.39439336172,249.777644195947,386.504907235227,,,,,
3.9765,1418.71488938915,239.37022935328,377.888127837754,,,,,
3.6172,1408.85406254085,248.158509193461,384.512290066283,,,,,
3.31885,1413.32783271716,249.538279583767,386.422107393913,,,,,
3.2948,1414.53277281512,239.833376923875,376.639312325473,,,,,
3.71025,1412.19571371007,248.769662175174,385.220828211374,,,,,
3.7636,1408.52336730836,249.942514184824,386.898549754975,,,,,
3.4633,1409.33883922565,249.771289450035,386.664523453023,,,,,
3.1447,1422.87327672438,250.501355186393,387.461791951858,,,,,
3.0188,1493.49009776509,249.10919810679,385.731529094467,,,,,
3.1416,1423.07735406085,242.623415706908,379.974427281236,,,,,
3.3468,1422.75845429248,237.768616677754,376.400250246207,,,,,
3.7729,1408.60206478657,249.753788060034,386.821834114706,,,,,
3.99515,1418.70051180621,243.447268603565,376.555103304728,,,,,
3.38265,1408.03712906485,249.725914221982,386.241955211409,,,,,
3.5342,1418.22173856534,245.937446361739,382.384263851036,,,,,
3.61825,1408.96088213682,249.8461275273,386.8954585999,,,,,
3.9362,1408.5041211267,244.923522324145,381.572436658986,,,,,
3.8539,1412.98685050038,245.994905548268,382.489742013651,,,,,
3.8124,1413.8117424211,244.790491467723,381.482667771344,,,,,
3.4207,1408.26924937854,245.750826014573,382.264241834851,,,,,
3.59,1408.63194552659,249.937767021385,383.084878578748,,,,,
3.48815,1419.17815093168,246.796952555565,376.726073691047,,,,,
3.33025,1413.47256902562,249.785545579412,386.927706111642,,,,,
3.24315,1419.23820637874,240.193185108612,376.566769515383,,,,,
3.73565,1417.53318106042,246.364493613509,376.417788717525,,,,,
3.0338,1451.456332961,251.009813157238,380.853830641343,,,,,
3.50145,1423.79245779413,238.068456959325,376.551849898054,,,,,
3.46405,1409.49587936077,249.983941470064,387.113649844221,,,,,
3.20325,1425.30212247041,240.797231542783,378.750209343399,,,,,
3.9543,1413.936883789,242.078131070441,376.583015643079,,,,,
3.32895,1413.35713288948,249.257293243913,385.98390760453,,,,,
3.9142,1413.14332551764,237.844108185291,376.751224332413,,,,,
3.10965,1434.84594411445,238.723069351015,377.230817446145,,,,,
3.0195,1493.32129446257,252.018958317622,388.106494654647,,,,,
3.5361,1418.30392829841,249.778260442535,386.932495867637,,,,,
3.927,1408.53736843528,249.104826384267,385.689658883135,,,,,
3.24065,1419.37702739511,246.642679060342,376.634675079972,,,,,
3.0662,1440.15217703067,246.994615339266,377.796435038159,,,,,
3.64055,1413.82395672835,249.830157160606,386.162193766097,,,,,
3.46785,1419.4622414139,246.216352869096,376.559029442716,,,,,
3.40925,1417.90713184554,239.06149719385,377.664492031298,,,,,
3.5668,1413.1294079349,249.698326183273,386.846879598397,,,,,
3.91915,1408.32228304827,249.938757770746,385.94128037026,,,,,
3.33255,1418.48448975405,249.237716516659,380.927416463069,,,,,
3.8128,1413.81315679346,246.830454792816,383.192674030573,,,,,
3.4661,1409.52165475021,249.94357516202,383.749419466972,,,,,
3.5837,1413.44422449709,239.079384431884,376.452542180924,,,,,
3.36655,1417.78072790247,241.560301505072,376.457153139654,,,,,
3.06665,1440.04740775178,245.947897932993,377.778109333666,,,,,
3.2834,1414.45110222035,243.811931781486,376.588822855285,,,,,
3.67325,1418.39363771529,248.179250202468,378.590686245672,,,,,
3.33425,1423.31865626125,245.2972449002,376.403653594347,,,,,
3.62815,1409.05282212928,249.592471728373,386.310605855913,,,,,
3.551,1417.9319730551,244.977326319248,376.409593663312,,,,,
3.17915,1426.19020368117,246.421619645841,376.766391412845,,,,,
3.2157,1414.70273960116,249.713575648701,386.527377347637,,,,,
3.4706,1419.40025074574,237.92798642767,376.609756114676,,,,,
3.96955,1413.89312635729,249.849443007279,387.005464416356,,,,,
3.0411,1442.98644481889,252.203386362022,388.746469735843,,,,,
3.47905,1419.17010964983,244.774242380678,376.610822708961,,,,,
3.6752,1418.25916090316,243.973672064052,376.457087828952,,,,,
3.6886,1412.98929609724,244.376693308163,381.143989240472,,,,,
3.89215,1417.64845487711,242.593046945873,376.341006948013,,,,,
3.55995,1418.11789926297,247.539933416358,377.701154643628,,,,,
3.6955,1422.89319843715,244.639693832808,376.368253779072,,,,,
3.8267,1413.86026852379,249.957646996237,385.046790247449,,,,,
3.044,1442.5423708281,251.133572850104,381.431336855708,,,,,
3.5992,1408.81575103745,249.983037418115,386.375851503048,,,,,
3.4911,1419.06790124517,238.436147712341,376.670606886255,,,,,
3.84415,1413.00445391841,248.205994494701,384.634158839961,,,,,
3.5987,1408.82273531159,250.000076625607,386.866359858745,,,,,
3.76355,1408.5274368278,249.94524510354,386.920646457373,,,,,
3.02305,1491.09986552683,252.366377531073,383.793166171654,,,,,
3.20495,1420.16005896229,249.000369760798,385.486037204925,,,,,
3.54135,1422.92364583052,243.186292137673,376.37327319605,,,,,
3.93575,1413.53159077481,242.286956259956,379.669948019326,,,,,
3.9912,1408.73823133063,250.029630027356,386.248306721613,,,,,
3.81945,1418.85400462649,244.386613645596,376.544486874796,,,,,
3.43365,1408.86624357457,250.019424395676,386.924451928539,,,,,
3.0882,1437.11433493284,242.60414392126,377.579640387682,,,,,
3.9092,1407.87302366639,249.86224015891,384.958076515277,,,,,
3.0579,1440.98696451722,240.237229502974,377.935972353401,,,,,
3.8902,1417.80798878638,246.722272434277,376.713551966507,,,,,
3.8644,1417.75009567067,246.847577350421,383.210784384221,,,,,
3.51685,1413.3998860055,249.779232279321,386.064143941017,,,,,
3.3709,1412.94555234655,249.690601411591,386.823972951811,,,,,
3.61925,1408.98977701158,249.888743586302,386.909223730869,,,,,
3.9481,1408.84210639383,249.931855456287,386.803353690744,,,,,
3.1413,1428.17091769457,240.833094951108,378.84371580834,,,,,
3.30705,1418.76940050901,244.6476343925,381.364541721114,,,,,
3.572,1418.01523796223,244.028359064284,376.38361434279,,,,,
3.3684,1415.27124789993,241.350426621861,378.997431037466,,,,,
3.1271,1423.91681388024,247.519107553755,377.345762684217,,,,,
3.8653,1417.74431005824,249.37988624227,386.151078957121,,,,,
3.7219,1412.41529580203,249.851058655214,386.938350591731,,,,,
3.04235,1442.75242011609,252.161741697271,388.002637352403,,,,,
3.57015,1418.15244523648,247.958838377779,378.357882454864,,,,,
3.3432,1422.94162257579,248.226432332056,378.744988916042,,,,,
3.2185,1414.65477962265,249.989842728636,384.147089510798,,,,,
3.10665,1435.18501279638,247.432798930137,377.24823626838,,,,,
3.7086,1417.21896235743,240.588037183264,378.534023676477,,,,,
3.02585,1470.03671702388,245.43118705891,378.350906571216,,,,,
3.02465,1485.3737278274,248.521466407785,378.458748490095,,,,,
3.56755,1413.10206933095,249.715536346927,386.841848340889,,,,,
3.97335,1418.8001887751,245.910294267119,376.539361731474,,,,,
3.2589,1409.53188174134,249.94324679334,386.392363028584,,,,,
3.7478,1412.86986689056,242.559359213836,376.377748551829,,,,,
3.5883,1408.55917334513,250.017541783971,386.952158803779,,,,,
3.3603,1412.77034778418,249.805219768538,386.712982990327,,,,,
3.7562,1413.33899904834,246.789531911636,376.681023502582,,,,,
3.6878,1415.50764976127,239.64053331142,377.984038225605,,,,,
3.2729,1419.49534849494,244.40397720499,376.584724117377,,,,,
3.126,1418.84319030464,250.475784553545,383.20978743735,,,,,
3.41565,1413.26184215247,247.27425852694,377.373575404581,,,,,
3.34725,1422.75845429248,238.310229991064,377.19046349279,,,,,
3.9685,1413.85707252604,249.512930944196,386.352486357478,,,,,
3.5319,1423.3753674494,240.030233241528,376.397377761173,,,,,
3.0355,1453.63777740263,247.255636688293,378.271473396431,,,,,
3.8313,1423.59367736166,238.759126826568,376.455641521117,,,,,
3.3323,1413.46303877132,249.595101088648,382.321334616118,,,,,
3.1393,1428.28768331273,243.517885038509,377.042182461653,,,,,
3.35435,1417.84530587427,246.270838263072,376.464350867892,,,,,
3.28905,1409.49942011781,249.929752564383,387.01227762434,,,,,
3.6862,1418.09823195995,241.644749863561,376.438468734955,,,,,
3.9043,1417.70784152945,239.104872654178,377.663256507184,,,,,
3.4719,1414.28692673337,243.925010315601,380.780236398733,,,,,
3.5209,1418.47226645183,242.74826565358,376.463397222448,,,,,
3.69,1413.03878022915,249.353334199256,386.152671223398,,,,,
3.82575,1413.85003267363,249.934035209784,386.809278992004,,,,,
3.9213,1413.53068510137,246.63887245885,376.586754702325,,,,,
3.3714,1412.93951276006,249.706568465312,386.848404444252,,,,,
3.3529,1412.77713583388,249.75731542942,382.502235611751,,,,,
3.96485,1418.91328538056,241.147532760671,376.630266130656,,,,,
3.0508,1436.82707544597,251.661047813011,388.154532816781,,,,,
3.7587,1413.31149346871,240.581080668662,376.498437980886,,,,,
3.5609,1418.01095962492,245.718388906551,376.404546714099,,,,,
3.3377,1418.0823604027,242.829524969949,380.007557053026,,,,,
3.30045,1414.36014472931,249.939915406408,385.849918773908,,,,,
3.6703,1413.49986286301,249.830475776709,386.947074189874,,,,,
3.4759,1414.25385904056,250.060639019066,385.53709779792,,,,,
3.4802,1419.14881109756,240.908172784861,376.606357398313,,,,,
3.95965,1409.07033296587,250.020900008232,386.891214220787,,,,,
3.5253,1413.51243273946,249.691095285207,386.718458281178,,,,,
3.2645,1414.61595413514,237.941071934738,376.842111143681,,,,,
3.55175,1417.91930670829,242.970475995116,376.405397499045,,,,,
3.95235,1414.04388586496,246.593563383804,376.599682979341,,,,,
3.0981,1436.16498184619,243.792317367577,377.38242819467,,,,,
3.86145,1422.91307585158,241.890263722335,376.414483239183,,,,,
3.8122,1413.81245440616,243.635394300874,380.625814830258,,,,,
3.24505,1409.16030756294,243.957547975121,380.844586090691,,,,,
3.4385,1418.79738510558,242.616803039596,376.557825294935,,,,,
3.19925,1425.68416980933,247.112829885112,377.005946171782,,,,,
3.65795,1408.30640815798,245.988026444955,382.420013942323,,,,,
3.64785,1413.5364372709,246.986508725279,383.348584716806,,,,,
3.5821,1413.35970965446,244.646771283922,376.437121899591,,,,,
3.0166,1499.61312238152,213.271272591338,378.889348119652,,,,,
3.1686,1427.03888859183,246.794076165966,376.847914315565,,,,,
3.68015,1413.24903371293,249.76103894921,386.834572299864,,,,,
3.7296,1412.32450190249,242.772797608133,379.943893267556,,,,,
3.66875,1413.37871729409,248.038828826821,384.36800676863,,,,,
3.7706,1413.4089743851,241.433788057115,379.115691809127,,,,,
3.19415,1415.60367644161,247.549795450826,383.831805577532,,,,,
3.5542,1412.86380851726,242.390086476713,379.740387746742,,,,,
3.89025,1417.80798878638,246.592853448137,376.588651304102,,,,,
3.0934,1426.68984605414,251.096355209828,387.80994228245,,,,,
3.63495,1418.99064600197,240.563591208848,376.528025769914,,,,,
3.6048,1418.72475370803,237.861547306947,376.749649037122,,,,,
3.98775,1408.48547647582,245.075884294932,381.606201739421,,,,,
3.3203,1413.30679083686,249.780913094365,386.765510690607,,,,,
3.3878,1418.12503457815,238.81549190433,376.402278786399,,,,,
3.04035,1442.98147606048,251.867779639003,388.079293922788,,,,,
3.5057,1418.6156000877,249.864349505271,386.968042347675,,,,,
3.95545,1413.98343944486,238.020467239007,376.834556365886,,,,,
3.0416,1442.86189269217,252.190648142247,388.665523758043,,,,,
3.77935,1413.69095061383,240.333299714727,376.533649348183,,,,,
3.379,1407.79340254936,243.127262045054,380.244362996578,,,,,
3.32695,1413.28688192002,240.277055014671,378.396719259688,,,,,
3.97385,1418.71503155288,245.012633272008,376.529298712244,,,,,
3.83055,1423.6121088203,241.866476499735,376.455769984703,,,,,
3.94125,1413.76913912426,248.680622117418,379.526449427661,,,,,
3.0994,1436.08285872826,238.863099248186,377.494925753501,,,,,
3.28335,1414.45110222035,243.956056967952,376.589034595049,,,,,
3.6709,1413.38401611277,249.805014735677,386.761357969072,,,,,
3.892,1417.64845487711,243.079845766167,376.341527898119,,,,,
3.9748,1418.6880430109,242.287202539428,376.520085163859,,,,,
3.6082,1408.8282012452,249.810288187087,386.947257694806,,,,,
3.929,1408.6802589639,249.786267134631,386.549185646152,,,,,
3.4685,1419.4455889997,245.129840786977,376.543806651669,,,,,
3.94195,1413.80254706828,246.465888922328,376.517270726729,,,,,
3.0703,1434.52764326716,248.626642853595,384.532193746932,,,,,
3.78985,1414.06397053994,239.645696927615,376.514264055063,,,,,
3.4081,1417.84566124562,240.39723304525,376.525807641508,,,,,
3.96555,1418.93156120951,238.210008593744,376.653428771817,,,,,
3.9478,1408.83525874585,249.648141535739,386.300049862045,,,,,
3.979,1413.67539693852,249.748896827723,386.71369737006,,,,,
3.9028,1417.64006046877,241.43658122712,376.343434080121,,,,,
3.7383,1417.44009643777,239.282764156991,376.344217874898,,,,,
3.80635,1413.99228739948,250.020203063696,384.033486182238,,,,,
3.9601,1409.05787677353,250.003336914795,386.467889969342,,,,,
3.87465,1412.44377212882,246.494927505894,382.871807042905,,,,,
3.96735,1413.82637512894,246.057319258193,382.514929646981,,,,,
3.1439,1423.00534758476,250.463697397127,387.411472524592,,,,,
3.2791,1409.43069071516,249.904833234183,386.796835779986,,,,,
3.46335,1409.33883922565,249.81019459278,386.738131758009,,,,,
3.86,1422.9986584654,245.694741302569,376.440913010059,,,,,
3.02195,1491.65685684533,252.691231099442,388.074072769961,,,,,
3.40655,1417.88210441706,245.292516735833,376.530983016087,,,,,
3.5034,1418.64391222363,246.699834184448,383.086110448445,,,,,
3.11245,1429.54155200906,250.244713295851,386.810178469914,,,,,
3.8762,1412.58978104879,249.717979385974,386.836397243035,,,,,
3.8625,1422.89234684656,237.740393291835,376.497068533858,,,,,
3.4348,1408.90866023652,250.031829347049,385.059547252598,,,,,
3.11045,1429.77478766148,241.529894876169,379.291303727592,,,,,
3.01985,1492.97106615462,252.515068802707,388.832599075681,,,,,
3.26165,1414.63467365054,246.166399131832,376.574372010838,,,,,
3.9113,1413.05324597634,246.194099857159,376.47349079373,,,,,
3.4896,1419.05316334457,244.140854082424,376.659967999705,,,,,
3.2474,1409.3729388792,249.905177932663,387.049254724706,,,,,
3.4651,1409.46741256851,249.94334252712,386.50212870517,,,,,
3.0833,1432.77334605081,251.361709508305,387.781759104071,,,,,
3.7748,1408.58782374579,249.801228202186,385.839168084982,,,,,
3.6535,1418.56933895938,246.05841095124,376.459042173122,,,,,
3.7105,1412.22189399575,249.27130494108,385.909610547339,,,,,
3.9586,1409.04255077251,249.990295871943,386.937861504499,,,,,
3.39725,1417.93949075601,242.484813475294,376.461561950188,,,,,
3.39855,1417.95220682013,237.861336220042,376.706784946124,,,,,
3.2259,1414.57251626263,249.626158357857,386.311465253647,,,,,
3.3883,1418.12503457815,237.746778001742,376.757129300819,,,,,
3.7187,1417.26676935696,239.48657859703,377.841366734588,,,,,
3.8652,1417.74431005824,249.232678543185,385.922563316756,,,,,
3.6864,1418.09823195995,240.861076179095,376.438867424651,,,,,
3.5144,1413.31335286578,248.942465550068,385.508682227348,,,,,
3.5543,1412.86380851726,242.990749678962,380.152251276934,,,,,
3.18095,1425.98934052695,241.682097945413,376.721962897142,,,,,
3.1537,1417.3255473143,249.956154506239,386.583463373091,,,,,
3.9265,1408.46756782258,247.741830769784,384.050910503648,,,,,
3.76565,1413.62625086596,249.493121564892,381.262397337137,,,,,
3.8088,1418.90459185405,245.329860995788,376.64363053373,,,,,
3.5415,1422.91250749776,242.696054315368,376.371363965351,,,,,
3.7834,1408.83351147461,249.900512166163,387.022347688605,,,,,
3.11655,1429.17056301061,248.284954120905,378.157435626198,,,,,
3.5215,1418.48242299461,240.446828275722,376.467684311666,,,,,
3.4117,1408.02088050639,249.527718627238,386.462783493684,,,,,
3.93385,1418.59238280242,241.130215802919,376.464726819016,,,,,
3.2626,1414.58970928293,244.316662492822,376.562545636511,,,,,
3.1496,1427.47376513341,243.466711081498,376.914552736406,,,,,
3.3316,1413.44243534045,249.780539190546,385.153763735678,,,,,
3.5156,1413.4363876207,249.817716241766,386.983940386692,,,,,
3.70825,1422.28552817559,238.485264061289,377.28010701387,,,,,
3.71585,1417.30504241849,245.352526318179,376.402386039002,,,,,
3.1166,1429.16536847713,248.114489837191,377.935513387274,,,,,
3.4282,1413.64826212003,242.333839230724,376.455973330559,,,,,
3.46315,1409.33883922565,249.620804209443,386.399999220467,,,,,
3.1853,1415.90503473656,250.171252699625,387.21013775056,,,,,
3.6562,1418.45616660285,237.858628239111,376.492424155351,,,,,
3.73535,1417.56749809639,247.170207787305,377.251226470225,,,,,
3.82325,1413.7306645621,247.451253798408,383.763359216126,,,,,
3.0984,1436.16498184619,242.687361366036,377.374636705186,,,,,
3.99065,1408.73706691193,250.041498023858,386.870053088135,,,,,
3.0759,1438.72814880638,247.957884665506,377.745234493817,,,,,
3.636,1418.98924805696,238.484926440303,377.303835381207,,,,,
3.63415,1419.01386345022,243.500262335341,376.532521868527,,,,,
3.51315,1413.27204191811,243.647178429553,380.61222330477,,,,,
3.0627,1430.48399587694,251.670087927551,388.075660832135,,,,,
3.82095,1418.8578029517,238.937772084521,376.547722335833,,,,,
3.92515,1413.47492590723,240.585451573386,378.530584819101,,,,,
3.48765,1419.16433163244,248.303454980998,378.541610247721,,,,,
3.88775,1412.69447734596,249.672342429632,386.5024439187,,,,,
3.0943,1426.58549438979,251.100955470607,386.485077439769,,,,,
3.05325,1436.49237239393,251.852721844771,386.482529904915,,,,,
3.0702,1434.52764326716,248.164839110501,384.11344420575,,,,,
3.54775,1412.87709004062,249.71938070429,386.071569142749,,,,,
3.32455,1418.34683195086,243.974445230493,376.446211206815,,,,,
3.2852,1414.5176179819,237.996235011057,376.998075325975,,,,,
3.81395,1413.89854399481,249.735796530413,386.664106577741,,,,,
3.52465,1413.47639696638,248.803231044631,385.340633460614,,,,,
3.8149,1413.86881439886,249.930294965961,387.057996725645,,,,,
3.8743,1412.4227048301,244.69865090682,381.370090169795,,,,,
3.57005,1418.15244523648,248.351121496086,379.018003269137,,,,,
3.9794,1413.67915504902,249.903713004002,387.046170101456,,,,,
3.2664,1409.50170764898,247.688574778623,383.936503376529,,,,,
3.0388,1443.08220119359,246.234627105243,382.520350174354,,,,,
3.47795,1419.24975670797,246.634361587966,376.634245823721,,,,,
3.8641,1417.75129733257,245.380147829401,381.934495433204,,,,,
3.6464,1418.69570219084,238.854177427382,377.552449214076,,,,,
3.969,1413.94038858964,249.823574141353,386.957018853973,,,,,
3.18125,1425.98934052695,240.458961642235,376.719584985437,,,,,
3.61575,1413.85644231744,240.582621955027,378.595878874572,,,,,
3.56945,1413.10013647963,249.576234534717,382.541283719734,,,,,
3.72305,1412.38637197542,249.811391509036,386.122574208106,,,,,
3.8606,1422.95463744713,244.50495860107,376.426380086937,,,,,
3.8132,1413.81402410366,248.353095581581,384.741059470154,,,,,
3.9969,1418.7002653573,238.374169425723,377.191789810088,,,,,
3.5505,1417.98794580227,245.851700891006,376.416906821151,,,,,
3.562,1417.98068581643,243.17699118344,376.39449035803,,,,,
3.2097,1424.9397352319,246.687286991302,376.67013815841,,,,,
3.3439,1422.85993211492,246.252751724321,376.39240268648,,,,,
3.81675,1413.87516094581,249.894357283783,383.685590918206,,,,,
3.8161,1413.84045919985,249.90774798329,385.815779896349,,,,,
3.19105,1420.73963028093,242.513469851713,376.724031685176,,,,,
3.90205,1417.63773009552,243.912349579212,376.344461247549,,,,,
3.1399,1428.22161676862,241.255271598812,377.033005954454,,,,,
3.55285,1417.97921742455,238.617870437492,376.415638209182,,,,,
3.89355,1417.66861367579,237.591558237807,376.558399216183,,,,,
3.26355,1414.58993657961,241.142227470934,376.563522014675,,,,,
3.06575,1440.1677121544,247.758531974567,377.817926216094,,,,,
3.3063,1423.90341370703,240.198363219231,378.34603950021,,,,,
3.7386,1417.48181323224,237.995937018678,376.354924717773,,,,,
3.1129,1429.55086170646,250.618228981716,387.491627695085,,,,,
3.6672,1418.45925863042,239.82534039423,378.07372155259,,,,,
3.95065,1408.90311818941,250.060877352639,384.402799949081,,,,,
3.4072,1417.84729167375,243.677697245462,376.524601831325,,,,,
3.93815,1408.71301942022,249.816959608739,386.949663437111,,,,,
3.84225,1423.10762446542,238.261565465928,377.187149600668,,,,,
3.0624,1430.57243331794,251.684633991455,388.29915015561,,,,,
3.7553,1408.21285533075,249.521951043769,381.474569560765,,,,,
3.4735,1414.31341465287,249.772157840837,386.507413590339,,,,,
3.2743,1419.46441044678,239.317984611767,376.576379778001,,,,,
3.49155,1419.04194689665,238.305552788654,377.223850330773,,,,,
3.1207,1423.84402096143,241.094362479974,379.052473321089,,,,,
3.8658,1417.83678059217,249.760305915391,386.857102029059,,,,,
3.88715,1412.72285690291,249.701712179852,386.857996436767,,,,,
3.6161,1408.82588827642,242.702999723327,379.966515257919,,,,,
3.26725,1409.56136339921,249.700419829767,386.450963821921,,,,,
3.10065,1430.80288215216,244.837939194203,381.544454732576,,,,,
3.8973,1412.77107922684,249.683364178421,386.852533142797,,,,,
3.7807,1413.70700075203,240.258000506817,378.415634583588,,,,,
3.39195,1413.07185973667,249.966448615619,387.020998304697,,,,,
3.70895,1412.17073362752,242.769819527943,379.95773614365,,,,,
3.8828,1417.66292825268,238.89525123146,376.402271056507,,,,,
3.9071,1407.85076994312,249.837199882304,386.901169883863,,,,,
3.99725,1418.7002653573,240.230672639624,378.301656497367,,,,,
3.5354,1418.21500789747,249.482729257393,386.333218491301,,,,,
3.7584,1413.26465183398,241.77960554208,376.49398111566,,,,,
3.26835,1409.70694761979,250.000337832518,387.027727704737,,,,,
3.1197,1428.96844289846,239.498176833836,377.095137334892,,,,,
3.5782,1408.19465772302,249.75538369732,386.688712021528,,,,,
3.71385,1412.32246128827,249.67145983965,382.455564284315,,,,,
3.74005,1407.41456827647,243.609839034479,380.582234362814,,,,,
3.334,1423.31865626125,245.723287618262,376.410710962402,,,,,
3.2101,1424.90434174378,246.180487361641,376.607545678593,,,,,
3.08315,1432.77334605081,251.368880831424,387.908657035787,,,,,
3.1658,1417.12395179211,250.299272720567,387.029872498677,,,,,
3.13775,1428.42552445147,246.985713585068,377.091003819907,,,,,
3.59945,1408.82063041796,249.990595682397,385.939385742915,,,,,
3.5141,1413.30787223987,248.148667428736,384.538736001571,,,,,
3.9066,1407.7609487107,249.510040754363,386.272988250631,,,,,
3.3127,1423.48898199227,246.794110186206,376.736985307966,,,,,
3.85335,1412.994647195,242.917001716198,380.137053484954,,,,,
3.85665,1413.11870769696,249.786199886983,386.75695829445,,,,,
3.1981,1415.66897361226,250.02730918065,383.244920434691,,,,,
3.4394,1418.79329474726,238.931164934947,376.563328251866,,,,,
3.9485,1408.8711832629,250.062116349936,387.090244709417,,,,,
3.48655,1414.09068748747,250.092260129485,384.46396810434,,,,,
3.3243,1418.35516116061,244.61973279181,376.447720027885,,,,,
3.30805,1418.72373409484,248.806095887598,385.303885285905,,,,,
3.83205,1423.55986477431,238.964304396046,377.549967048013,,,,,
3.45645,1414.31079822193,249.0853116752,380.227543915396,,,,,
3.44705,1414.03791912612,246.564474806695,376.672107901873,,,,,
3.08055,1433.1075104637,248.125224017532,384.108770335162,,,,,
3.09795,1436.16498184619,244.296514335578,377.386845063917,,,,,
3.19945,1425.67114113855,246.724145599206,376.716734615582,,,,,
3.5376,1418.14499384045,249.74770401924,385.773519162089,,,,,
3.95275,1413.96015078472,246.081713408105,376.590844049675,,,,,
3.21585,1414.73633902924,249.842743445379,386.764730882243,,,,,
3.60525,1418.72475370803,239.436817532626,377.857032401023,,,,,
3.9902,1408.75014350712,250.063857992759,387.055193760645,,,,,
3.63675,1413.89100166399,242.824294139827,380.008097128982,,,,,
3.6646,1418.50429175545,244.665289191592,376.433758989443,,,,,
3.81875,1418.86312090056,245.828020326687,376.554644176687,,,,,
3.5504,1418.00645000687,245.989725787945,376.418959173846,,,,,
3.5093,1423.4708149458,245.83220968235,376.452756262343,,,,,
3.7403,1407.41456827647,245.025042370959,381.658520354235,,,,,
3.86325,1422.84317891004,240.363889834114,378.424958064714,,,,,
3.9857,1418.61316695054,240.004284562939,376.450640702883,,,,,
3.7225,1412.40273688742,249.82449311794,386.736064948499,,,,,
3.8116,1418.87792999558,240.0559098544,378.285862792292,,,,,
3.37,1412.79033586216,248.79136048852,385.334744221888,,,,,
3.89765,1412.71660481808,249.668098794601,386.753842487938,,,,,
3.57085,1418.0706158198,246.154091999177,376.402425396949,,,,,
3.9723,1418.82624347375,248.312355228377,378.850431456802,,,,,
3.2555,1409.37696840021,244.850995006316,381.510965456781,,,,,
3.54855,1412.90182235622,249.73346160227,383.791565108201,,,,,
3.931,1418.79753637635,248.472222633476,379.124674490512,,,,,
3.81125,1418.94163939041,238.245506115397,377.199033481473,,,,,
3.62465,1414.0837243179,240.474144556224,376.509481623516,,,,,
3.046,1442.24823946331,246.594454804016,378.200221605258,,,,,
3.5835,1413.39215934787,239.938399204467,376.447947964579,,,,,
3.92365,1413.47467405675,240.860499521743,376.536718176535,,,,,
3.7263,1417.39645366072,245.06788963456,376.411747469385,,,,,
3.1348,1418.6053608975,250.596756384517,387.327930389199,,,,,
3.6255,1414.09915974347,237.927335590995,376.869619280733,,,,,
3.6062,1408.60782546774,244.973743459501,381.586981044748,,,,,
3.36815,1417.78539823012,239.893753433114,378.091645574574,,,,,
3.8306,1423.6070662923,241.676811784111,376.455371754669,,,,,
3.30905,1418.78084864536,249.867700459236,387.00691676764,,,,,
3.2409,1419.32630144599,246.339610223913,376.592268558522,,,,,
3.62335,1414.0758680581,244.748243348588,376.507121508289,,,,,
3.66525,1418.47506602119,242.825176624587,376.426832848523,,,,,
3.857,1413.10746921591,249.775987237133,386.386201290542,,,,,
3.94815,1408.84210639383,249.960776313637,386.862121247386,,,,,
3.2109,1424.79490383119,244.674300713863,376.585165512046,,,,,
3.74605,1412.88128551641,246.256141220367,376.386841664931,,,,,
3.3269,1413.28688192002,239.983938613574,378.218553142858,,,,,
3.50715,1418.5465098289,249.870128973329,384.483449900838,,,,,
3.05075,1436.82567451771,251.618294725457,388.075565633864,,,,,
3.8694,1422.69052753526,247.340067782888,377.37309580186,,,,,
3.31065,1418.5774123565,249.848736671817,386.017467668008,,,,,
3.12155,1418.79131943912,246.111344811466,382.529383144542,,,,,
3.7162,1417.30504241849,244.609174550732,376.398807934622,,,,,
3.99455,1418.73613117994,245.064423958268,376.561427630623,,,,,
3.9187,1408.31511611099,249.934380799834,386.624539912212,,,,,
3.50335,1418.6455667702,246.467399827064,382.876414371896,,,,,
3.3607,1412.85836469917,249.920349399474,386.970901992416,,,,,
3.60295,1418.71527457353,244.317532599813,376.56774406583,,,,,
3.13055,1423.7318136377,238.748129271076,377.613464348567,,,,,
3.89325,1417.6673623701,238.22637781736,376.350018354055,,,,,
3.5859,1408.38569354105,246.877248345938,383.152024335061,,,,,
3.3373,1423.16070443063,240.417955821353,378.434535951626,,,,,
3.6757,1418.24002499682,242.381930080853,376.453606766563,,,,,
3.9593,1409.10596558749,250.038964737664,387.031835536039,,,,,
3.7354,1417.56749809639,247.003660455948,377.044120724686,,,,,
3.2837,1414.44382875529,242.866806775842,376.588238421435,,,,,
3.5497,1418.00427219196,247.328981494075,377.399563331354,,,,,
3.3364,1423.20178640882,238.078362370758,376.389060081048,,,,,
3.45995,1414.36157494085,239.189517347715,376.612628144934,,,,,
3.28725,1409.39820374681,248.40157703556,384.780104649851,,,,,
3.27825,1409.51198867495,249.932296310723,387.038436646723,,,,,
3.90495,1407.60896777572,243.113928986526,380.213317130874,,,,,
3.2383,1414.39336649335,249.930821568681,386.309231741319,,,,,
3.50505,1418.72019983289,249.86885632785,387.030310802087,,,,,
3.7911,1414.0080464271,240.847015574675,378.714039718513,,,,,
3.8492,1418.17713544583,246.326444277797,376.48920639284,,,,,
3.51885,1418.55419276707,247.091123304991,377.08150368787,,,,,
3.6162,1408.82588827642,243.305226466546,380.382410573268,,,,,
3.8383,1423.30484400849,248.011781103062,378.316770045492,,,,,
3.57575,1408.04210882393,247.29481150641,383.638061029892,,,,,
3.9443,1413.7568364867,240.622180018377,376.48555558144,,,,,
3.40115,1412.88844285735,249.381968945421,385.987920655168,,,,,
3.18455,1415.8506282567,249.613846404124,386.202084878406,,,,,
3.25875,1409.53120245667,249.944007430719,386.59376019852,,,,,
3.4729,1414.29072591871,248.598545063339,384.900568285989,,,,,
3.9467,1408.73039130094,246.181434251518,382.54091607363,,,,,
3.75755,1413.26275096104,244.4904502375,376.489342389731,,,,,
3.3667,1417.7905609588,240.970299912226,376.458090399634,,,,,
3.41575,1413.27081295627,246.95450908146,376.987382125917,,,,,
3.83485,1418.52210825331,249.78417631902,386.829097864621,,,,,
3.99775,1413.6248693496,243.21170899998,380.231228912388,,,,,
3.98845,1408.50715846826,248.272999134279,384.502031681013,,,,,
3.47735,1419.28168779128,248.242495980301,378.463338929399,,,,,
3.32035,1413.30679083686,249.778291915667,386.730700049305,,,,,
3.1933,1415.62803815396,243.096276264528,380.25390744021,,,,,
3.8595,1423.12480651357,246.349017160062,376.459282128252,,,,,
3.32535,1418.33760914508,241.25480508993,376.447091106338,,,,,
3.03135,1449.34615305091,252.483312556079,388.915272031392,,,,,
3.1713,1426.77804162656,239.019157530152,376.788760918967,,,,,
3.0008,1734.61602065725,2.39361327878549,390.299736152236,,,,,
3.97855,1413.62425206854,249.184125304105,385.801218356162,,,,,
3.92685,1408.53736843528,248.788185596032,385.260423478265,,,,,
3.38145,1408.0398871102,249.766335439557,386.939696420501,,,,,
3.0414,1442.971934676,252.199702090637,388.721656104601,,,,,
3.2477,1409.33813323474,249.898816347625,387.013138698959,,,,,
3.3031,1424.13652134866,245.833274337382,376.57428122532,,,,,
3.5492,1412.94926181232,249.049596097014,380.450547292786,,,,,
3.25165,1414.44096299453,245.626897417356,376.558498525901,,,,,
3.54345,1417.88622307207,239.740913683575,378.028664467485,,,,,
3.2515,1414.46617112517,245.870754852477,376.560530639862,,,,,
3.57345,1418.02125065237,238.705893167393,376.389192206137,,,,,
3.44455,1408.89840477815,249.994003870141,386.338065647191,,,,,
3.0199,1492.97106615462,252.555066135392,388.906493372312,,,,,
3.0453,1442.3900310667,248.066872064879,378.223594719836,,,,,
3.72715,1417.36327172221,242.759634577184,376.406659145674,,,,,
3.98995,1408.75014350712,250.069380660248,387.085149708146,,,,,
3.81435,1413.89854399481,249.915042773287,387.03981410229,,,,,
3.75315,1408.11442108139,249.916063081482,386.95657864009,,,,,
3.28885,1409.49942011781,249.93777342787,387.058959267457,,,,,
3.4114,1407.90730319448,249.141318678765,385.836440143415,,,,,
3.55675,1413.03155629294,249.749023030347,386.936789586139,,,,,
3.39965,1412.85297914524,243.414274525762,380.356071330755,,,,,
3.2536,1414.45944613541,239.550618410062,376.562472825734,,,,,
3.33915,1418.04647786561,249.02468131564,385.640279868877,,,,,
3.2358,1414.36128545414,248.731814912406,385.115101447812,,,,,
3.19755,1415.65789183863,250.110253806385,385.353730530038,,,,,
3.5536,1417.92369104971,238.853319961475,377.534336105704,,,,,
3.31875,1413.30707987683,249.428931369789,386.234509928069,,,,,
3.50955,1423.43425371682,245.415672103434,376.446382231489,,,,,
3.0892,1437.06443999511,239.119569782579,377.823465074571,,,,,
3.75265,1408.10782456682,249.925487589401,387.020224118857,,,,,
3.0501,1436.83747636006,250.422340461258,386.400621979094,,,,,
3.2964,1414.44253828417,242.816855605263,380.0790413725,,,,,
3.49675,1414.067052448,249.942457665181,384.834731489158,,,,,
3.99585,1418.6998283798,240.880909372677,376.554329522064,,,,,
3.2376,1414.43411431915,249.955508381253,386.955600088504,,,,,
3.6323,1419.23953633737,247.215018925799,377.144017526917,,,,,
3.95575,1413.92987461408,238.904926574498,377.523572715667,,,,,
3.9021,1417.63773009552,243.774482018271,376.344153109723,,,,,
3.17635,1421.40385160128,250.205482823726,386.656635139745,,,,,
3.4623,1409.25376762438,247.467703150803,383.780529408299,,,,,
3.0819,1433.00552091725,251.30161175218,387.92841333579,,,,,
3.08085,1433.03569956497,249.357823769064,385.30535678176,,,,,
3.52875,1418.68275610759,248.595495184831,379.378019710484,,,,,
3.09365,1426.62407227141,251.08478525648,387.607261238118,,,,,
3.7159,1417.30504241849,245.257300018331,376.401764117146,,,,,
3.45175,1409.02318107999,246.412532763005,382.810173874264,,,,,
3.33205,1413.46303877132,249.748273410379,383.519045387806,,,,,
3.46545,1409.47440607727,249.9553713642,385.871629799856,,,,,
3.8899,1417.80798878638,247.739449984626,378.024017325547,,,,,
3.28415,1414.44390589368,241.208769030462,376.589911297656,,,,,
3.62015,1408.98577450589,249.880265631954,385.78460761549,,,,,
3.26565,1409.49867545963,243.940105257911,380.783941193585,,,,,
3.68995,1413.03878022915,249.28677674226,386.045550699476,,,,,
3.8654,1417.74831401875,249.499836069,386.350708301679,,,,,
3.20425,1420.18537987707,246.493379547547,382.879160556165,,,,,
3.33615,1423.20178640882,239.157015947133,376.381064948933,,,,,
3.519,1418.55419276707,246.689111993046,376.660367137421,,,,,
3.70315,1417.49819845912,249.677176795065,384.092741827404,,,,,
3.36945,1412.74272684406,247.046228615533,383.382899959646,,,,,
3.92105,1413.53068510137,247.256996007898,377.169570157618,,,,,
3.34225,1417.95073361528,249.737451833028,383.93831048588,,,,,
3.2707,1414.73310549759,249.409533558887,380.921774248227,,,,,
3.62825,1409.05282212928,249.699401555046,386.494904339905,,,,,
3.9708,1413.8006688991,249.82518022454,385.741262855055,,,,,
3.13645,1423.61029258328,250.332300389291,382.509007636194,,,,,
3.054,1436.42491448053,251.495073117577,383.169692592285,,,,,
3.44845,1413.99323141152,243.824885204615,376.659957762714,,,,,
3.60755,1408.72492153561,249.477490990786,386.287834344512,,,,,
3.6053,1418.72475370803,239.71695075813,378.02296020726,,,,,
3.6325,1419.21502088339,246.707490888998,376.651584615663,,,,,
3.4101,1407.81397076346,244.060274333235,380.925564275242,,,,,
3.37875,1412.8156422199,241.612423530239,379.221623587438,,,,,
3.7063,1422.28966171542,243.317301741257,376.306281690208,,,,,
3.95185,1414.04388586496,247.836233738195,377.854073808775,,,,,
3.91285,1413.04263357738,242.642562955525,376.472058954513,,,,,
3.3686,1412.74075084982,242.544544072985,379.787311389391,,,,,
3.15995,1422.21898706804,243.312638895193,376.895228958474,,,,,
3.7993,1419.09696177405,243.176144924504,376.5889719155,,,,,
3.78555,1408.91243060574,249.918234233753,384.700836069832,,,,,
3.30035,1414.36535132882,249.933873491523,386.064645575569,,,,,
3.88335,1417.66292825268,237.748382347857,376.794124860345,,,,,
3.13825,1428.41177423201,246.226423370295,377.070987627879,,,,,
3.56865,1413.07531433208,249.703953219892,385.505756773285,,,,,
3.99995,1413.76749800544,249.975732449463,386.977851583647,,,,,
3.74755,1412.85234958563,243.361929025306,376.375935139122,,,,,
3.4332,1408.89255879681,250.039764927466,387.067516579708,,,,,
3.2576,1409.54572690756,249.979559721442,387.084286921252,,,,,
3.3068,1418.7752486711,243.193319864724,380.297322180646,,,,,
3.42605,1413.72815356574,247.036059142329,377.011791802482,,,,,
3.9297,1408.7140238834,249.806437501342,385.295031125759,,,,,
3.29455,1414.50540148685,240.873353179038,376.636445635428,,,,,
3.8181,1418.95749278853,246.730523980751,376.702312458295,,,,,
3.3071,1418.76940050901,244.926519781337,381.580897032968,,,,,
3.3804,1407.8764418409,249.0330680524,385.659935335,,,,,
3.3478,1415.14210710138,241.626096511101,379.20223775381,,,,,
3.96525,1418.91328538056,239.462696439318,376.63238616947,,,,,
3.64605,1418.69570219084,237.754135611995,376.722814506398,,,,,
3.42495,1408.59792873729,249.784127894598,383.21706252646,,,,,
3.3964,1417.98612832212,244.94242001081,376.468222045982,,,,,
3.428,1413.64826212003,243.009962828068,376.454733659115,,,,,
3.9967,1418.71036544244,237.960058607126,376.792484951977,,,,,
3.625,1414.10389596559,238.987914070838,376.515629503131,,,,,
3.5828,1413.37557237054,242.641798206975,376.438809160526,,,,,
3.10305,1430.66825530828,250.924485555104,387.855652207748,,,,,
3.6282,1409.05282212928,249.648984925067,386.4063779838,,,,,
3.03975,1442.99465090442,250.643942337857,386.424402271055,,,,,
3.2171,1414.65924902449,249.985617701525,386.963504502516,,,,,
3.2835,1414.44798440451,243.512003474851,376.58849511038,,,,,
3.2336,1419.4553678675,237.994905994736,376.912089795409,,,,,
3.53085,1423.39966460504,243.794238988289,376.406618116148,,,,,
3.90305,1417.64006046877,240.440103162081,376.345159936191,,,,,
3.23205,1419.46002981992,243.239560105677,376.579437254101,,,,,
3.978,1413.60098689268,247.620122628514,383.971021082272,,,,,
3.5076,1418.56232950686,249.695448997444,382.491112590634,,,,,
3.951,1408.93265025401,249.941124289515,382.884093057277,,,,,
3.76655,1418.59935390374,246.754543024295,376.694978177301,,,,,
3.1526,1417.27394866085,246.452448857553,382.794889119441,,,,,
3.84795,1413.11198054015,249.559368578423,382.287667005054,,,,,
3.30085,1414.3467378669,249.961277043069,384.697419366294,,,,,
3.8199,1418.82359389824,243.06937760818,376.541491243718,,,,,
3.4975,1419.08833478448,249.50495236999,381.407564499694,,,,,
3.5467,1412.9086779055,249.755341839131,386.902105019726,,,,,
3.9717,1413.83521884732,249.663849342896,382.428907350222,,,,,
3.88155,1417.6099749697,243.600419815853,376.39370323875,,,,,
3.2565,1409.41997935473,248.944174201469,385.403210027927,,,,,
3.9256,1408.43081816499,243.254523858619,380.28579819631,,,,,
3.01915,1493.46086428822,250.968006099098,387.045047317819,,,,,
3.8452,1413.11038279119,249.716929327828,386.847802485105,,,,,
3.4395,1418.8090233556,238.49326526993,376.567266484675,,,,,
3.7849,1408.88379596558,249.885110244431,386.323577002542,,,,,
3.2339,1419.41099766281,239.121142488387,377.682075650278,,,,,
3.38405,1413.15485384335,249.33221644155,381.296626255766,,,,,
3.02355,1490.9247281255,250.998825573201,380.644638937662,,,,,
3.8068,1416.52985489816,249.728637550206,381.894547191769,,,,,
3.98065,1413.62839864206,249.87970508613,386.597237056689,,,,,
3.54945,1417.95702975242,248.286386511181,378.854593884893,,,,,
3.3679,1417.78539823012,238.527611664744,377.288139061971,,,,,
3.5179,1413.47381658021,249.651815632295,382.520673419348,,,,,
3.6973,1422.78556282456,238.248231267837,376.350523570637,,,,,
3.1659,1417.12088576441,250.296035855503,386.926683166511,,,,,
3.04335,1442.60797751025,252.136366655484,385.028627698667,,,,,
3.145,1422.82920692742,250.48549142492,387.317014147777,,,,,
3.92555,1408.42881428572,242.958259503688,380.078805572381,,,,,
3.9211,1413.53068510137,247.105543118526,376.998221495705,,,,,
3.53805,1418.12883856743,249.772424928373,384.514399358951,,,,,
3.80355,1414.05478621809,249.763272817539,386.523865768898,,,,,
3.51475,1413.40467090569,249.496837076059,386.341566566556,,,,,
3.75115,1407.91215901197,247.778783492241,384.070778403834,,,,,
3.6155,1413.92474209913,239.118247417129,377.719267282428,,,,,
3.9243,1413.49754253127,238.165452709036,376.568741922545,,,,,
3.7172,1417.29241691768,241.448664461576,376.397772787321,,,,,
3.49605,1414.04929585773,249.908510015304,386.45420991011,,,,,
3.2742,1419.46441044678,239.752915699102,376.575631569293,,,,,
3.4384,1418.80094145325,242.966877495079,376.558199462745,,,,,
3.38305,1408.05739294665,249.74498090792,385.442865863732,,,,,
3.629,1409.1949448285,249.959632701305,387.031339060676,,,,,
3.9315,1418.78228629849,246.739190167848,376.720241302549,,,,,
3.4107,1407.87217463069,247.103763654123,383.478313532114,,,,,
3.9622,1419.15049922383,247.687038214526,377.68411148258,,,,,
3.0985,1436.14491438224,242.293423237088,377.372393593121,,,,,
3.73595,1417.492384647,245.985790225166,376.356687662637,,,,,
3.2245,1414.52170882287,244.55366307354,381.263495698477,,,,,
3.91275,1413.04026660233,242.982873808248,376.471135208121,,,,,
3.1355,1418.59556087066,250.605052693189,386.240946740492,,,,,
3.54955,1417.98335253337,247.888563484217,378.204483080035,,,,,
3.99915,1413.64184794481,249.212948488083,385.685313408599,,,,,
3.1974,1415.65671158034,250.099551765027,385.761774611817,,,,,
3.34695,1422.75845429248,237.588531288579,376.548665200997,,,,,
3.8663,1417.84254153146,249.80897026866,386.970458662395,,,,,
3.9617,1414.15871714557,249.375232963384,380.716760606384,,,,,
3.2712,1419.72448650484,247.763589203389,377.828758247912,,,,,
3.93665,1408.53571631463,247.130221036146,383.474098626945,,,,,
3.83455,1418.46283269673,249.612604314038,386.482602929659,,,,,
3.72225,1412.41529580203,249.837980132023,386.860880595121,,,,,
3.4039,1412.94563590194,249.901499184323,384.799649730791,,,,,
3.64375,1418.68837917971,245.218527710062,376.516691850521,,,,,
3.71435,1412.32246128827,248.73081606639,379.54708211453,,,,,
3.6633,1418.67513628475,246.879191360739,376.832733598072,,,,,
3.9837,1418.64910247554,245.849223419378,376.464263121458,,,,,
3.34995,1412.76265574032,249.792754982306,386.708222980143,,,,,
3.5514,1417.9319730551,244.017139635954,376.406456794755,,,,,
3.068,1439.89428606856,241.034815300717,377.741068924352,,,,,
3.893,1417.6673623701,239.30268315716,376.345411830115,,,,,
3.9877,1408.48114130794,244.792053695471,381.386995659494,,,,,
3.5889,1408.55963052738,249.996216603221,386.400869332709,,,,,
3.22965,1419.61730755099,248.924525199919,379.702016040912,,,,,
3.71745,1417.29570331328,240.441066471821,376.400079469238,,,,,
3.8981,1412.69354070229,249.646550942167,386.423275680713,,,,,
3.9993,1413.64184794481,249.475756157559,386.067778484067,,,,,
3.3828,1408.05425588058,249.729654804864,385.990863693434,,,,,
3.34435,1422.85993211492,245.657145124367,376.377527143173,,,,,
3.88595,1412.64392716701,249.309047050712,386.126911821667,,,,,
3.46975,1419.38087528835,241.319766803696,376.53228687187,,,,,
3.39285,1413.02352627072,249.927812273173,386.489015821746,,,,,
3.0611,1430.61436057429,251.492819798662,387.999546450795,,,,,
3.81245,1413.81052653658,245.068187398345,381.698805793065,,,,,
3.15435,1417.35198390746,250.381341226308,387.385231264666,,,,,
3.5965,1408.63229845132,248.00045752902,384.20961385719,,,,,
3.4544,1409.19155349153,249.937443229645,386.880232492169,,,,,
3.82855,1423.82799024759,246.487031545639,376.506626771827,,,,,
3.76155,1408.30436613971,248.095158561989,384.357335358449,,,,,
3.86245,1422.89310271025,237.840097617041,376.45991743325,,,,,
3.8934,1417.6673623701,237.735430735405,376.401815326085,,,,,
3.85505,1413.05373253762,249.466739706421,386.323988858655,,,,,
3.49445,1414.02770332489,249.8704842328,386.910251533549,,,,,
3.16375,1417.10365849365,249.434851189441,385.87980944551,,,,,
3.8135,1413.83274261582,249.118970381042,385.692887862179,,,,,
3.26225,1414.60437546597,245.144574918337,376.565278730258,,,,,
3.93865,1408.67989736292,249.826281636609,386.954763281729,,,,,
3.1754,1421.56695014795,250.244442468484,387.279071434898,,,,,
3.3731,1412.88257586284,249.701527357652,384.248235862968,,,,,
3.1959,1415.72076682685,250.123464538891,387.218953977892,,,,,
3.3521,1412.71087336497,249.907104382618,385.535743430163,,,,,
3.6286,1409.13915905582,249.910056162723,386.912946783996,,,,,
3.07755,1438.51248993987,244.093081403339,377.678828065683,,,,,
3.173,1421.5697322959,245.093769152752,381.684860177157,,,,,
3.88455,1412.55180841484,244.324878056372,381.11343421956,,,,,
3.92315,1413.44278990595,242.735652114359,376.531632520421,,,,,
3.50435,1418.63027690613,249.450223287497,386.231339379601,,,,,
3.29935,1414.46672832303,249.958318010416,387.066894911676,,,,,
3.5426,1422.89906876637,238.28312357943,376.370252913553,,,,,
3.8314,1423.59367736166,238.325188524256,376.458852777108,,,,,
3.24255,1419.24599574615,242.537721828847,376.566012729869,,,,,
3.9736,1418.75440177799,245.502291631429,376.533782301034,,,,,
3.07675,1438.56774457502,246.480891912358,377.705905303329,,,,,
3.77285,1408.60206478657,249.730430967865,386.772086216918,,,,,
3.9756,1418.71134822648,239.050192561329,376.523995787954,,,,,
3.6954,1422.9151943773,244.862370516187,376.370725287826,,,,,
3.50675,1418.55056243603,249.852862682769,385.692045301907,,,,,
3.2865,1409.38372562664,245.166625933461,381.769956500258,,,,,
3.49175,1418.97169675613,239.257316945985,377.801978378142,,,,,
3.10165,1430.69165171549,249.443455401313,385.622867042254,,,,,
3.6192,1408.98977701158,249.891423687215,386.932411347728,,,,,
3.4951,1414.10535790384,249.947360175697,387.079742887138,,,,,
3.3338,1423.31865626125,246.01014504059,376.41726614811,,,,,
3.44355,1408.92897892504,250.032978038267,387.067185760304,,,,,
3.79175,1408.96291528201,244.798099736417,381.41356383827,,,,,
3.19445,1415.60943709883,248.61062506142,384.952320650552,,,,,
3.36435,1417.93092812904,246.679680764922,376.581206640708,,,,,
3.809,1418.90459185405,244.88817282456,376.640727588183,,,,,
3.5803,1413.33819753449,248.625476026769,379.469387272933,,,,,
3.79725,1419.29317180859,247.515671423816,377.419203282988,,,,,
3.07605,1438.72814880638,247.763665339359,377.737240258809,,,,,
3.1186,1428.98055487444,243.912789774056,377.099248079895,,,,,
3.55315,1417.97921742455,237.68125843915,376.538816759655,,,,,
3.62215,1414.16400016367,246.709692919085,376.667965900555,,,,,
3.6262,1414.03381700172,241.459671642727,379.093307690869,,,,,
3.5054,1418.71165406208,249.876567376274,387.042288150368,,,,,
3.8362,1418.37257161015,249.798047763061,386.527893737888,,,,,
3.6851,1418.13663337723,244.93306980959,376.447308490921,,,,,
3.35645,1417.74838868322,240.720075991794,376.450225722298,,,,,
3.50595,1418.5837881362,249.8509633042,386.840098464955,,,,,
3.19225,1420.77159905217,238.058679634314,376.911212627627,,,,,
3.3693,1412.73585704674,246.382433935855,382.763222433694,,,,,
3.8791,1412.62686590364,249.268076417171,381.109965871876,,,,,
3.31235,1423.53419661716,247.966823616063,378.240764539917,,,,,
3.694,1423.08790092576,247.59361300076,377.775129762251,,,,,
3.7174,1417.29241691768,240.647888648943,376.399510747881,,,,,
3.25585,1409.39663280483,246.654827994535,383.004496161463,,,,,
3.83795,1423.30484400849,249.153926511404,380.555812394368,,,,,
3.66555,1418.47038253841,241.757258041272,376.425621559519,,,,,
3.6423,1418.81955955625,248.265911877247,378.71552711967,,,,,
3.61405,1413.86493556665,241.530722013755,376.502041438501,,,,,
3.21905,1414.69897451378,249.566592031086,381.453431516869,,,,,
3.45705,1414.40409232914,247.006857479898,376.973003565022,,,,,
3.33885,1418.04647786561,248.307772788722,384.723242564435,,,,,
3.2333,1419.46909557238,238.292452612006,376.598311133995,,,,,
3.9178,1408.31095903063,249.972717811963,387.03940638133,,,,,
3.03205,1449.14283461017,252.459062192501,388.259501323317,,,,,
3.91855,1408.31033640462,249.940516623229,386.761931798472,,,,,
3.67065,1413.42199273834,249.818362499594,386.877081171843,,,,,
3.8204,1418.82359389824,241.250838151962,376.541621248675,,,,,
3.42345,1408.49102587177,249.8373806355,386.826437061953,,,,,
3.56285,1418.01152970063,239.974981517527,376.398910276449,,,,,
3.7143,1412.32246128827,248.88189837565,379.867481037086,,,,,
3.5899,1408.63194552659,249.984733892787,383.544619457102,,,,,
3.58955,1408.58406178243,250.029654932709,384.892683465862,,,,,
3.8294,1423.7190212705,245.205914162399,376.475168423059,,,,,
3.00055,1734.66182042019,1.35313489467106,390.478173761821,,,,,
3.24975,1409.42715998099,249.752943068782,382.683189915948,,,,,
3.0706,1434.46603881749,249.799420818655,385.707067250806,,,,,
3.5464,1412.9419470132,249.756800019992,386.918470689887,,,,,
3.1549,1417.30370395223,250.39208219581,387.389293573483,,,,,
3.3353,1423.23081453976,242.522952411963,376.384058000704,,,,,
3.47265,1414.28547483991,247.741562845465,383.976827571555,,,,,
3.61375,1413.86396857903,242.621504670985,376.500201896788,,,,,
3.1612,1422.24529828632,238.380076745888,376.967588682809,,,,,
3.5721,1418.01523796223,243.754412642895,376.382921903642,,,,,
3.36225,1412.82586189723,249.892757992482,385.879627164345,,,,,
3.58825,1408.55917334513,250.020207631783,386.974776858214,,,,,
3.7336,1412.48355071929,249.633759235371,385.553701181121,,,,,
3.4581,1414.32241166402,245.301124805718,376.604954204286,,,,,
3.64135,1413.80613592595,249.847363413371,383.92013562198,,,,,
3.90295,1417.64006046877,240.84731148483,376.344316586986,,,,,
3.9882,1408.49266340643,247.320418456718,383.5317224285,,,,,
3.1555,1417.28903600265,250.362176635192,387.054916676665,,,,,
3.62065,1409.02316627796,249.896853829022,384.27368260829,,,,,
3.46715,1419.5980720843,247.669875635013,377.750937483676,,,,,
3.12125,1418.79526101875,244.412288879529,381.240897802758,,,,,
3.9418,1413.80254706828,246.766537770424,376.743723305135,,,,,
3.19805,1415.66897361226,250.052740395713,383.477718862844,,,,,
3.85365,1412.98589641323,244.670191646462,381.414540183161,,,,,
3.4624,1409.25761848789,247.85292550798,384.169841062137,,,,,
3.4212,1408.28574625573,247.920704284542,384.293647699845,,,,,
3.0801,1433.15940377902,245.762883972202,382.184271837711,,,,,
3.19735,1415.65679215788,250.09593571738,385.883061565588,,,,,
3.28425,1414.44390589368,240.806107749667,376.590790669402,,,,,
3.90035,1417.76939550108,247.212128314538,377.293215496269,,,,,
3.79365,1409.16043664072,250.045781260172,387.026977860968,,,,,
3.06175,1430.60045390945,251.706218098719,388.450994719812,,,,,
3.3998,1412.84627638534,244.288363218158,380.992628756403,,,,,
3.1894,1420.88108494615,246.473795921818,376.747806363627,,,,,
3.21745,1414.65411919376,249.96979113017,386.680593560963,,,,,
3.0951,1426.54722511381,250.933541825481,383.405443083185,,,,,
3.1704,1426.83267205167,242.695921191305,376.79495883297,,,,,
3.79875,1419.10111136416,244.769702945763,376.594501990135,,,,,
3.9719,1418.82624347375,249.407846781979,381.342453249447,,,,,
3.03615,1453.49886787601,245.38573229194,378.245204239868,,,,,
3.9343,1418.59238280242,239.252736666685,376.467421722785,,,,,
3.6605,1408.54213851294,249.811360457812,386.831883989877,,,,,
3.40415,1412.94563590194,249.887556680733,383.89008359125,,,,,
3.29695,1414.38066217464,245.922254306652,382.412199974087,,,,,
3.9831,1418.73477708602,246.684489204403,376.627081919155,,,,,
3.4184,1413.24847081914,240.256432674984,376.485591422426,,,,,
3.8661,1417.84254153146,249.807386521819,386.970913834305,,,,,
3.267,1409.56136339921,249.352098686662,385.902581647086,,,,,
3.9461,1408.71609848376,242.725370886372,379.946957807018,,,,,
3.1763,1421.40385160128,250.205746219385,386.724319349393,,,,,
3.418,1413.24847081914,241.829346529688,376.479841934546,,,,,
3.605,1418.72475370803,238.205751883245,377.11755057737,,,,,
3.68075,1413.20604626656,249.812057426925,386.945276582547,,,,,
3.4877,1419.17169380027,248.107541416375,378.241808617,,,,,
3.71,1412.19571371007,248.051135342435,384.376241637262,,,,,
3.7261,1417.39645366072,245.455320239721,376.414383697717,,,,,
3.69165,1413.07679904553,249.722148835533,386.660184890348,,,,,
3.9524,1414.04388586496,246.537787507809,376.598294316658,,,,,
3.23375,1419.41898801381,238.383570141405,377.237777233225,,,,,
3.5145,1413.33638909144,249.138618060778,385.781803934695,,,,,
3.88025,1417.6903722719,246.1680860861,376.410200946578,,,,,
3.9766,1418.67774667428,239.953791262351,378.235177533912,,,,,
3.96435,1418.93313005766,243.010491540417,376.6323336703,,,,,
3.9715,1413.81113650857,249.792748928908,383.391266095596,,,,,
3.78695,1414.09129429797,247.268493988074,377.260265068565,,,,,
3.7906,1414.05155971826,238.128922718861,377.066298029095,,,,,
3.27365,1419.47272295056,241.992222473367,376.575889059042,,,,,
3.74405,1407.70267848911,249.669472243015,385.264742392106,,,,,
3.78935,1414.0063403188,241.673777339859,376.50685904753,,,,,
3.89085,1417.69006064316,245.712691003204,376.35567859102,,,,,
3.6304,1409.1489273665,249.926323529207,385.901316143726,,,,,
3.9553,1413.98404841735,238.118947625772,376.662735112028,,,,,
3.6952,1422.9151943773,245.264606800172,376.376111276201,,,,,
3.3877,1418.11205773053,239.25126826667,376.40065627154,,,,,
3.5113,1423.33955260556,239.948489659709,376.428395098983,,,,,
3.47205,1414.28692673337,244.804289727482,381.433683053153,,,,,
3.48955,1419.05869930059,244.280522427312,376.660415235983,,,,,
3.523,1413.42544761542,240.897298325854,378.79390806114,,,,,
3.23525,1414.33357953539,246.733262088731,383.042680922593,,,,,
3.8755,1412.49310791154,249.145153121008,385.814916361276,,,,,
3.561,1418.01095962492,245.559788645531,376.402866738509,,,,,
3.1102,1434.81441384554,240.082224880729,378.418762472912,,,,,
3.6415,1413.81343506141,249.801844010547,383.276350918382,,,,,
3.2996,1414.40950904447,249.945304922393,386.961329644978,,,,,
3.32645,1418.38424802749,237.831496060823,376.873604318626,,,,,
3.6175,1408.87928543819,248.977442684705,385.493937248278,,,,,
3.692,1413.06023231138,249.712465792412,386.283607442502,,,,,
3.3915,1413.06194373871,249.944745187065,386.974882096098,,,,,
3.46725,1419.5980720843,247.32196910889,377.298635044761,,,,,
3.1742,1421.52179443719,249.610169999537,386.153315693812,,,,,
3.34025,1418.13547753627,249.756626621578,386.918321803259,,,,,
3.34365,1422.90294738644,246.668171941583,376.631616369618,,,,,
3.78165,1408.6880841153,245.80346288906,382.302829208505,,,,,
3.63695,1413.88022952986,244.002864215762,380.8452711034,,,,,
3.018,1493.99338427811,240.643661212197,382.405789561083,,,,,
3.82025,1418.82359389824,241.832298018912,376.541136089486,,,,,
3.28025,1409.43822934637,249.926860946718,384.536114069805,,,,,
3.0737,1434.05524589367,251.587637472947,386.707659322236,,,,,
3.1262,1418.84319030464,250.246921473435,382.144442471385,,,,,
3.4351,1408.91230244352,250.017750741505,383.984750212022,,,,,
3.0732,1434.16185045494,251.566022322617,387.691376484739,,,,,
3.47175,1414.29626426941,243.014067086814,380.138256819103,,,,,
3.36075,1412.86242462608,249.923764461723,386.979529770666,,,,,
3.27065,1414.72587201197,249.506607244816,381.214857771948,,,,,
3.54795,1412.87891891802,249.728997284493,385.677844960602,,,,,
3.06465,1435.41174911388,250.532759606781,380.930596847552,,,,,
3.32485,1418.33760914508,243.069462257269,376.445454285999,,,,,
3.77975,1413.77329297455,238.629937199106,376.542210537754,,,,,
3.0258,1472.51671913068,245.605749652702,378.354212412627,,,,,
3.75405,1408.12747883747,249.889842472345,386.104183338174,,,,,
3.06015,1430.63168732491,249.378161356127,385.311317332075,,,,,
3.8118,1416.32015663888,241.23350924133,379.012681592154,,,,,
3.1087,1434.88235767918,242.566927867824,377.172391898931,,,,,
3.9878,1408.49020329197,245.353841531969,381.825289904682,,,,,
3.89465,1412.5818100187,243.039307814061,380.148270240025,,,,,
3.0427,1442.64515201569,252.178354886471,387.299839936576,,,,,
3.09885,1436.08285872826,240.838686431588,377.366257234112,,,,,
3.90045,1417.76764508127,246.886382144193,376.896404169644,,,,,
3.7185,1417.3334643034,238.396224741753,377.200836435186,,,,,
3.5041,1418.63027690613,249.02618735784,385.607550944654,,,,,
3.19015,1420.77874055712,245.172483759497,376.73207766422,,,,,
3.7899,1414.06397053994,239.431984036626,376.515338096502,,,,,
3.31755,1413.20860155276,245.597677374687,382.116628352547,,,,,
3.17065,1426.79453368643,241.755155973023,376.791447824391,,,,,
3.4867,1414.10291585316,250.069317157445,383.86780897821,,,,,
3.3167,1418.23259121983,240.625969285018,378.594404448652,,,,,
3.8597,1423.03055476717,246.116594955002,376.450701484344,,,,,
3.53935,1423.12428660793,247.466084284863,377.563622338556,,,,,
3.71145,1412.31049060766,249.841071581819,386.950565673775,,,,,
3.94235,1413.80254706828,245.977656728645,376.488477057827,,,,,
3.7935,1409.0995927467,249.993348610479,386.910226017747,,,,,
3.32555,1418.35191591434,240.437710490339,376.449014968382,,,,,
3.48535,1414.11835056529,250.073281645303,386.909126418652,,,,,
3.6692,1413.38315852976,249.170871141744,385.775447589906,,,,,
3.5659,1412.98366495325,248.701140769502,385.243295028838,,,,,
3.29795,1414.38883700585,249.337885885495,385.994113140257,,,,,
3.5533,1417.97921742455,237.71350454231,376.753506647664,,,,,
3.8444,1413.00913082263,248.856267397105,385.435191926077,,,,,
3.0432,1442.60797751025,252.181047624664,385.674551776846,,,,,
3.61025,1408.79466762318,249.810285211098,384.525908468757,,,,,
3.33325,1423.480623533,246.935693274971,376.916603324584,,,,,
3.18045,1426.05552507577,243.47682128564,376.729637524799,,,,,
3.64115,1413.80613592595,249.862708124859,384.664096347719,,,,,
3.69975,1417.59884539473,248.082135978984,384.492629588242,,,,,
3.52365,1413.42554976432,244.74698583328,381.457200137717,,,,,
3.1174,1429.12761097328,246.728055503143,377.12530859089,,,,,
3.17255,1421.63998270461,242.442381855502,379.797914236811,,,,,
3.668,1413.3700107559,244.596910138205,381.280786417261,,,,,
3.20245,1425.37773464094,238.077882961461,376.719694323137,,,,,
3.4278,1413.64826212003,243.625291879961,376.45405253359,,,,,
3.1695,1426.92009213063,245.318481438353,376.815185863919,,,,,
3.72655,1417.38246871507,244.502595069049,376.409269782132,,,,,
3.12565,1418.82913426757,250.618608157618,384.769012496825,,,,,
3.2417,1419.26794711347,244.98826294725,376.574492278249,,,,,
3.00065,1734.64261597111,1.74830097587993,390.417152646242,,,,,
3.09405,1426.58549438979,251.085336497157,387.039395407847,,,,,
3.9072,1407.85076994312,249.856384389517,386.947360127783,,,,,
3.13,1423.75814541485,239.59666623755,377.120430048832,,,,,
3.24415,1419.28211363977,238.67000129496,377.452094263731,,,,,
3.6216,1414.11789074137,248.571146837237,379.220539643475,,,,,
3.03045,1449.4270883793,252.450785791887,388.904972139681,,,,,
3.92695,1408.53736843528,249.007484445418,385.553174877496,,,,,
3.038,1443.23698035103,241.491701514845,379.445283461293,,,,,
3.4683,1419.4622414139,245.522230626698,376.547673985921,,,,,
3.5898,1408.62711945116,250.012646588806,383.97111966999,,,,,
3.70725,1422.24968774852,239.774239787424,376.300720816928,,,,,
3.65,1413.55433663473,249.818848909082,386.934726200734,,,,,
3.0382,1443.23698035103,242.642196360574,380.131779422495,,,,,
3.79155,1408.95638790396,243.619352533158,380.546774112323,,,,,
3.4848,1414.12552480146,250.100331334479,387.134118747366,,,,,
3.6354,1418.99064600197,238.622503003783,376.531610885039,,,,,
3.90065,1417.73341963168,246.392714481571,376.431000770583,,,,,
3.6218,1414.16400016367,247.791620398572,377.956696117758,,,,,
3.64085,1413.80613592595,249.846141567619,385.542027073351,,,,,
3.5703,1418.15244523648,247.383589025881,377.510959478614,,,,,
3.9936,1418.82632049108,246.592515687299,376.583203661444,,,,,
3.6119,1413.91207820992,246.525553597287,376.568890108618,,,,,
3.3399,1418.13547753627,249.723805423981,386.838993270057,,,,,
3.2469,1409.37250597248,249.806167111221,386.822707094111,,,,,
3.77585,1413.68796032746,249.538141129951,381.902596532488,,,,,
3.91655,1408.13724067891,248.974240396102,385.401016326448,,,,,
3.8078,1418.98617047686,246.843604594218,376.763578463088,,,,,
3.9886,1408.53890961541,248.732787790346,385.026811807864,,,,,
3.0595,1430.69451379305,246.202256961932,382.584666759426,,,,,
3.3455,1422.7504818017,242.895292259157,376.355700154405,,,,,
3.1844,1415.82910498329,249.337476455979,385.808501265419,,,,,
3.6519,1413.53975286125,249.713403357434,382.867612796632,,,,,
3.76875,1418.43317512289,241.668121292399,376.565001760248,,,,,
3.4415,1408.72822944729,246.770970794525,383.045161914367,,,,,
3.1153,1429.21807800018,250.677614598383,384.945603103248,,,,,
3.05955,1430.68377599512,246.485912825192,382.799699580925,,,,,
3.83885,1423.22659965027,246.434110052627,376.487940309312,,,,,
3.71355,1412.27399312924,249.816963857178,383.835123743919,,,,,
3.362,1412.82586189723,249.885204833987,386.317247737829,,,,,
3.02935,1449.51617895739,250.679468453647,386.417409473828,,,,,
3.68765,1418.05602100349,238.795717205869,377.487543292451,,,,,
3.8272,1413.87054773858,249.860072190157,383.046114793949,,,,,
3.32355,1418.404800535,245.996574818599,376.457757364314,,,,,
3.64835,1413.5364372709,248.690052768225,385.177778127175,,,,,
3.45905,1414.30946686946,242.728411736431,376.602095973739,,,,,
3.713,1412.25034465723,249.814827686931,385.602132128764,,,,,
3.94935,1408.87259641617,250.046550883294,386.930204685414,,,,,
3.15775,1422.36509370834,248.179578707578,378.194533554501,,,,,
3.7973,1419.29317180859,247.355806919467,377.223932589175,,,,,
3.24395,1419.28211363977,237.955664515732,376.952706385075,,,,,
3.0448,1442.3900310667,248.734775149279,378.24580826104,,,,,
3.81585,1413.84045919985,249.896218371571,386.301845564115,,,,,
3.3646,1417.86860209631,246.338113870076,376.476456874149,,,,,
3.5208,1418.47226645183,243.081833187133,376.463253461658,,,,,
3.84625,1413.07161926255,249.731647140114,386.743920217591,,,,,
3.25125,1414.48075497178,246.219693142131,376.564967675651,,,,,
3.12955,1423.74659089834,241.511978009675,377.116769629163,,,,,
3.60645,1408.61616276619,246.265388465732,382.660130936003,,,,,
3.98365,1418.6630700494,245.923487495272,376.465412029852,,,,,
3.89425,1417.63161771084,240.643961508252,378.564960122134,,,,,
3.69235,1413.06023231138,249.725516020644,385.639471211339,,,,,
3.08975,1431.86359594306,241.524756157374,379.378093377384,,,,,
3.6011,1418.91741622839,248.22111584542,378.457312922988,,,,,
3.52805,1413.61983717027,249.752170003691,383.315423033188,,,,,
3.3707,1412.90137173588,249.633301532175,386.69298780029,,,,,
3.7792,1413.69095061383,240.943457717979,376.531471327507,,,,,
3.7774,1413.72762645742,245.889591838704,376.532938052654,,,,,
3.67465,1418.28469381623,245.26891215925,376.464725988459,,,,,
3.2172,1414.65924902449,249.980260865227,386.90145148584,,,,,
3.03745,1448.36319436362,240.195278665734,378.278692866665,,,,,
3.05645,1441.16811175663,245.802334146681,377.96740320714,,,,,
3.4418,1408.77628844907,248.002259541283,384.242741715395,,,,,
3.832,1423.55986477431,238.689038625176,377.390745266425,,,,,
3.9973,1418.7002653573,240.521824171179,378.478892946154,,,,,
3.0567,1441.07278124069,245.03443753908,377.959404051856,,,,,
3.0221,1491.65685684533,252.701620904128,387.716080867016,,,,,
3.9505,1408.88184279046,250.063915208952,384.930023618806,,,,,
3.03465,1453.76430387247,248.761398359589,378.315106066151,,,,,
3.13325,1418.60173040863,250.384667266299,387.11983720925,,,,,
3.6932,1413.08099557432,249.601915218203,382.557363586003,,,,,
3.1812,1425.98934052695,240.668871202926,376.719841180826,,,,,
3.2073,1420.09000774592,249.977765573774,386.494653184168,,,,,
3.03935,1443.07410906753,249.127169759994,384.877402568427,,,,,
3.3576,1417.75100153829,238.749318510388,377.409857050998,,,,,
3.108,1434.95581107611,244.924085725319,377.190170418243,,,,,
3.86265,1422.87482544724,237.675565876211,376.67960929792,,,,,
3.31585,1423.33414661711,237.87840137186,376.469489681081,,,,,
3.966,1418.92595781205,238.429366683176,377.310217658293,,,,,
3.9257,1408.43621505888,243.840188639454,380.705889381126,,,,,
3.9309,1418.79753637635,248.802092995555,379.770557664413,,,,,
3.017,1494.56974436379,221.15053571547,379.174442083432,,,,,
3.1638,1417.10983946086,249.538291822654,386.020513215754,,,,,
3.8302,1423.62686425943,243.098134207191,376.459724637386,,,,,
3.5298,1423.48373055697,245.959304942677,376.432095775174,,,,,
3.9164,1408.0988740358,248.589154479631,384.924401952812,,,,,
3.00445,1734.21348714808,60.7789724360923,379.870867611385,,,,,
3.788,1414.01373341845,245.4659598295,376.50722912285,,,,,
3.5334,1420.80860638116,241.346363734676,379.020947273547,,,,,
3.8768,1412.54948473658,249.738721654546,386.865025680734,,,,,
3.7343,1412.4989155961,249.6016713816,383.205864123712,,,,,
3.62355,1414.06717792045,244.253524871914,376.505932409944,,,,,
3.71455,1417.35536097494,247.983460686285,378.23493412214,,,,,
3.33015,1413.47256902562,249.789541470864,386.950773903721,,,,,
3.831,1423.59367736166,240.059225439634,376.454024196883,,,,,
3.4681,1419.4622414139,245.860768348639,376.552212908752,,,,,
3.457,1414.40409232914,247.150073407675,377.126794226465,,,,,
3.14775,1427.64826079592,247.301095027496,377.118774511356,,,,,
3.8127,1413.81046013601,246.363684298767,382.773043198869,,,,,
3.6928,1413.07905355271,249.744410007989,384.299826782734,,,,,
3.4509,1408.98814182412,241.592499581641,379.246812226707,,,,,
3.80285,1414.01868017857,248.342943618101,384.614953849239,,,,,
3.99155,1408.76098888162,250.04979666143,385.494494193914,,,,,
3.97495,1418.6880430109,241.73407929361,376.519811241888,,,,,
3.54375,1417.80949823576,241.5336532608,379.146762930764,,,,,
3.50015,1423.82703690117,243.176151167784,376.53657664978,,,,,
3.6817,1413.15669289761,249.773743029008,386.292902051095,,,,,
3.19985,1425.51038448351,246.234695781663,376.693632057266,,,,,
3.0224,1491.62487919045,252.716649169571,386.795383145918,,,,,
3.86985,1422.60184118537,246.29045029406,376.393418657547,,,,,
3.45775,1414.32719062058,245.923342887079,376.609245201857,,,,,
3.31945,1413.33828667856,249.802297725459,386.96279620964,,,,,
3.4296,1413.70683321609,237.939120708602,376.912539962213,,,,,
3.9004,1417.76939550108,247.043822406456,377.081496544764,,,,,
3.2201,1419.74173392842,246.554951716542,376.60184012462,,,,,
3.8601,1422.9986584654,245.530709026937,376.438076858356,,,,,
3.99925,1413.64184794481,249.395769237714,385.947212036871,,,,,
3.83675,1418.32741349675,249.809179801914,385.615824578218,,,,,
3.2672,1409.56136339921,249.644224083067,386.355573677462,,,,,
3.9894,1408.60523245978,249.957592356447,386.832213329401,,,,,
3.9548,1413.98404841735,240.073742569907,376.588604428657,,,,,
3.44735,1414.03791912612,246.189515423801,376.666476740238,,,,,
3.0999,1430.90293574154,240.409462519409,378.671386985477,,,,,
3.9247,1413.49011454438,238.222469999141,377.108915464093,,,,,
3.6891,1412.98367696275,246.899896603501,383.267517923333,,,,,
3.58855,1408.55447686303,250.004510182083,386.792941173917,,,,,
3.7652,1408.56411599469,249.913332348312,383.541992952934,,,,,
3.17295,1421.5697322959,244.81183546672,381.469429694621,,,,,
3.03805,1443.23698035103,241.774123784407,379.611008935324,,,,,
3.7743,1408.55292583635,249.79543496299,386.606273593059,,,,,
3.6163,1408.82588827642,243.898054690604,380.80567063195,,,,,
3.2945,1414.50109294385,241.074934418808,376.636044709333,,,,,
3.45595,1409.28168560409,249.854315467467,383.017740810244,,,,,
3.3147,1423.31019081035,242.503367027258,376.432661825246,,,,,
3.8789,1412.62686590364,249.53854409389,382.209429007002,,,,,
3.32885,1413.35713288948,249.089029035018,385.735306394646,,,,,
3.7116,1412.29727108836,249.840637112352,386.944728276693,,,,,
3.88345,1417.6569734047,238.024645845623,377.017536776404,,,,,
3.45085,1408.98814182412,241.292806737709,379.055812040377,,,,,
3.4473,1414.03791912612,246.258509682275,376.667260532248,,,,,
3.18075,1425.99380417551,242.440312027671,376.724542000779,,,,,
3.19555,1415.70437124385,250.096488299444,387.154427058598,,,,,
3.30055,1414.35446861855,249.94710264131,385.607213995738,,,,,
3.95355,1413.94635254285,244.46378684759,376.582627456379,,,,,
3.3404,1418.12635366945,249.75403954181,386.90418360337,,,,,
3.0921,1426.75393146308,250.958865186582,387.649795119232,,,,,
3.99985,1413.76749800544,249.94869350464,386.915241718613,,,,,
3.8059,1413.99228739948,250.021117416234,385.524504193984,,,,,
3.8705,1422.58066259089,245.361323410673,376.374145079213,,,,,
3.46095,1414.29442083503,240.066823667208,378.29033672549,,,,,
3.78785,1414.01373341845,245.723228873939,376.508883464491,,,,,
3.11075,1429.66018075744,243.332974843848,380.458055082008,,,,,
3.583,1413.37557237054,241.932650810437,376.440510579077,,,,,
3.8776,1412.54314910188,249.704099552694,386.303809465397,,,,,
3.6195,1408.98467990048,249.875790112693,386.746053485282,,,,,
3.6546,1418.45648876816,243.827151225246,376.438136084632,,,,,
3.38295,1408.05739294665,249.737855473794,385.68284934975,,,,,
3.29305,1414.52431655825,245.418790199463,376.641693554599,,,,,
3.09585,1436.52832222156,248.980929913151,378.870904173557,,,,,
3.8184,1418.95749278853,246.312411913286,376.563104328933,,,,,
3.8285,1423.85227234806,246.555533001412,376.529708267682,,,,,
3.33405,1423.31865626125,245.644378358107,376.409206261075,,,,,
3.06115,1430.61436057429,251.531782914739,388.073136397184,,,,,
3.7659,1418.62953060826,248.902463714467,379.750670609366,,,,,
3.594,1413.695012856,239.394125436419,376.559015389914,,,,,
3.59785,1408.86039047398,250.013105166591,387.016488847871,,,,,
3.1664,1417.12023137084,250.307694041025,386.086180946149,,,,,
3.6748,1418.25916090316,244.961520758205,376.462233650906,,,,,
3.71165,1412.28768708087,249.839378273836,386.938382531538,,,,,
3.9221,1413.45008163722,245.49309479067,376.532724276802,,,,,
3.88585,1412.64392716701,249.168807241182,385.905243618602,,,,,
3.53155,1423.3879466256,241.442618197389,376.398309195892,,,,,
3.15395,1417.35198390746,250.215338097381,387.033081873247,,,,,
3.46565,1409.4970056857,249.969757434154,385.361453129322,,,,,
3.17885,1426.19020368117,246.793912722156,376.779501869691,,,,,
3.83285,1418.45596544641,243.672579533585,380.579993399335,,,,,
3.33875,1418.04669610001,247.998256119452,384.370970705129,,,,,
3.72615,1417.39645366072,245.363631194688,376.413665189072,,,,,
3.17955,1426.14139695287,245.768193272919,376.75226624936,,,,,
3.663,1418.67513628475,247.906456639188,378.173779069343,,,,,
3.599,1408.81575103745,249.986077627469,386.624730451328,,,,,
3.6018,1418.79200922277,246.46050741813,376.593324702217,,,,,
3.73245,1412.52746239342,249.654254785144,386.792796398348,,,,,
3.4024,1413.02172055058,249.90441039793,386.930310868599,,,,,
3.98745,1408.46655431834,243.303112284593,380.301127907024,,,,,
3.13315,1418.60173040863,250.281553194545,386.940179230264,,,,,
3.6087,1408.78341442666,249.80918538421,386.916146769978,,,,,
3.86525,1417.74431005824,249.309846725929,386.040391811671,,,,,
3.2517,1414.43367660844,245.539399549536,376.557912201165,,,,,
3.1294,1423.74560187575,242.112697325172,377.116608662588,,,,,
3.83065,1423.60255733723,241.48408836436,376.455020004993,,,,,
3.5809,1413.40274748583,246.595208343658,376.58991860221,,,,,
3.4656,1409.49080083625,249.966211878982,385.500203279505,,,,,
3.4154,1413.20422738535,248.225504691181,378.78781088381,,,,,
3.7547,1408.18595470787,249.917220235071,384.320414938482,,,,,
3.88295,1417.66292825268,238.240601415173,376.405686864617,,,,,
3.9774,1413.60741981935,244.736007449753,381.457267829837,,,,,
3.3863,1418.10631364189,244.251445871095,376.399984169495,,,,,
3.8942,1417.63161771084,240.349307806315,378.382075378056,,,,,
3.6503,1413.55433663473,249.803158028643,386.797024264923,,,,,
3.96575,1418.92884647285,237.904514570933,376.817642567584,,,,,
3.3647,1417.83667863582,246.215235008308,376.473839646999,,,,,
3.6871,1418.13055321772,237.951120400271,376.470068744654,,,,,
3.8448,1413.10317252031,249.476780509436,386.372234226918,,,,,
3.26595,1409.4990928482,245.617611919432,382.071970840361,,,,,
3.13085,1418.62481876061,240.168145796476,378.494027005483,,,,,
3.0403,1442.98147606048,251.807718893997,387.979248395805,,,,,
3.0835,1432.72638023407,251.35658198074,387.550661880039,,,,,
3.6758,1418.23703115398,242.019138158616,376.453350387487,,,,,
3.4837,1414.12862769726,249.6487872266,386.287196240944,,,,,
3.59765,1408.80475405131,249.969919663349,386.914322702049,,,,,
3.7492,1412.96957949317,237.643637495528,376.663147425524,,,,,
3.54705,1412.88175398869,249.73912246254,386.790337497182,,,,,
3.284,1414.44390589368,241.791228560243,376.588965607964,,,,,
3.0621,1430.58069088534,251.699578213003,388.412275225139,,,,,
3.2389,1414.38612385952,249.963522266132,384.890451501038,,,,,
3.6611,1408.53489844659,249.790692649022,386.266982901248,,,,,
3.3622,1412.82586189723,249.890212668684,385.979633003991,,,,,
3.11495,1429.21807800018,250.668289149659,386.062339068232,,,,,
3.06855,1439.84913589283,239.392295843821,377.977975887409,,,,,
3.50585,1418.5837881362,249.856361055183,386.900250210612,,,,,
3.5206,1418.47477248244,243.701751945935,376.463368651195,,,,,
3.02645,1465.03788428024,243.047842168969,378.316702189271,,,,,
3.8156,1413.84988880994,249.897285384513,386.640769939979,,,,,
3.21165,1424.75852082411,242.395264103435,376.572523005218,,,,,
3.50005,1423.82703690117,243.491314257789,376.538168238478,,,,,
3.1988,1423.20532264984,248.685960284528,379.210119125447,,,,,
3.59675,1408.67777471438,248.776787304604,385.089049437033,,,,,
3.1477,1427.66671409123,247.420008754918,377.225442124608,,,,,
3.96225,1419.15049922383,247.51570442473,377.462928410553,,,,,
3.6474,1413.5512432917,244.742035369739,381.440354072844,,,,,
3.75525,1408.21285533075,249.595671784744,381.755326232938,,,,,
3.83025,1423.62686425943,242.933256353764,376.459044469312,,,,,
3.15215,1417.28061869148,243.944837865794,380.862205059643,,,,,
3.4626,1409.2917654211,248.51421110772,384.895346736947,,,,,
3.85875,1418.19939046716,248.638603989838,379.476474748093,,,,,
3.81705,1413.88505897191,249.698761341015,382.238491383555,,,,,
3.1352,1418.60149848022,250.58999963328,386.844851571828,,,,,
3.19865,1420.7030827151,249.179458852852,380.181137443548,,,,,
3.6858,1418.09823195995,243.051723752879,376.439747163035,,,,,
3.02985,1449.42631609731,251.918257054164,387.966013717063,,,,,
3.35795,1412.68920958451,240.751637640572,378.605745780287,,,,,
3.91615,1408.09283623208,247.767664077222,384.022385267267,,,,,
3.74615,1412.88128551641,246.145650167298,376.382262619102,,,,,
3.1187,1428.96476378747,243.575533333406,377.097953960747,,,,,
3.37745,1417.82879202884,238.913070246406,376.389001867236,,,,,
3.07735,1438.55613458697,244.787488225096,377.684783059765,,,,,
3.3209,1413.29559457867,249.769941131887,386.057156809089,,,,,
3.5769,1408.22385843093,249.679120655175,386.703258897215,,,,,
3.0913,1426.75238170997,249.536660711379,385.654247291916,,,,,
3.13155,1418.60204073054,244.347711044688,381.190177401845,,,,,
3.8468,1413.05601986562,249.71762355608,386.131617715193,,,,,
3.7397,1412.4395655591,241.511255342287,379.142909937571,,,,,
3.48755,1419.144165305,248.697089244893,379.194917290116,,,,,
3.2734,1419.49534849494,242.891236375811,376.577936393939,,,,,
3.94655,1408.72176464984,245.389654743603,381.890697893178,,,,,
3.4611,1414.29442083503,240.94303623494,378.827117595571,,,,,
3.16275,1417.07625406142,245.549164193928,382.072726985819,,,,,
3.5069,1418.5465098289,249.863763790883,385.298032912442,,,,,
3.42315,1408.49115939429,249.85308266329,386.971609713019,,,,,
3.467,1419.5980720843,248.251518545698,378.620161258143,,,,,
3.7074,1422.24968774852,239.124098690818,376.301589895783,,,,,
3.2765,1409.34131041667,246.715183416985,383.047063839926,,,,,
3.21035,1424.90434174378,245.800361732694,376.599341652529,,,,,
3.7449,1412.80832325521,249.4020733911,381.82011477689,,,,,
3.2184,1414.6451209603,249.999999634648,384.530470285142,,,,,
3.06045,1430.62600550803,250.373942018898,386.39842530024,,,,,
3.3763,1417.82514153794,243.314937012956,376.3825994134,,,,,
3.791,1414.0080464271,240.238344756987,378.341170874724,,,,,
3.87865,1412.59252154376,249.696544432337,383.408441697777,,,,,
3.49935,1423.92144511228,245.269939468797,376.553010720942,,,,,
3.70045,1417.60860413744,249.438437995336,386.350162922003,,,,,
3.26255,1414.5934359307,244.446221128728,376.562838743234,,,,,
3.89185,1417.64845487711,243.532663869406,376.342350189006,,,,,
3.55545,1412.88314512179,248.372837066256,384.827971889123,,,,,
3.6737,1418.36024454999,246.688607800984,376.646194629619,,,,,
3.91295,1413.04263357738,242.287102580333,376.473133161119,,,,,
3.89545,1412.5822054329,247.174176594666,383.531712584619,,,,,
3.6054,1416.21016819227,240.288340079497,378.36717534364,,,,,
3.89995,1417.76939550108,248.682150321406,379.705106837608,,,,,
3.1084,1434.95581107611,243.667450959206,377.179114490285,,,,,
3.2455,1409.1740960886,246.379525038078,382.776228836351,,,,,
3.52285,1413.42544761542,240.009192782758,378.247311278179,,,,,
3.05635,1441.17811803501,246.082545943232,377.970824261761,,,,,
3.3761,1417.82514153794,243.896472828007,376.38366556296,,,,,
3.40705,1417.84729167375,244.109259202991,376.525589238263,,,,,
3.7393,1417.50422921282,239.149560306476,377.685837064459,,,,,
3.3946,1418.07639895205,249.006647963423,379.946938827813,,,,,
3.51705,1413.3998860055,249.790266803656,385.648932268843,,,,,
3.9266,1408.48710706713,248.086482741132,384.422779432674,,,,,
3.57985,1413.33819753449,249.553794592878,382.135018178047,,,,,
3.70335,1417.49819845912,249.631365904918,383.26122887033,,,,,
3.04805,1442.14098761031,240.041951934112,378.604267726769,,,,,
3.37245,1412.86762931847,249.671948681507,385.98400037771,,,,,
3.424,1408.5079717247,249.826473179638,386.195502550046,,,,,
3.92075,1413.52206831525,248.362056284289,378.742610140187,,,,,
3.80555,1414.00233674608,250.001784168612,386.270789091372,,,,,
3.7217,1412.41444763937,249.848390858479,386.935694198893,,,,,
3.549,1412.94926181232,249.417749573068,381.615211116717,,,,,
3.87775,1412.54683231131,249.705460808464,386.077399744996,,,,,
3.87215,1422.47994032183,240.335565349679,376.356297500699,,,,,
3.37545,1417.87720279279,245.359727241428,376.390711535493,,,,,
3.5914,1413.74819975702,246.553708051614,376.563273983475,,,,,
3.0812,1433.03569956497,250.388162570423,386.498992931698,,,,,
3.18995,1420.77874055712,245.593184517809,376.735325126222,,,,,
3.46555,1409.48496688587,249.962511731804,385.631364142276,,,,,
3.2832,1414.45110222035,244.364592089075,376.589857559486,,,,,
3.99435,1418.7594580664,245.482354682367,376.564610561601,,,,,
3.82275,1413.73139459396,245.035253199689,381.658972671251,,,,,
3.7567,1413.27774892476,246.107289627687,376.494943395515,,,,,
3.78735,1414.09129429797,246.396254671574,376.517926778031,,,,,
3.7398,1409.92574831255,242.115342053769,379.54132211413,,,,,
3.10515,1430.36631404629,250.884151216534,384.480774308571,,,,,
3.42185,1408.41066392905,249.442840308832,386.227127676677,,,,,
3.05205,1436.63021333116,251.840919724094,388.440831855859,,,,,
3.252,1414.4236473359,244.943041635176,376.555220778451,,,,,
3.9432,1413.75044895008,244.337958343624,376.48056517603,,,,,
3.62475,1414.09958328029,240.057750517194,376.510908427726,,,,,
3.95925,1409.10596558749,250.040924686478,387.042862273474,,,,,
3.99795,1413.61882412055,244.38260787682,381.076288377958,,,,,
3.53305,1423.31681502577,239.286410744003,377.754533477961,,,,,
3.4695,1419.38803251189,242.26572934813,376.532738836492,,,,,
3.76935,1418.43311455084,239.174583703286,376.569257811711,,,,,
3.23645,1414.38317463793,249.785835015531,386.660086083804,,,,,
3.14335,1422.96022397252,250.014254050293,386.5965794043,,,,,
3.72605,1417.39645366072,245.543688706783,376.415144551635,,,,,
3.40335,1412.94174517356,249.869871434377,386.136127101012,,,,,
3.7252,1417.50637769403,246.844261499251,376.741649699569,,,,,
3.019,1493.46086428822,250.284862705438,386.506734807951,,,,,
3.1134,1429.54115157984,250.688922219093,387.655402002552,,,,,
3.07,1434.52764326716,247.147998486796,383.252852382122,,,,,
3.59635,1408.61342530766,247.425350884726,383.626620818101,,,,,
3.11425,1429.33959241688,250.651475687706,387.2791524991,,,,,
3.55255,1417.9364516371,239.920218917666,376.410170699741,,,,,
3.64555,1418.65969781137,239.240527035676,376.505328296983,,,,,
3.18325,1415.83240049039,244.676087326524,381.369896817665,,,,,
3.94035,1408.68271733153,249.820040905761,384.227912040227,,,,,
3.3652,1417.81474391221,245.436359133505,376.464183717101,,,,,
3.2298,1419.64061911989,248.375415914433,378.714043689967,,,,,
3.54255,1422.89248764402,238.502758045008,376.369635153616,,,,,
3.9195,1408.34249324858,249.962282464547,385.04645108339,,,,,
3.0253,1480.27954225944,247.132389737239,378.394093694169,,,,,
3.66095,1408.53489844659,249.791538817418,386.468171344047,,,,,
3.43355,1408.87326693897,250.024827645649,386.972297330295,,,,,
3.93255,1418.65396052658,245.086410926779,376.476556165948,,,,,
3.62755,1409.00506177923,248.328646519722,384.629988024994,,,,,
3.98935,1408.59437361332,249.928309060378,386.772855335329,,,,,
3.462,1409.25376762438,246.10993512825,382.540334526913,,,,,
3.98415,1418.62928633932,245.039996504921,376.456038623081,,,,,
3.20225,1425.37945123197,238.762489555486,376.656182962402,,,,,
3.7077,1422.28271706883,237.851156809661,376.321291008533,,,,,
3.8005,1419.10139149382,238.34963415097,376.605978679542,,,,,
3.51155,1423.35354858317,238.86032471701,376.430572498817,,,,,
3.22905,1414.58090070278,249.949280642259,383.107236591098,,,,,
3.039,1443.07410906753,247.368801832403,383.382186369179,,,,,
3.43685,1418.8661285551,246.421708115438,376.582470754589,,,,,
3.5974,1408.70282825985,249.835933654932,386.639313673167,,,,,
3.7732,1408.60206478657,249.825305962545,386.987549003135,,,,,
3.4779,1419.24975670797,246.690700139332,376.641965012355,,,,,
3.6986,1417.65895975233,242.449658898444,379.746027194689,,,,,
3.78775,1414.01819560168,245.879175648192,376.510221530471,,,,,
3.38995,1412.97207886892,246.795953076025,383.087782272465,,,,,
3.87695,1412.5448930157,249.731785839607,386.820004792916,,,,,
3.7776,1413.70068041132,245.566761034956,376.53041345922,,,,,
3.6007,1413.92474037603,249.457122282169,380.984943183318,,,,,
3.34375,1422.86954912995,246.452757786301,376.45676736844,,,,,
3.42325,1408.49115939429,249.84805669125,386.934385076751,,,,,
3.6443,1418.68246888869,243.887907988538,376.508011164356,,,,,
3.1609,1422.24529828632,239.498910162871,376.898902472492,,,,,
3.83745,1418.32246590652,249.76673516021,383.219670050378,,,,,
3.6822,1413.15081405185,249.798559309268,385.252049120664,,,,,
3.1451,1422.82920692742,250.480473577677,387.243118661945,,,,,
3.48045,1419.15214196035,239.841740865106,376.608614337334,,,,,
3.04245,1442.72629422615,252.164073850119,387.833768355583,,,,,
3.90425,1417.70784152945,238.811663843578,377.492526218175,,,,,
3.2366,1414.42719020437,249.878268403068,386.845102750031,,,,,
3.17645,1421.38896064866,250.20649897222,386.5047726157,,,,,
3.3486,1412.64285458207,246.289140278849,382.649697524933,,,,,
3.08675,1437.25538324799,246.931844725772,377.626318508474,,,,,
3.46265,1409.30139766747,248.656685580066,385.063817032196,,,,,
3.907,1407.85076994312,249.806593067074,386.831514656826,,,,,
3.9575,1408.89313560351,248.190116386508,384.41585683839,,,,,
3.7629,1408.54756114426,249.954544026628,387.005549351965,,,,,
3.56785,1413.06678173464,249.699497945505,386.686638286802,,,,,
3.22335,1419.66958078077,238.077347352879,377.042817378705,,,,,
3.45275,1409.1330659658,249.496985591459,386.222512628718,,,,,
3.23325,1419.46909557238,238.478144986486,376.587334231254,,,,,
3.614,1413.86493556665,241.720949123314,376.501630800283,,,,,
3.85045,1418.08652948235,244.08406504048,376.467589827518,,,,,
3.62085,1409.05337818717,249.850636566353,383.44296817195,,,,,
3.44135,1408.71221803814,246.042557435981,382.410148033147,,,,,
3.25205,1414.4236473359,244.830994167611,376.554896984995,,,,,
3.94925,1408.87259641617,250.051961624894,386.983817625355,,,,,
3.7042,1422.48787719865,247.971052286698,378.38075495794,,,,,
3.60765,1408.75979073563,249.579283522212,386.466677222016,,,,,
3.80655,1414.00816940408,249.951917960919,383.161616424707,,,,,
3.2777,1409.46762978057,249.75148897506,386.648772531306,,,,,
3.3677,1417.79817366823,237.852601900008,376.81153076481,,,,,
3.1328,1418.59941352493,249.705098896455,386.088304813125,,,,,
3.09925,1436.08285872826,239.148420660809,377.381719565242,,,,,
3.57895,1408.2383487032,249.760729905589,385.573510431218,,,,,
3.62445,1414.05974956602,241.280311798655,376.507305697179,,,,,
3.9868,1416.01903516148,239.307305269224,377.759235087141,,,,,
3.02865,1449.57608563089,247.448707552512,383.502965059947,,,,,
3.6045,1418.70899528611,238.532887660255,376.566699200945,,,,,
3.0788,1438.38322157259,239.320900241498,377.821076886587,,,,,
3.19375,1415.60548357428,245.666250317231,382.162897022654,,,,,
3.8474,1413.0582612821,249.75039415316,384.640187807024,,,,,
3.16195,1417.10621290591,240.843152235092,378.836106138229,,,,,
3.35975,1412.75455477106,249.143222453996,385.63339690829,,,,,
3.21625,1414.73633902924,249.994416763466,387.091526703122,,,,,
3.82745,1418.8790460152,249.610319694577,381.733674389873,,,,,
3.49425,1414.00109547127,249.749218805489,386.666967387515,,,,,
3.4299,1413.67496353864,239.29817688279,377.76969026683,,,,,
3.9678,1413.83222235215,247.958834305116,384.331278701092,,,,,
3.63265,1419.15041623763,246.494554688603,376.567208763392,,,,,
3.67925,1413.16665258353,248.576045779539,385.021734568209,,,,,
3.9511,1408.93265025401,249.855705368898,382.376555292842,,,,,
3.9129,1413.04263357738,242.466695322892,376.472576581411,,,,,
3.46825,1419.4622414139,245.611728743898,376.548741452828,,,,,
3.003,1734.5473380886,13.8718624803654,381.556333850212,,,,,
3.07375,1434.04028589519,251.591265914856,386.571653939193,,,,,
3.26855,1409.67741320388,249.990577013663,386.959863372692,,,,,
3.1289,1423.74560187575,243.903711278431,377.118915975823,,,,,
3.76415,1408.51309236373,249.919256562235,386.425121259041,,,,,
3.11775,1429.01945620657,246.13130570616,377.115534958103,,,,,
3.08795,1437.11433493284,243.575738658686,377.585467511104,,,,,
3.3926,1413.04228931832,249.935862252463,386.744728013007,,,,,
3.0194,1493.4328066626,251.78639536943,387.834650176242,,,,,
3.73855,1417.46983889577,238.198268438031,376.349047578821,,,,,
3.0358,1453.49886787601,246.476924149513,378.258691586576,,,,,
3.31785,1413.22446681296,247.021286570177,383.379051984904,,,,,
3.64435,1418.68246888869,243.743362662788,376.507416601967,,,,,
3.61735,1408.85406254085,248.607929237782,385.028859599623,,,,,
3.80425,1414.13031621845,250.041925043115,387.094078493208,,,,,
3.09985,1430.90293574154,240.131026148381,378.508431559993,,,,,
3.80305,1414.01868017857,248.912452223131,385.288076769427,,,,,
3.7871,1414.09129429797,246.829928701195,376.778613632364,,,,,
3.45885,1414.30946686946,243.381837848628,376.60172047352,,,,,
3.3975,1417.94058635239,241.5565806307,376.461625820093,,,,,
3.2544,1414.50313972634,238.423484239637,377.313210411087,,,,,
3.1473,1427.72363319166,248.796978046781,379.049121905242,,,,,
3.8976,1412.7247302242,249.670735487277,386.774475491403,,,,,
3.56405,1417.97846993482,239.601382511915,377.966695254833,,,,,
3.3527,1412.75504354768,249.876616852111,383.457295368217,,,,,
3.6658,1418.4699866817,240.779301017994,376.425820023368,,,,,
3.5895,1408.5766318105,250.027814411746,385.052625128312,,,,,
3.90025,1417.76939550108,247.57625721191,377.79456072229,,,,,
3.3088,1418.77598618896,249.796830035324,386.84506216055,,,,,
3.1651,1417.19646089641,250.332604226835,387.373024936281,,,,,
3.1932,1415.62803815396,242.495303762257,379.848033316305,,,,,
3.16315,1417.07301885166,247.505508252849,383.756980357517,,,,,
3.1602,1422.21898706804,242.411622675283,376.894477462086,,,,,
3.59495,1413.65569845917,239.715913168768,377.982197842547,,,,,
3.44405,1408.89035392021,250.008545232989,386.876036576593,,,,,
3.76955,1418.45838412245,238.310164693869,376.576957048222,,,,,
3.9572,1408.87506068326,247.013265950144,383.241060491957,,,,,
3.2249,1414.51335771215,246.659315948479,382.979976973782,,,,,
3.8632,1422.84317891004,240.067001541033,378.243470478039,,,,,
3.79405,1409.20487877339,250.081721009282,387.112659780106,,,,,
3.41135,1407.89881468224,249.05175758058,385.70682737252,,,,,
3.93465,1418.62569421527,237.874005356558,376.519722162407,,,,,
3.848,1413.11198054015,249.507615117765,382.025857124154,,,,,
3.4138,1408.09466292315,249.733234252647,385.894161412949,,,,,
3.81115,1418.94163939041,237.994488929373,376.986890380622,,,,,
3.09285,1426.69713913048,251.121356292339,387.998242182251,,,,,
3.6555,1418.43703104485,240.690931217967,376.434161177237,,,,,
3.37095,1412.94555234655,249.698109183609,386.842470603221,,,,,
3.2855,1414.4910463567,239.287305397162,377.829982914612,,,,,
3.83465,1418.48141350517,249.688296403321,386.627036220144,,,,,
3.46155,1409.24191434407,243.632691106071,380.61618579017,,,,,
3.58035,1413.33819753449,248.453937076315,379.142228304409,,,,,
3.4434,1408.94457488757,250.036135493589,387.083888854405,,,,,
3.9335,1418.60393574446,242.440258229406,376.465530109035,,,,,
3.896,1412.62404719895,248.842738150448,385.432660260113,,,,,
3.07695,1438.55613458697,245.982176555318,377.698346696849,,,,,
3.43315,1408.89255879681,250.04100429215,387.073767071071,,,,,
3.2134,1422.25292501582,239.771435716087,378.10954924063,,,,,
3.1417,1423.04885997474,243.226669932542,380.377551185436,,,,,
3.65215,1413.53975286125,249.452860082036,381.555174788133,,,,,
3.1404,1428.22161676862,239.111686755144,377.031573176117,,,,,
3.17105,1426.77804162656,240.108283596861,376.78849256963,,,,,
3.2533,1414.42512457226,240.807461993026,376.557698686948,,,,,
3.81605,1413.84045919985,249.904542025037,385.926183089481,,,,,
3.11705,1429.12761097328,247.177810909636,377.137696943088,,,,,
3.7876,1414.04802533337,246.091817655531,376.51262833526,,,,,
3.65575,1418.45361512128,239.649442103386,376.435778081291,,,,,
3.9003,1417.76939550108,247.389992927647,377.531056823199,,,,,
3.98475,1418.59408200502,243.504456649701,376.449700246267,,,,,
3.3659,1417.77617535054,243.771014130386,376.457444590712,,,,,
3.67135,1413.38401611277,249.788776631626,386.329807077307,,,,,
3.0757,1438.78119280868,248.187509438297,377.763232583112,,,,,
3.6728,1415.90689670846,249.41997819324,381.386433062598,,,,,
3.05195,1436.63021333116,251.846310976861,388.485872638803,,,,,
3.74155,1407.56013552936,249.263906220095,386.069945472467,,,,,
3.9087,1407.85679984388,249.832453864058,386.144674174827,,,,,
3.58085,1413.40274748583,246.711368552741,376.692394388949,,,,,
3.24005,1419.43203445075,248.54963095336,379.093654040323,,,,,
3.9845,1418.61975593152,244.210961353565,376.451766766746,,,,,
3.77965,1413.74431219492,239.062178626851,376.539648706205,,,,,
3.2538,1414.50313972634,238.684691966947,376.566992632758,,,,,
3.51735,1413.3998860055,249.809372633518,384.809858910013,,,,,
3.447,1414.03791912612,246.618784470134,376.673343807433,,,,,
3.89635,1412.62404719895,249.381270749034,386.250981344962,,,,,
3.7047,1422.41862191353,246.392040765179,376.409535666303,,,,,
3.46705,1419.5980720843,248.051217282037,378.305687504434,,,,,
3.18435,1415.8259481969,249.229114919257,385.663880185744,,,,,
3.12165,1418.7911952108,246.632718763851,382.958445086416,,,,,
3.81335,1413.81402410366,248.775607145475,385.244187629766,,,,,
3.233,1419.46909557238,239.564237329113,376.581253487219,,,,,
3.31925,1413.32783271716,249.769814473589,386.884057929049,,,,,
3.7262,1417.39645366072,245.2685446169,376.412987323092,,,,,
3.8781,1412.54995779253,249.725127636572,385.329964816304,,,,,
3.05285,1436.49237239393,251.826694325836,387.514289759702,,,,,
3.76525,1408.56411599469,249.894190516589,383.31997081949,,,,,
3.42955,1413.71019375691,237.843733747362,376.814825434504,,,,,
3.6205,1409.00133637842,249.901793867102,384.809885083983,,,,,
3.7692,1418.43311455084,239.825543537336,376.567348440711,,,,,
3.4869,1414.1162210501,249.980146661685,382.959186989009,,,,,
3.97705,1413.60863884844,242.671730418632,379.96985872543,,,,,
3.9519,1414.04388586496,247.656603526081,377.608206155846,,,,,
3.6905,1413.0798687171,249.710851838558,386.826347825841,,,,,
3.16445,1417.13629089043,250.259431959859,387.212189424091,,,,,
3.37265,1412.87301844132,249.682358703037,385.579660249527,,,,,
3.34785,1412.63644857235,241.939809948452,379.406786797142,,,,,
3.17675,1421.33820385959,250.221481087124,385.90116466209,,,,,
3.4377,1418.81319165086,244.970201435584,376.564679359588,,,,,
3.83075,1423.59522128702,241.089979710915,376.45446330423,,,,,
3.54585,1412.9409226585,249.582845396404,386.541733582734,,,,,
3.7265,1417.38778271124,244.623038581191,376.409697586245,,,,,
3.56165,1417.98938348621,244.186043143794,376.395887629662,,,,,
3.64175,1413.83778097183,249.611378202866,382.043361009688,,,,,
3.87255,1422.49639026497,238.607029787503,376.35962151175,,,,,
3.5753,1407.97966338446,245.154818569743,381.748867874751,,,,,
3.9907,1408.73673474036,250.03892189107,386.835201126816,,,,,
3.3939,1413.04967448856,249.932230844344,383.711427231474,,,,,
3.83365,1418.44091356433,247.646437014201,383.943887946033,,,,,
3.73285,1412.47565175736,249.63346248361,386.607386052333,,,,,
3.5164,1413.39705256132,249.78277076553,386.657429657163,,,,,
3.0858,1437.43089723185,248.407297275231,377.969758287464,,,,,
3.2554,1409.37421351669,244.281800774378,381.081283383199,,,,,
3.6661,1418.4699866817,239.523076621624,376.427872125638,,,,,
3.81185,1413.81245440616,241.533206541152,379.203729475604,,,,,
3.41365,1408.07509586665,249.727634360212,386.166821536324,,,,,
3.62885,1409.1949448285,249.954310326318,387.019169768188,,,,,
3.3016,1419.35642252419,249.433316271304,381.144811127607,,,,,
3.586,1408.38569354105,247.317307668595,383.563056120717,,,,,
3.27335,1419.49534849494,243.060281264591,376.578462499847,,,,,
3.344,1422.85993211492,246.138351955471,376.388646166728,,,,,
3.78845,1414.01263629193,244.506338980805,376.504372661023,,,,,
3.28625,1409.38246717086,243.743974036586,380.699856998028,,,,,
3.05015,1436.83747636006,250.563480018059,386.568584266436,,,,,
3.9342,1418.59238280242,239.683812869205,376.466386400491,,,,,
3.3773,1417.82364525591,239.563353321,376.386552008714,,,,,
3.9971,1418.7002653573,239.376640868915,377.793335547706,,,,,
3.1476,1427.69608961986,247.700862233697,377.521956283546,,,,,
3.1157,1429.18087868074,250.52241932839,383.181046890336,,,,,
3.0593,1430.72315628244,245.028707730443,381.735373019684,,,,,
3.13585,1418.59077187919,250.623014153816,385.208099641714,,,,,
3.4708,1419.38865182561,237.89447031092,376.867457923614,,,,,
3.0997,1435.95364166596,239.368848898687,378.056338704001,,,,,
3.51095,1423.33955260556,241.384803132115,376.427975603647,,,,,
3.50755,1418.55787089691,249.736837742382,382.745701262853,,,,,
3.2239,1414.52942701029,240.943092577527,378.808015790386,,,,,
3.86535,1417.74431005824,249.443116456819,386.254546280159,,,,,
3.6815,1413.17153886264,249.776730910014,386.542479318035,,,,,
3.25895,1409.53188174134,249.944009154713,386.314232658918,,,,,
3.87925,1412.62686590364,248.947691269092,380.211410043583,,,,,
3.29115,1409.52558632949,249.628306730331,381.89594420251,,,,,
3.8238,1413.78185618813,249.122870465537,385.661112871112,,,,,
3.5315,1423.39227381174,241.63358984701,376.398646139997,,,,,
3.2496,1409.39213284851,249.841959849621,383.395813367471,,,,,
3.23075,1419.52045972203,246.190350564756,376.599413371569,,,,,
3.68535,1418.13663337723,244.347726806916,376.443877621051,,,,,
3.6616,1408.56229755512,249.817198555344,385.194401645453,,,,,
3.2767,1409.35971726395,247.563612766696,383.85554411728,,,,,
3.11125,1429.63494744672,246.213220719209,382.580973235879,,,,,
3.62735,1408.98160041841,247.628102841845,383.8851630472,,,,,
3.6593,1408.40369228256,249.662690940112,386.600015499163,,,,,
3.8912,1417.69006064316,245.107436722028,376.349290746099,,,,,
3.68625,1418.09823195995,241.453354513075,376.43849597547,,,,,
3.2603,1409.59221525864,249.541664564788,381.429706261776,,,,,
3.98735,1413.51470570789,242.685678827155,379.877468208258,,,,,
3.67305,1418.39363771529,248.872875882797,379.889853108066,,,,,
3.3509,1412.71605758574,249.920094982193,386.956977566899,,,,,
3.19175,1420.76820263254,239.677478861809,376.726996782625,,,,,
3.99895,1413.64184794481,248.748983571053,385.083038306005,,,,,
3.41525,1413.20422738535,248.745504312413,379.767171658708,,,,,
3.4406,1413.75953484758,241.727391332768,379.261032938909,,,,,
3.4104,1407.81792124328,245.704328891527,382.220381883721,,,,,
3.52745,1413.58404812042,249.796762704703,385.452113597421,,,,,
3.093,1426.69713913048,251.116467948983,387.972386139477,,,,,
3.85775,1413.13379979424,249.809986896613,384.596237737548,,,,,
3.41025,1407.81397076346,244.906461043688,381.572430865868,,,,,
3.67295,1418.39363771529,249.130319015889,380.507721578453,,,,,
3.22235,1419.624374313,240.935316841193,376.574130226418,,,,,
3.33455,1423.28502734975,244.673786813293,376.396531972974,,,,,
3.48795,1419.17815093168,247.25544076826,377.129693032285,,,,,
3.59645,1408.62447147746,247.817744024558,384.019226302345,,,,,
3.14715,1427.72363319166,249.356857487455,380.046033205542,,,,,
3.33745,1418.13464805951,241.317324560443,379.000358672354,,,,,
3.24485,1409.16030756294,242.769982826811,380.005544194365,,,,,
3.10445,1430.45382657656,250.891921035101,386.719312031437,,,,,
3.16535,1417.19646089641,250.322172760853,387.309652839334,,,,,
3.7495,1412.95126795474,238.594695767656,377.38192671264,,,,,
3.094,1426.58549438979,251.083482993007,387.130220739227,,,,,
3.1826,1420.9063451269,240.78913749001,378.740756308292,,,,,
3.18555,1415.89737845934,250.187262279179,387.24881535683,,,,,
3.5644,1415.46363461202,241.674441878577,379.258938893175,,,,,
3.10135,1430.74655517697,248.39162972007,384.50407208872,,,,,
3.69765,1422.75710376393,237.620721789187,376.630372611206,,,,,
3.76745,1418.5068511795,245.439077936639,376.576991300042,,,,,
3.2016,1425.3936357546,241.54281051022,376.656340947128,,,,,
3.18015,1426.06131083142,244.379128846519,376.735994112939,,,,,
3.5897,1408.60867171538,250.026418498198,384.364402992512,,,,,
3.37155,1412.90747861363,249.700229700356,386.810457552151,,,,,
3.5938,1413.695012856,240.245857027444,376.555064648731,,,,,
3.4515,1408.99739532553,245.121632512426,381.738414552936,,,,,
3.01805,1493.99338427811,241.366407891243,382.607985969255,,,,,
3.3097,1418.65922937883,249.872129123498,386.978527617195,,,,,
3.6935,1418.09214078922,249.205772447776,380.913913510247,,,,,
3.7789,1413.69095061383,242.089026099644,376.528455720562,,,,,
3.2343,1419.41099766281,241.427437789195,379.083156383485,,,,,
3.3691,1412.73585704674,245.389493191365,381.909596685017,,,,,
3.0531,1436.49237239393,251.843633909617,386.925298725814,,,,,
3.9828,1418.73477708602,247.588520835785,377.663998832844,,,,,
3.88015,1417.6903722719,246.281519742602,376.412955265241,,,,,
3.5854,1408.35315960388,244.220899591254,380.992608891833,,,,,
3.4009,1412.88844285735,248.904402204378,385.316491113603,,,,,
3.53075,1423.40507938996,244.068979829054,376.408357457449,,,,,
3.9801,1413.65070802714,249.904721254935,386.997900305785,,,,,
3.1339,1418.69286813601,250.628667801575,387.626861023301,,,,,
3.5388,1420.64574547864,249.248884115604,380.968077263273,,,,,
3.8482,1413.11198054015,249.20378596715,380.905154561368,,,,,
3.05245,1436.60486282301,251.822263795322,388.127504860426,,,,,
3.6617,1408.57684545155,249.822805576446,384.893538754646,,,,,
3.5816,1413.37777897837,245.623559777288,376.439915783386,,,,,
3.95565,1413.95808004129,238.448074089205,377.240155289044,,,,,
3.9899,1408.75014350712,250.068751226009,387.084394289697,,,,,
3.7194,1412.24233701554,243.652515426633,380.54745144586,,,,,
3.62665,1408.97787985949,244.161206106014,380.941206919348,,,,,
3.3007,1414.34881360752,249.957382560191,385.187507571358,,,,,
3.11755,1429.08327363722,246.491922479719,377.120844711859,,,,,
3.0514,1436.82108245789,251.86041806771,388.579271105947,,,,,
3.5191,1418.55419276707,246.495765860216,376.517886460719,,,,,
3.35665,1417.77603314353,239.881140414743,376.452738616177,,,,,
3.14545,1422.81386844671,250.472198446592,386.846975410642,,,,,
3.83565,1418.4238907524,249.82537925399,386.886209916674,,,,,
3.80025,1419.08824484383,239.421165236476,376.591195024262,,,,,
3.19955,1425.61827914167,246.611618954562,376.705319576008,,,,,
3.1563,1417.26456432754,250.386048044446,385.565354127343,,,,,
3.9495,1408.86693684768,250.038914142055,386.825199293517,,,,,
3.73085,1412.38514896717,248.498378881239,384.984862831518,,,,,
3.17315,1421.5697322959,245.908189367939,382.332139440787,,,,,
3.4049,1417.99856007054,248.990863875032,379.990558977045,,,,,
3.3297,1413.45928872661,249.781456482636,386.945102736498,,,,,
3.9621,1419.15049922383,248.0560850127,378.204032364992,,,,,
3.6832,1413.1893359686,249.243156946979,380.87305130081,,,,,
3.56695,1413.13616782672,249.721171173432,386.902918367499,,,,,
3.9242,1413.49754253127,238.534057508374,376.548787969435,,,,,
3.70905,1412.17073362752,243.383751843612,380.386685656334,,,,,
3.24235,1419.25425177195,243.215739669622,376.567146247031,,,,,
3.1239,1418.8605069004,250.629250741111,387.60541266535,,,,,
3.2804,1409.44180416942,249.911497190332,383.965427604604,,,,,
3.12855,1423.77699700067,244.933361790332,377.122621000871,,,,,
3.87845,1412.56031636394,249.735078708556,384.220624670518,,,,,
3.57475,1413.00256631221,241.932014988026,379.41995128675,,,,,
3.06775,1439.90037452916,242.108015686429,377.745277182057,,,,,
3.5512,1417.9319730551,244.528524952706,376.407763794455,,,,,
3.94115,1413.76913912426,248.975296252728,380.162266830336,,,,,
3.0327,1449.04516475163,252.492841642128,386.640819219312,,,,,
3.05785,1440.98696451722,240.459196553215,377.936243533278,,,,,
3.48405,1414.15600559772,249.979898752242,386.874327012524,,,,,
3.28215,1414.51598026069,246.31446290243,376.604916807046,,,,,
3.30115,1414.3467378669,249.908229338726,383.495327674524,,,,,
3.78045,1413.77321413272,238.818492447448,377.564574419288,,,,,
3.89105,1417.69006064316,245.385804443936,376.351756829293,,,,,
3.4312,1408.63821913313,246.848892300275,383.113288248015,,,,,
3.11025,1434.81441384554,240.365058293931,378.585399899369,,,,,
3.57685,1408.22385843093,249.650835233411,386.645363565932,,,,,
3.21265,1424.76207580336,238.278448683557,376.577224991862,,,,,
3.1961,1415.72076682685,250.118394565994,387.192225730969,,,,,
3.9308,1416.31043063234,249.072157055973,380.394017246573,,,,,
3.65125,1413.51063415939,249.812532581517,385.32762226075,,,,,
3.57405,1418.07818647193,237.98136143539,376.98600540471,,,,,
3.07415,1434.01852780325,251.583750599815,385.1990433158,,,,,
3.12135,1418.79526101875,244.996958935925,381.667854669802,,,,,
3.47095,1419.38865182561,238.293104802587,377.196529312958,,,,,
3.94045,1408.6967807267,249.804825586675,383.830994715066,,,,,
3.24525,1409.16030756294,245.090770312775,381.704624318826,,,,,
3.31095,1418.55716552081,249.868880504283,385.297306546417,,,,,
3.34,1418.13547753627,249.742097541918,386.883295193132,,,,,
3.40195,1413.02808742982,249.904554187413,386.952856179266,,,,,
3.60945,1408.76978516781,249.776536750666,386.383749993232,,,,,
3.3589,1412.69268284089,246.201239202484,382.534104429718,,,,,
3.48725,1414.1162210501,249.537627335674,381.070783376765,,,,,
3.5385,1418.13568019539,249.634625939925,382.602613261182,,,,,
3.93775,1408.68366173015,249.662356112651,386.617432647259,,,,,
3.8842,1412.55240856697,242.25937908182,379.642829409991,,,,,
3.71475,1417.3795368609,247.25099487483,377.200609310289,,,,,
3.86095,1422.91550888725,243.565040033822,376.420278768544,,,,,
3.3906,1412.99556225441,249.017400122273,385.458260554015,,,,,
3.00385,1734.25646474853,42.7058586172089,379.902448975775,,,,,
3.78795,1414.01373341845,245.554953032616,376.50773646213,,,,,
3.46495,1409.46741256851,249.94574420145,386.685786884972,,,,,
3.4121,1408.07584030144,249.737202999371,386.889772448124,,,,,
3.3093,1418.78084864536,249.883927754863,387.046855987799,,,,,
3.5696,1413.13119285161,249.421553473519,381.754450725655,,,,,
3.1813,1425.98934052695,240.247028958148,376.719390426294,,,,,
3.2825,1414.49985232584,245.822628228621,376.59771741391,,,,,
3.41985,1408.23731526612,240.806423584305,378.744750965653,,,,,
3.27455,1419.4806303178,238.257425091537,376.591426308678,,,,,
3.18825,1415.82806250222,249.472646407544,380.768230687565,,,,,
3.4401,1418.82508935659,238.819258443937,377.494861613604,,,,,
3.10715,1435.10432878811,246.77436749901,377.220990855503,,,,,
3.9655,1418.92590772928,238.380983812822,376.640092797222,,,,,
3.0235,1490.97384169986,251.200747242387,380.980844230229,,,,,
3.6227,1414.09187177964,245.958465942633,376.515042779025,,,,,
3.91115,1413.05324597634,246.368198931712,376.475963478016,,,,,
3.41095,1407.89881468224,248.032214518121,384.439562318428,,,,,
3.47725,1419.28168779128,248.640568766606,379.118861705012,,,,,
3.18625,1415.82923359068,250.158946873334,387.02809398635,,,,,
3.7233,1412.38637197542,249.823702272593,385.623213854192,,,,,
3.93065,1413.79371500149,249.378097505682,381.28165103728,,,,,
3.54015,1423.02396690602,245.887702143136,376.399764102006,,,,,
3.07885,1438.38322157259,239.321133850128,377.888428743158,,,,,
3.43735,1418.8661285551,245.684580149496,376.570424555521,,,,,
3.0927,1426.73332597258,251.122410110943,388.006312338396,,,,,
3.2761,1409.3328576056,244.654384407683,381.341095846578,,,,,
3.93395,1418.59238280242,240.728950253911,376.464918341657,,,,,
3.3638,1417.93092812904,248.50325939048,379.000904160873,,,,,
3.1227,1418.84640490911,250.102352640841,386.648039971419,,,,,
3.505,1418.72019983289,249.862558444225,387.014518593412,,,,,
3.84395,1413.00445391841,247.524397301422,383.896918176961,,,,,
3.9705,1413.81317513552,249.812672748751,386.308771129347,,,,,
3.6606,1408.53727982821,249.805924236243,386.776571730181,,,,,
3.74145,1407.52425728276,249.117898170012,385.84270823087,,,,,
3.93225,1418.68244196151,245.643958811159,376.482632242699,,,,,
3.36115,1412.86405229358,249.91995454924,386.947970891235,,,,,
3.1076,1435.02740490311,245.926027142532,377.203333435141,,,,,
3.10315,1430.66825530828,250.923602792173,387.849933823228,,,,,
3.5,1423.82703690117,243.643108308363,376.539014273226,,,,,
3.6421,1418.81955955625,248.945804727251,380.00956290731,,,,,
3.6588,1408.39730484554,249.000386228187,385.550527922145,,,,,
3.3234,1418.43834599003,246.187673779625,376.461100276922,,,,,
3.96895,1413.94038858964,249.811031636593,386.927688190618,,,,,
3.3259,1418.38794811103,238.928210832946,376.454677222812,,,,,
3.22215,1419.624374313,241.728110023615,376.573370710778,,,,,
3.6527,1418.59045042204,247.859293611444,378.120453742026,,,,,
3.84215,1423.10762446542,237.899675481747,376.935108434376,,,,,
3.4784,1419.24975670797,246.059087797998,376.621741328566,,,,,
3.3352,1423.23081453976,242.860161651894,376.385285216437,,,,,
3.69905,1417.61691995646,245.050796637571,381.660963307411,,,,,
3.781,1408.66729289757,242.06076431224,379.5556450897,,,,,
3.6969,1422.78556282456,239.977202593547,376.348764513397,,,,,
3.55945,1418.05086252572,249.173435957211,380.827241588313,,,,,
3.05405,1436.42491448053,251.416100782477,382.885130315927,,,,,
3.28975,1409.47777054436,249.898675186793,386.484625622442,,,,,
3.67345,1418.39347974328,247.417017593345,377.463406570285,,,,,
3.7272,1417.36327172221,242.589444397583,376.406661497611,,,,,
3.9585,1409.00108391441,249.949340086191,386.84876295456,,,,,
3.7076,1422.27082271391,238.240432854807,376.303777278797,,,,,
3.0176,1494.27653938824,233.890939553355,380.888521853451,,,,,
3.4536,1409.20028841015,249.964869449828,387.108007813719,,,,,
3.7139,1412.32246128827,249.624863123825,382.197334741991,,,,,
3.4447,1408.90919755498,249.998393166131,386.076019988175,,,,,
3.8312,1423.59367736166,239.197814311231,376.454809755343,,,,,
3.27885,1409.43069071516,249.9183715289,386.938942558835,,,,,
3.4673,1419.5980720843,247.163470116339,377.112030990142,,,,,
3.5511,1417.9319730551,244.760572240146,376.408610915704,,,,,
3.22795,1414.56009844556,250.009870383834,386.438641239413,,,,,
3.8841,1412.55240856697,241.655472902666,379.243108274459,,,,,
3.14125,1428.17091769457,240.542895118854,378.668369918016,,,,,
3.66405,1418.53838561402,245.730062285489,376.444184684752,,,,,
3.70765,1422.27777507834,238.030117419017,376.307882943008,,,,,
3.5412,1422.92364583052,243.641844405771,376.375486470246,,,,,
3.5924,1413.66048348465,244.914011363206,376.548968251066,,,,,
3.3501,1412.76265574032,249.865884581647,386.862023252002,,,,,
3.29285,1414.52431655825,245.775267310165,376.644805695012,,,,,
3.092,1426.75393146308,250.878744240948,387.499323477468,,,,,
3.9176,1408.29123431343,249.965992087779,387.024493950283,,,,,
3.9693,1413.94038858964,249.853812461428,387.030735001668,,,,,
3.20235,1425.37945123197,238.350139255468,376.66693598643,,,,,
3.7256,1417.44637661179,246.204226950158,376.424259629725,,,,,
3.87475,1412.45422919861,246.939630062216,383.2850947795,,,,,
3.53945,1423.12089971666,247.120268014218,377.116391019624,,,,,
3.5201,1418.48174325766,244.973181998074,376.465876877804,,,,,
3.0998,1433.40609044489,239.855765977185,378.348952313348,,,,,
3.7957,1409.20557987004,250.068883677411,385.250409631853,,,,,
3.13535,1418.60149848022,250.595508432729,386.572580815788,,,,,
3.8074,1419.01787311083,248.06496933521,378.22726863445,,,,,
3.34865,1412.64531792019,246.531487167016,382.86292858395,,,,,
3.79815,1419.16383601236,245.975250979889,376.60532182116,,,,,
3.6217,1414.14604441559,248.183927741982,378.55803684098,,,,,
3.4089,1417.90713184554,237.792213207633,376.789123808394,,,,,
3.65725,1413.33366369636,242.002582799477,379.457088355749,,,,,
3.7302,1412.32340478135,246.08038828899,382.5045652103,,,,,
3.3303,1413.47256902562,249.783267699463,386.913223930408,,,,,
3.84255,1418.0504757622,239.921539659342,378.168641103751,,,,,
3.42465,1408.55912734455,249.856801438478,384.470790368993,,,,,
3.3898,1412.97229370263,246.071716506927,382.450657213069,,,,,
3.5015,1423.79265947789,237.936657363977,376.57858569026,,,,,
3.32015,1413.30679083686,249.789113484582,386.850220734139,,,,,
3.5855,1408.35828959244,244.803171583591,381.429047883333,,,,,
3.19155,1420.74715190563,240.535136367527,376.725029692377,,,,,
3.32615,1418.38794811103,237.926730528159,376.492105031327,,,,,
3.24335,1419.23820637874,239.33408857686,376.56882447464,,,,,
3.7691,1418.43311455084,240.251460634094,376.566418553397,,,,,
3.8372,1418.32094504199,249.825929293547,384.256166193656,,,,,
3.3232,1418.43834599003,246.414240557799,376.473756973933,,,,,
3.89575,1412.61377683303,248.219550725083,384.648803180375,,,,,
3.92975,1408.72058600207,249.809915245232,385.155851426515,,,,,
3.97545,1418.69086300499,239.699885908568,376.522110944857,,,,,
3.5251,1413.51243273946,249.534014684225,386.423015770522,,,,,
3.65035,1413.55433663473,249.800539933319,386.763580257925,,,,,
3.29925,1414.46672832303,249.96261117656,387.092880060894,,,,,
3.41935,1413.34262117264,238.079471982879,377.097921603312,,,,,
3.6869,1418.13055321772,238.746790817637,376.443915935011,,,,,
3.16605,1417.12088576441,250.294241436622,386.735576549467,,,,,
3.10705,1435.10432878811,246.926983026811,377.225417222648,,,,,
3.35585,1417.74560241423,242.966428114498,376.447550289638,,,,,
3.3954,1418.10985525033,246.536810438115,376.49717422928,,,,,
3.42035,1408.23731526612,243.812094382679,380.760052747282,,,,,
3.9731,1418.8001887751,246.245858084366,376.546301513648,,,,,
3.30525,1423.94967056799,239.1244326619,376.530002247977,,,,,
3.87685,1412.5448930157,249.736578944775,386.852125573509,,,,,
3.91325,1413.04263357738,241.136916306373,376.477376001693,,,,,
3.26785,1409.70694761979,249.998535625817,387.047861546681,,,,,
3.26805,1409.70694761979,250.008077717094,387.070596223235,,,,,
3.6929,1413.08099557432,249.733356244842,383.914150397676,,,,,
3.76345,1408.53779827194,249.950381127154,386.957279335307,,,,,
3.2428,1419.23820637874,241.612487600456,376.565483170462,,,,,
3.3522,1412.71087336497,249.914397923521,385.26902850361,,,,,
3.84915,1418.17713544583,246.386277005705,376.499861677739,,,,,
3.799,1419.09696177405,244.106298461933,376.591496472768,,,,,
3.5857,1408.37330809839,245.898141298596,382.3007436804,,,,,
3.118,1429.01198547843,245.599150593996,377.109766170011,,,,,
3.41925,1413.34262117264,237.813642117466,376.877789963718,,,,,
3.4476,1414.01216621409,245.800611249314,376.663338896737,,,,,
3.6624,1411.1109029863,249.538656726283,381.874086782429,,,,,
3.00275,1734.54585357372,9.20833422148423,383.241747293626,,,,,
3.86285,1422.84317891004,238.14914829677,377.100586289236,,,,,
3.02685,1459.92961095512,241.250729959389,378.302802071152,,,,,
3.89475,1412.57815097229,243.628269890438,380.569627418077,,,,,
3.72065,1412.30002650921,248.960014253725,385.442347931318,,,,,
3.69015,1413.03878022915,249.514627256415,386.430553219592,,,,,
3.23335,1419.46909557238,238.145400643468,376.620988178813,,,,,
3.63145,1414.21103272016,249.686286658307,382.02587164967,,,,,
3.53565,1418.2628072372,249.674314636815,386.695251656595,,,,,
3.5344,1418.22034945862,246.875070685521,383.22426477504,,,,,
3.27375,1419.46585995348,241.609537528983,376.575368905974,,,,,
3.53615,1418.30392829841,249.779680653614,386.935612866459,,,,,
3.82585,1413.84439971109,249.929874539705,386.719921704597,,,,,
3.71795,1417.35351381398,238.290769579332,376.411334727821,,,,,
3.51975,1418.48598410495,245.635252211524,376.46969041798,,,,,
3.9606,1409.07192008875,250.024163013856,385.491164901004,,,,,
3.9506,1408.8956254611,250.063732688044,384.586693691334,,,,,
3.8571,1413.10746921591,249.776953106119,386.234900756449,,,,,
3.33055,1413.44992461607,249.770175726263,386.804537979067,,,,,
3.3608,1412.86393468901,249.925820869654,386.984486420007,,,,,
3.69755,1422.77594526863,237.60569767493,376.491449619905,,,,,
3.20675,1420.11061580969,249.997937674861,387.005684344751,,,,,
3.98295,1418.73477708602,247.082894230081,377.024678585344,,,,,
3.6563,1418.45616660285,237.722568667868,376.585928394026,,,,,
3.57745,1408.2282728861,249.786254236133,386.946446007917,,,,,
3.5198,1418.48174325766,245.551154932882,376.469023616181,,,,,
3.8645,1417.74606953381,247.271929553421,383.617313450082,,,,,
3.22115,1419.65272759785,244.837688196079,376.578939938313,,,,,
3.04505,1442.3900310667,248.433933123096,378.233927094576,,,,,
3.17505,1421.57796843188,250.238664008248,387.273813986847,,,,,
3.9253,1413.47492590723,241.467166457398,379.085485742233,,,,,
3.43535,1408.91230244352,249.912831216946,382.862461866607,,,,,
3.5073,1418.5465098289,249.851366253084,383.894968411931,,,,,
3.6441,1418.68246888869,244.426185150609,376.510708212281,,,,,
3.5936,1413.66691813741,241.067554199864,376.552120279765,,,,,
3.31625,1423.33414661711,238.130334682678,377.09547335273,,,,,
3.32365,1418.3811523263,245.855659761296,376.455827539967,,,,,
3.7709,1408.36415511218,243.233052986496,380.32413441765,,,,,
3.37925,1407.79340254936,244.585528583069,381.314097516739,,,,,
3.86895,1422.69052753526,248.958268690864,380.140520125965,,,,,
3.32445,1418.35334533249,244.24449341274,376.446719483825,,,,,
3.92625,1408.44534305818,246.722879535477,383.05216469437,,,,,
3.62345,1414.07397687757,244.508475919462,376.506462511516,,,,,
3.6125,1413.89862393169,245.726148113818,376.505861092117,,,,,
3.20265,1425.34365530486,238.000415989635,376.966303794413,,,,,
3.3252,1418.33760914508,241.836563315259,376.446166392172,,,,,
3.22675,1414.6203687495,250.050676383322,387.126989289372,,,,,
3.2902,1409.47649913104,249.915293942627,385.644286054548,,,,,
3.73115,1412.38514896717,249.111757887346,385.825849338241,,,,,
3.4088,1417.90713184554,237.785934104923,376.657526562324,,,,,
3.21995,1419.74173392842,246.801733525212,376.737932531136,,,,,
3.8378,1420.8258002771,249.438408768366,381.432364283381,,,,,
3.3639,1417.93092812904,248.106202954496,378.343699175343,,,,,
3.25635,1409.39663280483,248.549802818571,384.921085702965,,,,,
3.93995,1408.68271733153,249.81002722621,385.491353906991,,,,,
3.52775,1413.61100328035,249.80988989083,384.530514581482,,,,,
3.25445,1414.49525831215,238.661171031349,377.459231020386,,,,,
3.2436,1419.27099826668,238.258664295741,376.578358935247,,,,,
3.48925,1419.07416105011,245.03742572094,376.6637763309,,,,,
3.8975,1412.74328593891,249.67565635797,386.808537437244,,,,,
3.5222,1418.53240329534,237.749056362855,376.592431508765,,,,,
3.3588,1412.69168742794,245.69679662027,382.106788562492,,,,,
3.4126,1408.07147523529,249.765119441677,386.948090044867,,,,,
3.4878,1419.17815093168,247.737965103991,377.718428768762,,,,,
3.3592,1412.69268284089,247.529895699094,383.767495250888,,,,,
3.3558,1417.74560241423,243.130651428366,376.447592666252,,,,,
3.6643,1418.53838561402,245.298025291138,376.438852194964,,,,,
3.8008,1419.1011629306,238.015224168333,376.90835270923,,,,,
3.2454,1409.16291494056,245.884547597177,382.350630555231,,,,,
3.6204,1408.9887358719,249.897792430617,385.126893378102,,,,,
3.36155,1412.84366466583,249.899498624066,386.777072758455,,,,,
3.07435,1434.01852780325,251.510956721983,384.315067153116,,,,,
3.58525,1408.3520874547,243.316028914808,380.34472116589,,,,,
3.77445,1408.5569659048,249.792077300172,386.433214621196,,,,,
3.51375,1413.29981821159,246.814510166914,383.182278585615,,,,,
3.25465,1414.4325978588,239.792891634609,378.121493091704,,,,,
3.44075,1413.73958786589,242.633128747814,379.858579510621,,,,,
3.4331,1408.89255879681,250.041791748143,387.078012783605,,,,,
3.8848,1412.55956890054,245.6740792544,382.189749075642,,,,,
3.52055,1418.47631636032,243.846874636948,376.463477708926,,,,,
3.2299,1419.64061911989,247.980758329774,378.102237219368,,,,,
3.86945,1422.68796232368,247.169130540876,377.155380980132,,,,,
3.5296,1423.56050388244,246.215451961048,376.439324437406,,,,,
3.8434,1412.98344040536,244.948074962806,381.604056671033,,,,,
3.7362,1417.492384647,245.630722401193,376.351155486183,,,,,
3.3737,1412.94731569956,249.340615800676,381.461304459759,,,,,
3.73325,1412.47565175736,249.620995141707,386.194519103163,,,,,
3.1827,1420.87411328834,241.386969940427,379.113402773558,,,,,
3.5125,1418.34557423143,239.746644811568,378.058006534646,,,,,
3.9811,1413.62151682384,249.890692437754,385.837450449005,,,,,
3.26055,1414.6424940394,248.966025991682,379.908290812426,,,,,
3.23895,1414.38612385952,249.96441044553,384.724313795867,,,,,
3.86675,1417.73320682224,249.790386433363,386.849067862257,,,,,
3.62865,1409.1560893911,249.923965757866,386.945040166538,,,,,
3.11415,1429.33959241688,250.655836993695,387.368534614094,,,,,
3.3116,1418.56066517221,249.743905104411,382.753503302524,,,,,
3.78395,1408.8729251514,249.919478055564,387.053419392956,,,,,
3.68455,1418.1989009661,245.910456276532,376.45824953056,,,,,
3.2522,1414.4236473359,244.472023474756,376.55412045853,,,,,
3.55755,1413.01273584196,249.719999395629,386.694378046243,,,,,
3.19355,1415.61454188028,244.564595638176,381.304829010368,,,,,
3.90395,1417.70784152945,237.636831990462,376.699018211337,,,,,
3.76705,1418.51237956205,246.102235829005,376.585670109264,,,,,
3.3112,1418.55716552081,249.875471542277,384.485457858913,,,,,
3.50475,1418.7006761416,249.791850543443,386.852989809294,,,,,
3.93095,1418.79753637635,248.644971463693,379.450232008228,,,,,
3.6499,1413.55433663473,249.823178048422,386.96130892234,,,,,
3.76965,1418.4706800948,238.002557339667,376.613782947749,,,,,
3.4205,1408.24764599132,244.674165410514,381.403169429075,,,,,
3.03195,1449.14283461017,252.458489211671,388.408009713889,,,,,
3.03095,1449.34615305091,252.499659983952,389.017371971013,,,,,
3.44685,1414.03791912612,246.836334625558,376.768121346874,,,,,
3.37505,1417.88197792946,245.97512675746,376.398481019063,,,,,
3.52895,1423.64493408577,247.824549371688,378.079512794604,,,,,
3.9126,1413.02785124741,243.464589017423,376.470012822756,,,,,
3.70035,1417.59807363745,249.333278522024,386.167672791174,,,,,
3.35865,1412.68744267347,244.891576687111,381.460456270679,,,,,
3.36025,1412.77034778418,249.774341722001,386.651018108501,,,,,
3.21965,1419.74218484705,247.691779779918,377.753756490369,,,,,
3.9762,1418.74494932969,237.95579678949,377.007409178276,,,,,
3.68925,1412.98367696275,247.507133760389,383.86421798532,,,,,
3.4325,1408.7726766651,249.929951374422,386.826449656361,,,,,
3.1214,1418.79443701856,245.283261917288,381.882781798047,,,,,
3.0625,1430.54066199632,251.679244798465,388.239162425205,,,,,
3.26795,1409.70694761979,250.005837812513,387.066249630441,,,,,
3.00045,1734.68245786319,0.995705026109854,390.527434287761,,,,,
3.51855,1418.51262227016,248.180108823823,378.638037062393,,,,,
3.92285,1413.44278990595,243.693652225465,376.530476722975,,,,,
3.25195,1414.4236473359,245.051364918293,376.555578308251,,,,,
3.8437,1412.99544249072,246.472435771831,382.887255945979,,,,,
3.2974,1414.3802016984,247.892812504767,384.242315997509,,,,,
3.6456,1418.66623479435,239.022342424226,376.505934691467,,,,,
3.0908,1426.75588189846,247.543263481966,383.685298388124,,,,,
3.87715,1412.5448930157,249.721008756518,386.725395766426,,,,,
3.1507,1427.45137917428,239.034871080909,376.908192764046,,,,,
3.67255,1413.38336198695,249.698481506278,382.706579303431,,,,,
3.27775,1409.48478447511,249.786545503152,386.716961093681,,,,,
3.37735,1417.82364525591,239.347960389426,376.387298361249,,,,,
3.7536,1408.11586108659,249.892996873505,386.696936253604,,,,,
3.31385,1423.35288136944,244.925997004087,376.44680441363,,,,,
3.2535,1414.43879658434,239.976898818741,376.560635373334,,,,,
3.25995,1409.59221525864,249.901921132523,383.255722104896,,,,,
3.0387,1443.11544209831,245.644859318317,382.096322473478,,,,,
3.3859,1418.10631364189,245.151681847281,376.405057224112,,,,,
3.9682,1413.83343484509,249.043330116178,385.641458634807,,,,,
3.1977,1415.66247275126,250.115898790516,384.876281947593,,,,,
3.6947,1422.9494309129,246.044723547066,376.392767054675,,,,,
3.4786,1419.2067660671,245.727160296058,376.617648296821,,,,,
3.0451,1442.3900310667,248.366252032723,378.231753201542,,,,,
3.5629,1418.01152970063,239.761537068569,376.399627705445,,,,,
3.5605,1418.09150577373,246.23916190253,376.413517409128,,,,,
3.0794,1435.86506071786,241.591640628489,379.402959361765,,,,,
3.6779,1413.16947844227,242.154037444917,379.568697226872,,,,,
3.36745,1417.80037012314,237.922839347031,376.510706525041,,,,,
3.44485,1408.92073358413,250.007131956777,385.756771619935,,,,,
3.9661,1418.92595781205,238.919756174608,377.602869447472,,,,,
3.17825,1426.29800472008,248.510458007275,378.78815724489,,,,,
3.4144,1408.10407460884,249.754897327271,384.164269349288,,,,,
3.6032,1418.71527457353,243.598069553466,376.564784744872,,,,,
3.49115,1419.06790124517,238.26571962437,376.684401326754,,,,,
3.294,1414.49566929825,242.924125958713,376.634600275645,,,,,
3.89375,1417.63799888056,237.95560301934,376.940355312312,,,,,
3.32125,1413.29559457867,249.791912870951,385.256715470992,,,,,
3.7998,1419.08824484383,241.326529775847,376.587819113479,,,,,
3.59695,1408.69358415464,249.238025524489,385.689033007082,,,,,
3.7039,1422.48787719865,248.951927556228,380.318374468652,,,,,
3.5619,1417.98068581643,243.485414076274,376.394728059679,,,,,
3.25725,1409.49602828541,249.902263685184,386.904780697544,,,,,
3.10435,1430.47391535407,250.886933812743,386.918485954749,,,,,
3.66035,1408.55196197114,249.819198517825,386.893987180438,,,,,
3.99325,1418.88915308508,247.326110987795,377.179664610119,,,,,
3.117,1429.12761097328,247.232146666119,377.139787308058,,,,,
3.8376,1418.32891565716,249.672448325582,382.500169187541,,,,,
3.68315,1413.1893359686,249.337353764087,381.165752213328,,,,,
3.2632,1414.57956836253,242.463098920222,376.561564263834,,,,,
3.87735,1412.5448930157,249.710863871419,386.579563425039,,,,,
3.0529,1436.49237239393,251.829514229491,387.410515462232,,,,,
3.0883,1437.11433493284,242.193937005496,377.577651490429,,,,,
3.07245,1434.35101028741,251.598387549521,388.246255717234,,,,,
3.03695,1453.37808297903,242.227044706682,378.221630290275,,,,,
3.7459,1412.88128551641,246.507242725672,376.532145097811,,,,,
3.52115,1418.47226645183,241.847745301477,376.464407934802,,,,,
3.33825,1418.06143694835,245.911525413563,382.364989633887,,,,,
3.51925,1418.55419276707,246.314486179538,376.479278202304,,,,,
3.49055,1419.04417431116,240.786536251365,376.658485615145,,,,,
3.66755,1413.40329380012,241.927431151231,379.391668165748,,,,,
3.1972,1415.65679215788,250.086952173804,386.205129276376,,,,,
3.9804,1413.64808294279,249.888954571037,386.834431343937,,,,,
3.24915,1409.34763005295,249.894668368965,385.091325957275,,,,,
3.59745,1408.72172328257,249.871820402715,386.708708487298,,,,,
3.786,1408.96739838853,249.78342434075,382.788771536684,,,,,
3.2768,1409.37128153166,247.934605317937,384.238380188816,,,,,
3.34115,1417.99414208818,249.718847972804,386.524304147446,,,,,
3.10225,1430.66390695446,250.614232418415,387.230750320531,,,,,
3.1688,1426.94604598023,246.546906963256,376.839138565294,,,,,
3.07795,1438.44131490226,242.535887038269,377.66894751567,,,,,
3.22735,1414.61299367614,250.031273768793,386.995458510405,,,,,
3.38645,1418.10377837476,243.849697327801,376.398618239316,,,,,
3.4463,1414.01139790812,248.638105779985,379.165577913659,,,,,
3.97635,1418.74494932969,238.530343354997,377.398322075716,,,,,
3.49075,1419.06461819238,239.944532361263,376.660392442483,,,,,
3.7021,1417.54314118843,249.652138048978,386.479482127895,,,,,
3.90795,1407.82605469662,249.854986901449,386.877613245983,,,,,
3.965,1418.91328538056,240.531442294777,376.630597017489,,,,,
3.3274,1413.28589588273,242.977590118129,380.151723908836,,,,,
3.8905,1417.77972312667,246.179223267858,376.364720423549,,,,,
3.70995,1412.19571371007,247.879900728765,384.191243537722,,,,,
3.08885,1437.06443999511,239.79569083433,377.571212753062,,,,,
3.5864,1408.39074569716,248.716588892412,385.046554647849,,,,,
3.58755,1408.54456784684,250.028055822608,387.060234408378,,,,,
3.36455,1417.88584752052,246.396135921647,376.477870317677,,,,,
3.1387,1428.31260385305,245.267177927622,377.056810482787,,,,,
3.8786,1412.5837956901,249.711579348595,383.623851042198,,,,,
3.78015,1413.78098036873,237.797961863317,376.828031695202,,,,,
3.3483,1412.63644857235,244.678913397715,381.34057008495,,,,,
3.25405,1414.50313972634,237.898407090202,376.666917227473,,,,,
3.3518,1412.71032155464,249.890475005313,386.165970800736,,,,,
3.22825,1414.56009844556,250.021306932526,385.88473020999,,,,,
3.45795,1414.32241166402,245.587204782801,376.606533461395,,,,,
3.27845,1409.50344239045,249.934439340418,387.039118478504,,,,,
3.47915,1419.17010964983,244.519685655352,376.609687084938,,,,,
3.2482,1409.32132819375,249.873617462465,386.777369754474,,,,,
3.57045,1418.15039554553,246.886738774687,376.895914385796,,,,,
3.93875,1408.66501087672,249.82206125671,386.92945886034,,,,,
3.06485,1440.38639936854,249.765010562515,379.610888835545,,,,,
3.0701,1434.52764326716,247.671023433007,383.686014260189,,,,,
3.3943,1413.04967448856,249.631831354758,381.740362761733,,,,,
3.56825,1413.06678173464,249.687285213589,386.270695697203,,,,,
3.2363,1414.36384834005,249.646414063263,386.409363001842,,,,,
3.4285,1413.65862107465,241.215247700876,376.459046629419,,,,,
3.28605,1409.38246717086,242.548516757474,379.869134618397,,,,,
3.97005,1413.82266821835,249.824701201989,386.796545683731,,,,,
3.8668,1417.72191053875,249.787670892965,386.823967069602,,,,,
3.13685,1428.60018404584,249.449025383798,380.101045669751,,,,,
3.22975,1419.63559906724,248.572846643917,379.045663254601,,,,,
3.2203,1419.74173392842,246.324342272784,376.59505204929,,,,,
3.9889,1408.59437361332,249.41050124137,385.9129687996,,,,,
3.8507,1418.06801081365,243.36724001142,376.466128852834,,,,,
3.7079,1422.28552817559,237.521611939594,376.491247134573,,,,,
3.73735,1417.43848730831,242.919618529194,376.339179763184,,,,,
3.37105,1412.94555234655,249.707408071215,386.865824820835,,,,,
3.04665,1442.18866736672,244.543335755081,378.184115456597,,,,,
3.8992,1412.70790905039,249.657809734364,383.697656985795,,,,,
3.97765,1413.6002670651,246.069493413581,382.534948106867,,,,,
3.7213,1412.33828491419,249.755055451329,386.721522228162,,,,,
3.4511,1408.98814182412,242.797272581076,380.042752372145,,,,,
3.7316,1412.46362613275,249.559898507547,386.606364758463,,,,,
3.61895,1408.98977701158,249.903100789305,387.011973189534,,,,,
3.69095,1413.11688516045,249.753315659716,386.92600683074,,,,,
3.15745,1422.31571059757,249.305401899191,380.07658129591,,,,,
3.73935,1417.50422921282,239.435308523528,377.85476766997,,,,,
3.53765,1418.14074961894,249.750890070714,385.663205626077,,,,,
3.29395,1414.49566929825,243.089783498236,376.63467689082,,,,,
3.18375,1415.82491906246,247.239961374382,383.503180037182,,,,,
3.6139,1413.86493556665,242.091578492804,376.50093914617,,,,,
3.3796,1407.82733954622,246.404422204965,382.81550489462,,,,,
3.1189,1428.95397091822,242.855917613316,377.09581172169,,,,,
3.26695,1409.56136339921,249.260694090416,385.771924849041,,,,,
3.2654,1412.03616219498,242.444252921202,379.744616886306,,,,,
3.9095,1407.90230306196,249.847682134392,383.878532746145,,,,,
3.88705,1412.72285690291,249.705658297107,386.880661644568,,,,,
3.81415,1413.89854399481,249.856559686705,386.906655381537,,,,,
3.97025,1413.82266821835,249.815866013993,386.62517985355,,,,,
3.7381,1417.44009643777,240.12727261257,376.341619943249,,,,,
3.1601,1422.21898706804,242.783035021239,376.894659972312,,,,,
3.95615,1413.92150784385,241.182938890233,378.891372035852,,,,,
3.31115,1418.55716552081,249.876740399995,384.664190239334,,,,,
3.5946,1413.69077933902,238.128220073384,376.983070267381,,,,,
3.04815,1442.14098761031,240.369695594186,378.840782768751,,,,,
3.3911,1413.02957281991,249.756724292955,386.584675181532,,,,,
3.3889,1412.99010297414,240.745266570493,378.643174373844,,,,,
3.03235,1449.14283461017,252.473121685818,387.66491794011,,,,,
3.57865,1408.21757137932,249.746031202509,386.170665282401,,,,,
3.299,1414.46672832303,249.968727679581,387.12576543884,,,,,
3.8722,1422.47994032183,240.125738094525,376.35648057356,,,,,
3.1751,1421.57796843188,250.242716187144,387.284068509471,,,,,
3.45215,1409.03271342099,248.068607983207,384.411829762985,,,,,
3.0326,1449.07356413813,252.490269598789,386.97289391484,,,,,
3.5748,1410.49185267039,242.236058280183,379.622162555874,,,,,
3.5026,1418.68625310675,242.290816012653,379.689713244717,,,,,
3.777,1413.72762645742,246.402140360711,376.540816972679,,,,,
3.8258,1413.84619039695,249.931824979144,386.766696480312,,,,,
3.11585,1429.17269654908,250.359376468989,382.387609741873,,,,,
3.6198,1408.98507442628,249.86797510351,386.41732762063,,,,,
3.1804,1426.06131083142,243.636925822237,376.730614441392,,,,,
3.29805,1414.38883700585,249.493529639942,386.230328053482,,,,,
3.54355,1417.85724637266,240.330571288342,378.386883130029,,,,,
3.88425,1412.55240856697,242.560757685441,379.846872673895,,,,,
3.2074,1420.08618470501,249.979041508768,386.339664996403,,,,,
3.6857,1418.10491812305,243.366384136316,376.44043532696,,,,,
3.28855,1409.52038025148,249.937303934515,387.068007820859,,,,,
3.41185,1408.07584030144,249.63905095507,386.67629735088,,,,,
3.2811,1414.50947288649,249.134738187993,380.364269252014,,,,,
3.14865,1427.55364613548,245.956579302482,376.936202566559,,,,,
3.26435,1414.61790277047,237.997405087028,376.656252044969,,,,,
3.21175,1424.74530219526,242.028091203139,376.571454433615,,,,,
3.1331,1418.60173040863,250.220678979042,386.839506797676,,,,,
3.60865,1408.79119792763,249.811287396921,386.928638648589,,,,,
3.3534,1415.2793436566,248.809043351593,379.586461226216,,,,,
3.9153,1408.04179186694,243.496686689807,380.46012615039,,,,,
3.0543,1436.42491448053,250.836470892532,381.359935863243,,,,,
3.8291,1423.7190212705,245.754204512239,376.483342428811,,,,,
3.30565,1423.93390594806,237.800197520339,376.658674341073,,,,,
3.9729,1418.8001887751,246.479854348732,376.565749282054,,,,,
3.2423,1419.25425177195,243.375794650631,376.567518117921,,,,,
3.82995,1423.62686425943,243.863761431208,376.463641304919,,,,,
3.48875,1419.08058436406,246.002960864373,376.672232573776,,,,,
3.4721,1414.28692673337,245.087854619722,381.652555789029,,,,,
3.5029,1418.6455667702,244.073058652619,380.942140954695,,,,,
3.1362,1418.59077187919,250.547312187961,383.777673479164,,,,,
3.60785,1408.8282012452,249.717327584234,386.735658936859,,,,,
3.38125,1408.03113709033,249.751877371676,386.903837292026,,,,,
3.1542,1417.35198390746,250.346072893846,387.302552347196,,,,,
3.7152,1417.38001012467,246.309948644724,376.41494291358,,,,,
3.3058,1423.90341370703,237.865618460597,376.877582890798,,,,,
3.23435,1419.41099766281,241.726138949298,379.274832992411,,,,,
3.1357,1418.5907630234,250.619047804389,385.69742176069,,,,,
3.5346,1418.21234981769,247.677026634357,384.017764175146,,,,,
3.5693,1413.08644245933,249.665306830332,383.256734928075,,,,,
3.674,1418.33823402728,246.263819101156,376.480259891195,,,,,
3.938,1408.71301942022,249.78486176742,386.873441467365,,,,,
3.67655,1418.25588341726,238.932004865564,376.457892780734,,,,,
3.57725,1408.22385843093,249.777349515856,386.925454789006,,,,,
3.4835,1414.09315818735,249.314585019301,385.793735728751,,,,,
3.96815,1413.83343484509,248.938142936947,385.498742208437,,,,,
3.3744,1417.94382380342,247.21136136147,377.280658282164,,,,,
3.67595,1418.23703115398,241.449429558708,376.453286629443,,,,,
3.18705,1415.79211084676,250.160754549928,385.884354251317,,,,,
3.0957,1431.56366223077,249.575259010274,379.800292255116,,,,,
3.41825,1413.24847081914,240.866616799714,376.483058195928,,,,,
3.768,1418.4443862941,244.16192081384,376.56913079605,,,,,
3.85995,1422.9986584654,245.772124575788,376.442404756746,,,,,
3.49485,1414.10535790384,249.94851983257,387.092211419448,,,,,
3.68675,1418.12714187794,239.397110789311,376.44169886983,,,,,
3.1789,1426.19020368117,246.738600972852,376.777069847567,,,,,
3.67095,1413.38401611277,249.802318414696,386.729351717316,,,,,
3.82395,1413.78591539137,249.396724901322,386.05285112986,,,,,
3.6505,1413.53831727349,249.793646999695,386.641039188442,,,,,
3.8589,1423.16021636514,248.075700177526,378.482918757759,,,,,
3.2736,1419.47692720261,242.178839590121,376.576216277623,,,,,
3.402,1413.02808742982,249.908063344268,386.961701111319,,,,,
3.6821,1413.15081405185,249.79121813118,385.515069986655,,,,,
3.85655,1413.12807888,249.791392503698,386.825690046065,,,,,
3.0658,1440.15217703067,247.685891280727,377.815343127496,,,,,
3.91415,1413.14332551764,237.832708831803,376.678933830689,,,,,
3.47195,1414.28692673337,244.222334067598,380.997190450102,,,,,
3.1083,1434.95581107611,244.005410387608,377.181672142952,,,,,
3.06925,1434.71500368586,242.673685002363,380.094221607205,,,,,
3.97285,1418.8001887751,246.559249291219,376.606639645048,,,,,
3.3092,1418.78084864536,249.881520830677,387.041805910768,,,,,
3.42715,1413.65197311395,245.205266269731,376.455418849303,,,,,
3.72485,1417.50637769403,248.040464281574,378.310792673992,,,,,
3.2706,1414.71933717857,249.592104129777,381.501162757775,,,,,
3.71665,1417.29479242822,243.375044159643,376.396613046024,,,,,
3.87245,1422.48288312201,239.047554741525,376.358364946936,,,,,
3.4273,1413.65197311395,244.896390040931,376.454601135687,,,,,
3.9871,1413.51470570789,241.129761009052,378.864342763742,,,,,
3.9972,1418.7002653573,239.942578387054,378.128301358413,,,,,
3.8627,1422.86393454427,237.733304797749,376.765143391919,,,,,
3.235,1414.33357953539,245.493126525306,381.981404792064,,,,,
3.3517,1412.70889804024,249.888732987346,386.325200516174,,,,,
3.4111,1407.89881468224,248.480344320722,384.959447394994,,,,,
3.3657,1417.78288920386,244.321663141353,376.458708058024,,,,,
3.36005,1412.77034778418,249.598986284384,386.33049152516,,,,,
3.77185,1408.43561200179,247.922357603245,384.290682582804,,,,,
3.21885,1414.69897451378,249.821576835795,382.544624086371,,,,,
3.05555,1441.29773265181,247.783526679829,378.003010456124,,,,,
3.83115,1423.59367736166,239.415476675852,376.454507984842,,,,,
3.8107,1418.92514989081,238.80698129992,376.640740134418,,,,,
3.1643,1417.11306599676,250.178013290444,387.044849796988,,,,,
3.7417,1407.61898575512,249.432433280496,386.356244533967,,,,,
3.77815,1413.68031449317,244.404492772633,376.526855087847,,,,,
3.1363,1418.59077187919,250.48370380901,383.294252837228,,,,,
3.77865,1413.68498404356,242.952800573371,376.527079882533,,,,,
3.2506,1414.47333306021,247.56115517884,377.664320088921,,,,,
3.5071,1418.5465098289,249.871476392954,384.662777370314,,,,,
3.88835,1412.69226934976,249.685454769381,385.497793153975,,,,,
3.85965,1423.05277246422,246.177776662481,376.452549013251,,,,,
3.0544,1438.92834050496,250.5039278099,380.70758377178,,,,,
3.56005,1418.11789926297,247.189585644561,377.228727600857,,,,,
3.6678,1413.37246609023,243.436630910716,380.423603655485,,,,,
3.6819,1413.15081405185,249.778767827508,385.955475862488,,,,,
3.5564,1412.96527609691,249.695702150716,386.809305159594,,,,,
3.2365,1414.39699566159,249.821406609259,386.729016429254,,,,,
3.4204,1408.23921398216,244.103584195283,380.973486129986,,,,,
3.3445,1422.83673384452,245.406341548889,376.373556478065,,,,,
3.6137,1413.86224148913,242.790998917258,376.500030829882,,,,,
3.13015,1423.75814541485,238.954835690307,377.128604091129,,,,,
3.25075,1414.48133466157,247.068548534258,377.053857256359,,,,,
3.6279,1409.05282212928,249.207068394416,385.725043104941,,,,,
3.97845,1413.61018382982,248.978595388761,385.521202833531,,,,,
3.44755,1414.0188220068,245.884479708676,376.663869796478,,,,,
3.5441,1412.79583391457,243.641824837396,380.59027791131,,,,,
3.923,1413.44278990595,243.231777338822,376.530900586184,,,,,
3.31105,1418.55716552081,249.874679009133,384.996893527611,,,,,
3.8578,1413.13894477253,249.808400735266,384.41653891258,,,,,
3.97125,1413.80020701981,249.844582941996,384.41094877881,,,,,
3.3018,1421.84882974303,248.946558585654,379.914693055752,,,,,
3.37205,1412.86714652671,249.674696218152,386.515160652317,,,,,
3.3789,1407.79340254936,242.524173977678,379.827721046932,,,,,
3.6384,1413.87996690587,249.422359848545,386.138752528038,,,,,
3.38975,1412.97291194613,245.814773235051,382.234623824883,,,,,
3.41655,1413.2539231906,245.661418483811,376.479087658452,,,,,
3.05095,1436.82797068082,251.758590310464,388.347393592434,,,,,
3.6242,1414.0573477061,242.223894021449,376.505686089962,,,,,
3.0822,1433.00552091725,251.386993397218,388.121934480566,,,,,
3.5482,1412.87891891802,249.746594123713,385.028753540961,,,,,
3.83865,1423.26839007298,246.823380730517,376.770756569618,,,,,
3.1622,1417.10621290591,242.336275202513,379.778565281873,,,,,
3.91525,1408.04179186694,243.198122276759,380.250626750466,,,,,
3.5664,1412.99130216335,249.48890078331,386.420721486013,,,,,
3.21245,1424.74383020667,239.143362107802,376.569729625371,,,,,
3.3845,1418.1732822635,248.048154032288,378.465064814946,,,,,
3.6574,1410.81127688824,242.908852191226,380.068761464112,,,,,
3.2049,1420.16005896229,248.879459961821,385.331860682724,,,,,
3.9676,1413.82588228474,247.200281739054,383.555621635498,,,,,
3.1065,1435.27226261239,247.691529302484,377.400636718957,,,,,
3.28385,1414.44390589368,242.344762004036,376.588422493761,,,,,
3.0402,1442.98147606048,251.667259870953,387.757351814207,,,,,
3.10255,1430.67013501685,250.837126521304,387.653589681245,,,,,
3.99905,1413.64184794481,248.997932505435,385.396747448933,,,,,
3.31685,1413.20456230477,241.52932228073,379.167243167313,,,,,
3.1605,1422.22198564126,241.219154968564,376.895018240772,,,,,
3.87995,1417.6903722719,246.614348204588,376.60025730074,,,,,
3.53635,1418.30392829841,249.777520969197,386.921537506775,,,,,
3.02125,1492.29119159504,252.695673769928,389.033538222885,,,,,
3.0467,1442.17660445505,244.358852680866,378.18311591524,,,,,
3.86125,1422.91550888725,242.605628608851,376.416352880172,,,,,
3.63515,1418.99064600197,239.71611639483,376.528922192639,,,,,
3.0268,1462.41331578322,241.479907563962,378.303960612047,,,,,
3.18275,1420.85902699059,241.688147371861,379.304941795521,,,,,
3.9473,1408.74010335105,248.602639493811,384.903247981009,,,,,
3.06475,1435.41331942995,250.168737587064,380.262606798101,,,,,
3.73345,1412.47745970429,249.625322097873,385.865741594305,,,,,
3.5496,1417.99289532076,247.694254631605,377.910645660621,,,,,
3.18395,1415.8259481969,248.046417238478,384.297031755689,,,,,
3.8844,1412.55203890392,243.455918048697,380.472823261068,,,,,
3.54755,1412.87651390608,249.71794528847,386.369042962322,,,,,
3.9412,1413.76913912426,248.835392684565,379.84718896833,,,,,
3.42215,1408.41066392905,249.725864736008,386.730855368854,,,,,
3.3957,1418.00938338842,246.174682431275,376.481742130531,,,,,
3.57735,1408.22385843093,249.784271720146,386.942850196395,,,,,
3.24385,1419.28211363977,237.844182593431,376.784229563729,,,,,
3.65905,1408.40369228256,249.415021413138,386.164555921287,,,,,
3.4621,1409.25376762438,246.5942077893,382.9628446549,,,,,
3.41155,1407.96104752649,249.364957917336,386.18258749465,,,,,
3.29175,1414.6172859987,247.967295677258,378.229375147019,,,,,
3.4693,1419.3925425824,242.962203214366,376.53385541699,,,,,
3.36285,1412.8641712389,249.911398863071,384.109166472212,,,,,
3.79355,1409.12102210941,250.014423530584,386.95587966494,,,,,
3.8422,1423.10762446542,238.060012072239,377.054170222803,,,,,
3.3065,1418.85523352346,241.386346791558,379.087088802416,,,,,
3.5456,1412.87600196934,249.328865341235,386.097951876737,,,,,
3.44945,1414.01111823134,240.138366171236,376.66932746718,,,,,
3.18355,1415.82625142234,246.297960753949,382.663615045562,,,,,
3.74,1407.41456827647,243.315065084455,380.37001912631,,,,,
3.7304,1412.32601780519,246.983731737942,383.336210476806,,,,,
3.9156,1408.06340915803,245.214372041258,381.743377252457,,,,,
3.3564,1417.74560241423,240.92433248305,376.449742381876,,,,,
3.8832,1417.66292825268,237.638156394486,376.557409643774,,,,,
3.6496,1413.60421542933,249.829389377095,386.996518977701,,,,,
3.41425,1408.09820472041,249.760468169318,384.701683996964,,,,,
3.46905,1419.3925425824,243.747162165232,376.536062962569,,,,,
3.2395,1414.40244202285,249.763077962952,382.35939114582,,,,,
3.57655,1408.11545326692,249.370635553788,386.145204858792,,,,,
3.2485,1409.32535663602,249.864309700862,386.467378569339,,,,,
3.07265,1434.24520722017,251.588186674467,388.170847967915,,,,,
3.68405,1418.23923874908,246.576738689721,376.569809535966,,,,,
3.2111,1424.79490383119,244.153111799971,376.581066081993,,,,,
3.2967,1414.39555723619,244.576548804813,381.340776702717,,,,,
3.71135,1412.30878293859,249.836573518523,386.939678172642,,,,,
3.87875,1412.61142027074,249.651994729218,382.953020336179,,,,,
3.1552,1417.30370395223,250.37705254335,387.276479604654,,,,,
3.6102,1408.79466762318,249.810331203557,384.696776703598,,,,,
3.7221,1412.41529580203,249.844880424234,386.905418596287,,,,,
3.1598,1422.21898706804,243.807465101016,376.896122439216,,,,,
3.72035,1412.25274167308,248.158894001035,384.467814307103,,,,,
3.12175,1418.79258019044,247.125524061284,383.382537754428,,,,,
3.83585,1418.37257161015,249.814778509074,386.800976849583,,,,,
3.29135,1409.52558632949,249.281072727152,380.751450186442,,,,,
3.1396,1428.25152020576,242.441424992212,377.036777593667,,,,,
3.79105,1414.0080464271,240.541583832479,378.525796704768,,,,,
3.4936,1413.96632513954,248.658047799878,385.082884549603,,,,,
3.2887,1409.5184862253,249.940782343854,387.074806453889,,,,,
3.91335,1413.04263357738,240.728843348713,376.479177461872,,,,,
3.65545,1418.43569553882,240.892812393827,376.434011116244,,,,,
3.6209,1409.05337818717,249.828238015166,383.214524867559,,,,,
3.3265,1418.37556840829,237.955314782683,376.981317076173,,,,,
3.2367,1414.45966732743,249.918427820691,386.932770947674,,,,,
3.06945,1434.6809340546,243.911903175586,380.892433032001,,,,,
3.9437,1413.75387701583,242.866608452869,376.480594793739,,,,,
3.7693,1418.43311455084,239.392907032567,376.568548986807,,,,,
3.50545,1418.69410060704,249.875040838215,387.034477646163,,,,,
3.38175,1408.02285704718,249.760981680413,386.908372214714,,,,,
3.52415,1413.43200114646,247.192230039404,383.562080967112,,,,,
3.36965,1412.76522101094,247.808415226081,384.161968560068,,,,,
3.98635,1418.62243576163,237.774090158056,376.641473773945,,,,,
3.7412,1407.49888871473,248.617739242488,385.153708253699,,,,,
3.2829,1414.45110222035,245.076185622682,376.592359529729,,,,,
3.1142,1429.33959241688,250.653529800318,387.325904923427,,,,,
3.67015,1413.49986286301,249.82835541002,386.944647525309,,,,,
3.6035,1418.70911628477,242.605819360366,376.562345582628,,,,,
3.8303,1423.62686425943,242.764549205231,376.458400650723,,,,,
3.47215,1414.28692673337,245.365795733607,381.871386230222,,,,,
3.7155,1417.36136783062,245.927733386649,376.407984686117,,,,,
3.84405,1413.00445391841,247.883339879195,384.274912261409,,,,,
3.73605,1417.492384647,245.851984614235,376.354301279313,,,,,
3.7246,1417.46573595674,248.924843747194,379.939985298549,,,,,
3.34255,1417.95941902098,249.611994279356,382.590168313441,,,,,
3.41775,1413.24662034861,242.710912540569,376.477684026149,,,,,
3.4195,1413.32250966278,238.776792700971,377.529097532618,,,,,
3.10185,1430.66390695446,249.962953794207,386.264036709476,,,,,
3.24855,1409.32770472462,249.864164527307,386.398992450284,,,,,
3.5673,1413.13616782672,249.72595068021,386.90489388372,,,,,
3.131,1418.62481876061,241.041568117256,379.017032507962,,,,,
3.2997,1414.38844541401,249.939937238875,386.898947168938,,,,,
3.9289,1408.6802589639,249.790230970367,386.642250090514,,,,,
3.97975,1413.66901978411,249.918040624085,387.077833603026,,,,,
3.44575,1409.00492712362,249.832295766284,382.408067266821,,,,,
3.9231,1413.44278990595,242.904759147085,376.531352799601,,,,,
3.09845,1436.15819842903,242.49181150872,377.373490800471,,,,,
3.1573,1417.29729367345,249.710408975341,381.015050158121,,,,,
3.5823,1413.35970965446,244.152161898428,376.436975010976,,,,,
3.42865,1413.68306385633,240.616502567455,376.461223215939,,,,,
3.11105,1429.63494744672,245.105202397744,381.718144137755,,,,,
3.33905,1418.04647786561,248.819701699403,385.359744360821,,,,,
3.7239,1412.43244043424,249.818119114616,383.669836767945,,,,,
3.1523,1417.28061869148,244.823558814683,381.501970839394,,,,,
3.8639,1417.75129733257,244.270825721014,381.066371557729,,,,,
3.79715,1419.29317180859,247.865068430451,377.888507794254,,,,,
3.9565,1408.86793702154,243.274266677347,380.272605337662,,,,,
3.5912,1413.74819975702,246.878357122269,376.736637390482,,,,,
3.4787,1419.18512012681,245.541194795977,376.615868259708,,,,,
3.7661,1418.62953060826,248.174543298311,378.455434253238,,,,,
3.60045,1413.8859450565,249.818976106666,382.368867393704,,,,,
3.10825,1434.95581107611,244.168519646084,377.183004428228,,,,,
3.0216,1491.96900292435,252.682596685273,388.680915327886,,,,,
3.4006,1412.86268794038,248.050154121976,384.306409545093,,,,,
3.9775,1413.60336576437,245.288279831787,381.889902753427,,,,,
3.41195,1408.07584030144,249.689597416953,386.782233361717,,,,,
3.1281,1423.79760955634,245.98156903309,377.12966593502,,,,,
3.2312,1419.51250167782,245.443390798623,376.589630872751,,,,,
3.64615,1418.69570219084,237.866854923425,376.892780968615,,,,,
3.5841,1413.46695875486,237.749021530973,376.591421983511,,,,,
3.02185,1491.65685684533,252.686151083945,388.278188598066,,,,,
3.2583,1409.54375493947,249.963639191098,386.958584165083,,,,,
3.3013,1414.3467378669,249.821728455771,382.782405584187,,,,,
3.9163,1408.09283623208,248.287671446266,384.57829845151,,,,,
3.7092,1412.17073362752,244.280101951674,381.040596246052,,,,,
3.38135,1408.03113709033,249.762102419761,386.929539741187,,,,,
3.3045,1423.99743307468,242.163945489958,376.536599014225,,,,,
3.05445,1441.42761512574,250.313324547202,380.373695005605,,,,,
3.7056,1422.33537710705,245.066680757093,376.31899195013,,,,,
3.7395,1412.46372987364,240.312254685035,378.384954388137,,,,,
3.2486,1409.33046381071,249.864525442868,386.325201087207,,,,,
3.86585,1417.84254153146,249.774107847897,386.889038992778,,,,,
3.09355,1426.64874263198,251.088795071693,387.699979632101,,,,,
3.5942,1413.695012856,238.530418888609,376.565752524655,,,,,
3.8955,1412.58644870334,247.371231639281,383.728795669321,,,,,
3.341,1417.99414208818,249.72531581778,386.656425033885,,,,,
3.70215,1417.54314118843,249.650542884354,386.426986716666,,,,,
3.9236,1413.46659706523,241.061071015057,376.53599785536,,,,,
3.17695,1421.3276389389,250.235430574915,385.35845748746,,,,,
3.9057,1407.66079853923,247.133919234789,383.443823465257,,,,,
3.41145,1407.92458565786,249.223171952674,385.959014713476,,,,,
3.11165,1429.57589905214,248.109999644896,384.26000051617,,,,,
3.0449,1442.3900310667,248.621427079332,378.240816234614,,,,,
3.689,1412.98367696275,246.452676624672,382.854492725626,,,,,
3.19915,1425.68416980933,247.396920087697,377.316474095709,,,,,
3.28825,1409.49365692462,249.88408040779,386.941204621582,,,,,
3.38805,1418.12503457815,237.852781798733,376.448645001759,,,,,
3.48545,1414.10948453496,250.068330347027,386.828650672969,,,,,
3.35055,1412.76587739084,249.930010254905,387.012905318262,,,,,
3.07705,1438.55613458697,245.708328275589,377.694761184254,,,,,
3.58645,1408.40108451375,248.8502673252,385.208823356669,,,,,
3.7971,1419.29317180859,248.052275722564,378.161626039256,,,,,
3.52325,1413.42544761542,242.404811500529,379.772127983196,,,,,
3.9141,1413.14332551764,237.860759749014,376.618919396037,,,,,
3.5204,1418.48174325766,244.258344121994,376.46399256003,,,,,
3.8196,1418.83799478494,243.982215363506,376.543195897215,,,,,
3.1931,1415.62803815396,241.893346000433,379.453423312378,,,,,
3.7083,1422.28552817559,238.770123654514,377.444654375014,,,,,
3.1464,1422.74978416377,250.473653977044,384.173710755186,,,,,
3.57435,1418.07818647193,239.531582791198,377.919025188905,,,,,
3.82735,1413.87054773858,249.73556937769,382.282575146623,,,,,
3.5012,1423.79171171784,239.098614196699,376.530440159498,,,,,
3.5578,1413.00015038787,249.709972897031,386.462717567919,,,,,
3.5526,1417.94463752893,239.706505537328,376.410909736617,,,,,
3.9888,1408.58776173737,249.218587362072,385.64376954461,,,,,
3.50745,1418.55062546948,249.798973911249,383.230424063677,,,,,
3.82165,1418.8027646287,238.56896619058,377.400200699896,,,,,
3.0647,1435.41208776247,250.358981631681,380.599115431467,,,,,
3.99305,1418.88915308508,248.026258107697,378.112188379198,,,,,
3.09565,1431.56074432257,249.76544390984,380.133887824404,,,,,
3.33045,1413.4618835928,249.775616786333,386.855969605551,,,,,
3.39045,1412.97886678818,248.641667553721,384.988174070997,,,,,
3.75275,1408.11527258462,249.92786541318,387.025129146138,,,,,
3.9188,1408.32067258322,249.931948075909,386.510724852694,,,,,
3.6309,1409.182657621,249.951183129442,384.494264126143,,,,,
3.4495,1414.02242355346,239.924796686119,376.670327907093,,,,,
3.97045,1413.8166695333,249.812372676189,386.382361787768,,,,,
3.8741,1412.4227048301,243.547295997263,380.508747758462,,,,,
3.80845,1418.97951956583,245.966625091923,376.650193056638,,,,,
3.90515,1407.60896777572,244.314018746377,381.080770488326,,,,,
3.02205,1491.65685684533,252.697922768344,387.842595403468,,,,,
3.646,1418.69570219084,237.758110051416,376.656995670273,,,,,
3.35725,1417.79914551432,237.831078672345,376.637476259963,,,,,
3.03685,1453.37808297903,242.661304412508,378.223860648468,,,,,
3.88235,1417.60384633867,240.794354471301,376.395672369148,,,,,
3.7004,1417.60145863511,249.388919147388,386.262590015182,,,,,
3.41725,1413.23070882083,244.201313444061,376.475944364607,,,,,
3.75915,1413.32741325447,238.643616740454,376.509194231157,,,,,
3.26455,1414.6116584863,238.001848113126,376.928870514678,,,,,
3.49985,1423.82703690117,244.075136535819,376.541747541402,,,,,
3.56,1418.11789926297,247.360240046777,377.45197163936,,,,,
3.9675,1413.82514285353,246.767700894564,383.146585725764,,,,,
3.7137,1412.29859711428,249.768629520691,383.182211379368,,,,,
3.6036,1418.70242391189,242.246005662508,376.561833457509,,,,,
3.13445,1418.67393328624,250.615120991032,387.536874733527,,,,,
3.98615,1418.62243576163,238.105540182593,376.472600133571,,,,,
3.775,1408.59069944589,249.815257918959,385.356693067542,,,,,
3.6651,1418.47506602119,243.308874324658,376.427941433808,,,,,
3.43135,1408.63821913313,247.50149192348,383.728549745858,,,,,
3.9859,1418.62243576163,239.148831358655,376.45328776265,,,,,
3.32095,1413.29559457867,249.772022640079,385.963297963663,,,,,
3.1898,1420.77874055712,245.871040192801,376.738159907884,,,,,
3.30635,1423.90341370703,240.491627814391,378.525563175825,,,,,
3.64505,1418.64684280577,241.32797834154,376.50285686796,,,,,
3.71105,1412.30878293859,249.77620666064,386.797258038211,,,,,
3.0313,1449.34615305091,252.485950429583,388.93544679974,,,,,
3.34855,1412.640769638,246.038709521596,382.434438057746,,,,,
3.27465,1419.4835955029,238.000000205411,376.647105325902,,,,,
3.78285,1408.82571983955,249.563268410408,386.369159693883,,,,,
3.1465,1422.74658546869,250.434706321749,383.724275987838,,,,,
3.1131,1429.55086170646,250.671237917033,387.613856006139,,,,,
3.14015,1428.22161676862,240.201519585908,377.031414295031,,,,,
3.41205,1408.07584030144,249.724573406127,386.860283256609,,,,,
3.82255,1413.7377110543,243.892199214365,380.797935965298,,,,,
3.83415,1418.43760972718,249.060189257877,385.612994559593,,,,,
3.93405,1418.59238280242,240.317412689531,376.465326482448,,,,,
3.27555,1414.40474146766,241.402594617449,379.082130692973,,,,,
3.37215,1412.86714652671,249.671366004616,386.412510699927,,,,,
3.4403,1418.82508935659,239.946536425425,378.156131826971,,,,,
3.3283,1413.28525617823,247.559030937435,383.924577870661,,,,,
3.621,1409.05337818717,249.765769236504,382.732931579022,,,,,
3.47515,1414.27574385113,250.045412086936,386.797371717632,,,,,
3.87485,1412.4630191203,247.349539909255,383.685924301211,,,,,
3.4382,1418.80094145325,243.620476929836,376.559386940693,,,,,
3.06255,1430.52567700411,251.676672989795,388.204075321457,,,,,
3.3932,1413.02352627072,249.93552502709,385.910627372839,,,,,
3.58845,1408.55633785241,250.009476690573,386.866653719465,,,,,
3.0615,1430.62558478681,251.682367476463,388.391763710789,,,,,
3.2266,1414.61850403516,250.041763399384,387.104879510173,,,,,
3.0198,1492.9972980941,252.468713969239,388.751179829821,,,,,
3.2955,1414.52442164067,238.018556815151,377.03159535604,,,,,
3.3554,1417.76346534255,244.306169294564,376.449140649355,,,,,
3.66125,1408.53489844659,249.794515923942,386.014840479643,,,,,
3.49635,1414.04929585773,249.91793224713,385.925343757997,,,,,
3.4112,1407.89881468224,248.734463818244,385.277455441864,,,,,
3.6826,1413.16554544129,249.792218691923,383.886708750407,,,,,
3.552,1417.91895647563,242.108165266242,376.405673558143,,,,,
3.5944,1413.695012856,238.015800063905,376.678118916011,,,,,
3.0628,1430.45870271427,251.667190000279,387.96835258618,,,,,
3.9846,1418.60833380221,243.939794071697,376.450842572424,,,,,
3.2089,1425.02208570997,249.242960988644,380.500613512866,,,,,
3.091,1426.75238170997,248.444927425364,384.514478640504,,,,,
3.16935,1426.94604598023,245.636560131747,376.819616432386,,,,,
3.7388,1417.50422921282,237.559999543313,376.489814508432,,,,,
3.42305,1408.49115939429,249.857528511106,386.999735012643,,,,,
3.62205,1414.16400016367,246.95883975844,376.901899498819,,,,,
3.8697,1422.63094218804,246.502224971872,376.475190074161,,,,,
3.8011,1419.1011629306,239.108286702887,377.669103465943,,,,,
3.14235,1423.01616446117,246.862521135731,383.146415897661,,,,,
3.56255,1417.98856424925,241.207964605315,376.395826431589,,,,,
3.5234,1413.42494948797,243.304582209377,380.391852882729,,,,,
3.4334,1408.88929147538,250.032265385909,387.025198416655,,,,,
3.5244,1413.4355197252,248.110732438296,384.513292675053,,,,,
3.5395,1423.11286861657,246.963334760358,376.932697698005,,,,,
3.45135,1408.98814182412,244.276321588236,381.092825419255,,,,,
3.5431,1422.91100003873,237.9272144713,376.936231679538,,,,,
3.73685,1417.43848730831,244.337899372628,376.342160622508,,,,,
3.45365,1409.20290936434,249.966106596159,387.11057663089,,,,,
3.20625,1420.23835557444,250.018931685769,387.147595272531,,,,,
3.18955,1420.84090912759,246.269392541508,376.74378567504,,,,,
3.58145,1413.39877312152,245.852666426079,376.441584334476,,,,,
3.90735,1407.85076994312,249.869917301428,386.98129053872,,,,,
3.0751,1438.93475719454,249.965970129833,379.935494725379,,,,,
3.1067,1435.1522355584,247.375716697111,377.242821325977,,,,,
3.162,1417.10621290591,241.138363176502,379.017645267426,,,,,
3.96765,1413.82684973546,247.403480957858,383.755377554285,,,,,
3.0212,1492.29119159504,252.698448828184,389.067791029493,,,,,
3.1491,1427.51101069213,244.953632675347,376.924449976455,,,,,
3.9333,1418.60944576956,243.113891381759,376.466866429277,,,,,
3.95885,1409.10596558749,250.039045549085,387.053866708634,,,,,
3.44505,1408.92073358413,250.021459213886,385.23249764278,,,,,
3.33155,1413.43887328718,249.77709897576,385.295256767499,,,,,
3.89015,1417.80798878638,246.865228109488,376.865801906184,,,,,
3.33275,1418.51882009562,248.738230326776,379.689039695159,,,,,
3.2643,1414.61790277047,238.094845911064,376.618468477666,,,,,
3.2773,1409.37437633024,249.255152326856,385.841297316634,,,,,
3.1334,1418.60818359538,250.497849705797,387.334987727541,,,,,
3.0502,1436.83747636006,250.695708857272,386.730778590251,,,,,
3.096,1436.52832222156,248.44859479972,378.16220975646,,,,,
3.42785,1413.64826212003,243.477281779221,376.454173305633,,,,,
3.8129,1413.81402410366,247.264009133475,383.602053271534,,,,,
3.5799,1413.33819753449,249.49602913307,381.867041504229,,,,,
3.7329,1412.47565175736,249.630927515739,386.570565144904,,,,,
3.23305,1419.46909557238,239.347389261253,376.581916574063,,,,,
3.85425,1412.98685050038,247.538947143637,383.923631576796,,,,,
3.325,1418.33760914508,242.56370209558,376.445531745064,,,,,
3.57595,1408.05704945189,248.023950257504,384.398403932778,,,,,
3.60995,1408.79466762318,249.796509055586,385.433148806459,,,,,
3.28125,1414.50947288649,248.691232468863,379.417405612214,,,,,
3.05475,1441.37748507001,249.183202753355,378.731468624784,,,,,
3.8015,1414.05060117103,241.433397884757,379.077893176337,,,,,
